1|2130|2025-06-01 00:00:00.000|1813.00000000000000000000|Direct Cost  on 06/01/25|2026-04-09 17:01:42.717|#
2|7270|2025-06-01 00:00:00.000|-1813.00000000000000000000|Direct Cost  on 06/01/25|2026-04-09 17:01:42.737|#
3|2130|2025-06-01 00:00:00.000|1406.50000000000000000000|Direct Cost  on 06/01/25|2026-04-09 17:01:42.757|#
4|7270|2025-06-01 00:00:00.000|-1406.50000000000000000000|Direct Cost  on 06/01/25|2026-04-09 17:01:42.760|#
5|2130|2025-06-01 00:00:00.000|598.00000000000000000000|Direct Cost  on 06/01/25|2026-04-09 17:01:42.770|#
6|7270|2025-06-01 00:00:00.000|-598.00000000000000000000|Direct Cost  on 06/01/25|2026-04-09 17:01:42.773|#
7|2130|2025-06-01 00:00:00.000|730.50000000000000000000|Direct Cost  on 06/01/25|2026-04-09 17:01:42.777|#
8|7270|2025-06-01 00:00:00.000|-730.50000000000000000000|Direct Cost  on 06/01/25|2026-04-09 17:01:42.780|#
9|2130|2025-06-01 00:00:00.000|155.50000000000000000000|Direct Cost  on 06/01/25|2026-04-09 17:01:42.783|#
10|7270|2025-06-01 00:00:00.000|-155.50000000000000000000|Direct Cost  on 06/01/25|2026-04-09 17:01:42.787|#
11|2130|2025-06-01 00:00:00.000|152.50000000000000000000|Direct Cost  on 06/01/25|2026-04-09 17:01:42.790|#
12|7270|2025-06-01 00:00:00.000|-152.50000000000000000000|Direct Cost  on 06/01/25|2026-04-09 17:01:42.790|#
13|2130|2025-06-01 00:00:00.000|311.50000000000000000000|Direct Cost  on 06/01/25|2026-04-09 17:01:42.793|#
14|7270|2025-06-01 00:00:00.000|-311.50000000000000000000|Direct Cost  on 06/01/25|2026-04-09 17:01:42.797|#
15|2130|2025-06-01 00:00:00.000|299.50000000000000000000|Direct Cost  on 06/01/25|2026-04-09 17:01:42.800|#
16|7270|2025-06-01 00:00:00.000|-299.50000000000000000000|Direct Cost  on 06/01/25|2026-04-09 17:01:42.800|#
17|2130|2025-06-01 00:00:00.000|800.50000000000000000000|Direct Cost  on 06/01/25|2026-04-09 17:01:42.803|#
18|7270|2025-06-01 00:00:00.000|-800.50000000000000000000|Direct Cost  on 06/01/25|2026-04-09 17:01:42.807|#
19|2130|2025-06-01 00:00:00.000|1611.00000000000000000000|Direct Cost  on 06/01/25|2026-04-09 17:01:42.810|#
20|7270|2025-06-01 00:00:00.000|-1611.00000000000000000000|Direct Cost  on 06/01/25|2026-04-09 17:01:42.810|#
21|2130|2025-06-01 00:00:00.000|251.50000000000000000000|Direct Cost  on 06/01/25|2026-04-09 17:01:42.813|#
22|7270|2025-06-01 00:00:00.000|-251.50000000000000000000|Direct Cost  on 06/01/25|2026-04-09 17:01:42.817|#
23|2130|2025-06-01 00:00:00.000|289.00000000000000000000|Direct Cost  on 06/01/25|2026-04-09 17:01:42.817|#
24|7270|2025-06-01 00:00:00.000|-289.00000000000000000000|Direct Cost  on 06/01/25|2026-04-09 17:01:42.820|#
25|2130|2025-06-01 00:00:00.000|2101.00000000000000000000|Direct Cost  on 06/01/25|2026-04-09 17:01:42.823|#
26|7270|2025-06-01 00:00:00.000|-2101.00000000000000000000|Direct Cost  on 06/01/25|2026-04-09 17:01:42.827|#
27|2130|2025-06-01 00:00:00.000|390.00000000000000000000|Direct Cost  on 06/01/25|2026-04-09 17:01:42.827|#
28|7270|2025-06-01 00:00:00.000|-390.00000000000000000000|Direct Cost  on 06/01/25|2026-04-09 17:01:42.830|#
29|2130|2025-06-01 00:00:00.000|747.00000000000000000000|Direct Cost  on 06/01/25|2026-04-09 17:01:42.837|#
30|7270|2025-06-01 00:00:00.000|-747.00000000000000000000|Direct Cost  on 06/01/25|2026-04-09 17:01:42.837|#
31|2130|2025-06-01 00:00:00.000|1212.00000000000000000000|Direct Cost  on 06/01/25|2026-04-09 17:01:42.840|#
32|7270|2025-06-01 00:00:00.000|-1212.00000000000000000000|Direct Cost  on 06/01/25|2026-04-09 17:01:42.843|#
33|2130|2025-06-01 00:00:00.000|346.50000000000000000000|Direct Cost  on 06/01/25|2026-04-09 17:01:42.847|#
34|7270|2025-06-01 00:00:00.000|-346.50000000000000000000|Direct Cost  on 06/01/25|2026-04-09 17:01:42.847|#
35|2130|2025-06-01 00:00:00.000|900.00000000000000000000|Direct Cost  on 06/01/25|2026-04-09 17:01:42.850|#
36|7270|2025-06-01 00:00:00.000|-900.00000000000000000000|Direct Cost  on 06/01/25|2026-04-09 17:01:42.853|#
37|2110|2025-06-01 00:00:00.000|18000.00000000000000000000|Direct Cost  on 06/01/25|2026-04-09 17:01:43.520|#
38|7170|2025-06-01 00:00:00.000|-18000.00000000000000000000|Direct Cost  on 06/01/25|2026-04-09 17:01:43.523|#
39|2110|2025-06-01 00:00:00.000|18000.00000000000000000000|Direct Cost  on 06/01/25|2026-04-09 17:01:44.077|#
40|7170|2025-06-01 00:00:00.000|-18000.00000000000000000000|Direct Cost  on 06/01/25|2026-04-09 17:01:44.077|#
41|2940|2026-01-15 00:00:00.000|-1780.49000000000000000000|Transfer, January 2026|2026-04-09 17:01:48.323|#
42|2920|2026-01-15 00:00:00.000|1780.49000000000000000000|Transfer, January 2026|2026-04-09 17:01:48.323|#
43|2940|2026-01-15 00:00:00.000|-2670.73000000000000000000|Transfer of funds for Spring 2026|2026-04-09 17:01:48.370|#
44|2920|2026-01-15 00:00:00.000|2670.73000000000000000000|Transfer of funds for Spring 2026|2026-04-09 17:01:48.370|#
45|2940|2026-01-15 00:00:00.000|-3560.98000000000000000000|Deposit 3, 2026|2026-04-09 17:01:48.410|#
46|2920|2026-01-15 00:00:00.000|3560.98000000000000000000|Deposit 3, 2026|2026-04-09 17:01:48.410|#
47|2940|2026-01-15 00:00:00.000|-3560.98000000000000000000|Deposit 4, 2026|2026-04-09 17:01:48.413|#
48|2920|2026-01-15 00:00:00.000|3560.98000000000000000000|Deposit 4, 2026|2026-04-09 17:01:48.413|#
49|2110|2025-01-01 00:00:00.000|2026.40000000000000000000|Direct Cost 20000 on 01/01/25|2026-04-09 17:01:48.827|#
50|7170|2025-01-01 00:00:00.000|-2026.40000000000000000000|Direct Cost 20000 on 01/01/25|2026-04-09 17:01:48.830|#
51|7110|2025-01-01 00:00:00.000|2026.40000000000000000000|Invoice 107001|2026-04-09 17:01:48.837|#
52|5630|2025-01-01 00:00:00.000|506.60000000000000000000|Invoice 107001|2026-04-09 17:01:48.837|#
53|5410|2025-01-01 00:00:00.000|-2533.00000000000000000000|Invoice 107001|2026-04-09 17:01:48.883|#
54|2910|2025-01-01 00:00:00.000|-2533.00000000000000000000|Invoice 107001|2026-04-09 17:01:48.983|#
55|5410|2025-01-01 00:00:00.000|2533.00000000000000000000|Invoice 107001|2026-04-09 17:01:48.983|#
56|2110|2025-01-01 00:00:00.000|1097.50000000000000000000|Direct Cost 30000 on 01/01/25|2026-04-09 17:01:49.153|#
57|7170|2025-01-01 00:00:00.000|-1097.50000000000000000000|Direct Cost 30000 on 01/01/25|2026-04-09 17:01:49.157|#
58|7120|2025-01-01 00:00:00.000|1097.50000000000000000000|Invoice 107002|2026-04-09 17:01:49.160|#
59|5630|2025-01-01 00:00:00.000|274.38000000000000000000|Invoice 107002|2026-04-09 17:01:49.160|#
60|5620|2025-01-01 00:00:00.000|-274.38000000000000000000|Invoice 107002|2026-04-09 17:01:49.160|#
61|5420|2025-01-01 00:00:00.000|-1097.50000000000000000000|Invoice 107002|2026-04-09 17:01:49.217|#
62|2910|2025-01-01 00:00:00.000|-1097.50000000000000000000|Invoice 107002|2026-04-09 17:01:49.230|#
63|5420|2025-01-01 00:00:00.000|1097.50000000000000000000|Invoice 107002|2026-04-09 17:01:49.230|#
64|2110|2025-01-01 00:00:00.000|288.30000000000000000000|Direct Cost 50000 on 01/01/25|2026-04-09 17:01:49.307|#
65|7170|2025-01-01 00:00:00.000|-288.30000000000000000000|Direct Cost 50000 on 01/01/25|2026-04-09 17:01:49.310|#
66|7110|2025-01-01 00:00:00.000|288.30000000000000000000|Invoice 107003|2026-04-09 17:01:49.313|#
67|5630|2025-01-01 00:00:00.000|72.08000000000000000000|Invoice 107003|2026-04-09 17:01:49.313|#
68|5410|2025-01-01 00:00:00.000|-360.38000000000000000000|Invoice 107003|2026-04-09 17:01:49.320|#
69|2910|2025-01-01 00:00:00.000|-360.38000000000000000000|Invoice 107003|2026-04-09 17:01:49.330|#
70|5410|2025-01-01 00:00:00.000|360.38000000000000000000|Invoice 107003|2026-04-09 17:01:49.330|#
71|2110|2025-01-01 00:00:00.000|222.40000000000000000000|Direct Cost 40000 on 01/01/25|2026-04-09 17:01:49.447|#
72|7170|2025-01-01 00:00:00.000|-222.40000000000000000000|Direct Cost 40000 on 01/01/25|2026-04-09 17:01:49.450|#
73|7110|2025-01-01 00:00:00.000|222.40000000000000000000|Invoice 107004|2026-04-09 17:01:49.457|#
74|5630|2025-01-01 00:00:00.000|55.60000000000000000000|Invoice 107004|2026-04-09 17:01:49.457|#
75|5410|2025-01-01 00:00:00.000|-278.00000000000000000000|Invoice 107004|2026-04-09 17:01:49.467|#
76|2910|2025-01-01 00:00:00.000|-278.00000000000000000000|Invoice 107004|2026-04-09 17:01:49.480|#
77|5410|2025-01-01 00:00:00.000|278.00000000000000000000|Invoice 107004|2026-04-09 17:01:49.480|#
78|2110|2025-01-01 00:00:00.000|975.00000000000000000000|Direct Cost 50000 on 01/01/25|2026-04-09 17:01:49.567|#
79|7170|2025-01-01 00:00:00.000|-975.00000000000000000000|Direct Cost 50000 on 01/01/25|2026-04-09 17:01:49.570|#
80|7110|2025-01-01 00:00:00.000|975.00000000000000000000|Invoice 107005|2026-04-09 17:01:49.577|#
81|5630|2025-01-01 00:00:00.000|243.75000000000000000000|Invoice 107005|2026-04-09 17:01:49.577|#
82|5410|2025-01-01 00:00:00.000|-1218.75000000000000000000|Invoice 107005|2026-04-09 17:01:49.583|#
83|2910|2025-01-01 00:00:00.000|-1218.75000000000000000000|Invoice 107005|2026-04-09 17:01:49.597|#
84|5410|2025-01-01 00:00:00.000|1218.75000000000000000000|Invoice 107005|2026-04-09 17:01:49.597|#
85|2110|2025-01-01 00:00:00.000|195.00000000000000000000|Direct Cost 40000 on 01/01/25|2026-04-09 17:01:49.677|#
86|7170|2025-01-01 00:00:00.000|-195.00000000000000000000|Direct Cost 40000 on 01/01/25|2026-04-09 17:01:49.677|#
87|7110|2025-01-01 00:00:00.000|195.00000000000000000000|Invoice 107006|2026-04-09 17:01:49.683|#
88|5630|2025-01-01 00:00:00.000|48.75000000000000000000|Invoice 107006|2026-04-09 17:01:49.683|#
89|5410|2025-01-01 00:00:00.000|-243.75000000000000000000|Invoice 107006|2026-04-09 17:01:49.690|#
90|2910|2025-01-01 00:00:00.000|-243.75000000000000000000|Invoice 107006|2026-04-09 17:01:49.703|#
91|5410|2025-01-01 00:00:00.000|243.75000000000000000000|Invoice 107006|2026-04-09 17:01:49.703|#
92|2110|2025-01-01 00:00:00.000|390.00000000000000000000|Direct Cost 10000 on 01/01/25|2026-04-09 17:01:49.790|#
93|7170|2025-01-01 00:00:00.000|-390.00000000000000000000|Direct Cost 10000 on 01/01/25|2026-04-09 17:01:49.793|#
94|7130|2025-01-01 00:00:00.000|390.00000000000000000000|Invoice 107007|2026-04-09 17:01:49.797|#
95|5420|2025-01-01 00:00:00.000|-390.00000000000000000000|Invoice 107007|2026-04-09 17:01:49.803|#
96|2910|2025-01-01 00:00:00.000|-390.00000000000000000000|Invoice 107007|2026-04-09 17:01:49.817|#
97|5420|2025-01-01 00:00:00.000|390.00000000000000000000|Invoice 107007|2026-04-09 17:01:49.817|#
98|2110|2025-01-01 00:00:00.000|961.00000000000000000000|Direct Cost 20000 on 01/01/25|2026-04-09 17:01:49.883|#
99|7170|2025-01-01 00:00:00.000|-961.00000000000000000000|Direct Cost 20000 on 01/01/25|2026-04-09 17:01:49.887|#
100|7110|2025-01-01 00:00:00.000|961.00000000000000000000|Invoice 107008|2026-04-09 17:01:49.890|#
101|5630|2025-01-01 00:00:00.000|240.25000000000000000000|Invoice 107008|2026-04-09 17:01:49.890|#
102|5410|2025-01-01 00:00:00.000|-1201.25000000000000000000|Invoice 107008|2026-04-09 17:01:49.897|#
103|2910|2025-01-01 00:00:00.000|-1201.25000000000000000000|Invoice 107008|2026-04-09 17:01:49.907|#
104|5410|2025-01-01 00:00:00.000|1201.25000000000000000000|Invoice 107008|2026-04-09 17:01:49.907|#
105|2110|2025-01-01 00:00:00.000|192.20000000000000000000|Direct Cost 40000 on 01/01/25|2026-04-09 17:01:49.973|#
106|7170|2025-01-01 00:00:00.000|-192.20000000000000000000|Direct Cost 40000 on 01/01/25|2026-04-09 17:01:49.977|#
107|7110|2025-01-01 00:00:00.000|192.20000000000000000000|Invoice 107009|2026-04-09 17:01:49.980|#
108|5630|2025-01-01 00:00:00.000|48.05000000000000000000|Invoice 107009|2026-04-09 17:01:49.980|#
109|5410|2025-01-01 00:00:00.000|-240.25000000000000000000|Invoice 107009|2026-04-09 17:01:49.987|#
110|2910|2025-01-01 00:00:00.000|-240.25000000000000000000|Invoice 107009|2026-04-09 17:01:49.997|#
111|5410|2025-01-01 00:00:00.000|240.25000000000000000000|Invoice 107009|2026-04-09 17:01:49.997|#
112|2110|2025-01-01 00:00:00.000|288.30000000000000000000|Direct Cost 20000 on 01/01/25|2026-04-09 17:01:50.077|#
113|7170|2025-01-01 00:00:00.000|-288.30000000000000000000|Direct Cost 20000 on 01/01/25|2026-04-09 17:01:50.080|#
114|7110|2025-01-01 00:00:00.000|288.30000000000000000000|Invoice 107010|2026-04-09 17:01:50.083|#
115|5630|2025-01-01 00:00:00.000|72.08000000000000000000|Invoice 107010|2026-04-09 17:01:50.083|#
116|5410|2025-01-01 00:00:00.000|-360.38000000000000000000|Invoice 107010|2026-04-09 17:01:50.090|#
117|2910|2025-01-01 00:00:00.000|-360.38000000000000000000|Invoice 107010|2026-04-09 17:01:50.107|#
118|5410|2025-01-01 00:00:00.000|360.38000000000000000000|Invoice 107010|2026-04-09 17:01:50.107|#
119|2110|2025-01-01 00:00:00.000|480.50000000000000000000|Direct Cost 10000 on 01/01/25|2026-04-09 17:01:50.180|#
120|7170|2025-01-01 00:00:00.000|-480.50000000000000000000|Direct Cost 10000 on 01/01/25|2026-04-09 17:01:50.183|#
121|7130|2025-01-01 00:00:00.000|480.50000000000000000000|Invoice 107011|2026-04-09 17:01:50.187|#
122|5420|2025-01-01 00:00:00.000|-480.50000000000000000000|Invoice 107011|2026-04-09 17:01:50.193|#
123|2910|2025-01-01 00:00:00.000|-480.50000000000000000000|Invoice 107011|2026-04-09 17:01:50.207|#
124|5420|2025-01-01 00:00:00.000|480.50000000000000000000|Invoice 107011|2026-04-09 17:01:50.207|#
125|2110|2025-11-01 00:00:00.000|3536.00000000000000000000|Direct Cost 50000 on 11/01/25|2026-04-09 17:01:50.280|#
126|7170|2025-11-01 00:00:00.000|-3536.00000000000000000000|Direct Cost 50000 on 11/01/25|2026-04-09 17:01:50.283|#
127|7110|2025-11-01 00:00:00.000|3536.00000000000000000000|Invoice 107012|2026-04-09 17:01:50.290|#
128|5630|2025-11-01 00:00:00.000|884.00000000000000000000|Invoice 107012|2026-04-09 17:01:50.290|#
129|5410|2025-11-01 00:00:00.000|-4420.00000000000000000000|Invoice 107012|2026-04-09 17:01:50.297|#
130|2910|2025-11-01 00:00:00.000|-4420.00000000000000000000|Invoice 107012|2026-04-09 17:01:50.310|#
131|5410|2025-11-01 00:00:00.000|4420.00000000000000000000|Invoice 107012|2026-04-09 17:01:50.310|#
132|2110|2025-09-01 00:00:00.000|3280.00000000000000000000|Direct Cost 40000 on 09/01/25|2026-04-09 17:01:50.387|#
133|7170|2025-09-01 00:00:00.000|-3280.00000000000000000000|Direct Cost 40000 on 09/01/25|2026-04-09 17:01:50.390|#
134|7110|2025-09-01 00:00:00.000|3280.00000000000000000000|Invoice 107013|2026-04-09 17:01:50.397|#
135|5630|2025-09-01 00:00:00.000|820.00000000000000000000|Invoice 107013|2026-04-09 17:01:50.397|#
136|5410|2025-09-01 00:00:00.000|-4100.00000000000000000000|Invoice 107013|2026-04-09 17:01:50.403|#
137|2910|2025-09-01 00:00:00.000|-4100.00000000000000000000|Invoice 107013|2026-04-09 17:01:50.417|#
138|5410|2025-09-01 00:00:00.000|4100.00000000000000000000|Invoice 107013|2026-04-09 17:01:50.417|#
139|2110|2025-12-01 00:00:00.000|8775.00000000000000000000|Direct Cost 40000 on 12/01/25|2026-04-09 17:01:50.497|#
140|7170|2025-12-01 00:00:00.000|-8775.00000000000000000000|Direct Cost 40000 on 12/01/25|2026-04-09 17:01:50.500|#
141|7110|2025-12-01 00:00:00.000|8775.00000000000000000000|Invoice 107014|2026-04-09 17:01:50.503|#
142|5630|2025-12-01 00:00:00.000|2193.75000000000000000000|Invoice 107014|2026-04-09 17:01:50.503|#
143|5410|2025-12-01 00:00:00.000|-10968.75000000000000000000|Invoice 107014|2026-04-09 17:01:50.510|#
144|2910|2025-12-01 00:00:00.000|-10968.75000000000000000000|Invoice 107014|2026-04-09 17:01:50.527|#
145|5410|2025-12-01 00:00:00.000|10968.75000000000000000000|Invoice 107014|2026-04-09 17:01:50.527|#
146|2110|2025-12-01 00:00:00.000|2690.80000000000000000000|Direct Cost 40000 on 12/01/25|2026-04-09 17:01:50.600|#
147|7170|2025-12-01 00:00:00.000|-2690.80000000000000000000|Direct Cost 40000 on 12/01/25|2026-04-09 17:01:50.603|#
148|7110|2025-12-01 00:00:00.000|2690.80000000000000000000|Invoice 107015|2026-04-09 17:01:50.610|#
149|5630|2025-12-01 00:00:00.000|672.70000000000000000000|Invoice 107015|2026-04-09 17:01:50.610|#
150|5410|2025-12-01 00:00:00.000|-3363.50000000000000000000|Invoice 107015|2026-04-09 17:01:50.617|#
151|2910|2025-12-01 00:00:00.000|-3363.50000000000000000000|Invoice 107015|2026-04-09 17:01:50.627|#
152|5410|2025-12-01 00:00:00.000|3363.50000000000000000000|Invoice 107015|2026-04-09 17:01:50.627|#
153|2110|2025-12-01 00:00:00.000|3536.00000000000000000000|Direct Cost 30000 on 12/01/25|2026-04-09 17:01:50.707|#
154|7170|2025-12-01 00:00:00.000|-3536.00000000000000000000|Direct Cost 30000 on 12/01/25|2026-04-09 17:01:50.710|#
155|7120|2025-12-01 00:00:00.000|3536.00000000000000000000|Invoice 107016|2026-04-09 17:01:50.717|#
156|5630|2025-12-01 00:00:00.000|884.00000000000000000000|Invoice 107016|2026-04-09 17:01:50.717|#
157|5620|2025-12-01 00:00:00.000|-884.00000000000000000000|Invoice 107016|2026-04-09 17:01:50.717|#
158|5420|2025-12-01 00:00:00.000|-3536.00000000000000000000|Invoice 107016|2026-04-09 17:01:50.723|#
159|2910|2025-12-01 00:00:00.000|-3536.00000000000000000000|Invoice 107016|2026-04-09 17:01:50.740|#
160|5420|2025-12-01 00:00:00.000|3536.00000000000000000000|Invoice 107016|2026-04-09 17:01:50.740|#
161|2110|2025-01-04 00:00:00.000|480.50000000000000000000|Direct Cost 20000 on 01/04/25|2026-04-09 17:01:50.877|#
162|7170|2025-01-04 00:00:00.000|-480.50000000000000000000|Direct Cost 20000 on 01/04/25|2026-04-09 17:01:50.880|#
163|2110|2025-01-04 00:00:00.000|487.50000000000000000000|Direct Cost 20000 on 01/04/25|2026-04-09 17:01:50.887|#
164|7170|2025-01-04 00:00:00.000|-487.50000000000000000000|Direct Cost 20000 on 01/04/25|2026-04-09 17:01:50.887|#
165|7110|2025-01-04 00:00:00.000|968.00000000000000000000|Invoice 107017|2026-04-09 17:01:50.893|#
166|5630|2025-01-04 00:00:00.000|242.00000000000000000000|Invoice 107017|2026-04-09 17:01:50.893|#
167|5410|2025-01-04 00:00:00.000|-1210.00000000000000000000|Invoice 107017|2026-04-09 17:01:50.900|#
168|2910|2025-01-04 00:00:00.000|-1210.00000000000000000000|Invoice 107017|2026-04-09 17:01:50.913|#
169|5410|2025-01-04 00:00:00.000|1210.00000000000000000000|Invoice 107017|2026-04-09 17:01:50.913|#
170|2110|2025-01-04 00:00:00.000|1640.00000000000000000000|Direct Cost 40000 on 01/04/25|2026-04-09 17:01:50.993|#
171|7170|2025-01-04 00:00:00.000|-1640.00000000000000000000|Direct Cost 40000 on 01/04/25|2026-04-09 17:01:50.997|#
172|7110|2025-01-04 00:00:00.000|1640.00000000000000000000|Invoice 107018|2026-04-09 17:01:51.000|#
173|5630|2025-01-04 00:00:00.000|410.00000000000000000000|Invoice 107018|2026-04-09 17:01:51.000|#
174|5410|2025-01-04 00:00:00.000|-2050.00000000000000000000|Invoice 107018|2026-04-09 17:01:51.007|#
175|2910|2025-01-04 00:00:00.000|-2050.00000000000000000000|Invoice 107018|2026-04-09 17:01:51.020|#
176|5410|2025-01-04 00:00:00.000|2050.00000000000000000000|Invoice 107018|2026-04-09 17:01:51.020|#
177|2110|2025-01-05 00:00:00.000|672.70000000000000000000|Direct Cost 30000 on 01/05/25|2026-04-09 17:01:51.097|#
178|7170|2025-01-05 00:00:00.000|-672.70000000000000000000|Direct Cost 30000 on 01/05/25|2026-04-09 17:01:51.097|#
179|7120|2025-01-05 00:00:00.000|672.70000000000000000000|Invoice 107019|2026-04-09 17:01:51.103|#
180|5630|2025-01-05 00:00:00.000|168.18000000000000000000|Invoice 107019|2026-04-09 17:01:51.103|#
181|5620|2025-01-05 00:00:00.000|-168.18000000000000000000|Invoice 107019|2026-04-09 17:01:51.103|#
182|5420|2025-01-05 00:00:00.000|-672.70000000000000000000|Invoice 107019|2026-04-09 17:01:51.110|#
183|2910|2025-01-05 00:00:00.000|-672.70000000000000000000|Invoice 107019|2026-04-09 17:01:51.123|#
184|5420|2025-01-05 00:00:00.000|672.70000000000000000000|Invoice 107019|2026-04-09 17:01:51.123|#
185|2110|2025-01-06 00:00:00.000|576.60000000000000000000|Direct Cost 20000 on 01/06/25|2026-04-09 17:01:51.200|#
186|7170|2025-01-06 00:00:00.000|-576.60000000000000000000|Direct Cost 20000 on 01/06/25|2026-04-09 17:01:51.203|#
187|7110|2025-01-06 00:00:00.000|576.60000000000000000000|Invoice 107020|2026-04-09 17:01:51.207|#
188|5630|2025-01-06 00:00:00.000|144.15000000000000000000|Invoice 107020|2026-04-09 17:01:51.207|#
189|5410|2025-01-06 00:00:00.000|-720.75000000000000000000|Invoice 107020|2026-04-09 17:01:51.213|#
190|2910|2025-01-06 00:00:00.000|-720.75000000000000000000|Invoice 107020|2026-04-09 17:01:51.227|#
191|5410|2025-01-06 00:00:00.000|720.75000000000000000000|Invoice 107020|2026-04-09 17:01:51.227|#
192|2110|2025-01-07 00:00:00.000|780.00000000000000000000|Direct Cost 50000 on 01/07/25|2026-04-09 17:01:51.323|#
193|7170|2025-01-07 00:00:00.000|-780.00000000000000000000|Direct Cost 50000 on 01/07/25|2026-04-09 17:01:51.327|#
194|2110|2025-01-07 00:00:00.000|384.40000000000000000000|Direct Cost 50000 on 01/07/25|2026-04-09 17:01:51.330|#
195|7170|2025-01-07 00:00:00.000|-384.40000000000000000000|Direct Cost 50000 on 01/07/25|2026-04-09 17:01:51.333|#
196|7110|2025-01-07 00:00:00.000|1164.40000000000000000000|Invoice 107021|2026-04-09 17:01:51.337|#
197|5630|2025-01-07 00:00:00.000|291.10000000000000000000|Invoice 107021|2026-04-09 17:01:51.337|#
198|5410|2025-01-07 00:00:00.000|-1455.50000000000000000000|Invoice 107021|2026-04-09 17:01:51.347|#
199|2910|2025-01-07 00:00:00.000|-1455.50000000000000000000|Invoice 107021|2026-04-09 17:01:51.360|#
200|5410|2025-01-07 00:00:00.000|1455.50000000000000000000|Invoice 107021|2026-04-09 17:01:51.360|#
201|2110|2025-01-07 00:00:00.000|780.00000000000000000000|Direct Cost 10000 on 01/07/25|2026-04-09 17:01:51.440|#
202|7170|2025-01-07 00:00:00.000|-780.00000000000000000000|Direct Cost 10000 on 01/07/25|2026-04-09 17:01:51.443|#
203|7130|2025-01-07 00:00:00.000|780.00000000000000000000|Invoice 107022|2026-04-09 17:01:51.450|#
204|5420|2025-01-07 00:00:00.000|-780.00000000000000000000|Invoice 107022|2026-04-09 17:01:51.457|#
205|2910|2025-01-07 00:00:00.000|-780.00000000000000000000|Invoice 107022|2026-04-09 17:01:51.473|#
206|5420|2025-01-07 00:00:00.000|780.00000000000000000000|Invoice 107022|2026-04-09 17:01:51.473|#
207|2110|2025-01-08 00:00:00.000|4559.40000000000000000000|Direct Cost 50000 on 01/08/25|2026-04-09 17:01:51.550|#
208|7170|2025-01-08 00:00:00.000|-4559.40000000000000000000|Direct Cost 50000 on 01/08/25|2026-04-09 17:01:51.553|#
209|7110|2025-01-08 00:00:00.000|4559.40000000000000000000|Invoice 107023|2026-04-09 17:01:51.557|#
210|5630|2025-01-08 00:00:00.000|1139.85000000000000000000|Invoice 107023|2026-04-09 17:01:51.557|#
211|5410|2025-01-08 00:00:00.000|-5699.25000000000000000000|Invoice 107023|2026-04-09 17:01:51.563|#
212|2910|2025-01-08 00:00:00.000|-5699.25000000000000000000|Invoice 107023|2026-04-09 17:01:51.577|#
213|5410|2025-01-08 00:00:00.000|5699.25000000000000000000|Invoice 107023|2026-04-09 17:01:51.577|#
214|2110|2025-01-09 00:00:00.000|682.50000000000000000000|Direct Cost 20000 on 01/09/25|2026-04-09 17:01:51.647|#
215|7170|2025-01-09 00:00:00.000|-682.50000000000000000000|Direct Cost 20000 on 01/09/25|2026-04-09 17:01:51.647|#
216|7110|2025-01-09 00:00:00.000|682.50000000000000000000|Invoice 107024|2026-04-09 17:01:51.653|#
217|5630|2025-01-09 00:00:00.000|170.63000000000000000000|Invoice 107024|2026-04-09 17:01:51.653|#
218|5410|2025-01-09 00:00:00.000|-853.13000000000000000000|Invoice 107024|2026-04-09 17:01:51.660|#
219|2910|2025-01-09 00:00:00.000|-853.13000000000000000000|Invoice 107024|2026-04-09 17:01:51.673|#
220|5410|2025-01-09 00:00:00.000|853.13000000000000000000|Invoice 107024|2026-04-09 17:01:51.673|#
221|2110|2025-01-10 00:00:00.000|278.00000000000000000000|Direct Cost 30000 on 01/10/25|2026-04-09 17:01:51.747|#
222|7170|2025-01-10 00:00:00.000|-278.00000000000000000000|Direct Cost 30000 on 01/10/25|2026-04-09 17:01:51.747|#
223|7120|2025-01-10 00:00:00.000|278.00000000000000000000|Invoice 107025|2026-04-09 17:01:51.753|#
224|5630|2025-01-10 00:00:00.000|69.50000000000000000000|Invoice 107025|2026-04-09 17:01:51.753|#
225|5620|2025-01-10 00:00:00.000|-69.50000000000000000000|Invoice 107025|2026-04-09 17:01:51.753|#
226|5420|2025-01-10 00:00:00.000|-278.00000000000000000000|Invoice 107025|2026-04-09 17:01:51.760|#
227|2910|2025-01-10 00:00:00.000|-278.00000000000000000000|Invoice 107025|2026-04-09 17:01:51.773|#
228|5420|2025-01-10 00:00:00.000|278.00000000000000000000|Invoice 107025|2026-04-09 17:01:51.773|#
229|2110|2025-01-10 00:00:00.000|4950.40000000000000000000|Direct Cost 40000 on 01/10/25|2026-04-09 17:01:51.843|#
230|7170|2025-01-10 00:00:00.000|-4950.40000000000000000000|Direct Cost 40000 on 01/10/25|2026-04-09 17:01:51.847|#
231|7110|2025-01-10 00:00:00.000|4950.40000000000000000000|Invoice 107026|2026-04-09 17:01:51.850|#
232|5630|2025-01-10 00:00:00.000|1237.60000000000000000000|Invoice 107026|2026-04-09 17:01:51.850|#
233|5410|2025-01-10 00:00:00.000|-6188.00000000000000000000|Invoice 107026|2026-04-09 17:01:51.857|#
234|2910|2025-01-10 00:00:00.000|-6188.00000000000000000000|Invoice 107026|2026-04-09 17:01:51.873|#
235|5410|2025-01-10 00:00:00.000|6188.00000000000000000000|Invoice 107026|2026-04-09 17:01:51.873|#
236|2110|2025-01-11 00:00:00.000|487.50000000000000000000|Direct Cost 40000 on 01/11/25|2026-04-09 17:01:51.957|#
237|7170|2025-01-11 00:00:00.000|-487.50000000000000000000|Direct Cost 40000 on 01/11/25|2026-04-09 17:01:51.957|#
238|7110|2025-01-11 00:00:00.000|487.50000000000000000000|Invoice 107027|2026-04-09 17:01:51.963|#
239|5630|2025-01-11 00:00:00.000|121.88000000000000000000|Invoice 107027|2026-04-09 17:01:51.963|#
240|5410|2025-01-11 00:00:00.000|-609.38000000000000000000|Invoice 107027|2026-04-09 17:01:51.970|#
241|2910|2025-01-11 00:00:00.000|-609.38000000000000000000|Invoice 107027|2026-04-09 17:01:51.987|#
242|5410|2025-01-11 00:00:00.000|609.38000000000000000000|Invoice 107027|2026-04-09 17:01:51.987|#
243|2110|2025-01-11 00:00:00.000|480.50000000000000000000|Direct Cost 30000 on 01/11/25|2026-04-09 17:01:52.067|#
244|7170|2025-01-11 00:00:00.000|-480.50000000000000000000|Direct Cost 30000 on 01/11/25|2026-04-09 17:01:52.070|#
245|7120|2025-01-11 00:00:00.000|480.50000000000000000000|Invoice 107028|2026-04-09 17:01:52.077|#
246|5630|2025-01-11 00:00:00.000|120.13000000000000000000|Invoice 107028|2026-04-09 17:01:52.077|#
247|5620|2025-01-11 00:00:00.000|-120.13000000000000000000|Invoice 107028|2026-04-09 17:01:52.077|#
248|5420|2025-01-11 00:00:00.000|-480.50000000000000000000|Invoice 107028|2026-04-09 17:01:52.083|#
249|2910|2025-01-11 00:00:00.000|-480.50000000000000000000|Invoice 107028|2026-04-09 17:01:52.100|#
250|5420|2025-01-11 00:00:00.000|480.50000000000000000000|Invoice 107028|2026-04-09 17:01:52.100|#
251|2110|2025-01-12 00:00:00.000|1317.00000000000000000000|Direct Cost 30000 on 01/12/25|2026-04-09 17:01:52.187|#
252|7170|2025-01-12 00:00:00.000|-1317.00000000000000000000|Direct Cost 30000 on 01/12/25|2026-04-09 17:01:52.190|#
253|7120|2025-01-12 00:00:00.000|1317.00000000000000000000|Invoice 107029|2026-04-09 17:01:52.197|#
254|5630|2025-01-12 00:00:00.000|329.25000000000000000000|Invoice 107029|2026-04-09 17:01:52.197|#
255|5620|2025-01-12 00:00:00.000|-329.25000000000000000000|Invoice 107029|2026-04-09 17:01:52.197|#
256|5420|2025-01-12 00:00:00.000|-1317.00000000000000000000|Invoice 107029|2026-04-09 17:01:52.203|#
257|2910|2025-01-12 00:00:00.000|-1317.00000000000000000000|Invoice 107029|2026-04-09 17:01:52.220|#
258|5420|2025-01-12 00:00:00.000|1317.00000000000000000000|Invoice 107029|2026-04-09 17:01:52.220|#
259|2110|2025-02-04 00:00:00.000|480.50000000000000000000|Direct Cost 20000 on 02/04/25|2026-04-09 17:01:52.333|#
260|7170|2025-02-04 00:00:00.000|-480.50000000000000000000|Direct Cost 20000 on 02/04/25|2026-04-09 17:01:52.337|#
261|2110|2025-02-04 00:00:00.000|487.50000000000000000000|Direct Cost 20000 on 02/04/25|2026-04-09 17:01:52.340|#
262|7170|2025-02-04 00:00:00.000|-487.50000000000000000000|Direct Cost 20000 on 02/04/25|2026-04-09 17:01:52.343|#
263|7110|2025-02-04 00:00:00.000|968.00000000000000000000|Invoice 107030|2026-04-09 17:01:52.347|#
264|5630|2025-02-04 00:00:00.000|242.00000000000000000000|Invoice 107030|2026-04-09 17:01:52.347|#
265|5410|2025-02-04 00:00:00.000|-1210.00000000000000000000|Invoice 107030|2026-04-09 17:01:52.353|#
266|2910|2025-02-04 00:00:00.000|-1210.00000000000000000000|Invoice 107030|2026-04-09 17:01:52.367|#
267|5410|2025-02-04 00:00:00.000|1210.00000000000000000000|Invoice 107030|2026-04-09 17:01:52.367|#
268|2110|2025-02-04 00:00:00.000|1312.00000000000000000000|Direct Cost 40000 on 02/04/25|2026-04-09 17:01:52.457|#
269|7170|2025-02-04 00:00:00.000|-1312.00000000000000000000|Direct Cost 40000 on 02/04/25|2026-04-09 17:01:52.460|#
270|7110|2025-02-04 00:00:00.000|1312.00000000000000000000|Invoice 107031|2026-04-09 17:01:52.467|#
271|5630|2025-02-04 00:00:00.000|328.00000000000000000000|Invoice 107031|2026-04-09 17:01:52.467|#
272|5410|2025-02-04 00:00:00.000|-1640.00000000000000000000|Invoice 107031|2026-04-09 17:01:52.477|#
273|2910|2025-02-04 00:00:00.000|-1640.00000000000000000000|Invoice 107031|2026-04-09 17:01:52.493|#
274|5410|2025-02-04 00:00:00.000|1640.00000000000000000000|Invoice 107031|2026-04-09 17:01:52.493|#
275|2110|2025-02-05 00:00:00.000|672.70000000000000000000|Direct Cost 30000 on 02/05/25|2026-04-09 17:01:52.580|#
276|7170|2025-02-05 00:00:00.000|-672.70000000000000000000|Direct Cost 30000 on 02/05/25|2026-04-09 17:01:52.583|#
277|7120|2025-02-05 00:00:00.000|672.70000000000000000000|Invoice 107032|2026-04-09 17:01:52.590|#
278|5630|2025-02-05 00:00:00.000|168.18000000000000000000|Invoice 107032|2026-04-09 17:01:52.590|#
279|5620|2025-02-05 00:00:00.000|-168.18000000000000000000|Invoice 107032|2026-04-09 17:01:52.590|#
280|5420|2025-02-05 00:00:00.000|-672.70000000000000000000|Invoice 107032|2026-04-09 17:01:52.597|#
281|2910|2025-02-05 00:00:00.000|-672.70000000000000000000|Invoice 107032|2026-04-09 17:01:52.607|#
282|5420|2025-02-05 00:00:00.000|672.70000000000000000000|Invoice 107032|2026-04-09 17:01:52.610|#
283|2110|2025-02-06 00:00:00.000|975.00000000000000000000|Direct Cost 50000 on 02/06/25|2026-04-09 17:01:52.723|#
284|7170|2025-02-06 00:00:00.000|-975.00000000000000000000|Direct Cost 50000 on 02/06/25|2026-04-09 17:01:52.727|#
285|2110|2025-02-06 00:00:00.000|384.40000000000000000000|Direct Cost 50000 on 02/06/25|2026-04-09 17:01:52.730|#
286|7170|2025-02-06 00:00:00.000|-384.40000000000000000000|Direct Cost 50000 on 02/06/25|2026-04-09 17:01:52.730|#
287|7110|2025-02-06 00:00:00.000|1359.40000000000000000000|Invoice 107033|2026-04-09 17:01:52.737|#
288|5630|2025-02-06 00:00:00.000|339.85000000000000000000|Invoice 107033|2026-04-09 17:01:52.737|#
289|5410|2025-02-06 00:00:00.000|-1699.25000000000000000000|Invoice 107033|2026-04-09 17:01:52.743|#
290|2910|2025-02-06 00:00:00.000|-1699.25000000000000000000|Invoice 107033|2026-04-09 17:01:52.757|#
291|5410|2025-02-06 00:00:00.000|1699.25000000000000000000|Invoice 107033|2026-04-09 17:01:52.757|#
292|2110|2025-02-06 00:00:00.000|877.50000000000000000000|Direct Cost 10000 on 02/06/25|2026-04-09 17:01:52.840|#
293|7170|2025-02-06 00:00:00.000|-877.50000000000000000000|Direct Cost 10000 on 02/06/25|2026-04-09 17:01:52.843|#
294|7130|2025-02-06 00:00:00.000|877.50000000000000000000|Invoice 107034|2026-04-09 17:01:52.847|#
295|5420|2025-02-06 00:00:00.000|-877.50000000000000000000|Invoice 107034|2026-04-09 17:01:52.853|#
296|2910|2025-02-06 00:00:00.000|-877.50000000000000000000|Invoice 107034|2026-04-09 17:01:52.867|#
297|5420|2025-02-06 00:00:00.000|877.50000000000000000000|Invoice 107034|2026-04-09 17:01:52.867|#
298|2110|2025-02-06 00:00:00.000|576.60000000000000000000|Direct Cost 20000 on 02/06/25|2026-04-09 17:01:52.937|#
299|7170|2025-02-06 00:00:00.000|-576.60000000000000000000|Direct Cost 20000 on 02/06/25|2026-04-09 17:01:52.940|#
300|7110|2025-02-06 00:00:00.000|576.60000000000000000000|Invoice 107035|2026-04-09 17:01:52.947|#
301|5630|2025-02-06 00:00:00.000|144.15000000000000000000|Invoice 107035|2026-04-09 17:01:52.947|#
302|5410|2025-02-06 00:00:00.000|-720.75000000000000000000|Invoice 107035|2026-04-09 17:01:52.950|#
303|2910|2025-02-06 00:00:00.000|-720.75000000000000000000|Invoice 107035|2026-04-09 17:01:52.967|#
304|5410|2025-02-06 00:00:00.000|720.75000000000000000000|Invoice 107035|2026-04-09 17:01:52.967|#
305|2110|2025-02-08 00:00:00.000|6585.80000000000000000000|Direct Cost 50000 on 02/08/25|2026-04-09 17:01:53.037|#
306|7170|2025-02-08 00:00:00.000|-6585.80000000000000000000|Direct Cost 50000 on 02/08/25|2026-04-09 17:01:53.040|#
307|7110|2025-02-08 00:00:00.000|6585.80000000000000000000|Invoice 107036|2026-04-09 17:01:53.047|#
308|5630|2025-02-08 00:00:00.000|1646.45000000000000000000|Invoice 107036|2026-04-09 17:01:53.047|#
309|5410|2025-02-08 00:00:00.000|-8232.25000000000000000000|Invoice 107036|2026-04-09 17:01:53.053|#
310|2910|2025-02-08 00:00:00.000|-8232.25000000000000000000|Invoice 107036|2026-04-09 17:01:53.067|#
311|5410|2025-02-08 00:00:00.000|8232.25000000000000000000|Invoice 107036|2026-04-09 17:01:53.067|#
312|2110|2025-02-08 00:00:00.000|682.50000000000000000000|Direct Cost 20000 on 02/08/25|2026-04-09 17:01:53.137|#
313|7170|2025-02-08 00:00:00.000|-682.50000000000000000000|Direct Cost 20000 on 02/08/25|2026-04-09 17:01:53.140|#
314|7110|2025-02-08 00:00:00.000|682.50000000000000000000|Invoice 107037|2026-04-09 17:01:53.147|#
315|5630|2025-02-08 00:00:00.000|170.63000000000000000000|Invoice 107037|2026-04-09 17:01:53.147|#
316|5410|2025-02-08 00:00:00.000|-853.13000000000000000000|Invoice 107037|2026-04-09 17:01:53.153|#
317|2910|2025-02-08 00:00:00.000|-853.13000000000000000000|Invoice 107037|2026-04-09 17:01:53.167|#
318|5410|2025-02-08 00:00:00.000|853.13000000000000000000|Invoice 107037|2026-04-09 17:01:53.167|#
319|2110|2025-02-09 00:00:00.000|305.80000000000000000000|Direct Cost 30000 on 02/09/25|2026-04-09 17:01:53.247|#
320|7170|2025-02-09 00:00:00.000|-305.80000000000000000000|Direct Cost 30000 on 02/09/25|2026-04-09 17:01:53.247|#
321|7120|2025-02-09 00:00:00.000|305.80000000000000000000|Invoice 107038|2026-04-09 17:01:53.253|#
322|5630|2025-02-09 00:00:00.000|76.45000000000000000000|Invoice 107038|2026-04-09 17:01:53.253|#
323|5620|2025-02-09 00:00:00.000|-76.45000000000000000000|Invoice 107038|2026-04-09 17:01:53.253|#
324|5420|2025-02-09 00:00:00.000|-305.80000000000000000000|Invoice 107038|2026-04-09 17:01:53.260|#
325|2910|2025-02-09 00:00:00.000|-305.80000000000000000000|Invoice 107038|2026-04-09 17:01:53.273|#
326|5420|2025-02-09 00:00:00.000|305.80000000000000000000|Invoice 107038|2026-04-09 17:01:53.273|#
327|2110|2025-02-09 00:00:00.000|4243.20000000000000000000|Direct Cost 40000 on 02/09/25|2026-04-09 17:01:53.343|#
328|7170|2025-02-09 00:00:00.000|-4243.20000000000000000000|Direct Cost 40000 on 02/09/25|2026-04-09 17:01:53.347|#
329|7110|2025-02-09 00:00:00.000|4243.20000000000000000000|Invoice 107039|2026-04-09 17:01:53.353|#
330|5630|2025-02-09 00:00:00.000|1060.80000000000000000000|Invoice 107039|2026-04-09 17:01:53.353|#
331|5410|2025-02-09 00:00:00.000|-5304.00000000000000000000|Invoice 107039|2026-04-09 17:01:53.357|#
332|2910|2025-02-09 00:00:00.000|-5304.00000000000000000000|Invoice 107039|2026-04-09 17:01:53.373|#
333|5410|2025-02-09 00:00:00.000|5304.00000000000000000000|Invoice 107039|2026-04-09 17:01:53.373|#
334|2110|2025-02-10 00:00:00.000|487.50000000000000000000|Direct Cost 40000 on 02/10/25|2026-04-09 17:01:53.447|#
335|7170|2025-02-10 00:00:00.000|-487.50000000000000000000|Direct Cost 40000 on 02/10/25|2026-04-09 17:01:53.450|#
336|7110|2025-02-10 00:00:00.000|487.50000000000000000000|Invoice 107040|2026-04-09 17:01:53.457|#
337|5630|2025-02-10 00:00:00.000|121.88000000000000000000|Invoice 107040|2026-04-09 17:01:53.457|#
338|5410|2025-02-10 00:00:00.000|-609.38000000000000000000|Invoice 107040|2026-04-09 17:01:53.463|#
339|2910|2025-02-10 00:00:00.000|-609.38000000000000000000|Invoice 107040|2026-04-09 17:01:53.480|#
340|5410|2025-02-10 00:00:00.000|609.38000000000000000000|Invoice 107040|2026-04-09 17:01:53.480|#
341|2110|2025-02-10 00:00:00.000|480.50000000000000000000|Direct Cost 30000 on 02/10/25|2026-04-09 17:01:53.553|#
342|7170|2025-02-10 00:00:00.000|-480.50000000000000000000|Direct Cost 30000 on 02/10/25|2026-04-09 17:01:53.557|#
343|7120|2025-02-10 00:00:00.000|480.50000000000000000000|Invoice 107041|2026-04-09 17:01:53.560|#
344|5630|2025-02-10 00:00:00.000|120.13000000000000000000|Invoice 107041|2026-04-09 17:01:53.560|#
345|5620|2025-02-10 00:00:00.000|-120.13000000000000000000|Invoice 107041|2026-04-09 17:01:53.560|#
346|5420|2025-02-10 00:00:00.000|-480.50000000000000000000|Invoice 107041|2026-04-09 17:01:53.567|#
347|2910|2025-02-10 00:00:00.000|-480.50000000000000000000|Invoice 107041|2026-04-09 17:01:53.577|#
348|5420|2025-02-10 00:00:00.000|480.50000000000000000000|Invoice 107041|2026-04-09 17:01:53.577|#
349|2110|2025-02-11 00:00:00.000|1756.00000000000000000000|Direct Cost 30000 on 02/11/25|2026-04-09 17:01:53.650|#
350|7170|2025-02-11 00:00:00.000|-1756.00000000000000000000|Direct Cost 30000 on 02/11/25|2026-04-09 17:01:53.650|#
351|7120|2025-02-11 00:00:00.000|1756.00000000000000000000|Invoice 107042|2026-04-09 17:01:53.657|#
352|5630|2025-02-11 00:00:00.000|439.00000000000000000000|Invoice 107042|2026-04-09 17:01:53.657|#
353|5620|2025-02-11 00:00:00.000|-439.00000000000000000000|Invoice 107042|2026-04-09 17:01:53.657|#
354|5420|2025-02-11 00:00:00.000|-1756.00000000000000000000|Invoice 107042|2026-04-09 17:01:53.660|#
355|2910|2025-02-11 00:00:00.000|-1756.00000000000000000000|Invoice 107042|2026-04-09 17:01:53.673|#
356|5420|2025-02-11 00:00:00.000|1756.00000000000000000000|Invoice 107042|2026-04-09 17:01:53.673|#
357|2110|2025-03-04 00:00:00.000|576.60000000000000000000|Direct Cost 20000 on 03/04/25|2026-04-09 17:01:53.770|#
358|7170|2025-03-04 00:00:00.000|-576.60000000000000000000|Direct Cost 20000 on 03/04/25|2026-04-09 17:01:53.773|#
359|2110|2025-03-04 00:00:00.000|585.00000000000000000000|Direct Cost 20000 on 03/04/25|2026-04-09 17:01:53.777|#
360|7170|2025-03-04 00:00:00.000|-585.00000000000000000000|Direct Cost 20000 on 03/04/25|2026-04-09 17:01:53.777|#
361|7110|2025-03-04 00:00:00.000|1161.60000000000000000000|Invoice 107043|2026-04-09 17:01:53.783|#
362|5630|2025-03-04 00:00:00.000|290.40000000000000000000|Invoice 107043|2026-04-09 17:01:53.783|#
363|5410|2025-03-04 00:00:00.000|-1452.00000000000000000000|Invoice 107043|2026-04-09 17:01:53.790|#
364|2910|2025-03-04 00:00:00.000|-1452.00000000000000000000|Invoice 107043|2026-04-09 17:01:53.803|#
365|5410|2025-03-04 00:00:00.000|1452.00000000000000000000|Invoice 107043|2026-04-09 17:01:53.803|#
366|2110|2025-03-04 00:00:00.000|2296.00000000000000000000|Direct Cost 40000 on 03/04/25|2026-04-09 17:01:53.880|#
367|7170|2025-03-04 00:00:00.000|-2296.00000000000000000000|Direct Cost 40000 on 03/04/25|2026-04-09 17:01:53.883|#
368|7110|2025-03-04 00:00:00.000|2296.00000000000000000000|Invoice 107044|2026-04-09 17:01:53.887|#
369|5630|2025-03-04 00:00:00.000|574.00000000000000000000|Invoice 107044|2026-04-09 17:01:53.887|#
370|5410|2025-03-04 00:00:00.000|-2870.00000000000000000000|Invoice 107044|2026-04-09 17:01:53.893|#
371|2910|2025-03-04 00:00:00.000|-2870.00000000000000000000|Invoice 107044|2026-04-09 17:01:53.907|#
372|5410|2025-03-04 00:00:00.000|2870.00000000000000000000|Invoice 107044|2026-04-09 17:01:53.907|#
373|2110|2025-03-05 00:00:00.000|864.90000000000000000000|Direct Cost 30000 on 03/05/25|2026-04-09 17:01:53.980|#
374|7170|2025-03-05 00:00:00.000|-864.90000000000000000000|Direct Cost 30000 on 03/05/25|2026-04-09 17:01:53.983|#
375|7120|2025-03-05 00:00:00.000|864.90000000000000000000|Invoice 107045|2026-04-09 17:01:53.990|#
376|5630|2025-03-05 00:00:00.000|216.23000000000000000000|Invoice 107045|2026-04-09 17:01:53.990|#
377|5620|2025-03-05 00:00:00.000|-216.23000000000000000000|Invoice 107045|2026-04-09 17:01:53.990|#
378|5420|2025-03-05 00:00:00.000|-864.90000000000000000000|Invoice 107045|2026-04-09 17:01:53.997|#
379|2910|2025-03-05 00:00:00.000|-864.90000000000000000000|Invoice 107045|2026-04-09 17:01:54.010|#
380|5420|2025-03-05 00:00:00.000|864.90000000000000000000|Invoice 107045|2026-04-09 17:01:54.010|#
381|2110|2025-03-06 00:00:00.000|768.80000000000000000000|Direct Cost 20000 on 03/06/25|2026-04-09 17:01:54.083|#
382|7170|2025-03-06 00:00:00.000|-768.80000000000000000000|Direct Cost 20000 on 03/06/25|2026-04-09 17:01:54.087|#
383|7110|2025-03-06 00:00:00.000|768.80000000000000000000|Invoice 107046|2026-04-09 17:01:54.093|#
384|5630|2025-03-06 00:00:00.000|192.20000000000000000000|Invoice 107046|2026-04-09 17:01:54.093|#
385|5410|2025-03-06 00:00:00.000|-961.00000000000000000000|Invoice 107046|2026-04-09 17:01:54.097|#
386|2910|2025-03-06 00:00:00.000|-961.00000000000000000000|Invoice 107046|2026-04-09 17:01:54.113|#
387|5410|2025-03-06 00:00:00.000|961.00000000000000000000|Invoice 107046|2026-04-09 17:01:54.113|#
388|2110|2025-03-07 00:00:00.000|1072.50000000000000000000|Direct Cost 50000 on 03/07/25|2026-04-09 17:01:54.210|#
389|7170|2025-03-07 00:00:00.000|-1072.50000000000000000000|Direct Cost 50000 on 03/07/25|2026-04-09 17:01:54.213|#
390|2110|2025-03-07 00:00:00.000|576.60000000000000000000|Direct Cost 50000 on 03/07/25|2026-04-09 17:01:54.217|#
391|7170|2025-03-07 00:00:00.000|-576.60000000000000000000|Direct Cost 50000 on 03/07/25|2026-04-09 17:01:54.220|#
392|7110|2025-03-07 00:00:00.000|1649.10000000000000000000|Invoice 107047|2026-04-09 17:01:54.227|#
393|5630|2025-03-07 00:00:00.000|412.28000000000000000000|Invoice 107047|2026-04-09 17:01:54.227|#
394|5410|2025-03-07 00:00:00.000|-2061.38000000000000000000|Invoice 107047|2026-04-09 17:01:54.233|#
395|2910|2025-03-07 00:00:00.000|-2061.38000000000000000000|Invoice 107047|2026-04-09 17:01:54.247|#
396|5410|2025-03-07 00:00:00.000|2061.38000000000000000000|Invoice 107047|2026-04-09 17:01:54.247|#
397|2110|2025-03-07 00:00:00.000|975.00000000000000000000|Direct Cost 10000 on 03/07/25|2026-04-09 17:01:54.323|#
398|7170|2025-03-07 00:00:00.000|-975.00000000000000000000|Direct Cost 10000 on 03/07/25|2026-04-09 17:01:54.327|#
399|7130|2025-03-07 00:00:00.000|975.00000000000000000000|Invoice 107048|2026-04-09 17:01:54.330|#
400|5420|2025-03-07 00:00:00.000|-975.00000000000000000000|Invoice 107048|2026-04-09 17:01:54.337|#
401|2910|2025-03-07 00:00:00.000|-975.00000000000000000000|Invoice 107048|2026-04-09 17:01:54.350|#
402|5420|2025-03-07 00:00:00.000|975.00000000000000000000|Invoice 107048|2026-04-09 17:01:54.350|#
403|2110|2025-03-08 00:00:00.000|7599.00000000000000000000|Direct Cost 50000 on 03/08/25|2026-04-09 17:01:54.423|#
404|7170|2025-03-08 00:00:00.000|-7599.00000000000000000000|Direct Cost 50000 on 03/08/25|2026-04-09 17:01:54.427|#
405|7110|2025-03-08 00:00:00.000|7599.00000000000000000000|Invoice 107049|2026-04-09 17:01:54.430|#
406|5630|2025-03-08 00:00:00.000|1899.75000000000000000000|Invoice 107049|2026-04-09 17:01:54.433|#
407|5410|2025-03-08 00:00:00.000|-9498.75000000000000000000|Invoice 107049|2026-04-09 17:01:54.440|#
408|2910|2025-03-08 00:00:00.000|-9498.75000000000000000000|Invoice 107049|2026-04-09 17:01:54.453|#
409|5410|2025-03-08 00:00:00.000|9498.75000000000000000000|Invoice 107049|2026-04-09 17:01:54.453|#
410|2110|2025-03-09 00:00:00.000|877.50000000000000000000|Direct Cost 20000 on 03/09/25|2026-04-09 17:01:54.527|#
411|7170|2025-03-09 00:00:00.000|-877.50000000000000000000|Direct Cost 20000 on 03/09/25|2026-04-09 17:01:54.530|#
412|7110|2025-03-09 00:00:00.000|877.50000000000000000000|Invoice 107050|2026-04-09 17:01:54.537|#
413|5630|2025-03-09 00:00:00.000|219.38000000000000000000|Invoice 107050|2026-04-09 17:01:54.537|#
414|5410|2025-03-09 00:00:00.000|-1096.88000000000000000000|Invoice 107050|2026-04-09 17:01:54.540|#
415|2910|2025-03-09 00:00:00.000|-1096.88000000000000000000|Invoice 107050|2026-04-09 17:01:54.553|#
416|5410|2025-03-09 00:00:00.000|1096.88000000000000000000|Invoice 107050|2026-04-09 17:01:54.553|#
417|2110|2025-03-10 00:00:00.000|361.40000000000000000000|Direct Cost 30000 on 03/10/25|2026-04-09 17:01:54.623|#
418|7170|2025-03-10 00:00:00.000|-361.40000000000000000000|Direct Cost 30000 on 03/10/25|2026-04-09 17:01:54.627|#
419|7120|2025-03-10 00:00:00.000|361.40000000000000000000|Invoice 107051|2026-04-09 17:01:54.630|#
420|5630|2025-03-10 00:00:00.000|90.35000000000000000000|Invoice 107051|2026-04-09 17:01:54.630|#
421|5620|2025-03-10 00:00:00.000|-90.35000000000000000000|Invoice 107051|2026-04-09 17:01:54.630|#
422|5420|2025-03-10 00:00:00.000|-361.40000000000000000000|Invoice 107051|2026-04-09 17:01:54.637|#
423|2910|2025-03-10 00:00:00.000|-361.40000000000000000000|Invoice 107051|2026-04-09 17:01:54.650|#
424|5420|2025-03-10 00:00:00.000|361.40000000000000000000|Invoice 107051|2026-04-09 17:01:54.650|#
425|2110|2025-03-10 00:00:00.000|7072.00000000000000000000|Direct Cost 40000 on 03/10/25|2026-04-09 17:01:54.720|#
426|7170|2025-03-10 00:00:00.000|-7072.00000000000000000000|Direct Cost 40000 on 03/10/25|2026-04-09 17:01:54.723|#
427|7110|2025-03-10 00:00:00.000|7072.00000000000000000000|Invoice 107052|2026-04-09 17:01:54.727|#
428|5630|2025-03-10 00:00:00.000|1768.00000000000000000000|Invoice 107052|2026-04-09 17:01:54.727|#
429|5410|2025-03-10 00:00:00.000|-8840.00000000000000000000|Invoice 107052|2026-04-09 17:01:54.733|#
430|2910|2025-03-10 00:00:00.000|-8840.00000000000000000000|Invoice 107052|2026-04-09 17:01:54.747|#
431|5410|2025-03-10 00:00:00.000|8840.00000000000000000000|Invoice 107052|2026-04-09 17:01:54.747|#
432|2110|2025-03-11 00:00:00.000|585.00000000000000000000|Direct Cost 40000 on 03/11/25|2026-04-09 17:01:54.827|#
433|7170|2025-03-11 00:00:00.000|-585.00000000000000000000|Direct Cost 40000 on 03/11/25|2026-04-09 17:01:54.827|#
434|7110|2025-03-11 00:00:00.000|585.00000000000000000000|Invoice 107053|2026-04-09 17:01:54.833|#
435|5630|2025-03-11 00:00:00.000|146.25000000000000000000|Invoice 107053|2026-04-09 17:01:54.833|#
436|5410|2025-03-11 00:00:00.000|-731.25000000000000000000|Invoice 107053|2026-04-09 17:01:54.840|#
437|2910|2025-03-11 00:00:00.000|-731.25000000000000000000|Invoice 107053|2026-04-09 17:01:54.853|#
438|5410|2025-03-11 00:00:00.000|731.25000000000000000000|Invoice 107053|2026-04-09 17:01:54.853|#
439|2110|2025-03-11 00:00:00.000|672.70000000000000000000|Direct Cost 30000 on 03/11/25|2026-04-09 17:01:54.930|#
440|7170|2025-03-11 00:00:00.000|-672.70000000000000000000|Direct Cost 30000 on 03/11/25|2026-04-09 17:01:54.933|#
441|7120|2025-03-11 00:00:00.000|672.70000000000000000000|Invoice 107054|2026-04-09 17:01:54.937|#
442|5630|2025-03-11 00:00:00.000|168.18000000000000000000|Invoice 107054|2026-04-09 17:01:54.937|#
443|5620|2025-03-11 00:00:00.000|-168.18000000000000000000|Invoice 107054|2026-04-09 17:01:54.937|#
444|5420|2025-03-11 00:00:00.000|-672.70000000000000000000|Invoice 107054|2026-04-09 17:01:54.960|#
445|2910|2025-03-11 00:00:00.000|-672.70000000000000000000|Invoice 107054|2026-04-09 17:01:54.973|#
446|5420|2025-03-11 00:00:00.000|672.70000000000000000000|Invoice 107054|2026-04-09 17:01:54.973|#
447|2110|2025-03-12 00:00:00.000|1975.50000000000000000000|Direct Cost 30000 on 03/12/25|2026-04-09 17:01:55.043|#
448|7170|2025-03-12 00:00:00.000|-1975.50000000000000000000|Direct Cost 30000 on 03/12/25|2026-04-09 17:01:55.043|#
449|7120|2025-03-12 00:00:00.000|1975.50000000000000000000|Invoice 107055|2026-04-09 17:01:55.050|#
450|5630|2025-03-12 00:00:00.000|493.88000000000000000000|Invoice 107055|2026-04-09 17:01:55.050|#
451|5620|2025-03-12 00:00:00.000|-493.88000000000000000000|Invoice 107055|2026-04-09 17:01:55.050|#
452|5420|2025-03-12 00:00:00.000|-1975.50000000000000000000|Invoice 107055|2026-04-09 17:01:55.057|#
453|2910|2025-03-12 00:00:00.000|-1975.50000000000000000000|Invoice 107055|2026-04-09 17:01:55.067|#
454|5420|2025-03-12 00:00:00.000|1975.50000000000000000000|Invoice 107055|2026-04-09 17:01:55.067|#
455|2110|2025-04-04 00:00:00.000|576.60000000000000000000|Direct Cost 20000 on 04/04/25|2026-04-09 17:01:55.150|#
456|7170|2025-04-04 00:00:00.000|-576.60000000000000000000|Direct Cost 20000 on 04/04/25|2026-04-09 17:01:55.153|#
457|2110|2025-04-04 00:00:00.000|487.50000000000000000000|Direct Cost 20000 on 04/04/25|2026-04-09 17:01:55.157|#
458|7170|2025-04-04 00:00:00.000|-487.50000000000000000000|Direct Cost 20000 on 04/04/25|2026-04-09 17:01:55.160|#
459|7110|2025-04-04 00:00:00.000|1064.10000000000000000000|Invoice 107056|2026-04-09 17:01:55.163|#
460|5630|2025-04-04 00:00:00.000|266.03000000000000000000|Invoice 107056|2026-04-09 17:01:55.163|#
461|5410|2025-04-04 00:00:00.000|-1330.13000000000000000000|Invoice 107056|2026-04-09 17:01:55.170|#
462|2910|2025-04-04 00:00:00.000|-1330.13000000000000000000|Invoice 107056|2026-04-09 17:01:55.183|#
463|5410|2025-04-04 00:00:00.000|1330.13000000000000000000|Invoice 107056|2026-04-09 17:01:55.183|#
464|2110|2025-04-04 00:00:00.000|1968.00000000000000000000|Direct Cost 40000 on 04/04/25|2026-04-09 17:01:55.250|#
465|7170|2025-04-04 00:00:00.000|-1968.00000000000000000000|Direct Cost 40000 on 04/04/25|2026-04-09 17:01:55.253|#
466|7110|2025-04-04 00:00:00.000|1968.00000000000000000000|Invoice 107057|2026-04-09 17:01:55.257|#
467|5630|2025-04-04 00:00:00.000|492.00000000000000000000|Invoice 107057|2026-04-09 17:01:55.257|#
468|5410|2025-04-04 00:00:00.000|-2460.00000000000000000000|Invoice 107057|2026-04-09 17:01:55.263|#
469|2910|2025-04-04 00:00:00.000|-2460.00000000000000000000|Invoice 107057|2026-04-09 17:01:55.277|#
470|5410|2025-04-04 00:00:00.000|2460.00000000000000000000|Invoice 107057|2026-04-09 17:01:55.277|#
471|2110|2025-04-05 00:00:00.000|961.00000000000000000000|Direct Cost 30000 on 04/05/25|2026-04-09 17:01:55.347|#
472|7170|2025-04-05 00:00:00.000|-961.00000000000000000000|Direct Cost 30000 on 04/05/25|2026-04-09 17:01:55.347|#
473|7120|2025-04-05 00:00:00.000|961.00000000000000000000|Invoice 107058|2026-04-09 17:01:55.353|#
474|5630|2025-04-05 00:00:00.000|240.25000000000000000000|Invoice 107058|2026-04-09 17:01:55.353|#
475|5620|2025-04-05 00:00:00.000|-240.25000000000000000000|Invoice 107058|2026-04-09 17:01:55.353|#
476|5420|2025-04-05 00:00:00.000|-961.00000000000000000000|Invoice 107058|2026-04-09 17:01:55.357|#
477|2910|2025-04-05 00:00:00.000|-961.00000000000000000000|Invoice 107058|2026-04-09 17:01:55.370|#
478|5420|2025-04-05 00:00:00.000|961.00000000000000000000|Invoice 107058|2026-04-09 17:01:55.370|#
479|2110|2025-04-06 00:00:00.000|1072.50000000000000000000|Direct Cost 50000 on 04/06/25|2026-04-09 17:01:55.450|#
480|7170|2025-04-06 00:00:00.000|-1072.50000000000000000000|Direct Cost 50000 on 04/06/25|2026-04-09 17:01:55.453|#
481|2110|2025-04-06 00:00:00.000|480.50000000000000000000|Direct Cost 50000 on 04/06/25|2026-04-09 17:01:55.457|#
482|7170|2025-04-06 00:00:00.000|-480.50000000000000000000|Direct Cost 50000 on 04/06/25|2026-04-09 17:01:55.457|#
483|7110|2025-04-06 00:00:00.000|1553.00000000000000000000|Invoice 107059|2026-04-09 17:01:55.460|#
484|5630|2025-04-06 00:00:00.000|388.25000000000000000000|Invoice 107059|2026-04-09 17:01:55.460|#
485|5410|2025-04-06 00:00:00.000|-1941.25000000000000000000|Invoice 107059|2026-04-09 17:01:55.467|#
486|2910|2025-04-06 00:00:00.000|-1941.25000000000000000000|Invoice 107059|2026-04-09 17:01:55.477|#
487|5410|2025-04-06 00:00:00.000|1941.25000000000000000000|Invoice 107059|2026-04-09 17:01:55.477|#
488|2110|2025-04-06 00:00:00.000|864.90000000000000000000|Direct Cost 20000 on 04/06/25|2026-04-09 17:01:55.560|#
489|7170|2025-04-06 00:00:00.000|-864.90000000000000000000|Direct Cost 20000 on 04/06/25|2026-04-09 17:01:55.563|#
490|7110|2025-04-06 00:00:00.000|864.90000000000000000000|Invoice 107060|2026-04-09 17:01:55.567|#
491|5630|2025-04-06 00:00:00.000|216.23000000000000000000|Invoice 107060|2026-04-09 17:01:55.567|#
492|5410|2025-04-06 00:00:00.000|-1081.13000000000000000000|Invoice 107060|2026-04-09 17:01:55.573|#
493|2910|2025-04-06 00:00:00.000|-1081.13000000000000000000|Invoice 107060|2026-04-09 17:01:55.587|#
494|5410|2025-04-06 00:00:00.000|1081.13000000000000000000|Invoice 107060|2026-04-09 17:01:55.587|#
495|2110|2025-04-07 00:00:00.000|1072.50000000000000000000|Direct Cost 10000 on 04/07/25|2026-04-09 17:01:55.650|#
496|7170|2025-04-07 00:00:00.000|-1072.50000000000000000000|Direct Cost 10000 on 04/07/25|2026-04-09 17:01:55.653|#
497|7130|2025-04-07 00:00:00.000|1072.50000000000000000000|Invoice 107061|2026-04-09 17:01:55.657|#
498|5420|2025-04-07 00:00:00.000|-1072.50000000000000000000|Invoice 107061|2026-04-09 17:01:55.663|#
499|2910|2025-04-07 00:00:00.000|-1072.50000000000000000000|Invoice 107061|2026-04-09 17:01:55.677|#
500|5420|2025-04-07 00:00:00.000|1072.50000000000000000000|Invoice 107061|2026-04-09 17:01:55.677|#
501|2110|2025-04-08 00:00:00.000|9118.80000000000000000000|Direct Cost 50000 on 04/08/25|2026-04-09 17:01:55.747|#
502|7170|2025-04-08 00:00:00.000|-9118.80000000000000000000|Direct Cost 50000 on 04/08/25|2026-04-09 17:01:55.747|#
503|7110|2025-04-08 00:00:00.000|9118.80000000000000000000|Invoice 107062|2026-04-09 17:01:55.753|#
504|5630|2025-04-08 00:00:00.000|2279.70000000000000000000|Invoice 107062|2026-04-09 17:01:55.753|#
505|5410|2025-04-08 00:00:00.000|-11398.50000000000000000000|Invoice 107062|2026-04-09 17:01:55.760|#
506|2910|2025-04-08 00:00:00.000|-11398.50000000000000000000|Invoice 107062|2026-04-09 17:01:55.770|#
507|5410|2025-04-08 00:00:00.000|11398.50000000000000000000|Invoice 107062|2026-04-09 17:01:55.770|#
508|2110|2025-04-09 00:00:00.000|361.40000000000000000000|Direct Cost 30000 on 04/09/25|2026-04-09 17:01:55.840|#
509|7170|2025-04-09 00:00:00.000|-361.40000000000000000000|Direct Cost 30000 on 04/09/25|2026-04-09 17:01:55.843|#
510|7120|2025-04-09 00:00:00.000|361.40000000000000000000|Invoice 107063|2026-04-09 17:01:55.847|#
511|5630|2025-04-09 00:00:00.000|90.35000000000000000000|Invoice 107063|2026-04-09 17:01:55.847|#
512|5620|2025-04-09 00:00:00.000|-90.35000000000000000000|Invoice 107063|2026-04-09 17:01:55.847|#
513|5420|2025-04-09 00:00:00.000|-361.40000000000000000000|Invoice 107063|2026-04-09 17:01:55.853|#
514|2910|2025-04-09 00:00:00.000|-361.40000000000000000000|Invoice 107063|2026-04-09 17:01:55.867|#
515|5420|2025-04-09 00:00:00.000|361.40000000000000000000|Invoice 107063|2026-04-09 17:01:55.867|#
516|2110|2025-04-09 00:00:00.000|877.50000000000000000000|Direct Cost 20000 on 04/09/25|2026-04-09 17:01:55.933|#
517|7170|2025-04-09 00:00:00.000|-877.50000000000000000000|Direct Cost 20000 on 04/09/25|2026-04-09 17:01:55.937|#
518|7110|2025-04-09 00:00:00.000|877.50000000000000000000|Invoice 107064|2026-04-09 17:01:55.940|#
519|5630|2025-04-09 00:00:00.000|219.38000000000000000000|Invoice 107064|2026-04-09 17:01:55.940|#
520|5410|2025-04-09 00:00:00.000|-1096.88000000000000000000|Invoice 107064|2026-04-09 17:01:55.947|#
521|2910|2025-04-09 00:00:00.000|-1096.88000000000000000000|Invoice 107064|2026-04-09 17:01:55.957|#
522|5410|2025-04-09 00:00:00.000|1096.88000000000000000000|Invoice 107064|2026-04-09 17:01:55.957|#
523|2110|2025-04-09 00:00:00.000|7072.00000000000000000000|Direct Cost 40000 on 04/09/25|2026-04-09 17:01:56.027|#
524|7170|2025-04-09 00:00:00.000|-7072.00000000000000000000|Direct Cost 40000 on 04/09/25|2026-04-09 17:01:56.027|#
525|7110|2025-04-09 00:00:00.000|7072.00000000000000000000|Invoice 107065|2026-04-09 17:01:56.033|#
526|5630|2025-04-09 00:00:00.000|1768.00000000000000000000|Invoice 107065|2026-04-09 17:01:56.033|#
527|5410|2025-04-09 00:00:00.000|-8840.00000000000000000000|Invoice 107065|2026-04-09 17:01:56.037|#
528|2910|2025-04-09 00:00:00.000|-8840.00000000000000000000|Invoice 107065|2026-04-09 17:01:56.050|#
529|5410|2025-04-09 00:00:00.000|8840.00000000000000000000|Invoice 107065|2026-04-09 17:01:56.050|#
530|2110|2025-04-10 00:00:00.000|585.00000000000000000000|Direct Cost 40000 on 04/10/25|2026-04-09 17:01:56.117|#
531|7170|2025-04-10 00:00:00.000|-585.00000000000000000000|Direct Cost 40000 on 04/10/25|2026-04-09 17:01:56.120|#
532|7110|2025-04-10 00:00:00.000|585.00000000000000000000|Invoice 107066|2026-04-09 17:01:56.123|#
533|5630|2025-04-10 00:00:00.000|146.25000000000000000000|Invoice 107066|2026-04-09 17:01:56.123|#
534|5410|2025-04-10 00:00:00.000|-731.25000000000000000000|Invoice 107066|2026-04-09 17:01:56.127|#
535|2910|2025-04-10 00:00:00.000|-731.25000000000000000000|Invoice 107066|2026-04-09 17:01:56.140|#
536|5410|2025-04-10 00:00:00.000|731.25000000000000000000|Invoice 107066|2026-04-09 17:01:56.140|#
537|2110|2025-04-11 00:00:00.000|1975.50000000000000000000|Direct Cost 30000 on 04/11/25|2026-04-09 17:01:56.223|#
538|7170|2025-04-11 00:00:00.000|-1975.50000000000000000000|Direct Cost 30000 on 04/11/25|2026-04-09 17:01:56.223|#
539|2110|2025-04-11 00:00:00.000|768.80000000000000000000|Direct Cost 30000 on 04/11/25|2026-04-09 17:01:56.227|#
540|7170|2025-04-11 00:00:00.000|-768.80000000000000000000|Direct Cost 30000 on 04/11/25|2026-04-09 17:01:56.230|#
541|7120|2025-04-11 00:00:00.000|2744.30000000000000000000|Invoice 107067|2026-04-09 17:01:56.233|#
542|5630|2025-04-11 00:00:00.000|686.08000000000000000000|Invoice 107067|2026-04-09 17:01:56.233|#
543|5620|2025-04-11 00:00:00.000|-686.08000000000000000000|Invoice 107067|2026-04-09 17:01:56.233|#
544|5420|2025-04-11 00:00:00.000|-2744.30000000000000000000|Invoice 107067|2026-04-09 17:01:56.240|#
545|2910|2025-04-11 00:00:00.000|-2744.30000000000000000000|Invoice 107067|2026-04-09 17:01:56.250|#
546|5420|2025-04-11 00:00:00.000|2744.30000000000000000000|Invoice 107067|2026-04-09 17:01:56.250|#
547|2110|2025-05-04 00:00:00.000|480.50000000000000000000|Direct Cost 20000 on 05/04/25|2026-04-09 17:01:56.337|#
548|7170|2025-05-04 00:00:00.000|-480.50000000000000000000|Direct Cost 20000 on 05/04/25|2026-04-09 17:01:56.340|#
549|2110|2025-05-04 00:00:00.000|585.00000000000000000000|Direct Cost 20000 on 05/04/25|2026-04-09 17:01:56.343|#
550|7170|2025-05-04 00:00:00.000|-585.00000000000000000000|Direct Cost 20000 on 05/04/25|2026-04-09 17:01:56.343|#
551|7110|2025-05-04 00:00:00.000|1065.50000000000000000000|Invoice 107068|2026-04-09 17:01:56.350|#
552|5630|2025-05-04 00:00:00.000|266.38000000000000000000|Invoice 107068|2026-04-09 17:01:56.350|#
553|5410|2025-05-04 00:00:00.000|-1331.88000000000000000000|Invoice 107068|2026-04-09 17:01:56.353|#
554|2910|2025-05-04 00:00:00.000|-1331.88000000000000000000|Invoice 107068|2026-04-09 17:01:56.367|#
555|5410|2025-05-04 00:00:00.000|1331.88000000000000000000|Invoice 107068|2026-04-09 17:01:56.367|#
556|2110|2025-05-04 00:00:00.000|2296.00000000000000000000|Direct Cost 40000 on 05/04/25|2026-04-09 17:01:56.437|#
557|7170|2025-05-04 00:00:00.000|-2296.00000000000000000000|Direct Cost 40000 on 05/04/25|2026-04-09 17:01:56.437|#
558|7110|2025-05-04 00:00:00.000|2296.00000000000000000000|Invoice 107069|2026-04-09 17:01:56.440|#
559|5630|2025-05-04 00:00:00.000|574.00000000000000000000|Invoice 107069|2026-04-09 17:01:56.440|#
560|5410|2025-05-04 00:00:00.000|-2870.00000000000000000000|Invoice 107069|2026-04-09 17:01:56.447|#
561|2910|2025-05-04 00:00:00.000|-2870.00000000000000000000|Invoice 107069|2026-04-09 17:01:56.460|#
562|5410|2025-05-04 00:00:00.000|2870.00000000000000000000|Invoice 107069|2026-04-09 17:01:56.460|#
563|2110|2025-05-05 00:00:00.000|864.90000000000000000000|Direct Cost 30000 on 05/05/25|2026-04-09 17:01:56.527|#
564|7170|2025-05-05 00:00:00.000|-864.90000000000000000000|Direct Cost 30000 on 05/05/25|2026-04-09 17:01:56.530|#
565|7120|2025-05-05 00:00:00.000|864.90000000000000000000|Invoice 107070|2026-04-09 17:01:56.533|#
566|5630|2025-05-05 00:00:00.000|216.23000000000000000000|Invoice 107070|2026-04-09 17:01:56.533|#
567|5620|2025-05-05 00:00:00.000|-216.23000000000000000000|Invoice 107070|2026-04-09 17:01:56.533|#
568|5420|2025-05-05 00:00:00.000|-864.90000000000000000000|Invoice 107070|2026-04-09 17:01:56.540|#
569|2910|2025-05-05 00:00:00.000|-864.90000000000000000000|Invoice 107070|2026-04-09 17:01:56.553|#
570|5420|2025-05-05 00:00:00.000|864.90000000000000000000|Invoice 107070|2026-04-09 17:01:56.553|#
571|2110|2025-05-06 00:00:00.000|768.80000000000000000000|Direct Cost 20000 on 05/06/25|2026-04-09 17:01:56.617|#
572|7170|2025-05-06 00:00:00.000|-768.80000000000000000000|Direct Cost 20000 on 05/06/25|2026-04-09 17:01:56.617|#
573|7110|2025-05-06 00:00:00.000|768.80000000000000000000|Invoice 107071|2026-04-09 17:01:56.623|#
574|5630|2025-05-06 00:00:00.000|192.20000000000000000000|Invoice 107071|2026-04-09 17:01:56.623|#
575|5410|2025-05-06 00:00:00.000|-961.00000000000000000000|Invoice 107071|2026-04-09 17:01:56.627|#
576|2910|2025-05-06 00:00:00.000|-961.00000000000000000000|Invoice 107071|2026-04-09 17:01:56.640|#
577|5410|2025-05-06 00:00:00.000|961.00000000000000000000|Invoice 107071|2026-04-09 17:01:56.640|#
578|2110|2025-05-07 00:00:00.000|682.50000000000000000000|Direct Cost 50000 on 05/07/25|2026-04-09 17:01:56.720|#
579|7170|2025-05-07 00:00:00.000|-682.50000000000000000000|Direct Cost 50000 on 05/07/25|2026-04-09 17:01:56.723|#
580|2110|2025-05-07 00:00:00.000|480.50000000000000000000|Direct Cost 50000 on 05/07/25|2026-04-09 17:01:56.727|#
581|7170|2025-05-07 00:00:00.000|-480.50000000000000000000|Direct Cost 50000 on 05/07/25|2026-04-09 17:01:56.727|#
582|7110|2025-05-07 00:00:00.000|1163.00000000000000000000|Invoice 107072|2026-04-09 17:01:56.730|#
583|5630|2025-05-07 00:00:00.000|290.75000000000000000000|Invoice 107072|2026-04-09 17:01:56.730|#
584|5410|2025-05-07 00:00:00.000|-1453.75000000000000000000|Invoice 107072|2026-04-09 17:01:56.737|#
585|2910|2025-05-07 00:00:00.000|-1453.75000000000000000000|Invoice 107072|2026-04-09 17:01:56.747|#
586|5410|2025-05-07 00:00:00.000|1453.75000000000000000000|Invoice 107072|2026-04-09 17:01:56.747|#
587|2110|2025-05-07 00:00:00.000|877.50000000000000000000|Direct Cost 10000 on 05/07/25|2026-04-09 17:01:56.820|#
588|7170|2025-05-07 00:00:00.000|-877.50000000000000000000|Direct Cost 10000 on 05/07/25|2026-04-09 17:01:56.823|#
589|7130|2025-05-07 00:00:00.000|877.50000000000000000000|Invoice 107073|2026-04-09 17:01:56.827|#
590|5420|2025-05-07 00:00:00.000|-877.50000000000000000000|Invoice 107073|2026-04-09 17:01:56.833|#
591|2910|2025-05-07 00:00:00.000|-877.50000000000000000000|Invoice 107073|2026-04-09 17:01:56.847|#
592|5420|2025-05-07 00:00:00.000|877.50000000000000000000|Invoice 107073|2026-04-09 17:01:56.847|#
593|2110|2025-05-08 00:00:00.000|7092.40000000000000000000|Direct Cost 50000 on 05/08/25|2026-04-09 17:01:56.913|#
594|7170|2025-05-08 00:00:00.000|-7092.40000000000000000000|Direct Cost 50000 on 05/08/25|2026-04-09 17:01:56.917|#
595|7110|2025-05-08 00:00:00.000|7092.40000000000000000000|Invoice 107074|2026-04-09 17:01:56.923|#
596|5630|2025-05-08 00:00:00.000|1773.10000000000000000000|Invoice 107074|2026-04-09 17:01:56.923|#
597|5410|2025-05-08 00:00:00.000|-8865.50000000000000000000|Invoice 107074|2026-04-09 17:01:56.930|#
598|2910|2025-05-08 00:00:00.000|-8865.50000000000000000000|Invoice 107074|2026-04-09 17:01:56.943|#
599|5410|2025-05-08 00:00:00.000|8865.50000000000000000000|Invoice 107074|2026-04-09 17:01:56.943|#
600|2110|2025-05-09 00:00:00.000|780.00000000000000000000|Direct Cost 20000 on 05/09/25|2026-04-09 17:01:57.020|#
601|7170|2025-05-09 00:00:00.000|-780.00000000000000000000|Direct Cost 20000 on 05/09/25|2026-04-09 17:01:57.023|#
602|7110|2025-05-09 00:00:00.000|780.00000000000000000000|Invoice 107075|2026-04-09 17:01:57.027|#
603|5630|2025-05-09 00:00:00.000|195.00000000000000000000|Invoice 107075|2026-04-09 17:01:57.027|#
604|5410|2025-05-09 00:00:00.000|-975.00000000000000000000|Invoice 107075|2026-04-09 17:01:57.030|#
605|2910|2025-05-09 00:00:00.000|-975.00000000000000000000|Invoice 107075|2026-04-09 17:01:57.043|#
606|5410|2025-05-09 00:00:00.000|975.00000000000000000000|Invoice 107075|2026-04-09 17:01:57.043|#
607|2110|2025-05-10 00:00:00.000|305.80000000000000000000|Direct Cost 30000 on 05/10/25|2026-04-09 17:01:57.113|#
608|7170|2025-05-10 00:00:00.000|-305.80000000000000000000|Direct Cost 30000 on 05/10/25|2026-04-09 17:01:57.117|#
609|7120|2025-05-10 00:00:00.000|305.80000000000000000000|Invoice 107076|2026-04-09 17:01:57.123|#
610|5630|2025-05-10 00:00:00.000|76.45000000000000000000|Invoice 107076|2026-04-09 17:01:57.123|#
611|5620|2025-05-10 00:00:00.000|-76.45000000000000000000|Invoice 107076|2026-04-09 17:01:57.123|#
612|5420|2025-05-10 00:00:00.000|-305.80000000000000000000|Invoice 107076|2026-04-09 17:01:57.127|#
613|2910|2025-05-10 00:00:00.000|-305.80000000000000000000|Invoice 107076|2026-04-09 17:01:57.140|#
614|5420|2025-05-10 00:00:00.000|305.80000000000000000000|Invoice 107076|2026-04-09 17:01:57.140|#
615|2110|2025-05-10 00:00:00.000|6364.80000000000000000000|Direct Cost 40000 on 05/10/25|2026-04-09 17:01:57.210|#
616|7170|2025-05-10 00:00:00.000|-6364.80000000000000000000|Direct Cost 40000 on 05/10/25|2026-04-09 17:01:57.210|#
617|7110|2025-05-10 00:00:00.000|6364.80000000000000000000|Invoice 107077|2026-04-09 17:01:57.217|#
618|5630|2025-05-10 00:00:00.000|1591.20000000000000000000|Invoice 107077|2026-04-09 17:01:57.217|#
619|5410|2025-05-10 00:00:00.000|-7956.00000000000000000000|Invoice 107077|2026-04-09 17:01:57.220|#
620|2910|2025-05-10 00:00:00.000|-7956.00000000000000000000|Invoice 107077|2026-04-09 17:01:57.233|#
621|5410|2025-05-10 00:00:00.000|7956.00000000000000000000|Invoice 107077|2026-04-09 17:01:57.233|#
622|2110|2025-05-11 00:00:00.000|487.50000000000000000000|Direct Cost 40000 on 05/11/25|2026-04-09 17:01:57.300|#
623|7170|2025-05-11 00:00:00.000|-487.50000000000000000000|Direct Cost 40000 on 05/11/25|2026-04-09 17:01:57.300|#
624|7110|2025-05-11 00:00:00.000|487.50000000000000000000|Invoice 107078|2026-04-09 17:01:57.307|#
625|5630|2025-05-11 00:00:00.000|121.88000000000000000000|Invoice 107078|2026-04-09 17:01:57.307|#
626|5410|2025-05-11 00:00:00.000|-609.38000000000000000000|Invoice 107078|2026-04-09 17:01:57.310|#
627|2910|2025-05-11 00:00:00.000|-609.38000000000000000000|Invoice 107078|2026-04-09 17:01:57.323|#
628|5410|2025-05-11 00:00:00.000|609.38000000000000000000|Invoice 107078|2026-04-09 17:01:57.323|#
629|2110|2025-05-11 00:00:00.000|672.70000000000000000000|Direct Cost 30000 on 05/11/25|2026-04-09 17:01:57.387|#
630|7170|2025-05-11 00:00:00.000|-672.70000000000000000000|Direct Cost 30000 on 05/11/25|2026-04-09 17:01:57.387|#
631|7120|2025-05-11 00:00:00.000|672.70000000000000000000|Invoice 107079|2026-04-09 17:01:57.393|#
632|5630|2025-05-11 00:00:00.000|168.18000000000000000000|Invoice 107079|2026-04-09 17:01:57.393|#
633|5620|2025-05-11 00:00:00.000|-168.18000000000000000000|Invoice 107079|2026-04-09 17:01:57.393|#
634|5420|2025-05-11 00:00:00.000|-672.70000000000000000000|Invoice 107079|2026-04-09 17:01:57.400|#
635|2910|2025-05-11 00:00:00.000|-672.70000000000000000000|Invoice 107079|2026-04-09 17:01:57.410|#
636|5420|2025-05-11 00:00:00.000|672.70000000000000000000|Invoice 107079|2026-04-09 17:01:57.410|#
637|2110|2025-05-12 00:00:00.000|1317.00000000000000000000|Direct Cost 30000 on 05/12/25|2026-04-09 17:01:57.477|#
638|7170|2025-05-12 00:00:00.000|-1317.00000000000000000000|Direct Cost 30000 on 05/12/25|2026-04-09 17:01:57.480|#
639|7120|2025-05-12 00:00:00.000|1317.00000000000000000000|Invoice 107080|2026-04-09 17:01:57.487|#
640|5630|2025-05-12 00:00:00.000|329.25000000000000000000|Invoice 107080|2026-04-09 17:01:57.487|#
641|5620|2025-05-12 00:00:00.000|-329.25000000000000000000|Invoice 107080|2026-04-09 17:01:57.487|#
642|5420|2025-05-12 00:00:00.000|-1317.00000000000000000000|Invoice 107080|2026-04-09 17:01:57.497|#
643|2910|2025-05-12 00:00:00.000|-1317.00000000000000000000|Invoice 107080|2026-04-09 17:01:57.510|#
644|5420|2025-05-12 00:00:00.000|1317.00000000000000000000|Invoice 107080|2026-04-09 17:01:57.510|#
645|2110|2025-06-04 00:00:00.000|480.50000000000000000000|Direct Cost 20000 on 06/04/25|2026-04-09 17:01:57.593|#
646|7170|2025-06-04 00:00:00.000|-480.50000000000000000000|Direct Cost 20000 on 06/04/25|2026-04-09 17:01:57.597|#
647|2110|2025-06-04 00:00:00.000|585.00000000000000000000|Direct Cost 20000 on 06/04/25|2026-04-09 17:01:57.597|#
648|7170|2025-06-04 00:00:00.000|-585.00000000000000000000|Direct Cost 20000 on 06/04/25|2026-04-09 17:01:57.600|#
649|7110|2025-06-04 00:00:00.000|1065.50000000000000000000|Invoice 107081|2026-04-09 17:01:57.607|#
650|5630|2025-06-04 00:00:00.000|266.38000000000000000000|Invoice 107081|2026-04-09 17:01:57.607|#
651|5410|2025-06-04 00:00:00.000|-1331.88000000000000000000|Invoice 107081|2026-04-09 17:01:57.610|#
652|2910|2025-06-04 00:00:00.000|-1331.88000000000000000000|Invoice 107081|2026-04-09 17:01:57.623|#
653|5410|2025-06-04 00:00:00.000|1331.88000000000000000000|Invoice 107081|2026-04-09 17:01:57.623|#
654|2110|2025-06-04 00:00:00.000|1640.00000000000000000000|Direct Cost 40000 on 06/04/25|2026-04-09 17:01:57.703|#
655|7170|2025-06-04 00:00:00.000|-1640.00000000000000000000|Direct Cost 40000 on 06/04/25|2026-04-09 17:01:57.703|#
656|7110|2025-06-04 00:00:00.000|1640.00000000000000000000|Invoice 107082|2026-04-09 17:01:57.710|#
657|5630|2025-06-04 00:00:00.000|410.00000000000000000000|Invoice 107082|2026-04-09 17:01:57.710|#
658|5410|2025-06-04 00:00:00.000|-2050.00000000000000000000|Invoice 107082|2026-04-09 17:01:57.713|#
659|2910|2025-06-04 00:00:00.000|-2050.00000000000000000000|Invoice 107082|2026-04-09 17:01:57.727|#
660|5410|2025-06-04 00:00:00.000|2050.00000000000000000000|Invoice 107082|2026-04-09 17:01:57.727|#
661|2110|2025-06-05 00:00:00.000|961.00000000000000000000|Direct Cost 30000 on 06/05/25|2026-04-09 17:01:57.790|#
662|7170|2025-06-05 00:00:00.000|-961.00000000000000000000|Direct Cost 30000 on 06/05/25|2026-04-09 17:01:57.793|#
663|7120|2025-06-05 00:00:00.000|961.00000000000000000000|Invoice 107083|2026-04-09 17:01:57.797|#
664|5630|2025-06-05 00:00:00.000|240.25000000000000000000|Invoice 107083|2026-04-09 17:01:57.797|#
665|5620|2025-06-05 00:00:00.000|-240.25000000000000000000|Invoice 107083|2026-04-09 17:01:57.797|#
666|5420|2025-06-05 00:00:00.000|-961.00000000000000000000|Invoice 107083|2026-04-09 17:01:57.803|#
667|2910|2025-06-05 00:00:00.000|-961.00000000000000000000|Invoice 107083|2026-04-09 17:01:57.817|#
668|5420|2025-06-05 00:00:00.000|961.00000000000000000000|Invoice 107083|2026-04-09 17:01:57.817|#
669|2110|2025-06-06 00:00:00.000|682.50000000000000000000|Direct Cost 50000 on 06/06/25|2026-04-09 17:01:57.900|#
670|7170|2025-06-06 00:00:00.000|-682.50000000000000000000|Direct Cost 50000 on 06/06/25|2026-04-09 17:01:57.903|#
671|2110|2025-06-06 00:00:00.000|480.50000000000000000000|Direct Cost 50000 on 06/06/25|2026-04-09 17:01:57.907|#
672|7170|2025-06-06 00:00:00.000|-480.50000000000000000000|Direct Cost 50000 on 06/06/25|2026-04-09 17:01:57.910|#
673|7110|2025-06-06 00:00:00.000|1163.00000000000000000000|Invoice 107084|2026-04-09 17:01:57.917|#
674|5630|2025-06-06 00:00:00.000|290.75000000000000000000|Invoice 107084|2026-04-09 17:01:57.917|#
675|5410|2025-06-06 00:00:00.000|-1453.75000000000000000000|Invoice 107084|2026-04-09 17:01:57.920|#
676|2910|2025-06-06 00:00:00.000|-1453.75000000000000000000|Invoice 107084|2026-04-09 17:01:57.933|#
677|5410|2025-06-06 00:00:00.000|1453.75000000000000000000|Invoice 107084|2026-04-09 17:01:57.933|#
678|2110|2025-06-06 00:00:00.000|768.80000000000000000000|Direct Cost 20000 on 06/06/25|2026-04-09 17:01:58.007|#
679|7170|2025-06-06 00:00:00.000|-768.80000000000000000000|Direct Cost 20000 on 06/06/25|2026-04-09 17:01:58.010|#
680|7110|2025-06-06 00:00:00.000|768.80000000000000000000|Invoice 107085|2026-04-09 17:01:58.013|#
681|5630|2025-06-06 00:00:00.000|192.20000000000000000000|Invoice 107085|2026-04-09 17:01:58.013|#
682|5410|2025-06-06 00:00:00.000|-961.00000000000000000000|Invoice 107085|2026-04-09 17:01:58.020|#
683|2910|2025-06-06 00:00:00.000|-961.00000000000000000000|Invoice 107085|2026-04-09 17:01:58.033|#
684|5410|2025-06-06 00:00:00.000|961.00000000000000000000|Invoice 107085|2026-04-09 17:01:58.033|#
685|2110|2025-06-07 00:00:00.000|975.00000000000000000000|Direct Cost 10000 on 06/07/25|2026-04-09 17:01:58.097|#
686|7170|2025-06-07 00:00:00.000|-975.00000000000000000000|Direct Cost 10000 on 06/07/25|2026-04-09 17:01:58.100|#
687|7130|2025-06-07 00:00:00.000|975.00000000000000000000|Invoice 107086|2026-04-09 17:01:58.103|#
688|5420|2025-06-07 00:00:00.000|-975.00000000000000000000|Invoice 107086|2026-04-09 17:01:58.107|#
689|2910|2025-06-07 00:00:00.000|-975.00000000000000000000|Invoice 107086|2026-04-09 17:01:58.120|#
690|5420|2025-06-07 00:00:00.000|975.00000000000000000000|Invoice 107086|2026-04-09 17:01:58.120|#
691|2110|2025-06-08 00:00:00.000|7599.00000000000000000000|Direct Cost 50000 on 06/08/25|2026-04-09 17:01:58.187|#
692|7170|2025-06-08 00:00:00.000|-7599.00000000000000000000|Direct Cost 50000 on 06/08/25|2026-04-09 17:01:58.190|#
693|7110|2025-06-08 00:00:00.000|7599.00000000000000000000|Invoice 107087|2026-04-09 17:01:58.193|#
694|5630|2025-06-08 00:00:00.000|1899.75000000000000000000|Invoice 107087|2026-04-09 17:01:58.193|#
695|5410|2025-06-08 00:00:00.000|-9498.75000000000000000000|Invoice 107087|2026-04-09 17:01:58.197|#
696|2910|2025-06-08 00:00:00.000|-9498.75000000000000000000|Invoice 107087|2026-04-09 17:01:58.210|#
697|5410|2025-06-08 00:00:00.000|9498.75000000000000000000|Invoice 107087|2026-04-09 17:01:58.210|#
698|2110|2025-06-09 00:00:00.000|361.40000000000000000000|Direct Cost 30000 on 06/09/25|2026-04-09 17:01:58.277|#
699|7170|2025-06-09 00:00:00.000|-361.40000000000000000000|Direct Cost 30000 on 06/09/25|2026-04-09 17:01:58.277|#
700|7120|2025-06-09 00:00:00.000|361.40000000000000000000|Invoice 107088|2026-04-09 17:01:58.283|#
701|5630|2025-06-09 00:00:00.000|90.35000000000000000000|Invoice 107088|2026-04-09 17:01:58.283|#
702|5620|2025-06-09 00:00:00.000|-90.35000000000000000000|Invoice 107088|2026-04-09 17:01:58.283|#
703|5420|2025-06-09 00:00:00.000|-361.40000000000000000000|Invoice 107088|2026-04-09 17:01:58.287|#
704|2910|2025-06-09 00:00:00.000|-361.40000000000000000000|Invoice 107088|2026-04-09 17:01:58.300|#
705|5420|2025-06-09 00:00:00.000|361.40000000000000000000|Invoice 107088|2026-04-09 17:01:58.300|#
706|2110|2025-06-09 00:00:00.000|780.00000000000000000000|Direct Cost 20000 on 06/09/25|2026-04-09 17:01:58.363|#
707|7170|2025-06-09 00:00:00.000|-780.00000000000000000000|Direct Cost 20000 on 06/09/25|2026-04-09 17:01:58.367|#
708|7110|2025-06-09 00:00:00.000|780.00000000000000000000|Invoice 107089|2026-04-09 17:01:58.370|#
709|5630|2025-06-09 00:00:00.000|195.00000000000000000000|Invoice 107089|2026-04-09 17:01:58.370|#
710|5410|2025-06-09 00:00:00.000|-975.00000000000000000000|Invoice 107089|2026-04-09 17:01:58.377|#
711|2910|2025-06-09 00:00:00.000|-975.00000000000000000000|Invoice 107089|2026-04-09 17:01:58.387|#
712|5410|2025-06-09 00:00:00.000|975.00000000000000000000|Invoice 107089|2026-04-09 17:01:58.387|#
713|2110|2025-06-09 00:00:00.000|6364.80000000000000000000|Direct Cost 40000 on 06/09/25|2026-04-09 17:01:58.450|#
714|7170|2025-06-09 00:00:00.000|-6364.80000000000000000000|Direct Cost 40000 on 06/09/25|2026-04-09 17:01:58.453|#
715|7110|2025-06-09 00:00:00.000|6364.80000000000000000000|Invoice 107090|2026-04-09 17:01:58.457|#
716|5630|2025-06-09 00:00:00.000|1591.20000000000000000000|Invoice 107090|2026-04-09 17:01:58.457|#
717|5410|2025-06-09 00:00:00.000|-7956.00000000000000000000|Invoice 107090|2026-04-09 17:01:58.463|#
718|2910|2025-06-09 00:00:00.000|-7956.00000000000000000000|Invoice 107090|2026-04-09 17:01:58.477|#
719|5410|2025-06-09 00:00:00.000|7956.00000000000000000000|Invoice 107090|2026-04-09 17:01:58.477|#
720|2110|2025-06-10 00:00:00.000|487.50000000000000000000|Direct Cost 40000 on 06/10/25|2026-04-09 17:01:58.543|#
721|7170|2025-06-10 00:00:00.000|-487.50000000000000000000|Direct Cost 40000 on 06/10/25|2026-04-09 17:01:58.547|#
722|7110|2025-06-10 00:00:00.000|487.50000000000000000000|Invoice 107091|2026-04-09 17:01:58.550|#
723|5630|2025-06-10 00:00:00.000|121.88000000000000000000|Invoice 107091|2026-04-09 17:01:58.550|#
724|5410|2025-06-10 00:00:00.000|-609.38000000000000000000|Invoice 107091|2026-04-09 17:01:58.557|#
725|2910|2025-06-10 00:00:00.000|-609.38000000000000000000|Invoice 107091|2026-04-09 17:01:58.567|#
726|5410|2025-06-10 00:00:00.000|609.38000000000000000000|Invoice 107091|2026-04-09 17:01:58.567|#
727|2110|2025-06-11 00:00:00.000|1097.50000000000000000000|Direct Cost 30000 on 06/11/25|2026-04-09 17:01:58.647|#
728|7170|2025-06-11 00:00:00.000|-1097.50000000000000000000|Direct Cost 30000 on 06/11/25|2026-04-09 17:01:58.650|#
729|2110|2025-06-11 00:00:00.000|672.70000000000000000000|Direct Cost 30000 on 06/11/25|2026-04-09 17:01:58.653|#
730|7170|2025-06-11 00:00:00.000|-672.70000000000000000000|Direct Cost 30000 on 06/11/25|2026-04-09 17:01:58.657|#
731|7120|2025-06-11 00:00:00.000|1770.20000000000000000000|Invoice 107092|2026-04-09 17:01:58.660|#
732|5630|2025-06-11 00:00:00.000|442.55000000000000000000|Invoice 107092|2026-04-09 17:01:58.660|#
733|5620|2025-06-11 00:00:00.000|-442.55000000000000000000|Invoice 107092|2026-04-09 17:01:58.660|#
734|5420|2025-06-11 00:00:00.000|-1770.20000000000000000000|Invoice 107092|2026-04-09 17:01:58.667|#
735|2910|2025-06-11 00:00:00.000|-1770.20000000000000000000|Invoice 107092|2026-04-09 17:01:58.677|#
736|5420|2025-06-11 00:00:00.000|1770.20000000000000000000|Invoice 107092|2026-04-09 17:01:58.677|#
737|2110|2025-07-04 00:00:00.000|384.40000000000000000000|Direct Cost 20000 on 07/04/25|2026-04-09 17:01:58.790|#
738|7170|2025-07-04 00:00:00.000|-384.40000000000000000000|Direct Cost 20000 on 07/04/25|2026-04-09 17:01:58.793|#
739|2110|2025-07-04 00:00:00.000|292.50000000000000000000|Direct Cost 20000 on 07/04/25|2026-04-09 17:01:58.797|#
740|7170|2025-07-04 00:00:00.000|-292.50000000000000000000|Direct Cost 20000 on 07/04/25|2026-04-09 17:01:58.797|#
741|7110|2025-07-04 00:00:00.000|676.90000000000000000000|Invoice 107093|2026-04-09 17:01:58.803|#
742|5630|2025-07-04 00:00:00.000|169.23000000000000000000|Invoice 107093|2026-04-09 17:01:58.803|#
743|5410|2025-07-04 00:00:00.000|-846.13000000000000000000|Invoice 107093|2026-04-09 17:01:58.807|#
744|2910|2025-07-04 00:00:00.000|-846.13000000000000000000|Invoice 107093|2026-04-09 17:01:58.820|#
745|5410|2025-07-04 00:00:00.000|846.13000000000000000000|Invoice 107093|2026-04-09 17:01:58.820|#
746|2110|2025-07-04 00:00:00.000|1640.00000000000000000000|Direct Cost 40000 on 07/04/25|2026-04-09 17:01:58.913|#
747|7170|2025-07-04 00:00:00.000|-1640.00000000000000000000|Direct Cost 40000 on 07/04/25|2026-04-09 17:01:58.917|#
748|7110|2025-07-04 00:00:00.000|1640.00000000000000000000|Invoice 107094|2026-04-09 17:01:58.920|#
749|5630|2025-07-04 00:00:00.000|410.00000000000000000000|Invoice 107094|2026-04-09 17:01:58.920|#
750|5410|2025-07-04 00:00:00.000|-2050.00000000000000000000|Invoice 107094|2026-04-09 17:01:58.927|#
751|2910|2025-07-04 00:00:00.000|-2050.00000000000000000000|Invoice 107094|2026-04-09 17:01:58.940|#
752|5410|2025-07-04 00:00:00.000|2050.00000000000000000000|Invoice 107094|2026-04-09 17:01:58.940|#
753|2110|2025-07-05 00:00:00.000|576.60000000000000000000|Direct Cost 30000 on 07/05/25|2026-04-09 17:01:59.007|#
754|7170|2025-07-05 00:00:00.000|-576.60000000000000000000|Direct Cost 30000 on 07/05/25|2026-04-09 17:01:59.010|#
755|7120|2025-07-05 00:00:00.000|576.60000000000000000000|Invoice 107095|2026-04-09 17:01:59.017|#
756|5630|2025-07-05 00:00:00.000|144.15000000000000000000|Invoice 107095|2026-04-09 17:01:59.017|#
757|5620|2025-07-05 00:00:00.000|-144.15000000000000000000|Invoice 107095|2026-04-09 17:01:59.017|#
758|5420|2025-07-05 00:00:00.000|-576.60000000000000000000|Invoice 107095|2026-04-09 17:01:59.020|#
759|2910|2025-07-05 00:00:00.000|-576.60000000000000000000|Invoice 107095|2026-04-09 17:01:59.033|#
760|5420|2025-07-05 00:00:00.000|576.60000000000000000000|Invoice 107095|2026-04-09 17:01:59.033|#
761|2110|2025-07-06 00:00:00.000|672.70000000000000000000|Direct Cost 20000 on 07/06/25|2026-04-09 17:01:59.103|#
762|7170|2025-07-06 00:00:00.000|-672.70000000000000000000|Direct Cost 20000 on 07/06/25|2026-04-09 17:01:59.107|#
763|7110|2025-07-06 00:00:00.000|672.70000000000000000000|Invoice 107096|2026-04-09 17:01:59.110|#
764|5630|2025-07-06 00:00:00.000|168.18000000000000000000|Invoice 107096|2026-04-09 17:01:59.110|#
765|5410|2025-07-06 00:00:00.000|-840.88000000000000000000|Invoice 107096|2026-04-09 17:01:59.117|#
766|2910|2025-07-06 00:00:00.000|-840.88000000000000000000|Invoice 107096|2026-04-09 17:01:59.127|#
767|5410|2025-07-06 00:00:00.000|840.88000000000000000000|Invoice 107096|2026-04-09 17:01:59.127|#
768|2110|2025-07-07 00:00:00.000|780.00000000000000000000|Direct Cost 50000 on 07/07/25|2026-04-09 17:01:59.213|#
769|7170|2025-07-07 00:00:00.000|-780.00000000000000000000|Direct Cost 50000 on 07/07/25|2026-04-09 17:01:59.217|#
770|2110|2025-07-07 00:00:00.000|384.40000000000000000000|Direct Cost 50000 on 07/07/25|2026-04-09 17:01:59.220|#
771|7170|2025-07-07 00:00:00.000|-384.40000000000000000000|Direct Cost 50000 on 07/07/25|2026-04-09 17:01:59.220|#
772|7110|2025-07-07 00:00:00.000|1164.40000000000000000000|Invoice 107097|2026-04-09 17:01:59.227|#
773|5630|2025-07-07 00:00:00.000|291.10000000000000000000|Invoice 107097|2026-04-09 17:01:59.227|#
774|5410|2025-07-07 00:00:00.000|-1455.50000000000000000000|Invoice 107097|2026-04-09 17:01:59.230|#
775|2910|2025-07-07 00:00:00.000|-1455.50000000000000000000|Invoice 107097|2026-04-09 17:01:59.243|#
776|5410|2025-07-07 00:00:00.000|1455.50000000000000000000|Invoice 107097|2026-04-09 17:01:59.243|#
777|2110|2025-07-07 00:00:00.000|780.00000000000000000000|Direct Cost 10000 on 07/07/25|2026-04-09 17:01:59.310|#
778|7170|2025-07-07 00:00:00.000|-780.00000000000000000000|Direct Cost 10000 on 07/07/25|2026-04-09 17:01:59.313|#
779|7130|2025-07-07 00:00:00.000|780.00000000000000000000|Invoice 107098|2026-04-09 17:01:59.317|#
780|5420|2025-07-07 00:00:00.000|-780.00000000000000000000|Invoice 107098|2026-04-09 17:01:59.323|#
781|2910|2025-07-07 00:00:00.000|-780.00000000000000000000|Invoice 107098|2026-04-09 17:01:59.333|#
782|5420|2025-07-07 00:00:00.000|780.00000000000000000000|Invoice 107098|2026-04-09 17:01:59.333|#
783|2110|2025-07-08 00:00:00.000|5066.00000000000000000000|Direct Cost 50000 on 07/08/25|2026-04-09 17:01:59.397|#
784|7170|2025-07-08 00:00:00.000|-5066.00000000000000000000|Direct Cost 50000 on 07/08/25|2026-04-09 17:01:59.400|#
785|7110|2025-07-08 00:00:00.000|5066.00000000000000000000|Invoice 107099|2026-04-09 17:01:59.403|#
786|5630|2025-07-08 00:00:00.000|1266.50000000000000000000|Invoice 107099|2026-04-09 17:01:59.403|#
787|5410|2025-07-08 00:00:00.000|-6332.50000000000000000000|Invoice 107099|2026-04-09 17:01:59.410|#
788|2910|2025-07-08 00:00:00.000|-6332.50000000000000000000|Invoice 107099|2026-04-09 17:01:59.420|#
789|5410|2025-07-08 00:00:00.000|6332.50000000000000000000|Invoice 107099|2026-04-09 17:01:59.420|#
790|2110|2025-07-09 00:00:00.000|682.50000000000000000000|Direct Cost 20000 on 07/09/25|2026-04-09 17:01:59.483|#
791|7170|2025-07-09 00:00:00.000|-682.50000000000000000000|Direct Cost 20000 on 07/09/25|2026-04-09 17:01:59.487|#
792|7110|2025-07-09 00:00:00.000|682.50000000000000000000|Invoice 107100|2026-04-09 17:01:59.490|#
793|5630|2025-07-09 00:00:00.000|170.63000000000000000000|Invoice 107100|2026-04-09 17:01:59.490|#
794|5410|2025-07-09 00:00:00.000|-853.13000000000000000000|Invoice 107100|2026-04-09 17:01:59.497|#
795|2910|2025-07-09 00:00:00.000|-853.13000000000000000000|Invoice 107100|2026-04-09 17:01:59.510|#
796|5410|2025-07-09 00:00:00.000|853.13000000000000000000|Invoice 107100|2026-04-09 17:01:59.510|#
797|2110|2025-07-10 00:00:00.000|305.80000000000000000000|Direct Cost 30000 on 07/10/25|2026-04-09 17:01:59.577|#
798|7170|2025-07-10 00:00:00.000|-305.80000000000000000000|Direct Cost 30000 on 07/10/25|2026-04-09 17:01:59.577|#
799|7120|2025-07-10 00:00:00.000|305.80000000000000000000|Invoice 107101|2026-04-09 17:01:59.583|#
800|5630|2025-07-10 00:00:00.000|76.45000000000000000000|Invoice 107101|2026-04-09 17:01:59.583|#
801|5620|2025-07-10 00:00:00.000|-76.45000000000000000000|Invoice 107101|2026-04-09 17:01:59.583|#
802|5420|2025-07-10 00:00:00.000|-305.80000000000000000000|Invoice 107101|2026-04-09 17:01:59.590|#
803|2910|2025-07-10 00:00:00.000|-305.80000000000000000000|Invoice 107101|2026-04-09 17:01:59.603|#
804|5420|2025-07-10 00:00:00.000|305.80000000000000000000|Invoice 107101|2026-04-09 17:01:59.603|#
805|2110|2025-07-10 00:00:00.000|4950.40000000000000000000|Direct Cost 40000 on 07/10/25|2026-04-09 17:01:59.670|#
806|7170|2025-07-10 00:00:00.000|-4950.40000000000000000000|Direct Cost 40000 on 07/10/25|2026-04-09 17:01:59.673|#
807|7110|2025-07-10 00:00:00.000|4950.40000000000000000000|Invoice 107102|2026-04-09 17:01:59.677|#
808|5630|2025-07-10 00:00:00.000|1237.60000000000000000000|Invoice 107102|2026-04-09 17:01:59.677|#
809|5410|2025-07-10 00:00:00.000|-6188.00000000000000000000|Invoice 107102|2026-04-09 17:01:59.683|#
810|2910|2025-07-10 00:00:00.000|-6188.00000000000000000000|Invoice 107102|2026-04-09 17:01:59.697|#
811|5410|2025-07-10 00:00:00.000|6188.00000000000000000000|Invoice 107102|2026-04-09 17:01:59.697|#
812|2110|2025-07-11 00:00:00.000|390.00000000000000000000|Direct Cost 40000 on 07/11/25|2026-04-09 17:01:59.763|#
813|7170|2025-07-11 00:00:00.000|-390.00000000000000000000|Direct Cost 40000 on 07/11/25|2026-04-09 17:01:59.763|#
814|7110|2025-07-11 00:00:00.000|390.00000000000000000000|Invoice 107103|2026-04-09 17:01:59.767|#
815|5630|2025-07-11 00:00:00.000|97.50000000000000000000|Invoice 107103|2026-04-09 17:01:59.767|#
816|5410|2025-07-11 00:00:00.000|-487.50000000000000000000|Invoice 107103|2026-04-09 17:01:59.773|#
817|2910|2025-07-11 00:00:00.000|-487.50000000000000000000|Invoice 107103|2026-04-09 17:01:59.787|#
818|5410|2025-07-11 00:00:00.000|487.50000000000000000000|Invoice 107103|2026-04-09 17:01:59.787|#
819|2110|2025-07-11 00:00:00.000|480.50000000000000000000|Direct Cost 30000 on 07/11/25|2026-04-09 17:01:59.850|#
820|7170|2025-07-11 00:00:00.000|-480.50000000000000000000|Direct Cost 30000 on 07/11/25|2026-04-09 17:01:59.853|#
821|7120|2025-07-11 00:00:00.000|480.50000000000000000000|Invoice 107104|2026-04-09 17:01:59.857|#
822|5630|2025-07-11 00:00:00.000|120.13000000000000000000|Invoice 107104|2026-04-09 17:01:59.857|#
823|5620|2025-07-11 00:00:00.000|-120.13000000000000000000|Invoice 107104|2026-04-09 17:01:59.857|#
824|5420|2025-07-11 00:00:00.000|-480.50000000000000000000|Invoice 107104|2026-04-09 17:01:59.863|#
825|2910|2025-07-11 00:00:00.000|-480.50000000000000000000|Invoice 107104|2026-04-09 17:01:59.877|#
826|5420|2025-07-11 00:00:00.000|480.50000000000000000000|Invoice 107104|2026-04-09 17:01:59.877|#
827|2110|2025-07-12 00:00:00.000|1536.50000000000000000000|Direct Cost 30000 on 07/12/25|2026-04-09 17:01:59.943|#
828|7170|2025-07-12 00:00:00.000|-1536.50000000000000000000|Direct Cost 30000 on 07/12/25|2026-04-09 17:01:59.947|#
829|7120|2025-07-12 00:00:00.000|1536.50000000000000000000|Invoice 107105|2026-04-09 17:01:59.950|#
830|5630|2025-07-12 00:00:00.000|384.13000000000000000000|Invoice 107105|2026-04-09 17:01:59.950|#
831|5620|2025-07-12 00:00:00.000|-384.13000000000000000000|Invoice 107105|2026-04-09 17:01:59.950|#
832|5420|2025-07-12 00:00:00.000|-1536.50000000000000000000|Invoice 107105|2026-04-09 17:01:59.957|#
833|2910|2025-07-12 00:00:00.000|-1536.50000000000000000000|Invoice 107105|2026-04-09 17:01:59.967|#
834|5420|2025-07-12 00:00:00.000|1536.50000000000000000000|Invoice 107105|2026-04-09 17:01:59.967|#
835|2110|2025-08-04 00:00:00.000|576.60000000000000000000|Direct Cost 20000 on 08/04/25|2026-04-09 17:02:00.050|#
836|7170|2025-08-04 00:00:00.000|-576.60000000000000000000|Direct Cost 20000 on 08/04/25|2026-04-09 17:02:00.053|#
837|2110|2025-08-04 00:00:00.000|390.00000000000000000000|Direct Cost 20000 on 08/04/25|2026-04-09 17:02:00.057|#
838|7170|2025-08-04 00:00:00.000|-390.00000000000000000000|Direct Cost 20000 on 08/04/25|2026-04-09 17:02:00.060|#
839|7110|2025-08-04 00:00:00.000|966.60000000000000000000|Invoice 107106|2026-04-09 17:02:00.063|#
840|5630|2025-08-04 00:00:00.000|241.65000000000000000000|Invoice 107106|2026-04-09 17:02:00.063|#
841|5410|2025-08-04 00:00:00.000|-1208.25000000000000000000|Invoice 107106|2026-04-09 17:02:00.070|#
842|2910|2025-08-04 00:00:00.000|-1208.25000000000000000000|Invoice 107106|2026-04-09 17:02:00.083|#
843|5410|2025-08-04 00:00:00.000|1208.25000000000000000000|Invoice 107106|2026-04-09 17:02:00.083|#
844|2110|2025-08-04 00:00:00.000|1968.00000000000000000000|Direct Cost 40000 on 08/04/25|2026-04-09 17:02:00.157|#
845|7170|2025-08-04 00:00:00.000|-1968.00000000000000000000|Direct Cost 40000 on 08/04/25|2026-04-09 17:02:00.157|#
846|7110|2025-08-04 00:00:00.000|1968.00000000000000000000|Invoice 107107|2026-04-09 17:02:00.163|#
847|5630|2025-08-04 00:00:00.000|492.00000000000000000000|Invoice 107107|2026-04-09 17:02:00.163|#
848|5410|2025-08-04 00:00:00.000|-2460.00000000000000000000|Invoice 107107|2026-04-09 17:02:00.167|#
849|2910|2025-08-04 00:00:00.000|-2460.00000000000000000000|Invoice 107107|2026-04-09 17:02:00.180|#
850|5410|2025-08-04 00:00:00.000|2460.00000000000000000000|Invoice 107107|2026-04-09 17:02:00.180|#
851|2110|2025-08-05 00:00:00.000|576.60000000000000000000|Direct Cost 30000 on 08/05/25|2026-04-09 17:02:00.250|#
852|7170|2025-08-05 00:00:00.000|-576.60000000000000000000|Direct Cost 30000 on 08/05/25|2026-04-09 17:02:00.253|#
853|7120|2025-08-05 00:00:00.000|576.60000000000000000000|Invoice 107108|2026-04-09 17:02:00.257|#
854|5630|2025-08-05 00:00:00.000|144.15000000000000000000|Invoice 107108|2026-04-09 17:02:00.257|#
855|5620|2025-08-05 00:00:00.000|-144.15000000000000000000|Invoice 107108|2026-04-09 17:02:00.257|#
856|5420|2025-08-05 00:00:00.000|-576.60000000000000000000|Invoice 107108|2026-04-09 17:02:00.267|#
857|2910|2025-08-05 00:00:00.000|-576.60000000000000000000|Invoice 107108|2026-04-09 17:02:00.280|#
858|5420|2025-08-05 00:00:00.000|576.60000000000000000000|Invoice 107108|2026-04-09 17:02:00.280|#
859|2110|2025-08-06 00:00:00.000|768.80000000000000000000|Direct Cost 20000 on 08/06/25|2026-04-09 17:02:00.347|#
860|7170|2025-08-06 00:00:00.000|-768.80000000000000000000|Direct Cost 20000 on 08/06/25|2026-04-09 17:02:00.350|#
861|7110|2025-08-06 00:00:00.000|768.80000000000000000000|Invoice 107109|2026-04-09 17:02:00.353|#
862|5630|2025-08-06 00:00:00.000|192.20000000000000000000|Invoice 107109|2026-04-09 17:02:00.353|#
863|5410|2025-08-06 00:00:00.000|-961.00000000000000000000|Invoice 107109|2026-04-09 17:02:00.360|#
864|2910|2025-08-06 00:00:00.000|-961.00000000000000000000|Invoice 107109|2026-04-09 17:02:00.373|#
865|5410|2025-08-06 00:00:00.000|961.00000000000000000000|Invoice 107109|2026-04-09 17:02:00.373|#
866|2110|2025-08-07 00:00:00.000|780.00000000000000000000|Direct Cost 50000 on 08/07/25|2026-04-09 17:02:00.457|#
867|7170|2025-08-07 00:00:00.000|-780.00000000000000000000|Direct Cost 50000 on 08/07/25|2026-04-09 17:02:00.460|#
868|2110|2025-08-07 00:00:00.000|384.40000000000000000000|Direct Cost 50000 on 08/07/25|2026-04-09 17:02:00.463|#
869|7170|2025-08-07 00:00:00.000|-384.40000000000000000000|Direct Cost 50000 on 08/07/25|2026-04-09 17:02:00.463|#
870|7110|2025-08-07 00:00:00.000|1164.40000000000000000000|Invoice 107110|2026-04-09 17:02:00.470|#
871|5630|2025-08-07 00:00:00.000|291.10000000000000000000|Invoice 107110|2026-04-09 17:02:00.470|#
872|5410|2025-08-07 00:00:00.000|-1455.50000000000000000000|Invoice 107110|2026-04-09 17:02:00.473|#
873|2910|2025-08-07 00:00:00.000|-1455.50000000000000000000|Invoice 107110|2026-04-09 17:02:00.487|#
874|5410|2025-08-07 00:00:00.000|1455.50000000000000000000|Invoice 107110|2026-04-09 17:02:00.487|#
875|2110|2025-08-07 00:00:00.000|877.50000000000000000000|Direct Cost 10000 on 08/07/25|2026-04-09 17:02:00.560|#
876|7170|2025-08-07 00:00:00.000|-877.50000000000000000000|Direct Cost 10000 on 08/07/25|2026-04-09 17:02:00.563|#
877|7130|2025-08-07 00:00:00.000|877.50000000000000000000|Invoice 107111|2026-04-09 17:02:00.567|#
878|5420|2025-08-07 00:00:00.000|-877.50000000000000000000|Invoice 107111|2026-04-09 17:02:00.573|#
879|2910|2025-08-07 00:00:00.000|-877.50000000000000000000|Invoice 107111|2026-04-09 17:02:00.583|#
880|5420|2025-08-07 00:00:00.000|877.50000000000000000000|Invoice 107111|2026-04-09 17:02:00.583|#
881|2110|2025-08-08 00:00:00.000|5572.60000000000000000000|Direct Cost 50000 on 08/08/25|2026-04-09 17:02:00.660|#
882|7170|2025-08-08 00:00:00.000|-5572.60000000000000000000|Direct Cost 50000 on 08/08/25|2026-04-09 17:02:00.663|#
883|7110|2025-08-08 00:00:00.000|5572.60000000000000000000|Invoice 107112|2026-04-09 17:02:00.667|#
884|5630|2025-08-08 00:00:00.000|1393.15000000000000000000|Invoice 107112|2026-04-09 17:02:00.667|#
885|5410|2025-08-08 00:00:00.000|-6965.75000000000000000000|Invoice 107112|2026-04-09 17:02:00.673|#
886|2910|2025-08-08 00:00:00.000|-6965.75000000000000000000|Invoice 107112|2026-04-09 17:02:00.683|#
887|5410|2025-08-08 00:00:00.000|6965.75000000000000000000|Invoice 107112|2026-04-09 17:02:00.683|#
888|2110|2025-08-09 00:00:00.000|682.50000000000000000000|Direct Cost 20000 on 08/09/25|2026-04-09 17:02:00.747|#
889|7170|2025-08-09 00:00:00.000|-682.50000000000000000000|Direct Cost 20000 on 08/09/25|2026-04-09 17:02:00.747|#
890|7110|2025-08-09 00:00:00.000|682.50000000000000000000|Invoice 107113|2026-04-09 17:02:00.750|#
891|5630|2025-08-09 00:00:00.000|170.63000000000000000000|Invoice 107113|2026-04-09 17:02:00.750|#
892|5410|2025-08-09 00:00:00.000|-853.13000000000000000000|Invoice 107113|2026-04-09 17:02:00.757|#
893|2910|2025-08-09 00:00:00.000|-853.13000000000000000000|Invoice 107113|2026-04-09 17:02:00.767|#
894|5410|2025-08-09 00:00:00.000|853.13000000000000000000|Invoice 107113|2026-04-09 17:02:00.767|#
895|2110|2025-08-10 00:00:00.000|278.00000000000000000000|Direct Cost 30000 on 08/10/25|2026-04-09 17:02:00.830|#
896|7170|2025-08-10 00:00:00.000|-278.00000000000000000000|Direct Cost 30000 on 08/10/25|2026-04-09 17:02:00.833|#
897|7120|2025-08-10 00:00:00.000|278.00000000000000000000|Invoice 107114|2026-04-09 17:02:00.837|#
898|5630|2025-08-10 00:00:00.000|69.50000000000000000000|Invoice 107114|2026-04-09 17:02:00.837|#
899|5620|2025-08-10 00:00:00.000|-69.50000000000000000000|Invoice 107114|2026-04-09 17:02:00.837|#
900|5420|2025-08-10 00:00:00.000|-278.00000000000000000000|Invoice 107114|2026-04-09 17:02:00.843|#
901|2910|2025-08-10 00:00:00.000|-278.00000000000000000000|Invoice 107114|2026-04-09 17:02:00.853|#
902|5420|2025-08-10 00:00:00.000|278.00000000000000000000|Invoice 107114|2026-04-09 17:02:00.853|#
903|2110|2025-08-10 00:00:00.000|6364.80000000000000000000|Direct Cost 40000 on 08/10/25|2026-04-09 17:02:00.913|#
904|7170|2025-08-10 00:00:00.000|-6364.80000000000000000000|Direct Cost 40000 on 08/10/25|2026-04-09 17:02:00.917|#
905|7110|2025-08-10 00:00:00.000|6364.80000000000000000000|Invoice 107115|2026-04-09 17:02:00.920|#
906|5630|2025-08-10 00:00:00.000|1591.20000000000000000000|Invoice 107115|2026-04-09 17:02:00.920|#
907|5410|2025-08-10 00:00:00.000|-7956.00000000000000000000|Invoice 107115|2026-04-09 17:02:00.927|#
908|2910|2025-08-10 00:00:00.000|-7956.00000000000000000000|Invoice 107115|2026-04-09 17:02:00.937|#
909|5410|2025-08-10 00:00:00.000|7956.00000000000000000000|Invoice 107115|2026-04-09 17:02:00.937|#
910|2110|2025-08-11 00:00:00.000|585.00000000000000000000|Direct Cost 40000 on 08/11/25|2026-04-09 17:02:00.997|#
911|7170|2025-08-11 00:00:00.000|-585.00000000000000000000|Direct Cost 40000 on 08/11/25|2026-04-09 17:02:01.000|#
912|7110|2025-08-11 00:00:00.000|585.00000000000000000000|Invoice 107116|2026-04-09 17:02:01.003|#
913|5630|2025-08-11 00:00:00.000|146.25000000000000000000|Invoice 107116|2026-04-09 17:02:01.003|#
914|5410|2025-08-11 00:00:00.000|-731.25000000000000000000|Invoice 107116|2026-04-09 17:02:01.010|#
915|2910|2025-08-11 00:00:00.000|-731.25000000000000000000|Invoice 107116|2026-04-09 17:02:01.020|#
916|5410|2025-08-11 00:00:00.000|731.25000000000000000000|Invoice 107116|2026-04-09 17:02:01.020|#
917|2110|2025-08-11 00:00:00.000|672.70000000000000000000|Direct Cost 30000 on 08/11/25|2026-04-09 17:02:01.087|#
918|7170|2025-08-11 00:00:00.000|-672.70000000000000000000|Direct Cost 30000 on 08/11/25|2026-04-09 17:02:01.087|#
919|7120|2025-08-11 00:00:00.000|672.70000000000000000000|Invoice 107117|2026-04-09 17:02:01.090|#
920|5630|2025-08-11 00:00:00.000|168.18000000000000000000|Invoice 107117|2026-04-09 17:02:01.090|#
921|5620|2025-08-11 00:00:00.000|-168.18000000000000000000|Invoice 107117|2026-04-09 17:02:01.090|#
922|5420|2025-08-11 00:00:00.000|-672.70000000000000000000|Invoice 107117|2026-04-09 17:02:01.097|#
923|2910|2025-08-11 00:00:00.000|-672.70000000000000000000|Invoice 107117|2026-04-09 17:02:01.110|#
924|5420|2025-08-11 00:00:00.000|672.70000000000000000000|Invoice 107117|2026-04-09 17:02:01.110|#
925|2110|2025-08-12 00:00:00.000|1536.50000000000000000000|Direct Cost 30000 on 08/12/25|2026-04-09 17:02:01.173|#
926|7170|2025-08-12 00:00:00.000|-1536.50000000000000000000|Direct Cost 30000 on 08/12/25|2026-04-09 17:02:01.177|#
927|7120|2025-08-12 00:00:00.000|1536.50000000000000000000|Invoice 107118|2026-04-09 17:02:01.180|#
928|5630|2025-08-12 00:00:00.000|384.13000000000000000000|Invoice 107118|2026-04-09 17:02:01.180|#
929|5620|2025-08-12 00:00:00.000|-384.13000000000000000000|Invoice 107118|2026-04-09 17:02:01.180|#
930|5420|2025-08-12 00:00:00.000|-1536.50000000000000000000|Invoice 107118|2026-04-09 17:02:01.187|#
931|2910|2025-08-12 00:00:00.000|-1536.50000000000000000000|Invoice 107118|2026-04-09 17:02:01.200|#
932|5420|2025-08-12 00:00:00.000|1536.50000000000000000000|Invoice 107118|2026-04-09 17:02:01.200|#
933|2110|2025-09-04 00:00:00.000|384.40000000000000000000|Direct Cost 20000 on 09/04/25|2026-04-09 17:02:01.283|#
934|7170|2025-09-04 00:00:00.000|-384.40000000000000000000|Direct Cost 20000 on 09/04/25|2026-04-09 17:02:01.283|#
935|2110|2025-09-04 00:00:00.000|390.00000000000000000000|Direct Cost 20000 on 09/04/25|2026-04-09 17:02:01.287|#
936|7170|2025-09-04 00:00:00.000|-390.00000000000000000000|Direct Cost 20000 on 09/04/25|2026-04-09 17:02:01.290|#
937|7110|2025-09-04 00:00:00.000|774.40000000000000000000|Invoice 107119|2026-04-09 17:02:01.293|#
938|5630|2025-09-04 00:00:00.000|193.60000000000000000000|Invoice 107119|2026-04-09 17:02:01.293|#
939|5410|2025-09-04 00:00:00.000|-968.00000000000000000000|Invoice 107119|2026-04-09 17:02:01.300|#
940|2910|2025-09-04 00:00:00.000|-968.00000000000000000000|Invoice 107119|2026-04-09 17:02:01.313|#
941|5410|2025-09-04 00:00:00.000|968.00000000000000000000|Invoice 107119|2026-04-09 17:02:01.313|#
942|2110|2025-09-04 00:00:00.000|1312.00000000000000000000|Direct Cost 40000 on 09/04/25|2026-04-09 17:02:01.383|#
943|7170|2025-09-04 00:00:00.000|-1312.00000000000000000000|Direct Cost 40000 on 09/04/25|2026-04-09 17:02:01.387|#
944|7110|2025-09-04 00:00:00.000|1312.00000000000000000000|Invoice 107120|2026-04-09 17:02:01.390|#
945|5630|2025-09-04 00:00:00.000|328.00000000000000000000|Invoice 107120|2026-04-09 17:02:01.390|#
946|5410|2025-09-04 00:00:00.000|-1640.00000000000000000000|Invoice 107120|2026-04-09 17:02:01.397|#
947|2910|2025-09-04 00:00:00.000|-1640.00000000000000000000|Invoice 107120|2026-04-09 17:02:01.407|#
948|5410|2025-09-04 00:00:00.000|1640.00000000000000000000|Invoice 107120|2026-04-09 17:02:01.407|#
949|2110|2025-09-05 00:00:00.000|480.50000000000000000000|Direct Cost 30000 on 09/05/25|2026-04-09 17:02:01.470|#
950|7170|2025-09-05 00:00:00.000|-480.50000000000000000000|Direct Cost 30000 on 09/05/25|2026-04-09 17:02:01.473|#
951|7120|2025-09-05 00:00:00.000|480.50000000000000000000|Invoice 107121|2026-04-09 17:02:01.477|#
952|5630|2025-09-05 00:00:00.000|120.13000000000000000000|Invoice 107121|2026-04-09 17:02:01.477|#
953|5620|2025-09-05 00:00:00.000|-120.13000000000000000000|Invoice 107121|2026-04-09 17:02:01.477|#
954|5420|2025-09-05 00:00:00.000|-480.50000000000000000000|Invoice 107121|2026-04-09 17:02:01.483|#
955|2910|2025-09-05 00:00:00.000|-480.50000000000000000000|Invoice 107121|2026-04-09 17:02:01.497|#
956|5420|2025-09-05 00:00:00.000|480.50000000000000000000|Invoice 107121|2026-04-09 17:02:01.497|#
957|2110|2025-09-06 00:00:00.000|390.00000000000000000000|Direct Cost 50000 on 09/06/25|2026-04-09 17:02:01.583|#
958|7170|2025-09-06 00:00:00.000|-390.00000000000000000000|Direct Cost 50000 on 09/06/25|2026-04-09 17:02:01.587|#
959|2110|2025-09-06 00:00:00.000|288.30000000000000000000|Direct Cost 50000 on 09/06/25|2026-04-09 17:02:01.590|#
960|7170|2025-09-06 00:00:00.000|-288.30000000000000000000|Direct Cost 50000 on 09/06/25|2026-04-09 17:02:01.590|#
961|7110|2025-09-06 00:00:00.000|678.30000000000000000000|Invoice 107122|2026-04-09 17:02:01.597|#
962|5630|2025-09-06 00:00:00.000|169.58000000000000000000|Invoice 107122|2026-04-09 17:02:01.597|#
963|5410|2025-09-06 00:00:00.000|-847.88000000000000000000|Invoice 107122|2026-04-09 17:02:01.600|#
964|2910|2025-09-06 00:00:00.000|-847.88000000000000000000|Invoice 107122|2026-04-09 17:02:01.613|#
965|5410|2025-09-06 00:00:00.000|847.88000000000000000000|Invoice 107122|2026-04-09 17:02:01.613|#
966|2110|2025-09-06 00:00:00.000|480.50000000000000000000|Direct Cost 20000 on 09/06/25|2026-04-09 17:02:01.677|#
967|7170|2025-09-06 00:00:00.000|-480.50000000000000000000|Direct Cost 20000 on 09/06/25|2026-04-09 17:02:01.680|#
968|7110|2025-09-06 00:00:00.000|480.50000000000000000000|Invoice 107123|2026-04-09 17:02:01.683|#
969|5630|2025-09-06 00:00:00.000|120.13000000000000000000|Invoice 107123|2026-04-09 17:02:01.683|#
970|5410|2025-09-06 00:00:00.000|-600.63000000000000000000|Invoice 107123|2026-04-09 17:02:01.690|#
971|2910|2025-09-06 00:00:00.000|-600.63000000000000000000|Invoice 107123|2026-04-09 17:02:01.700|#
972|5410|2025-09-06 00:00:00.000|600.63000000000000000000|Invoice 107123|2026-04-09 17:02:01.700|#
973|2110|2025-09-07 00:00:00.000|682.50000000000000000000|Direct Cost 10000 on 09/07/25|2026-04-09 17:02:01.763|#
974|7170|2025-09-07 00:00:00.000|-682.50000000000000000000|Direct Cost 10000 on 09/07/25|2026-04-09 17:02:01.763|#
975|7130|2025-09-07 00:00:00.000|682.50000000000000000000|Invoice 107124|2026-04-09 17:02:01.767|#
976|5420|2025-09-07 00:00:00.000|-682.50000000000000000000|Invoice 107124|2026-04-09 17:02:01.773|#
977|2910|2025-09-07 00:00:00.000|-682.50000000000000000000|Invoice 107124|2026-04-09 17:02:01.783|#
978|5420|2025-09-07 00:00:00.000|682.50000000000000000000|Invoice 107124|2026-04-09 17:02:01.783|#
979|2110|2025-09-08 00:00:00.000|4559.40000000000000000000|Direct Cost 50000 on 09/08/25|2026-04-09 17:02:01.847|#
980|7170|2025-09-08 00:00:00.000|-4559.40000000000000000000|Direct Cost 50000 on 09/08/25|2026-04-09 17:02:01.850|#
981|7110|2025-09-08 00:00:00.000|4559.40000000000000000000|Invoice 107125|2026-04-09 17:02:01.853|#
982|5630|2025-09-08 00:00:00.000|1139.85000000000000000000|Invoice 107125|2026-04-09 17:02:01.853|#
983|5410|2025-09-08 00:00:00.000|-5699.25000000000000000000|Invoice 107125|2026-04-09 17:02:01.860|#
984|2910|2025-09-08 00:00:00.000|-5699.25000000000000000000|Invoice 107125|2026-04-09 17:02:01.870|#
985|5410|2025-09-08 00:00:00.000|5699.25000000000000000000|Invoice 107125|2026-04-09 17:02:01.870|#
986|2110|2025-09-09 00:00:00.000|250.20000000000000000000|Direct Cost 30000 on 09/09/25|2026-04-09 17:02:01.933|#
987|7170|2025-09-09 00:00:00.000|-250.20000000000000000000|Direct Cost 30000 on 09/09/25|2026-04-09 17:02:01.937|#
988|7120|2025-09-09 00:00:00.000|250.20000000000000000000|Invoice 107126|2026-04-09 17:02:01.940|#
989|5630|2025-09-09 00:00:00.000|62.55000000000000000000|Invoice 107126|2026-04-09 17:02:01.940|#
990|5620|2025-09-09 00:00:00.000|-62.55000000000000000000|Invoice 107126|2026-04-09 17:02:01.940|#
991|5420|2025-09-09 00:00:00.000|-250.20000000000000000000|Invoice 107126|2026-04-09 17:02:01.947|#
992|2910|2025-09-09 00:00:00.000|-250.20000000000000000000|Invoice 107126|2026-04-09 17:02:01.957|#
993|5420|2025-09-09 00:00:00.000|250.20000000000000000000|Invoice 107126|2026-04-09 17:02:01.957|#
994|2110|2025-09-09 00:00:00.000|487.50000000000000000000|Direct Cost 20000 on 09/09/25|2026-04-09 17:02:02.027|#
995|7170|2025-09-09 00:00:00.000|-487.50000000000000000000|Direct Cost 20000 on 09/09/25|2026-04-09 17:02:02.027|#
996|7110|2025-09-09 00:00:00.000|487.50000000000000000000|Invoice 107127|2026-04-09 17:02:02.033|#
997|5630|2025-09-09 00:00:00.000|121.88000000000000000000|Invoice 107127|2026-04-09 17:02:02.033|#
998|5410|2025-09-09 00:00:00.000|-609.38000000000000000000|Invoice 107127|2026-04-09 17:02:02.037|#
999|2910|2025-09-09 00:00:00.000|-609.38000000000000000000|Invoice 107127|2026-04-09 17:02:02.050|#
1000|5410|2025-09-09 00:00:00.000|609.38000000000000000000|Invoice 107127|2026-04-09 17:02:02.050|#
1001|2110|2025-09-09 00:00:00.000|4950.40000000000000000000|Direct Cost 40000 on 09/09/25|2026-04-09 17:02:02.117|#
1002|7170|2025-09-09 00:00:00.000|-4950.40000000000000000000|Direct Cost 40000 on 09/09/25|2026-04-09 17:02:02.120|#
1003|7110|2025-09-09 00:00:00.000|4950.40000000000000000000|Invoice 107128|2026-04-09 17:02:02.123|#
1004|5630|2025-09-09 00:00:00.000|1237.60000000000000000000|Invoice 107128|2026-04-09 17:02:02.123|#
1005|5410|2025-09-09 00:00:00.000|-6188.00000000000000000000|Invoice 107128|2026-04-09 17:02:02.130|#
1006|2910|2025-09-09 00:00:00.000|-6188.00000000000000000000|Invoice 107128|2026-04-09 17:02:02.140|#
1007|5410|2025-09-09 00:00:00.000|6188.00000000000000000000|Invoice 107128|2026-04-09 17:02:02.140|#
1008|2110|2025-09-10 00:00:00.000|390.00000000000000000000|Direct Cost 40000 on 09/10/25|2026-04-09 17:02:02.217|#
1009|7170|2025-09-10 00:00:00.000|-390.00000000000000000000|Direct Cost 40000 on 09/10/25|2026-04-09 17:02:02.217|#
1010|7110|2025-09-10 00:00:00.000|390.00000000000000000000|Invoice 107129|2026-04-09 17:02:02.223|#
1011|5630|2025-09-10 00:00:00.000|97.50000000000000000000|Invoice 107129|2026-04-09 17:02:02.223|#
1012|5410|2025-09-10 00:00:00.000|-487.50000000000000000000|Invoice 107129|2026-04-09 17:02:02.227|#
1013|2910|2025-09-10 00:00:00.000|-487.50000000000000000000|Invoice 107129|2026-04-09 17:02:02.240|#
1014|5410|2025-09-10 00:00:00.000|487.50000000000000000000|Invoice 107129|2026-04-09 17:02:02.240|#
1015|2110|2025-09-11 00:00:00.000|658.50000000000000000000|Direct Cost 30000 on 09/11/25|2026-04-09 17:02:02.323|#
1016|7170|2025-09-11 00:00:00.000|-658.50000000000000000000|Direct Cost 30000 on 09/11/25|2026-04-09 17:02:02.327|#
1017|2110|2025-09-11 00:00:00.000|480.50000000000000000000|Direct Cost 30000 on 09/11/25|2026-04-09 17:02:02.330|#
1018|7170|2025-09-11 00:00:00.000|-480.50000000000000000000|Direct Cost 30000 on 09/11/25|2026-04-09 17:02:02.330|#
1019|7120|2025-09-11 00:00:00.000|1139.00000000000000000000|Invoice 107130|2026-04-09 17:02:02.337|#
1020|5630|2025-09-11 00:00:00.000|284.75000000000000000000|Invoice 107130|2026-04-09 17:02:02.337|#
1021|5620|2025-09-11 00:00:00.000|-284.75000000000000000000|Invoice 107130|2026-04-09 17:02:02.337|#
1022|5420|2025-09-11 00:00:00.000|-1139.00000000000000000000|Invoice 107130|2026-04-09 17:02:02.343|#
1023|2910|2025-09-11 00:00:00.000|-1139.00000000000000000000|Invoice 107130|2026-04-09 17:02:02.357|#
1024|5420|2025-09-11 00:00:00.000|1139.00000000000000000000|Invoice 107130|2026-04-09 17:02:02.357|#
1025|2110|2025-10-04 00:00:00.000|384.40000000000000000000|Direct Cost 20000 on 10/04/25|2026-04-09 17:02:02.443|#
1026|7170|2025-10-04 00:00:00.000|-384.40000000000000000000|Direct Cost 20000 on 10/04/25|2026-04-09 17:02:02.447|#
1027|2110|2025-10-04 00:00:00.000|487.50000000000000000000|Direct Cost 20000 on 10/04/25|2026-04-09 17:02:02.450|#
1028|7170|2025-10-04 00:00:00.000|-487.50000000000000000000|Direct Cost 20000 on 10/04/25|2026-04-09 17:02:02.450|#
1029|7110|2025-10-04 00:00:00.000|871.90000000000000000000|Invoice 107131|2026-04-09 17:02:02.457|#
1030|5630|2025-10-04 00:00:00.000|217.98000000000000000000|Invoice 107131|2026-04-09 17:02:02.457|#
1031|5410|2025-10-04 00:00:00.000|-1089.88000000000000000000|Invoice 107131|2026-04-09 17:02:02.460|#
1032|2910|2025-10-04 00:00:00.000|-1089.88000000000000000000|Invoice 107131|2026-04-09 17:02:02.473|#
1033|5410|2025-10-04 00:00:00.000|1089.88000000000000000000|Invoice 107131|2026-04-09 17:02:02.473|#
1034|2110|2025-10-04 00:00:00.000|1312.00000000000000000000|Direct Cost 40000 on 10/04/25|2026-04-09 17:02:02.547|#
1035|7170|2025-10-04 00:00:00.000|-1312.00000000000000000000|Direct Cost 40000 on 10/04/25|2026-04-09 17:02:02.547|#
1036|7110|2025-10-04 00:00:00.000|1312.00000000000000000000|Invoice 107132|2026-04-09 17:02:02.550|#
1037|5630|2025-10-04 00:00:00.000|328.00000000000000000000|Invoice 107132|2026-04-09 17:02:02.550|#
1038|5410|2025-10-04 00:00:00.000|-1640.00000000000000000000|Invoice 107132|2026-04-09 17:02:02.557|#
1039|2910|2025-10-04 00:00:00.000|-1640.00000000000000000000|Invoice 107132|2026-04-09 17:02:02.570|#
1040|5410|2025-10-04 00:00:00.000|1640.00000000000000000000|Invoice 107132|2026-04-09 17:02:02.570|#
1041|2110|2025-10-05 00:00:00.000|672.70000000000000000000|Direct Cost 30000 on 10/05/25|2026-04-09 17:02:02.633|#
1042|7170|2025-10-05 00:00:00.000|-672.70000000000000000000|Direct Cost 30000 on 10/05/25|2026-04-09 17:02:02.637|#
1043|7120|2025-10-05 00:00:00.000|672.70000000000000000000|Invoice 107133|2026-04-09 17:02:02.640|#
1044|5630|2025-10-05 00:00:00.000|168.18000000000000000000|Invoice 107133|2026-04-09 17:02:02.640|#
1045|5620|2025-10-05 00:00:00.000|-168.18000000000000000000|Invoice 107133|2026-04-09 17:02:02.640|#
1046|5420|2025-10-05 00:00:00.000|-672.70000000000000000000|Invoice 107133|2026-04-09 17:02:02.647|#
1047|2910|2025-10-05 00:00:00.000|-672.70000000000000000000|Invoice 107133|2026-04-09 17:02:02.660|#
1048|5420|2025-10-05 00:00:00.000|672.70000000000000000000|Invoice 107133|2026-04-09 17:02:02.660|#
1049|2110|2025-10-06 00:00:00.000|864.90000000000000000000|Direct Cost 20000 on 10/06/25|2026-04-09 17:02:02.723|#
1050|7170|2025-10-06 00:00:00.000|-864.90000000000000000000|Direct Cost 20000 on 10/06/25|2026-04-09 17:02:02.727|#
1051|7110|2025-10-06 00:00:00.000|864.90000000000000000000|Invoice 107134|2026-04-09 17:02:02.730|#
1052|5630|2025-10-06 00:00:00.000|216.23000000000000000000|Invoice 107134|2026-04-09 17:02:02.730|#
1053|5410|2025-10-06 00:00:00.000|-1081.13000000000000000000|Invoice 107134|2026-04-09 17:02:02.737|#
1054|2910|2025-10-06 00:00:00.000|-1081.13000000000000000000|Invoice 107134|2026-04-09 17:02:02.747|#
1055|5410|2025-10-06 00:00:00.000|1081.13000000000000000000|Invoice 107134|2026-04-09 17:02:02.747|#
1056|2110|2025-10-07 00:00:00.000|585.00000000000000000000|Direct Cost 50000 on 10/07/25|2026-04-09 17:02:02.827|#
1057|7170|2025-10-07 00:00:00.000|-585.00000000000000000000|Direct Cost 50000 on 10/07/25|2026-04-09 17:02:02.830|#
1058|2110|2025-10-07 00:00:00.000|288.30000000000000000000|Direct Cost 50000 on 10/07/25|2026-04-09 17:02:02.833|#
1059|7170|2025-10-07 00:00:00.000|-288.30000000000000000000|Direct Cost 50000 on 10/07/25|2026-04-09 17:02:02.837|#
1060|7110|2025-10-07 00:00:00.000|873.30000000000000000000|Invoice 107135|2026-04-09 17:02:02.840|#
1061|5630|2025-10-07 00:00:00.000|218.33000000000000000000|Invoice 107135|2026-04-09 17:02:02.840|#
1062|5410|2025-10-07 00:00:00.000|-1091.63000000000000000000|Invoice 107135|2026-04-09 17:02:02.847|#
1063|2910|2025-10-07 00:00:00.000|-1091.63000000000000000000|Invoice 107135|2026-04-09 17:02:02.857|#
1064|5410|2025-10-07 00:00:00.000|1091.63000000000000000000|Invoice 107135|2026-04-09 17:02:02.857|#
1065|2110|2025-10-07 00:00:00.000|877.50000000000000000000|Direct Cost 10000 on 10/07/25|2026-04-09 17:02:02.930|#
1066|7170|2025-10-07 00:00:00.000|-877.50000000000000000000|Direct Cost 10000 on 10/07/25|2026-04-09 17:02:02.930|#
1067|7130|2025-10-07 00:00:00.000|877.50000000000000000000|Invoice 107136|2026-04-09 17:02:02.937|#
1068|5420|2025-10-07 00:00:00.000|-877.50000000000000000000|Invoice 107136|2026-04-09 17:02:02.940|#
1069|2910|2025-10-07 00:00:00.000|-877.50000000000000000000|Invoice 107136|2026-04-09 17:02:02.953|#
1070|5420|2025-10-07 00:00:00.000|877.50000000000000000000|Invoice 107136|2026-04-09 17:02:02.953|#
1071|2110|2025-10-08 00:00:00.000|4559.40000000000000000000|Direct Cost 50000 on 10/08/25|2026-04-09 17:02:03.017|#
1072|7170|2025-10-08 00:00:00.000|-4559.40000000000000000000|Direct Cost 50000 on 10/08/25|2026-04-09 17:02:03.020|#
1073|7110|2025-10-08 00:00:00.000|4559.40000000000000000000|Invoice 107137|2026-04-09 17:02:03.027|#
1074|5630|2025-10-08 00:00:00.000|1139.85000000000000000000|Invoice 107137|2026-04-09 17:02:03.027|#
1075|5410|2025-10-08 00:00:00.000|-5699.25000000000000000000|Invoice 107137|2026-04-09 17:02:03.030|#
1076|2910|2025-10-08 00:00:00.000|-5699.25000000000000000000|Invoice 107137|2026-04-09 17:02:03.043|#
1077|5410|2025-10-08 00:00:00.000|5699.25000000000000000000|Invoice 107137|2026-04-09 17:02:03.043|#
1078|2110|2025-10-09 00:00:00.000|585.00000000000000000000|Direct Cost 20000 on 10/09/25|2026-04-09 17:02:03.110|#
1079|7170|2025-10-09 00:00:00.000|-585.00000000000000000000|Direct Cost 20000 on 10/09/25|2026-04-09 17:02:03.113|#
1080|7110|2025-10-09 00:00:00.000|585.00000000000000000000|Invoice 107138|2026-04-09 17:02:03.117|#
1081|5630|2025-10-09 00:00:00.000|146.25000000000000000000|Invoice 107138|2026-04-09 17:02:03.117|#
1082|5410|2025-10-09 00:00:00.000|-731.25000000000000000000|Invoice 107138|2026-04-09 17:02:03.123|#
1083|2910|2025-10-09 00:00:00.000|-731.25000000000000000000|Invoice 107138|2026-04-09 17:02:03.137|#
1084|5410|2025-10-09 00:00:00.000|731.25000000000000000000|Invoice 107138|2026-04-09 17:02:03.137|#
1085|2110|2025-10-10 00:00:00.000|278.00000000000000000000|Direct Cost 30000 on 10/10/25|2026-04-09 17:02:03.200|#
1086|7170|2025-10-10 00:00:00.000|-278.00000000000000000000|Direct Cost 30000 on 10/10/25|2026-04-09 17:02:03.203|#
1087|7120|2025-10-10 00:00:00.000|278.00000000000000000000|Invoice 107139|2026-04-09 17:02:03.210|#
1088|5630|2025-10-10 00:00:00.000|69.50000000000000000000|Invoice 107139|2026-04-09 17:02:03.210|#
1089|5620|2025-10-10 00:00:00.000|-69.50000000000000000000|Invoice 107139|2026-04-09 17:02:03.210|#
1090|5420|2025-10-10 00:00:00.000|-278.00000000000000000000|Invoice 107139|2026-04-09 17:02:03.217|#
1091|2910|2025-10-10 00:00:00.000|-278.00000000000000000000|Invoice 107139|2026-04-09 17:02:03.227|#
1092|5420|2025-10-10 00:00:00.000|278.00000000000000000000|Invoice 107139|2026-04-09 17:02:03.230|#
1093|2110|2025-10-10 00:00:00.000|4950.40000000000000000000|Direct Cost 40000 on 10/10/25|2026-04-09 17:02:03.300|#
1094|7170|2025-10-10 00:00:00.000|-4950.40000000000000000000|Direct Cost 40000 on 10/10/25|2026-04-09 17:02:03.300|#
1095|7110|2025-10-10 00:00:00.000|4950.40000000000000000000|Invoice 107140|2026-04-09 17:02:03.307|#
1096|5630|2025-10-10 00:00:00.000|1237.60000000000000000000|Invoice 107140|2026-04-09 17:02:03.307|#
1097|5410|2025-10-10 00:00:00.000|-6188.00000000000000000000|Invoice 107140|2026-04-09 17:02:03.313|#
1098|2910|2025-10-10 00:00:00.000|-6188.00000000000000000000|Invoice 107140|2026-04-09 17:02:03.323|#
1099|5410|2025-10-10 00:00:00.000|6188.00000000000000000000|Invoice 107140|2026-04-09 17:02:03.323|#
1100|2110|2025-10-11 00:00:00.000|390.00000000000000000000|Direct Cost 40000 on 10/11/25|2026-04-09 17:02:03.393|#
1101|7170|2025-10-11 00:00:00.000|-390.00000000000000000000|Direct Cost 40000 on 10/11/25|2026-04-09 17:02:03.397|#
1102|7110|2025-10-11 00:00:00.000|390.00000000000000000000|Invoice 107141|2026-04-09 17:02:03.400|#
1103|5630|2025-10-11 00:00:00.000|97.50000000000000000000|Invoice 107141|2026-04-09 17:02:03.400|#
1104|5410|2025-10-11 00:00:00.000|-487.50000000000000000000|Invoice 107141|2026-04-09 17:02:03.407|#
1105|2910|2025-10-11 00:00:00.000|-487.50000000000000000000|Invoice 107141|2026-04-09 17:02:03.420|#
1106|5410|2025-10-11 00:00:00.000|487.50000000000000000000|Invoice 107141|2026-04-09 17:02:03.420|#
1107|2110|2025-10-11 00:00:00.000|576.60000000000000000000|Direct Cost 30000 on 10/11/25|2026-04-09 17:02:03.487|#
1108|7170|2025-10-11 00:00:00.000|-576.60000000000000000000|Direct Cost 30000 on 10/11/25|2026-04-09 17:02:03.490|#
1109|7120|2025-10-11 00:00:00.000|576.60000000000000000000|Invoice 107142|2026-04-09 17:02:03.493|#
1110|5630|2025-10-11 00:00:00.000|144.15000000000000000000|Invoice 107142|2026-04-09 17:02:03.493|#
1111|5620|2025-10-11 00:00:00.000|-144.15000000000000000000|Invoice 107142|2026-04-09 17:02:03.493|#
1112|5420|2025-10-11 00:00:00.000|-576.60000000000000000000|Invoice 107142|2026-04-09 17:02:03.500|#
1113|2910|2025-10-11 00:00:00.000|-576.60000000000000000000|Invoice 107142|2026-04-09 17:02:03.517|#
1114|5420|2025-10-11 00:00:00.000|576.60000000000000000000|Invoice 107142|2026-04-09 17:02:03.517|#
1115|2110|2025-10-12 00:00:00.000|2195.00000000000000000000|Direct Cost 30000 on 10/12/25|2026-04-09 17:02:03.583|#
1116|7170|2025-10-12 00:00:00.000|-2195.00000000000000000000|Direct Cost 30000 on 10/12/25|2026-04-09 17:02:03.587|#
1117|7120|2025-10-12 00:00:00.000|2195.00000000000000000000|Invoice 107143|2026-04-09 17:02:03.590|#
1118|5630|2025-10-12 00:00:00.000|548.75000000000000000000|Invoice 107143|2026-04-09 17:02:03.590|#
1119|5620|2025-10-12 00:00:00.000|-548.75000000000000000000|Invoice 107143|2026-04-09 17:02:03.590|#
1120|5420|2025-10-12 00:00:00.000|-2195.00000000000000000000|Invoice 107143|2026-04-09 17:02:03.600|#
1121|2910|2025-10-12 00:00:00.000|-2195.00000000000000000000|Invoice 107143|2026-04-09 17:02:03.610|#
1122|5420|2025-10-12 00:00:00.000|2195.00000000000000000000|Invoice 107143|2026-04-09 17:02:03.610|#
1123|2110|2025-11-04 00:00:00.000|384.40000000000000000000|Direct Cost 20000 on 11/04/25|2026-04-09 17:02:03.700|#
1124|7170|2025-11-04 00:00:00.000|-384.40000000000000000000|Direct Cost 20000 on 11/04/25|2026-04-09 17:02:03.703|#
1125|2110|2025-11-04 00:00:00.000|487.50000000000000000000|Direct Cost 20000 on 11/04/25|2026-04-09 17:02:03.707|#
1126|7170|2025-11-04 00:00:00.000|-487.50000000000000000000|Direct Cost 20000 on 11/04/25|2026-04-09 17:02:03.710|#
1127|7110|2025-11-04 00:00:00.000|871.90000000000000000000|Invoice 107144|2026-04-09 17:02:03.713|#
1128|5630|2025-11-04 00:00:00.000|217.98000000000000000000|Invoice 107144|2026-04-09 17:02:03.713|#
1129|5410|2025-11-04 00:00:00.000|-1089.88000000000000000000|Invoice 107144|2026-04-09 17:02:03.720|#
1130|2910|2025-11-04 00:00:00.000|-1089.88000000000000000000|Invoice 107144|2026-04-09 17:02:03.730|#
1131|5410|2025-11-04 00:00:00.000|1089.88000000000000000000|Invoice 107144|2026-04-09 17:02:03.733|#
1132|2110|2025-11-04 00:00:00.000|1312.00000000000000000000|Direct Cost 40000 on 11/04/25|2026-04-09 17:02:03.810|#
1133|7170|2025-11-04 00:00:00.000|-1312.00000000000000000000|Direct Cost 40000 on 11/04/25|2026-04-09 17:02:03.810|#
1134|7110|2025-11-04 00:00:00.000|1312.00000000000000000000|Invoice 107145|2026-04-09 17:02:03.817|#
1135|5630|2025-11-04 00:00:00.000|328.00000000000000000000|Invoice 107145|2026-04-09 17:02:03.817|#
1136|5410|2025-11-04 00:00:00.000|-1640.00000000000000000000|Invoice 107145|2026-04-09 17:02:03.820|#
1137|2910|2025-11-04 00:00:00.000|-1640.00000000000000000000|Invoice 107145|2026-04-09 17:02:03.833|#
1138|5410|2025-11-04 00:00:00.000|1640.00000000000000000000|Invoice 107145|2026-04-09 17:02:03.833|#
1139|2110|2025-11-05 00:00:00.000|480.50000000000000000000|Direct Cost 30000 on 11/05/25|2026-04-09 17:02:03.900|#
1140|7170|2025-11-05 00:00:00.000|-480.50000000000000000000|Direct Cost 30000 on 11/05/25|2026-04-09 17:02:03.903|#
1141|7120|2025-11-05 00:00:00.000|480.50000000000000000000|Invoice 107146|2026-04-09 17:02:03.907|#
1142|5630|2025-11-05 00:00:00.000|120.13000000000000000000|Invoice 107146|2026-04-09 17:02:03.907|#
1143|5620|2025-11-05 00:00:00.000|-120.13000000000000000000|Invoice 107146|2026-04-09 17:02:03.907|#
1144|5420|2025-11-05 00:00:00.000|-480.50000000000000000000|Invoice 107146|2026-04-09 17:02:03.913|#
1145|2910|2025-11-05 00:00:00.000|-480.50000000000000000000|Invoice 107146|2026-04-09 17:02:03.927|#
1146|5420|2025-11-05 00:00:00.000|480.50000000000000000000|Invoice 107146|2026-04-09 17:02:03.927|#
1147|2110|2025-11-06 00:00:00.000|682.50000000000000000000|Direct Cost 50000 on 11/06/25|2026-04-09 17:02:04.007|#
1148|7170|2025-11-06 00:00:00.000|-682.50000000000000000000|Direct Cost 50000 on 11/06/25|2026-04-09 17:02:04.010|#
1149|2110|2025-11-06 00:00:00.000|288.30000000000000000000|Direct Cost 50000 on 11/06/25|2026-04-09 17:02:04.013|#
1150|7170|2025-11-06 00:00:00.000|-288.30000000000000000000|Direct Cost 50000 on 11/06/25|2026-04-09 17:02:04.017|#
1151|7110|2025-11-06 00:00:00.000|970.80000000000000000000|Invoice 107147|2026-04-09 17:02:04.020|#
1152|5630|2025-11-06 00:00:00.000|242.70000000000000000000|Invoice 107147|2026-04-09 17:02:04.020|#
1153|5410|2025-11-06 00:00:00.000|-1213.50000000000000000000|Invoice 107147|2026-04-09 17:02:04.027|#
1154|2910|2025-11-06 00:00:00.000|-1213.50000000000000000000|Invoice 107147|2026-04-09 17:02:04.037|#
1155|5410|2025-11-06 00:00:00.000|1213.50000000000000000000|Invoice 107147|2026-04-09 17:02:04.037|#
1156|2110|2025-11-06 00:00:00.000|576.60000000000000000000|Direct Cost 20000 on 11/06/25|2026-04-09 17:02:04.110|#
1157|7170|2025-11-06 00:00:00.000|-576.60000000000000000000|Direct Cost 20000 on 11/06/25|2026-04-09 17:02:04.113|#
1158|7110|2025-11-06 00:00:00.000|576.60000000000000000000|Invoice 107148|2026-04-09 17:02:04.117|#
1159|5630|2025-11-06 00:00:00.000|144.15000000000000000000|Invoice 107148|2026-04-09 17:02:04.117|#
1160|5410|2025-11-06 00:00:00.000|-720.75000000000000000000|Invoice 107148|2026-04-09 17:02:04.123|#
1161|2910|2025-11-06 00:00:00.000|-720.75000000000000000000|Invoice 107148|2026-04-09 17:02:04.137|#
1162|5410|2025-11-06 00:00:00.000|720.75000000000000000000|Invoice 107148|2026-04-09 17:02:04.137|#
1163|2110|2025-11-07 00:00:00.000|682.50000000000000000000|Direct Cost 10000 on 11/07/25|2026-04-09 17:02:04.203|#
1164|7170|2025-11-07 00:00:00.000|-682.50000000000000000000|Direct Cost 10000 on 11/07/25|2026-04-09 17:02:04.207|#
1165|7130|2025-11-07 00:00:00.000|682.50000000000000000000|Invoice 107149|2026-04-09 17:02:04.210|#
1166|5420|2025-11-07 00:00:00.000|-682.50000000000000000000|Invoice 107149|2026-04-09 17:02:04.213|#
1167|2910|2025-11-07 00:00:00.000|-682.50000000000000000000|Invoice 107149|2026-04-09 17:02:04.227|#
1168|5420|2025-11-07 00:00:00.000|682.50000000000000000000|Invoice 107149|2026-04-09 17:02:04.227|#
1169|2110|2025-11-08 00:00:00.000|4052.80000000000000000000|Direct Cost 50000 on 11/08/25|2026-04-09 17:02:04.297|#
1170|7170|2025-11-08 00:00:00.000|-4052.80000000000000000000|Direct Cost 50000 on 11/08/25|2026-04-09 17:02:04.297|#
1171|7110|2025-11-08 00:00:00.000|4052.80000000000000000000|Invoice 107150|2026-04-09 17:02:04.303|#
1172|5630|2025-11-08 00:00:00.000|1013.20000000000000000000|Invoice 107150|2026-04-09 17:02:04.303|#
1173|5410|2025-11-08 00:00:00.000|-5066.00000000000000000000|Invoice 107150|2026-04-09 17:02:04.307|#
1174|2910|2025-11-08 00:00:00.000|-5066.00000000000000000000|Invoice 107150|2026-04-09 17:02:04.320|#
1175|5410|2025-11-08 00:00:00.000|5066.00000000000000000000|Invoice 107150|2026-04-09 17:02:04.320|#
1176|2110|2025-11-09 00:00:00.000|250.20000000000000000000|Direct Cost 30000 on 11/09/25|2026-04-09 17:02:04.390|#
1177|7170|2025-11-09 00:00:00.000|-250.20000000000000000000|Direct Cost 30000 on 11/09/25|2026-04-09 17:02:04.393|#
1178|7120|2025-11-09 00:00:00.000|250.20000000000000000000|Invoice 107151|2026-04-09 17:02:04.397|#
1179|5630|2025-11-09 00:00:00.000|62.55000000000000000000|Invoice 107151|2026-04-09 17:02:04.397|#
1180|5620|2025-11-09 00:00:00.000|-62.55000000000000000000|Invoice 107151|2026-04-09 17:02:04.397|#
1181|5420|2025-11-09 00:00:00.000|-250.20000000000000000000|Invoice 107151|2026-04-09 17:02:04.403|#
1182|2910|2025-11-09 00:00:00.000|-250.20000000000000000000|Invoice 107151|2026-04-09 17:02:04.417|#
1183|5420|2025-11-09 00:00:00.000|250.20000000000000000000|Invoice 107151|2026-04-09 17:02:04.417|#
1184|2110|2025-11-09 00:00:00.000|585.00000000000000000000|Direct Cost 20000 on 11/09/25|2026-04-09 17:02:04.483|#
1185|7170|2025-11-09 00:00:00.000|-585.00000000000000000000|Direct Cost 20000 on 11/09/25|2026-04-09 17:02:04.487|#
1186|7110|2025-11-09 00:00:00.000|585.00000000000000000000|Invoice 107152|2026-04-09 17:02:04.490|#
1187|5630|2025-11-09 00:00:00.000|146.25000000000000000000|Invoice 107152|2026-04-09 17:02:04.490|#
1188|5410|2025-11-09 00:00:00.000|-731.25000000000000000000|Invoice 107152|2026-04-09 17:02:04.497|#
1189|2910|2025-11-09 00:00:00.000|-731.25000000000000000000|Invoice 107152|2026-04-09 17:02:04.513|#
1190|5410|2025-11-09 00:00:00.000|731.25000000000000000000|Invoice 107152|2026-04-09 17:02:04.513|#
1191|2110|2025-11-09 00:00:00.000|4243.20000000000000000000|Direct Cost 40000 on 11/09/25|2026-04-09 17:02:04.580|#
1192|7170|2025-11-09 00:00:00.000|-4243.20000000000000000000|Direct Cost 40000 on 11/09/25|2026-04-09 17:02:04.583|#
1193|7110|2025-11-09 00:00:00.000|4243.20000000000000000000|Invoice 107153|2026-04-09 17:02:04.587|#
1194|5630|2025-11-09 00:00:00.000|1060.80000000000000000000|Invoice 107153|2026-04-09 17:02:04.587|#
1195|5410|2025-11-09 00:00:00.000|-5304.00000000000000000000|Invoice 107153|2026-04-09 17:02:04.593|#
1196|2910|2025-11-09 00:00:00.000|-5304.00000000000000000000|Invoice 107153|2026-04-09 17:02:04.603|#
1197|5410|2025-11-09 00:00:00.000|5304.00000000000000000000|Invoice 107153|2026-04-09 17:02:04.603|#
1198|2110|2025-11-10 00:00:00.000|390.00000000000000000000|Direct Cost 40000 on 11/10/25|2026-04-09 17:02:04.673|#
1199|7170|2025-11-10 00:00:00.000|-390.00000000000000000000|Direct Cost 40000 on 11/10/25|2026-04-09 17:02:04.677|#
1200|7110|2025-11-10 00:00:00.000|390.00000000000000000000|Invoice 107154|2026-04-09 17:02:04.680|#
1201|5630|2025-11-10 00:00:00.000|97.50000000000000000000|Invoice 107154|2026-04-09 17:02:04.680|#
1202|5410|2025-11-10 00:00:00.000|-487.50000000000000000000|Invoice 107154|2026-04-09 17:02:04.687|#
1203|2910|2025-11-10 00:00:00.000|-487.50000000000000000000|Invoice 107154|2026-04-09 17:02:04.700|#
1204|5410|2025-11-10 00:00:00.000|487.50000000000000000000|Invoice 107154|2026-04-09 17:02:04.700|#
1205|2110|2025-11-11 00:00:00.000|1317.00000000000000000000|Direct Cost 30000 on 11/11/25|2026-04-09 17:02:04.810|#
1206|7170|2025-11-11 00:00:00.000|-1317.00000000000000000000|Direct Cost 30000 on 11/11/25|2026-04-09 17:02:04.810|#
1207|2110|2025-11-11 00:00:00.000|480.50000000000000000000|Direct Cost 30000 on 11/11/25|2026-04-09 17:02:04.817|#
1208|7170|2025-11-11 00:00:00.000|-480.50000000000000000000|Direct Cost 30000 on 11/11/25|2026-04-09 17:02:04.817|#
1209|7120|2025-11-11 00:00:00.000|1797.50000000000000000000|Invoice 107155|2026-04-09 17:02:04.823|#
1210|5630|2025-11-11 00:00:00.000|449.38000000000000000000|Invoice 107155|2026-04-09 17:02:04.823|#
1211|5620|2025-11-11 00:00:00.000|-449.38000000000000000000|Invoice 107155|2026-04-09 17:02:04.823|#
1212|5420|2025-11-11 00:00:00.000|-1797.50000000000000000000|Invoice 107155|2026-04-09 17:02:04.830|#
1213|2910|2025-11-11 00:00:00.000|-1797.50000000000000000000|Invoice 107155|2026-04-09 17:02:04.847|#
1214|5420|2025-11-11 00:00:00.000|1797.50000000000000000000|Invoice 107155|2026-04-09 17:02:04.847|#
1215|2110|2025-12-04 00:00:00.000|288.30000000000000000000|Direct Cost 20000 on 12/04/25|2026-04-09 17:02:04.923|#
1216|7170|2025-12-04 00:00:00.000|-288.30000000000000000000|Direct Cost 20000 on 12/04/25|2026-04-09 17:02:04.923|#
1217|7110|2025-12-04 00:00:00.000|288.30000000000000000000|Invoice 107156|2026-04-09 17:02:04.927|#
1218|5630|2025-12-04 00:00:00.000|72.08000000000000000000|Invoice 107156|2026-04-09 17:02:04.927|#
1219|5410|2025-12-04 00:00:00.000|-360.38000000000000000000|Invoice 107156|2026-04-09 17:02:04.933|#
1220|2910|2025-12-04 00:00:00.000|-360.38000000000000000000|Invoice 107156|2026-04-09 17:02:04.947|#
1221|5410|2025-12-04 00:00:00.000|360.38000000000000000000|Invoice 107156|2026-04-09 17:02:04.947|#
1222|2110|2025-12-04 00:00:00.000|656.00000000000000000000|Direct Cost 40000 on 12/04/25|2026-04-09 17:02:05.010|#
1223|7170|2025-12-04 00:00:00.000|-656.00000000000000000000|Direct Cost 40000 on 12/04/25|2026-04-09 17:02:05.013|#
1224|7110|2025-12-04 00:00:00.000|656.00000000000000000000|Invoice 107157|2026-04-09 17:02:05.017|#
1225|5630|2025-12-04 00:00:00.000|164.00000000000000000000|Invoice 107157|2026-04-09 17:02:05.017|#
1226|5410|2025-12-04 00:00:00.000|-820.00000000000000000000|Invoice 107157|2026-04-09 17:02:05.023|#
1227|2910|2025-12-04 00:00:00.000|-820.00000000000000000000|Invoice 107157|2026-04-09 17:02:05.037|#
1228|5410|2025-12-04 00:00:00.000|820.00000000000000000000|Invoice 107157|2026-04-09 17:02:05.037|#
1229|2110|2025-12-05 00:00:00.000|288.30000000000000000000|Direct Cost 30000 on 12/05/25|2026-04-09 17:02:05.113|#
1230|7170|2025-12-05 00:00:00.000|-288.30000000000000000000|Direct Cost 30000 on 12/05/25|2026-04-09 17:02:05.117|#
1231|7120|2025-12-05 00:00:00.000|288.30000000000000000000|Invoice 107158|2026-04-09 17:02:05.123|#
1232|5630|2025-12-05 00:00:00.000|72.08000000000000000000|Invoice 107158|2026-04-09 17:02:05.123|#
1233|5620|2025-12-05 00:00:00.000|-72.08000000000000000000|Invoice 107158|2026-04-09 17:02:05.123|#
1234|5420|2025-12-05 00:00:00.000|-288.30000000000000000000|Invoice 107158|2026-04-09 17:02:05.130|#
1235|2910|2025-12-05 00:00:00.000|-288.30000000000000000000|Invoice 107158|2026-04-09 17:02:05.143|#
1236|5420|2025-12-05 00:00:00.000|288.30000000000000000000|Invoice 107158|2026-04-09 17:02:05.143|#
1237|2110|2025-12-05 00:00:00.000|292.50000000000000000000|Direct Cost 40000 on 12/05/25|2026-04-09 17:02:05.213|#
1238|7170|2025-12-05 00:00:00.000|-292.50000000000000000000|Direct Cost 40000 on 12/05/25|2026-04-09 17:02:05.217|#
1239|7110|2025-12-05 00:00:00.000|292.50000000000000000000|Invoice 107159|2026-04-09 17:02:05.220|#
1240|5630|2025-12-05 00:00:00.000|73.13000000000000000000|Invoice 107159|2026-04-09 17:02:05.220|#
1241|5410|2025-12-05 00:00:00.000|-365.63000000000000000000|Invoice 107159|2026-04-09 17:02:05.227|#
1242|2910|2025-12-05 00:00:00.000|-365.63000000000000000000|Invoice 107159|2026-04-09 17:02:05.240|#
1243|5410|2025-12-05 00:00:00.000|365.63000000000000000000|Invoice 107159|2026-04-09 17:02:05.240|#
1244|2110|2025-12-06 00:00:00.000|384.40000000000000000000|Direct Cost 20000 on 12/06/25|2026-04-09 17:02:05.310|#
1245|7170|2025-12-06 00:00:00.000|-384.40000000000000000000|Direct Cost 20000 on 12/06/25|2026-04-09 17:02:05.313|#
1246|7110|2025-12-06 00:00:00.000|384.40000000000000000000|Invoice 107160|2026-04-09 17:02:05.317|#
1247|5630|2025-12-06 00:00:00.000|96.10000000000000000000|Invoice 107160|2026-04-09 17:02:05.317|#
1248|5410|2025-12-06 00:00:00.000|-480.50000000000000000000|Invoice 107160|2026-04-09 17:02:05.323|#
1249|2910|2025-12-06 00:00:00.000|-480.50000000000000000000|Invoice 107160|2026-04-09 17:02:05.337|#
1250|5410|2025-12-06 00:00:00.000|480.50000000000000000000|Invoice 107160|2026-04-09 17:02:05.337|#
1251|2110|2025-12-07 00:00:00.000|292.50000000000000000000|Direct Cost 50000 on 12/07/25|2026-04-09 17:02:05.407|#
1252|7170|2025-12-07 00:00:00.000|-292.50000000000000000000|Direct Cost 50000 on 12/07/25|2026-04-09 17:02:05.407|#
1253|7110|2025-12-07 00:00:00.000|292.50000000000000000000|Invoice 107161|2026-04-09 17:02:05.413|#
1254|5630|2025-12-07 00:00:00.000|73.13000000000000000000|Invoice 107161|2026-04-09 17:02:05.413|#
1255|5410|2025-12-07 00:00:00.000|-365.63000000000000000000|Invoice 107161|2026-04-09 17:02:05.420|#
1256|2910|2025-12-07 00:00:00.000|-365.63000000000000000000|Invoice 107161|2026-04-09 17:02:05.433|#
1257|5410|2025-12-07 00:00:00.000|365.63000000000000000000|Invoice 107161|2026-04-09 17:02:05.433|#
1258|2110|2025-12-07 00:00:00.000|487.50000000000000000000|Direct Cost 10000 on 12/07/25|2026-04-09 17:02:05.510|#
1259|7170|2025-12-07 00:00:00.000|-487.50000000000000000000|Direct Cost 10000 on 12/07/25|2026-04-09 17:02:05.517|#
1260|7130|2025-12-07 00:00:00.000|487.50000000000000000000|Invoice 107162|2026-04-09 17:02:05.520|#
1261|5420|2025-12-07 00:00:00.000|-487.50000000000000000000|Invoice 107162|2026-04-09 17:02:05.527|#
1262|2910|2025-12-07 00:00:00.000|-487.50000000000000000000|Invoice 107162|2026-04-09 17:02:05.540|#
1263|5420|2025-12-07 00:00:00.000|487.50000000000000000000|Invoice 107162|2026-04-09 17:02:05.540|#
1264|2110|2025-12-08 00:00:00.000|3039.60000000000000000000|Direct Cost 50000 on 12/08/25|2026-04-09 17:02:05.627|#
1265|7170|2025-12-08 00:00:00.000|-3039.60000000000000000000|Direct Cost 50000 on 12/08/25|2026-04-09 17:02:05.627|#
1266|2110|2025-12-08 00:00:00.000|192.20000000000000000000|Direct Cost 50000 on 12/08/25|2026-04-09 17:02:05.630|#
1267|7170|2025-12-08 00:00:00.000|-192.20000000000000000000|Direct Cost 50000 on 12/08/25|2026-04-09 17:02:05.633|#
1268|7110|2025-12-08 00:00:00.000|3231.80000000000000000000|Invoice 107163|2026-04-09 17:02:05.637|#
1269|5630|2025-12-08 00:00:00.000|807.95000000000000000000|Invoice 107163|2026-04-09 17:02:05.637|#
1270|5410|2025-12-08 00:00:00.000|-4039.75000000000000000000|Invoice 107163|2026-04-09 17:02:05.643|#
1271|2910|2025-12-08 00:00:00.000|-4039.75000000000000000000|Invoice 107163|2026-04-09 17:02:05.657|#
1272|5410|2025-12-08 00:00:00.000|4039.75000000000000000000|Invoice 107163|2026-04-09 17:02:05.657|#
1273|2110|2025-12-08 00:00:00.000|288.30000000000000000000|Direct Cost 30000 on 12/08/25|2026-04-09 17:02:05.733|#
1274|7170|2025-12-08 00:00:00.000|-288.30000000000000000000|Direct Cost 30000 on 12/08/25|2026-04-09 17:02:05.733|#
1275|7120|2025-12-08 00:00:00.000|288.30000000000000000000|Invoice 107164|2026-04-09 17:02:05.740|#
1276|5630|2025-12-08 00:00:00.000|72.08000000000000000000|Invoice 107164|2026-04-09 17:02:05.740|#
1277|5620|2025-12-08 00:00:00.000|-72.08000000000000000000|Invoice 107164|2026-04-09 17:02:05.740|#
1278|5420|2025-12-08 00:00:00.000|-288.30000000000000000000|Invoice 107164|2026-04-09 17:02:05.747|#
1279|2910|2025-12-08 00:00:00.000|-288.30000000000000000000|Invoice 107164|2026-04-09 17:02:05.757|#
1280|5420|2025-12-08 00:00:00.000|288.30000000000000000000|Invoice 107164|2026-04-09 17:02:05.757|#
1281|2110|2025-12-09 00:00:00.000|390.00000000000000000000|Direct Cost 20000 on 12/09/25|2026-04-09 17:02:05.827|#
1282|7170|2025-12-09 00:00:00.000|-390.00000000000000000000|Direct Cost 20000 on 12/09/25|2026-04-09 17:02:05.827|#
1283|7110|2025-12-09 00:00:00.000|390.00000000000000000000|Invoice 107165|2026-04-09 17:02:05.830|#
1284|5630|2025-12-09 00:00:00.000|97.50000000000000000000|Invoice 107165|2026-04-09 17:02:05.830|#
1285|5410|2025-12-09 00:00:00.000|-487.50000000000000000000|Invoice 107165|2026-04-09 17:02:05.837|#
1286|2910|2025-12-09 00:00:00.000|-487.50000000000000000000|Invoice 107165|2026-04-09 17:02:05.850|#
1287|5410|2025-12-09 00:00:00.000|487.50000000000000000000|Invoice 107165|2026-04-09 17:02:05.850|#
1288|2110|2025-12-10 00:00:00.000|166.80000000000000000000|Direct Cost 30000 on 12/10/25|2026-04-09 17:02:05.917|#
1289|7170|2025-12-10 00:00:00.000|-166.80000000000000000000|Direct Cost 30000 on 12/10/25|2026-04-09 17:02:05.917|#
1290|7120|2025-12-10 00:00:00.000|166.80000000000000000000|Invoice 107166|2026-04-09 17:02:05.923|#
1291|5630|2025-12-10 00:00:00.000|41.70000000000000000000|Invoice 107166|2026-04-09 17:02:05.923|#
1292|5620|2025-12-10 00:00:00.000|-41.70000000000000000000|Invoice 107166|2026-04-09 17:02:05.923|#
1293|5420|2025-12-10 00:00:00.000|-166.80000000000000000000|Invoice 107166|2026-04-09 17:02:05.927|#
1294|2910|2025-12-10 00:00:00.000|-166.80000000000000000000|Invoice 107166|2026-04-09 17:02:05.940|#
1295|5420|2025-12-10 00:00:00.000|166.80000000000000000000|Invoice 107166|2026-04-09 17:02:05.940|#
1296|2110|2025-12-10 00:00:00.000|2828.80000000000000000000|Direct Cost 50000 on 12/10/25|2026-04-09 17:02:06.007|#
1297|7170|2025-12-10 00:00:00.000|-2828.80000000000000000000|Direct Cost 50000 on 12/10/25|2026-04-09 17:02:06.007|#
1298|7110|2025-12-10 00:00:00.000|2828.80000000000000000000|Invoice 107167|2026-04-09 17:02:06.013|#
1299|5630|2025-12-10 00:00:00.000|707.20000000000000000000|Invoice 107167|2026-04-09 17:02:06.013|#
1300|5410|2025-12-10 00:00:00.000|-3536.00000000000000000000|Invoice 107167|2026-04-09 17:02:06.017|#
1301|2910|2025-12-10 00:00:00.000|-3536.00000000000000000000|Invoice 107167|2026-04-09 17:02:06.030|#
1302|5410|2025-12-10 00:00:00.000|3536.00000000000000000000|Invoice 107167|2026-04-09 17:02:06.030|#
1303|2110|2025-12-11 00:00:00.000|195.00000000000000000000|Direct Cost 40000 on 12/11/25|2026-04-09 17:02:06.097|#
1304|7170|2025-12-11 00:00:00.000|-195.00000000000000000000|Direct Cost 40000 on 12/11/25|2026-04-09 17:02:06.100|#
1305|7110|2025-12-11 00:00:00.000|195.00000000000000000000|Invoice 107168|2026-04-09 17:02:06.107|#
1306|5630|2025-12-11 00:00:00.000|48.75000000000000000000|Invoice 107168|2026-04-09 17:02:06.107|#
1307|5410|2025-12-11 00:00:00.000|-243.75000000000000000000|Invoice 107168|2026-04-09 17:02:06.137|#
1308|2910|2025-12-11 00:00:00.000|-243.75000000000000000000|Invoice 107168|2026-04-09 17:02:06.157|#
1309|5410|2025-12-11 00:00:00.000|243.75000000000000000000|Invoice 107168|2026-04-09 17:02:06.157|#
1310|2110|2025-12-12 00:00:00.000|439.00000000000000000000|Direct Cost 30000 on 12/12/25|2026-04-09 17:02:06.230|#
1311|7170|2025-12-12 00:00:00.000|-439.00000000000000000000|Direct Cost 30000 on 12/12/25|2026-04-09 17:02:06.233|#
1312|7120|2025-12-12 00:00:00.000|439.00000000000000000000|Invoice 107169|2026-04-09 17:02:06.237|#
1313|5630|2025-12-12 00:00:00.000|109.75000000000000000000|Invoice 107169|2026-04-09 17:02:06.237|#
1314|5620|2025-12-12 00:00:00.000|-109.75000000000000000000|Invoice 107169|2026-04-09 17:02:06.237|#
1315|5420|2025-12-12 00:00:00.000|-439.00000000000000000000|Invoice 107169|2026-04-09 17:02:06.243|#
1316|2910|2025-12-12 00:00:00.000|-439.00000000000000000000|Invoice 107169|2026-04-09 17:02:06.257|#
1317|5420|2025-12-12 00:00:00.000|439.00000000000000000000|Invoice 107169|2026-04-09 17:02:06.257|#
1318|2110|2026-01-04 00:00:00.000|480.50000000000000000000|Direct Cost 20000 on 01/04/26|2026-04-09 17:02:06.343|#
1319|7170|2026-01-04 00:00:00.000|-480.50000000000000000000|Direct Cost 20000 on 01/04/26|2026-04-09 17:02:06.347|#
1320|2110|2026-01-04 00:00:00.000|487.50000000000000000000|Direct Cost 20000 on 01/04/26|2026-04-09 17:02:06.350|#
1321|7170|2026-01-04 00:00:00.000|-487.50000000000000000000|Direct Cost 20000 on 01/04/26|2026-04-09 17:02:06.350|#
1322|7110|2026-01-04 00:00:00.000|968.00000000000000000000|Invoice 107170|2026-04-09 17:02:06.357|#
1323|5630|2026-01-04 00:00:00.000|242.00000000000000000000|Invoice 107170|2026-04-09 17:02:06.357|#
1324|5410|2026-01-04 00:00:00.000|-1210.00000000000000000000|Invoice 107170|2026-04-09 17:02:06.363|#
1325|2910|2026-01-04 00:00:00.000|-1210.00000000000000000000|Invoice 107170|2026-04-09 17:02:06.377|#
1326|5410|2026-01-04 00:00:00.000|1210.00000000000000000000|Invoice 107170|2026-04-09 17:02:06.377|#
1327|2110|2026-01-04 00:00:00.000|1968.00000000000000000000|Direct Cost 40000 on 01/04/26|2026-04-09 17:02:06.453|#
1328|7170|2026-01-04 00:00:00.000|-1968.00000000000000000000|Direct Cost 40000 on 01/04/26|2026-04-09 17:02:06.457|#
1329|7110|2026-01-04 00:00:00.000|1968.00000000000000000000|Invoice 107171|2026-04-09 17:02:06.460|#
1330|5630|2026-01-04 00:00:00.000|492.00000000000000000000|Invoice 107171|2026-04-09 17:02:06.460|#
1331|5410|2026-01-04 00:00:00.000|-2460.00000000000000000000|Invoice 107171|2026-04-09 17:02:06.467|#
1332|2910|2026-01-04 00:00:00.000|-2460.00000000000000000000|Invoice 107171|2026-04-09 17:02:06.480|#
1333|5410|2026-01-04 00:00:00.000|2460.00000000000000000000|Invoice 107171|2026-04-09 17:02:06.480|#
1334|2110|2026-01-05 00:00:00.000|576.60000000000000000000|Direct Cost 30000 on 01/05/26|2026-04-09 17:02:06.550|#
1335|7170|2026-01-05 00:00:00.000|-576.60000000000000000000|Direct Cost 30000 on 01/05/26|2026-04-09 17:02:06.553|#
1336|7120|2026-01-05 00:00:00.000|576.60000000000000000000|Invoice 107172|2026-04-09 17:02:06.557|#
1337|5630|2026-01-05 00:00:00.000|144.15000000000000000000|Invoice 107172|2026-04-09 17:02:06.557|#
1338|5620|2026-01-05 00:00:00.000|-144.15000000000000000000|Invoice 107172|2026-04-09 17:02:06.557|#
1339|5420|2026-01-05 00:00:00.000|-576.60000000000000000000|Invoice 107172|2026-04-09 17:02:06.563|#
1340|2910|2026-01-05 00:00:00.000|-576.60000000000000000000|Invoice 107172|2026-04-09 17:02:06.577|#
1341|5420|2026-01-05 00:00:00.000|576.60000000000000000000|Invoice 107172|2026-04-09 17:02:06.577|#
1342|2110|2026-01-06 00:00:00.000|672.70000000000000000000|Direct Cost 20000 on 01/06/26|2026-04-09 17:02:06.647|#
1343|7170|2026-01-06 00:00:00.000|-672.70000000000000000000|Direct Cost 20000 on 01/06/26|2026-04-09 17:02:06.650|#
1344|7110|2026-01-06 00:00:00.000|672.70000000000000000000|Invoice 107173|2026-04-09 17:02:06.657|#
1345|5630|2026-01-06 00:00:00.000|168.18000000000000000000|Invoice 107173|2026-04-09 17:02:06.657|#
1346|5410|2026-01-06 00:00:00.000|-840.88000000000000000000|Invoice 107173|2026-04-09 17:02:06.660|#
1347|2910|2026-01-06 00:00:00.000|-840.88000000000000000000|Invoice 107173|2026-04-09 17:02:06.673|#
1348|5410|2026-01-06 00:00:00.000|840.88000000000000000000|Invoice 107173|2026-04-09 17:02:06.673|#
1349|2110|2026-01-07 00:00:00.000|780.00000000000000000000|Direct Cost 50000 on 01/07/26|2026-04-09 17:02:06.760|#
1350|7170|2026-01-07 00:00:00.000|-780.00000000000000000000|Direct Cost 50000 on 01/07/26|2026-04-09 17:02:06.760|#
1351|2110|2026-01-07 00:00:00.000|384.40000000000000000000|Direct Cost 50000 on 01/07/26|2026-04-09 17:02:06.763|#
1352|7170|2026-01-07 00:00:00.000|-384.40000000000000000000|Direct Cost 50000 on 01/07/26|2026-04-09 17:02:06.767|#
1353|7110|2026-01-07 00:00:00.000|1164.40000000000000000000|Invoice 107174|2026-04-09 17:02:06.770|#
1354|5630|2026-01-07 00:00:00.000|291.10000000000000000000|Invoice 107174|2026-04-09 17:02:06.770|#
1355|5410|2026-01-07 00:00:00.000|-1455.50000000000000000000|Invoice 107174|2026-04-09 17:02:06.777|#
1356|2910|2026-01-07 00:00:00.000|-1455.50000000000000000000|Invoice 107174|2026-04-09 17:02:06.790|#
1357|5410|2026-01-07 00:00:00.000|1455.50000000000000000000|Invoice 107174|2026-04-09 17:02:06.790|#
1358|2110|2026-01-07 00:00:00.000|877.50000000000000000000|Direct Cost 10000 on 01/07/26|2026-04-09 17:02:06.870|#
1359|7170|2026-01-07 00:00:00.000|-877.50000000000000000000|Direct Cost 10000 on 01/07/26|2026-04-09 17:02:06.873|#
1360|7130|2026-01-07 00:00:00.000|877.50000000000000000000|Invoice 107175|2026-04-09 17:02:06.877|#
1361|5420|2026-01-07 00:00:00.000|-877.50000000000000000000|Invoice 107175|2026-04-09 17:02:06.880|#
1362|2910|2026-01-07 00:00:00.000|-877.50000000000000000000|Invoice 107175|2026-04-09 17:02:06.893|#
1363|5420|2026-01-07 00:00:00.000|877.50000000000000000000|Invoice 107175|2026-04-09 17:02:06.893|#
1364|2110|2026-01-08 00:00:00.000|5066.00000000000000000000|Direct Cost 50000 on 01/08/26|2026-04-09 17:02:06.960|#
1365|7170|2026-01-08 00:00:00.000|-5066.00000000000000000000|Direct Cost 50000 on 01/08/26|2026-04-09 17:02:06.963|#
1366|7110|2026-01-08 00:00:00.000|5066.00000000000000000000|Invoice 107176|2026-04-09 17:02:06.967|#
1367|5630|2026-01-08 00:00:00.000|1266.50000000000000000000|Invoice 107176|2026-04-09 17:02:06.967|#
1368|5410|2026-01-08 00:00:00.000|-6332.50000000000000000000|Invoice 107176|2026-04-09 17:02:06.973|#
1369|2910|2026-01-08 00:00:00.000|-6332.50000000000000000000|Invoice 107176|2026-04-09 17:02:06.983|#
1370|5410|2026-01-08 00:00:00.000|6332.50000000000000000000|Invoice 107176|2026-04-09 17:02:06.983|#
1371|2110|2026-01-09 00:00:00.000|682.50000000000000000000|Direct Cost 20000 on 01/09/26|2026-04-09 17:02:07.050|#
1372|7170|2026-01-09 00:00:00.000|-682.50000000000000000000|Direct Cost 20000 on 01/09/26|2026-04-09 17:02:07.053|#
1373|7110|2026-01-09 00:00:00.000|682.50000000000000000000|Invoice 107177|2026-04-09 17:02:07.057|#
1374|5630|2026-01-09 00:00:00.000|170.63000000000000000000|Invoice 107177|2026-04-09 17:02:07.057|#
1375|5410|2026-01-09 00:00:00.000|-853.13000000000000000000|Invoice 107177|2026-04-09 17:02:07.063|#
1376|2910|2026-01-09 00:00:00.000|-853.13000000000000000000|Invoice 107177|2026-04-09 17:02:07.077|#
1377|5410|2026-01-09 00:00:00.000|853.13000000000000000000|Invoice 107177|2026-04-09 17:02:07.077|#
1378|2110|2026-01-10 00:00:00.000|305.80000000000000000000|Direct Cost 30000 on 01/10/26|2026-04-09 17:02:07.150|#
1379|7170|2026-01-10 00:00:00.000|-305.80000000000000000000|Direct Cost 30000 on 01/10/26|2026-04-09 17:02:07.153|#
1380|7120|2026-01-10 00:00:00.000|305.80000000000000000000|Invoice 107178|2026-04-09 17:02:07.157|#
1381|5630|2026-01-10 00:00:00.000|76.45000000000000000000|Invoice 107178|2026-04-09 17:02:07.157|#
1382|5620|2026-01-10 00:00:00.000|-76.45000000000000000000|Invoice 107178|2026-04-09 17:02:07.157|#
1383|5420|2026-01-10 00:00:00.000|-305.80000000000000000000|Invoice 107178|2026-04-09 17:02:07.163|#
1384|2910|2026-01-10 00:00:00.000|-305.80000000000000000000|Invoice 107178|2026-04-09 17:02:07.177|#
1385|5420|2026-01-10 00:00:00.000|305.80000000000000000000|Invoice 107178|2026-04-09 17:02:07.177|#
1386|2110|2026-01-10 00:00:00.000|4950.40000000000000000000|Direct Cost 40000 on 01/10/26|2026-04-09 17:02:07.243|#
1387|7170|2026-01-10 00:00:00.000|-4950.40000000000000000000|Direct Cost 40000 on 01/10/26|2026-04-09 17:02:07.247|#
1388|7110|2026-01-10 00:00:00.000|4950.40000000000000000000|Invoice 107179|2026-04-09 17:02:07.250|#
1389|5630|2026-01-10 00:00:00.000|1237.60000000000000000000|Invoice 107179|2026-04-09 17:02:07.250|#
1390|5410|2026-01-10 00:00:00.000|-6188.00000000000000000000|Invoice 107179|2026-04-09 17:02:07.257|#
1391|2910|2026-01-10 00:00:00.000|-6188.00000000000000000000|Invoice 107179|2026-04-09 17:02:07.267|#
1392|5410|2026-01-10 00:00:00.000|6188.00000000000000000000|Invoice 107179|2026-04-09 17:02:07.267|#
1393|2110|2026-01-11 00:00:00.000|585.00000000000000000000|Direct Cost 40000 on 01/11/26|2026-04-09 17:02:07.337|#
1394|7170|2026-01-11 00:00:00.000|-585.00000000000000000000|Direct Cost 40000 on 01/11/26|2026-04-09 17:02:07.340|#
1395|7110|2026-01-11 00:00:00.000|585.00000000000000000000|Invoice 107180|2026-04-09 17:02:07.343|#
1396|5630|2026-01-11 00:00:00.000|146.25000000000000000000|Invoice 107180|2026-04-09 17:02:07.343|#
1397|5410|2026-01-11 00:00:00.000|-731.25000000000000000000|Invoice 107180|2026-04-09 17:02:07.350|#
1398|2910|2026-01-11 00:00:00.000|-731.25000000000000000000|Invoice 107180|2026-04-09 17:02:07.363|#
1399|5410|2026-01-11 00:00:00.000|731.25000000000000000000|Invoice 107180|2026-04-09 17:02:07.363|#
1400|2110|2026-01-11 00:00:00.000|480.50000000000000000000|Direct Cost 30000 on 01/11/26|2026-04-09 17:02:07.427|#
1401|7170|2026-01-11 00:00:00.000|-480.50000000000000000000|Direct Cost 30000 on 01/11/26|2026-04-09 17:02:07.430|#
1402|7120|2026-01-11 00:00:00.000|480.50000000000000000000|Invoice 107181|2026-04-09 17:02:07.437|#
1403|5630|2026-01-11 00:00:00.000|120.13000000000000000000|Invoice 107181|2026-04-09 17:02:07.437|#
1404|5620|2026-01-11 00:00:00.000|-120.13000000000000000000|Invoice 107181|2026-04-09 17:02:07.437|#
1405|5420|2026-01-11 00:00:00.000|-480.50000000000000000000|Invoice 107181|2026-04-09 17:02:07.440|#
1406|2910|2026-01-11 00:00:00.000|-480.50000000000000000000|Invoice 107181|2026-04-09 17:02:07.453|#
1407|5420|2026-01-11 00:00:00.000|480.50000000000000000000|Invoice 107181|2026-04-09 17:02:07.453|#
1408|2110|2026-01-12 00:00:00.000|1317.00000000000000000000|Direct Cost 30000 on 01/12/26|2026-04-09 17:02:07.527|#
1409|7170|2026-01-12 00:00:00.000|-1317.00000000000000000000|Direct Cost 30000 on 01/12/26|2026-04-09 17:02:07.530|#
1410|7120|2026-01-12 00:00:00.000|1317.00000000000000000000|Invoice 107182|2026-04-09 17:02:07.533|#
1411|5630|2026-01-12 00:00:00.000|329.25000000000000000000|Invoice 107182|2026-04-09 17:02:07.533|#
1412|5620|2026-01-12 00:00:00.000|-329.25000000000000000000|Invoice 107182|2026-04-09 17:02:07.533|#
1413|5420|2026-01-12 00:00:00.000|-1317.00000000000000000000|Invoice 107182|2026-04-09 17:02:07.540|#
1414|2910|2026-01-12 00:00:00.000|-1317.00000000000000000000|Invoice 107182|2026-04-09 17:02:07.553|#
1415|5420|2026-01-12 00:00:00.000|1317.00000000000000000000|Invoice 107182|2026-04-09 17:02:07.553|#
1416|2110|2026-02-04 00:00:00.000|576.60000000000000000000|Direct Cost 20000 on 02/04/26|2026-04-09 17:02:07.643|#
1417|7170|2026-02-04 00:00:00.000|-576.60000000000000000000|Direct Cost 20000 on 02/04/26|2026-04-09 17:02:07.643|#
1418|2110|2026-02-04 00:00:00.000|585.00000000000000000000|Direct Cost 20000 on 02/04/26|2026-04-09 17:02:07.647|#
1419|7170|2026-02-04 00:00:00.000|-585.00000000000000000000|Direct Cost 20000 on 02/04/26|2026-04-09 17:02:07.650|#
1420|7110|2026-02-04 00:00:00.000|1161.60000000000000000000|Invoice 107183|2026-04-09 17:02:07.657|#
1421|5630|2026-02-04 00:00:00.000|290.40000000000000000000|Invoice 107183|2026-04-09 17:02:07.657|#
1422|5410|2026-02-04 00:00:00.000|-1452.00000000000000000000|Invoice 107183|2026-04-09 17:02:07.660|#
1423|2910|2026-02-04 00:00:00.000|-1452.00000000000000000000|Invoice 107183|2026-04-09 17:02:07.673|#
1424|5410|2026-02-04 00:00:00.000|1452.00000000000000000000|Invoice 107183|2026-04-09 17:02:07.673|#
1425|2110|2026-02-04 00:00:00.000|1968.00000000000000000000|Direct Cost 40000 on 02/04/26|2026-04-09 17:02:07.753|#
1426|7170|2026-02-04 00:00:00.000|-1968.00000000000000000000|Direct Cost 40000 on 02/04/26|2026-04-09 17:02:07.757|#
1427|7110|2026-02-04 00:00:00.000|1968.00000000000000000000|Invoice 107184|2026-04-09 17:02:07.760|#
1428|5630|2026-02-04 00:00:00.000|492.00000000000000000000|Invoice 107184|2026-04-09 17:02:07.760|#
1429|5410|2026-02-04 00:00:00.000|-2460.00000000000000000000|Invoice 107184|2026-04-09 17:02:07.767|#
1430|2910|2026-02-04 00:00:00.000|-2460.00000000000000000000|Invoice 107184|2026-04-09 17:02:07.780|#
1431|5410|2026-02-04 00:00:00.000|2460.00000000000000000000|Invoice 107184|2026-04-09 17:02:07.780|#
1432|2110|2026-02-05 00:00:00.000|672.70000000000000000000|Direct Cost 30000 on 02/05/26|2026-04-09 17:02:07.843|#
1433|7170|2026-02-05 00:00:00.000|-672.70000000000000000000|Direct Cost 30000 on 02/05/26|2026-04-09 17:02:07.847|#
1434|7120|2026-02-05 00:00:00.000|672.70000000000000000000|Invoice 107185|2026-04-09 17:02:07.853|#
1435|5630|2026-02-05 00:00:00.000|168.18000000000000000000|Invoice 107185|2026-04-09 17:02:07.853|#
1436|5620|2026-02-05 00:00:00.000|-168.18000000000000000000|Invoice 107185|2026-04-09 17:02:07.853|#
1437|5420|2026-02-05 00:00:00.000|-672.70000000000000000000|Invoice 107185|2026-04-09 17:02:07.860|#
1438|2910|2026-02-05 00:00:00.000|-672.70000000000000000000|Invoice 107185|2026-04-09 17:02:07.873|#
1439|5420|2026-02-05 00:00:00.000|672.70000000000000000000|Invoice 107185|2026-04-09 17:02:07.873|#
1440|2110|2026-02-06 00:00:00.000|1170.00000000000000000000|Direct Cost 50000 on 02/06/26|2026-04-09 17:02:07.957|#
1441|7170|2026-02-06 00:00:00.000|-1170.00000000000000000000|Direct Cost 50000 on 02/06/26|2026-04-09 17:02:07.960|#
1442|2110|2026-02-06 00:00:00.000|384.40000000000000000000|Direct Cost 50000 on 02/06/26|2026-04-09 17:02:07.963|#
1443|7170|2026-02-06 00:00:00.000|-384.40000000000000000000|Direct Cost 50000 on 02/06/26|2026-04-09 17:02:07.963|#
1444|7110|2026-02-06 00:00:00.000|1554.40000000000000000000|Invoice 107186|2026-04-09 17:02:07.970|#
1445|5630|2026-02-06 00:00:00.000|388.60000000000000000000|Invoice 107186|2026-04-09 17:02:07.970|#
1446|5410|2026-02-06 00:00:00.000|-1943.00000000000000000000|Invoice 107186|2026-04-09 17:02:07.977|#
1447|2910|2026-02-06 00:00:00.000|-1943.00000000000000000000|Invoice 107186|2026-04-09 17:02:07.987|#
1448|5410|2026-02-06 00:00:00.000|1943.00000000000000000000|Invoice 107186|2026-04-09 17:02:07.987|#
1449|2110|2026-02-06 00:00:00.000|1072.50000000000000000000|Direct Cost 10000 on 02/06/26|2026-04-09 17:02:08.057|#
1450|7170|2026-02-06 00:00:00.000|-1072.50000000000000000000|Direct Cost 10000 on 02/06/26|2026-04-09 17:02:08.060|#
1451|7130|2026-02-06 00:00:00.000|1072.50000000000000000000|Invoice 107187|2026-04-09 17:02:08.063|#
1452|5420|2026-02-06 00:00:00.000|-1072.50000000000000000000|Invoice 107187|2026-04-09 17:02:08.067|#
1453|2910|2026-02-06 00:00:00.000|-1072.50000000000000000000|Invoice 107187|2026-04-09 17:02:08.080|#
1454|5420|2026-02-06 00:00:00.000|1072.50000000000000000000|Invoice 107187|2026-04-09 17:02:08.080|#
1455|2110|2026-02-06 00:00:00.000|576.60000000000000000000|Direct Cost 20000 on 02/06/26|2026-04-09 17:02:08.143|#
1456|7170|2026-02-06 00:00:00.000|-576.60000000000000000000|Direct Cost 20000 on 02/06/26|2026-04-09 17:02:08.147|#
1457|7110|2026-02-06 00:00:00.000|576.60000000000000000000|Invoice 107188|2026-04-09 17:02:08.153|#
1458|5630|2026-02-06 00:00:00.000|144.15000000000000000000|Invoice 107188|2026-04-09 17:02:08.153|#
1459|5410|2026-02-06 00:00:00.000|-720.75000000000000000000|Invoice 107188|2026-04-09 17:02:08.157|#
1460|2910|2026-02-06 00:00:00.000|-720.75000000000000000000|Invoice 107188|2026-04-09 17:02:08.170|#
1461|5410|2026-02-06 00:00:00.000|720.75000000000000000000|Invoice 107188|2026-04-09 17:02:08.170|#
1462|2110|2026-02-08 00:00:00.000|7599.00000000000000000000|Direct Cost 50000 on 02/08/26|2026-04-09 17:02:08.237|#
1463|7170|2026-02-08 00:00:00.000|-7599.00000000000000000000|Direct Cost 50000 on 02/08/26|2026-04-09 17:02:08.240|#
1464|7110|2026-02-08 00:00:00.000|7599.00000000000000000000|Invoice 107189|2026-04-09 17:02:08.243|#
1465|5630|2026-02-08 00:00:00.000|1899.75000000000000000000|Invoice 107189|2026-04-09 17:02:08.243|#
1466|5410|2026-02-08 00:00:00.000|-9498.75000000000000000000|Invoice 107189|2026-04-09 17:02:08.250|#
1467|2910|2026-02-08 00:00:00.000|-9498.75000000000000000000|Invoice 107189|2026-04-09 17:02:08.263|#
1468|5410|2026-02-08 00:00:00.000|9498.75000000000000000000|Invoice 107189|2026-04-09 17:02:08.263|#
1469|2110|2026-02-08 00:00:00.000|780.00000000000000000000|Direct Cost 20000 on 02/08/26|2026-04-09 17:02:08.330|#
1470|7170|2026-02-08 00:00:00.000|-780.00000000000000000000|Direct Cost 20000 on 02/08/26|2026-04-09 17:02:08.333|#
1471|7110|2026-02-08 00:00:00.000|780.00000000000000000000|Invoice 107190|2026-04-09 17:02:08.337|#
1472|5630|2026-02-08 00:00:00.000|195.00000000000000000000|Invoice 107190|2026-04-09 17:02:08.337|#
1473|5410|2026-02-08 00:00:00.000|-975.00000000000000000000|Invoice 107190|2026-04-09 17:02:08.343|#
1474|2910|2026-02-08 00:00:00.000|-975.00000000000000000000|Invoice 107190|2026-04-09 17:02:08.357|#
1475|5410|2026-02-08 00:00:00.000|975.00000000000000000000|Invoice 107190|2026-04-09 17:02:08.357|#
1476|2110|2026-02-09 00:00:00.000|361.40000000000000000000|Direct Cost 30000 on 02/09/26|2026-04-09 17:02:08.423|#
1477|7170|2026-02-09 00:00:00.000|-361.40000000000000000000|Direct Cost 30000 on 02/09/26|2026-04-09 17:02:08.427|#
1478|7120|2026-02-09 00:00:00.000|361.40000000000000000000|Invoice 107191|2026-04-09 17:02:08.430|#
1479|5630|2026-02-09 00:00:00.000|90.35000000000000000000|Invoice 107191|2026-04-09 17:02:08.430|#
1480|5620|2026-02-09 00:00:00.000|-90.35000000000000000000|Invoice 107191|2026-04-09 17:02:08.430|#
1481|5420|2026-02-09 00:00:00.000|-361.40000000000000000000|Invoice 107191|2026-04-09 17:02:08.437|#
1482|2910|2026-02-09 00:00:00.000|-361.40000000000000000000|Invoice 107191|2026-04-09 17:02:08.450|#
1483|5420|2026-02-09 00:00:00.000|361.40000000000000000000|Invoice 107191|2026-04-09 17:02:08.450|#
1484|2110|2026-02-09 00:00:00.000|7072.00000000000000000000|Direct Cost 40000 on 02/09/26|2026-04-09 17:02:08.517|#
1485|7170|2026-02-09 00:00:00.000|-7072.00000000000000000000|Direct Cost 40000 on 02/09/26|2026-04-09 17:02:08.523|#
1486|7110|2026-02-09 00:00:00.000|7072.00000000000000000000|Invoice 107192|2026-04-09 17:02:08.527|#
1487|5630|2026-02-09 00:00:00.000|1768.00000000000000000000|Invoice 107192|2026-04-09 17:02:08.527|#
1488|5410|2026-02-09 00:00:00.000|-8840.00000000000000000000|Invoice 107192|2026-04-09 17:02:08.533|#
1489|2910|2026-02-09 00:00:00.000|-8840.00000000000000000000|Invoice 107192|2026-04-09 17:02:08.547|#
1490|5410|2026-02-09 00:00:00.000|8840.00000000000000000000|Invoice 107192|2026-04-09 17:02:08.547|#
1491|2110|2026-02-10 00:00:00.000|487.50000000000000000000|Direct Cost 40000 on 02/10/26|2026-04-09 17:02:08.613|#
1492|7170|2026-02-10 00:00:00.000|-487.50000000000000000000|Direct Cost 40000 on 02/10/26|2026-04-09 17:02:08.617|#
1493|7110|2026-02-10 00:00:00.000|487.50000000000000000000|Invoice 107193|2026-04-09 17:02:08.620|#
1494|5630|2026-02-10 00:00:00.000|121.88000000000000000000|Invoice 107193|2026-04-09 17:02:08.620|#
1495|5410|2026-02-10 00:00:00.000|-609.38000000000000000000|Invoice 107193|2026-04-09 17:02:08.627|#
1496|2910|2026-02-10 00:00:00.000|-609.38000000000000000000|Invoice 107193|2026-04-09 17:02:08.640|#
1497|5410|2026-02-10 00:00:00.000|609.38000000000000000000|Invoice 107193|2026-04-09 17:02:08.640|#
1498|2110|2026-02-10 00:00:00.000|672.70000000000000000000|Direct Cost 30000 on 02/10/26|2026-04-09 17:02:08.720|#
1499|7170|2026-02-10 00:00:00.000|-672.70000000000000000000|Direct Cost 30000 on 02/10/26|2026-04-09 17:02:08.723|#
1500|7120|2026-02-10 00:00:00.000|672.70000000000000000000|Invoice 107194|2026-04-09 17:02:08.727|#
1501|5630|2026-02-10 00:00:00.000|168.18000000000000000000|Invoice 107194|2026-04-09 17:02:08.727|#
1502|5620|2026-02-10 00:00:00.000|-168.18000000000000000000|Invoice 107194|2026-04-09 17:02:08.727|#
1503|5420|2026-02-10 00:00:00.000|-672.70000000000000000000|Invoice 107194|2026-04-09 17:02:08.733|#
1504|2910|2026-02-10 00:00:00.000|-672.70000000000000000000|Invoice 107194|2026-04-09 17:02:08.753|#
1505|5420|2026-02-10 00:00:00.000|672.70000000000000000000|Invoice 107194|2026-04-09 17:02:08.753|#
1506|2110|2026-02-11 00:00:00.000|2195.00000000000000000000|Direct Cost 30000 on 02/11/26|2026-04-09 17:02:08.827|#
1507|7170|2026-02-11 00:00:00.000|-2195.00000000000000000000|Direct Cost 30000 on 02/11/26|2026-04-09 17:02:08.830|#
1508|7120|2026-02-11 00:00:00.000|2195.00000000000000000000|Invoice 107195|2026-04-09 17:02:08.833|#
1509|5630|2026-02-11 00:00:00.000|548.75000000000000000000|Invoice 107195|2026-04-09 17:02:08.833|#
1510|5620|2026-02-11 00:00:00.000|-548.75000000000000000000|Invoice 107195|2026-04-09 17:02:08.833|#
1511|5420|2026-02-11 00:00:00.000|-2195.00000000000000000000|Invoice 107195|2026-04-09 17:02:08.840|#
1512|2910|2026-02-11 00:00:00.000|-2195.00000000000000000000|Invoice 107195|2026-04-09 17:02:08.853|#
1513|5420|2026-02-11 00:00:00.000|2195.00000000000000000000|Invoice 107195|2026-04-09 17:02:08.853|#
1514|2110|2026-03-03 00:00:00.000|672.70000000000000000000|Direct Cost 20000 on 03/03/26|2026-04-09 17:02:09.080|#
1515|7170|2026-03-03 00:00:00.000|-672.70000000000000000000|Direct Cost 20000 on 03/03/26|2026-04-09 17:02:09.083|#
1516|2110|2026-03-03 00:00:00.000|682.50000000000000000000|Direct Cost 20000 on 03/03/26|2026-04-09 17:02:09.087|#
1517|7170|2026-03-03 00:00:00.000|-682.50000000000000000000|Direct Cost 20000 on 03/03/26|2026-04-09 17:02:09.087|#
1518|7110|2026-03-03 00:00:00.000|1355.20000000000000000000|Invoice 107196|2026-04-09 17:02:09.093|#
1519|5630|2026-03-03 00:00:00.000|338.80000000000000000000|Invoice 107196|2026-04-09 17:02:09.093|#
1520|5410|2026-03-03 00:00:00.000|-1694.00000000000000000000|Invoice 107196|2026-04-09 17:02:09.100|#
1521|2110|2026-03-03 00:00:00.000|1968.00000000000000000000|Direct Cost 40000 on 03/03/26|2026-04-09 17:02:09.173|#
1522|7170|2026-03-03 00:00:00.000|-1968.00000000000000000000|Direct Cost 40000 on 03/03/26|2026-04-09 17:02:09.177|#
1523|7110|2026-03-03 00:00:00.000|1968.00000000000000000000|Invoice 107197|2026-04-09 17:02:09.180|#
1524|5630|2026-03-03 00:00:00.000|492.00000000000000000000|Invoice 107197|2026-04-09 17:02:09.180|#
1525|5410|2026-03-03 00:00:00.000|-2460.00000000000000000000|Invoice 107197|2026-04-09 17:02:09.187|#
1526|2110|2026-03-04 00:00:00.000|864.90000000000000000000|Direct Cost 30000 on 03/04/26|2026-04-09 17:02:09.253|#
1527|7170|2026-03-04 00:00:00.000|-864.90000000000000000000|Direct Cost 30000 on 03/04/26|2026-04-09 17:02:09.257|#
1528|7120|2026-03-04 00:00:00.000|864.90000000000000000000|Invoice 107198|2026-04-09 17:02:09.260|#
1529|5630|2026-03-04 00:00:00.000|216.23000000000000000000|Invoice 107198|2026-04-09 17:02:09.260|#
1530|5620|2026-03-04 00:00:00.000|-216.23000000000000000000|Invoice 107198|2026-04-09 17:02:09.260|#
1531|5420|2026-03-04 00:00:00.000|-864.90000000000000000000|Invoice 107198|2026-04-09 17:02:09.267|#
1532|2110|2026-03-05 00:00:00.000|768.80000000000000000000|Direct Cost 20000 on 03/05/26|2026-04-09 17:02:09.333|#
1533|7170|2026-03-05 00:00:00.000|-768.80000000000000000000|Direct Cost 20000 on 03/05/26|2026-04-09 17:02:09.337|#
1534|7110|2026-03-05 00:00:00.000|768.80000000000000000000|Invoice 107199|2026-04-09 17:02:09.340|#
1535|5630|2026-03-05 00:00:00.000|192.20000000000000000000|Invoice 107199|2026-04-09 17:02:09.340|#
1536|5410|2026-03-05 00:00:00.000|-961.00000000000000000000|Invoice 107199|2026-04-09 17:02:09.347|#
1537|2110|2026-03-06 00:00:00.000|975.00000000000000000000|Direct Cost 50000 on 03/06/26|2026-04-09 17:02:09.437|#
1538|7170|2026-03-06 00:00:00.000|-975.00000000000000000000|Direct Cost 50000 on 03/06/26|2026-04-09 17:02:09.437|#
1539|2110|2026-03-06 00:00:00.000|480.50000000000000000000|Direct Cost 50000 on 03/06/26|2026-04-09 17:02:09.440|#
1540|7170|2026-03-06 00:00:00.000|-480.50000000000000000000|Direct Cost 50000 on 03/06/26|2026-04-09 17:02:09.443|#
1541|7110|2026-03-06 00:00:00.000|1455.50000000000000000000|Invoice 107200|2026-04-09 17:02:09.447|#
1542|5630|2026-03-06 00:00:00.000|363.88000000000000000000|Invoice 107200|2026-04-09 17:02:09.450|#
1543|5410|2026-03-06 00:00:00.000|-1819.38000000000000000000|Invoice 107200|2026-04-09 17:02:09.457|#
1544|2110|2026-03-06 00:00:00.000|1267.50000000000000000000|Direct Cost 10000 on 03/06/26|2026-04-09 17:02:09.530|#
1545|7170|2026-03-06 00:00:00.000|-1267.50000000000000000000|Direct Cost 10000 on 03/06/26|2026-04-09 17:02:09.533|#
1546|7130|2026-03-06 00:00:00.000|1267.50000000000000000000|Invoice 107201|2026-04-09 17:02:09.537|#
1547|5420|2026-03-06 00:00:00.000|-1267.50000000000000000000|Invoice 107201|2026-04-09 17:02:09.543|#
1548|2110|2026-03-07 00:00:00.000|9118.80000000000000000000|Direct Cost 50000 on 03/07/26|2026-04-09 17:02:09.610|#
1549|7170|2026-03-07 00:00:00.000|-9118.80000000000000000000|Direct Cost 50000 on 03/07/26|2026-04-09 17:02:09.613|#
1550|7110|2026-03-07 00:00:00.000|9118.80000000000000000000|Invoice 107202|2026-04-09 17:02:09.617|#
1551|5630|2026-03-07 00:00:00.000|2279.70000000000000000000|Invoice 107202|2026-04-09 17:02:09.617|#
1552|5410|2026-03-07 00:00:00.000|-11398.50000000000000000000|Invoice 107202|2026-04-09 17:02:09.623|#
1553|2110|2026-03-08 00:00:00.000|877.50000000000000000000|Direct Cost 20000 on 03/08/26|2026-04-09 17:02:09.690|#
1554|7170|2026-03-08 00:00:00.000|-877.50000000000000000000|Direct Cost 20000 on 03/08/26|2026-04-09 17:02:09.693|#
1555|7110|2026-03-08 00:00:00.000|877.50000000000000000000|Invoice 107203|2026-04-09 17:02:09.697|#
1556|5630|2026-03-08 00:00:00.000|219.38000000000000000000|Invoice 107203|2026-04-09 17:02:09.697|#
1557|5410|2026-03-08 00:00:00.000|-1096.88000000000000000000|Invoice 107203|2026-04-09 17:02:09.703|#
1558|2110|2026-03-09 00:00:00.000|444.80000000000000000000|Direct Cost 30000 on 03/09/26|2026-04-09 17:02:09.783|#
1559|7170|2026-03-09 00:00:00.000|-444.80000000000000000000|Direct Cost 30000 on 03/09/26|2026-04-09 17:02:09.783|#
1560|7120|2026-03-09 00:00:00.000|444.80000000000000000000|Invoice 107204|2026-04-09 17:02:09.790|#
1561|5630|2026-03-09 00:00:00.000|111.20000000000000000000|Invoice 107204|2026-04-09 17:02:09.790|#
1562|5620|2026-03-09 00:00:00.000|-111.20000000000000000000|Invoice 107204|2026-04-09 17:02:09.790|#
1563|5420|2026-03-09 00:00:00.000|-444.80000000000000000000|Invoice 107204|2026-04-09 17:02:09.797|#
1564|2110|2026-03-09 00:00:00.000|8486.40000000000000000000|Direct Cost 40000 on 03/09/26|2026-04-09 17:02:09.867|#
1565|7170|2026-03-09 00:00:00.000|-8486.40000000000000000000|Direct Cost 40000 on 03/09/26|2026-04-09 17:02:09.867|#
1566|7110|2026-03-09 00:00:00.000|8486.40000000000000000000|Invoice 107205|2026-04-09 17:02:09.873|#
1567|5630|2026-03-09 00:00:00.000|2121.60000000000000000000|Invoice 107205|2026-04-09 17:02:09.873|#
1568|5410|2026-03-09 00:00:00.000|-10608.00000000000000000000|Invoice 107205|2026-04-09 17:02:09.880|#
1569|2110|2026-03-10 00:00:00.000|682.50000000000000000000|Direct Cost 40000 on 03/10/26|2026-04-09 17:02:09.947|#
1570|7170|2026-03-10 00:00:00.000|-682.50000000000000000000|Direct Cost 40000 on 03/10/26|2026-04-09 17:02:09.947|#
1571|7110|2026-03-10 00:00:00.000|682.50000000000000000000|Invoice 107206|2026-04-09 17:02:09.950|#
1572|5630|2026-03-10 00:00:00.000|170.63000000000000000000|Invoice 107206|2026-04-09 17:02:09.950|#
1573|5410|2026-03-10 00:00:00.000|-853.13000000000000000000|Invoice 107206|2026-04-09 17:02:09.957|#
1574|2110|2026-03-10 00:00:00.000|768.80000000000000000000|Direct Cost 30000 on 03/10/26|2026-04-09 17:02:10.020|#
1575|7170|2026-03-10 00:00:00.000|-768.80000000000000000000|Direct Cost 30000 on 03/10/26|2026-04-09 17:02:10.023|#
1576|7120|2026-03-10 00:00:00.000|768.80000000000000000000|Invoice 107207|2026-04-09 17:02:10.027|#
1577|5630|2026-03-10 00:00:00.000|192.20000000000000000000|Invoice 107207|2026-04-09 17:02:10.027|#
1578|5620|2026-03-10 00:00:00.000|-192.20000000000000000000|Invoice 107207|2026-04-09 17:02:10.027|#
1579|5420|2026-03-10 00:00:00.000|-768.80000000000000000000|Invoice 107207|2026-04-09 17:02:10.033|#
1580|2110|2026-03-11 00:00:00.000|2195.00000000000000000000|Direct Cost 30000 on 03/11/26|2026-04-09 17:02:10.097|#
1581|7170|2026-03-11 00:00:00.000|-2195.00000000000000000000|Direct Cost 30000 on 03/11/26|2026-04-09 17:02:10.100|#
1582|7120|2026-03-11 00:00:00.000|2195.00000000000000000000|Invoice 107208|2026-04-09 17:02:10.107|#
1583|5630|2026-03-11 00:00:00.000|548.75000000000000000000|Invoice 107208|2026-04-09 17:02:10.107|#
1584|5620|2026-03-11 00:00:00.000|-548.75000000000000000000|Invoice 107208|2026-04-09 17:02:10.107|#
1585|5420|2026-03-11 00:00:00.000|-2195.00000000000000000000|Invoice 107208|2026-04-09 17:02:10.110|#
1586|2110|2026-04-01 00:00:00.000|-96.10000000000000000000|Direct Cost  on 04/01/26|2026-04-09 17:02:10.293|#
1587|7170|2026-04-01 00:00:00.000|96.10000000000000000000|Direct Cost  on 04/01/26|2026-04-09 17:02:10.297|#
1588|2110|2026-04-01 00:00:00.000|96.10000000000000000000|Direct Cost  on 04/01/26|2026-04-09 17:02:10.300|#
1589|7170|2026-04-01 00:00:00.000|-96.10000000000000000000|Direct Cost  on 04/01/26|2026-04-09 17:02:10.303|#
1590|2110|2026-04-01 00:00:00.000|-96.10000000000000000000|Direct Cost  on 04/01/26|2026-04-09 17:02:10.497|#
1591|7170|2026-04-01 00:00:00.000|96.10000000000000000000|Direct Cost  on 04/01/26|2026-04-09 17:02:10.497|#
1592|2110|2026-04-01 00:00:00.000|96.10000000000000000000|Direct Cost  on 04/01/26|2026-04-09 17:02:10.500|#
1593|7170|2026-04-01 00:00:00.000|-96.10000000000000000000|Direct Cost  on 04/01/26|2026-04-09 17:02:10.503|#
1594|2110|2025-01-13 00:00:00.000|-83.40000000000000000000|Direct Cost 20000 on 01/13/25|2026-04-09 17:02:10.777|#
1595|7190|2025-01-13 00:00:00.000|83.40000000000000000000|Direct Cost 20000 on 01/13/25|2026-04-09 17:02:10.780|#
1596|6110|2025-01-13 00:00:00.000|-106.80000000000000000000|Invoice 102001|2026-04-09 17:02:10.787|#
1597|5610|2025-01-13 00:00:00.000|-26.70000000000000000000|Invoice 102001|2026-04-09 17:02:10.787|#
1598|2310|2025-01-13 00:00:00.000|133.50000000000000000000|Invoice 102001|2026-04-09 17:02:10.847|#
1599|2910|2025-01-13 00:00:00.000|133.50000000000000000000|Invoice 102001|2026-04-09 17:02:10.993|#
1600|2310|2025-01-13 00:00:00.000|-133.50000000000000000000|Invoice 102001|2026-04-09 17:02:10.993|#
1601|2110|2025-01-14 00:00:00.000|-390.00000000000000000000|Direct Cost 10000 on 01/14/25|2026-04-09 17:02:11.153|#
1602|7190|2025-01-14 00:00:00.000|390.00000000000000000000|Direct Cost 10000 on 01/14/25|2026-04-09 17:02:11.157|#
1603|6110|2025-01-14 00:00:00.000|-500.40000000000000000000|Invoice 102002|2026-04-09 17:02:11.163|#
1604|5610|2025-01-14 00:00:00.000|-125.10000000000000000000|Invoice 102002|2026-04-09 17:02:11.163|#
1605|2310|2025-01-14 00:00:00.000|625.50000000000000000000|Invoice 102002|2026-04-09 17:02:11.180|#
1606|2910|2025-01-14 00:00:00.000|625.50000000000000000000|Invoice 102002|2026-04-09 17:02:11.197|#
1607|2310|2025-01-14 00:00:00.000|-625.50000000000000000000|Invoice 102002|2026-04-09 17:02:11.197|#
1608|2110|2025-01-15 00:00:00.000|-97.50000000000000000000|Direct Cost 30000 on 01/15/25|2026-04-09 17:02:11.323|#
1609|7190|2025-01-15 00:00:00.000|97.50000000000000000000|Direct Cost 30000 on 01/15/25|2026-04-09 17:02:11.323|#
1610|6130|2025-01-15 00:00:00.000|-125.10000000000000000000|Invoice 102003|2026-04-09 17:02:11.330|#
1611|2320|2025-01-15 00:00:00.000|125.10000000000000000000|Invoice 102003|2026-04-09 17:02:11.337|#
1612|2910|2025-01-15 00:00:00.000|125.10000000000000000000|Invoice 102003|2026-04-09 17:02:11.360|#
1613|2320|2025-01-15 00:00:00.000|-125.10000000000000000000|Invoice 102003|2026-04-09 17:02:11.360|#
1614|2110|2025-01-16 00:00:00.000|-192.20000000000000000000|Direct Cost 50000 on 01/16/25|2026-04-09 17:02:11.463|#
1615|7190|2025-01-16 00:00:00.000|192.20000000000000000000|Direct Cost 50000 on 01/16/25|2026-04-09 17:02:11.467|#
1616|6110|2025-01-16 00:00:00.000|-246.60000000000000000000|Invoice 102004|2026-04-09 17:02:11.473|#
1617|5610|2025-01-16 00:00:00.000|-61.65000000000000000000|Invoice 102004|2026-04-09 17:02:11.473|#
1618|2310|2025-01-16 00:00:00.000|308.25000000000000000000|Invoice 102004|2026-04-09 17:02:11.477|#
1619|2910|2025-01-16 00:00:00.000|308.25000000000000000000|Invoice 102004|2026-04-09 17:02:11.493|#
1620|2310|2025-01-16 00:00:00.000|-308.25000000000000000000|Invoice 102004|2026-04-09 17:02:11.493|#
1621|2110|2025-01-17 00:00:00.000|-195.00000000000000000000|Direct Cost 40000 on 01/17/25|2026-04-09 17:02:11.587|#
1622|7190|2025-01-17 00:00:00.000|195.00000000000000000000|Direct Cost 40000 on 01/17/25|2026-04-09 17:02:11.587|#
1623|6120|2025-01-17 00:00:00.000|-250.20000000000000000000|Invoice 102005|2026-04-09 17:02:11.593|#
1624|2320|2025-01-17 00:00:00.000|250.20000000000000000000|Invoice 102005|2026-04-09 17:02:11.597|#
1625|2910|2025-01-17 00:00:00.000|250.20000000000000000000|Invoice 102005|2026-04-09 17:02:11.613|#
1626|2320|2025-01-17 00:00:00.000|-250.20000000000000000000|Invoice 102005|2026-04-09 17:02:11.613|#
1627|2110|2025-01-18 00:00:00.000|-390.00000000000000000000|Direct Cost 20000 on 01/18/25|2026-04-09 17:02:11.770|#
1628|7190|2025-01-18 00:00:00.000|390.00000000000000000000|Direct Cost 20000 on 01/18/25|2026-04-09 17:02:11.773|#
1629|2110|2025-01-18 00:00:00.000|-487.50000000000000000000|Direct Cost 20000 on 01/18/25|2026-04-09 17:02:11.777|#
1630|7190|2025-01-18 00:00:00.000|487.50000000000000000000|Direct Cost 20000 on 01/18/25|2026-04-09 17:02:11.777|#
1631|2110|2025-01-18 00:00:00.000|-288.30000000000000000000|Direct Cost 20000 on 01/18/25|2026-04-09 17:02:11.783|#
1632|7190|2025-01-18 00:00:00.000|288.30000000000000000000|Direct Cost 20000 on 01/18/25|2026-04-09 17:02:11.787|#
1633|6110|2025-01-18 00:00:00.000|-1495.80000000000000000000|Invoice 102006|2026-04-09 17:02:11.790|#
1634|5610|2025-01-18 00:00:00.000|-373.95000000000000000000|Invoice 102006|2026-04-09 17:02:11.790|#
1635|2310|2025-01-18 00:00:00.000|1869.75000000000000000000|Invoice 102006|2026-04-09 17:02:11.797|#
1636|2910|2025-01-18 00:00:00.000|1869.75000000000000000000|Invoice 102006|2026-04-09 17:02:11.813|#
1637|2310|2025-01-18 00:00:00.000|-1869.75000000000000000000|Invoice 102006|2026-04-09 17:02:11.813|#
1638|2110|2025-01-18 00:00:00.000|-2533.00000000000000000000|Direct Cost 10000 on 01/18/25|2026-04-09 17:02:11.997|#
1639|7190|2025-01-18 00:00:00.000|2533.00000000000000000000|Direct Cost 10000 on 01/18/25|2026-04-09 17:02:12.000|#
1640|2110|2025-01-18 00:00:00.000|-192.20000000000000000000|Direct Cost 10000 on 01/18/25|2026-04-09 17:02:12.003|#
1641|7190|2025-01-18 00:00:00.000|192.20000000000000000000|Direct Cost 10000 on 01/18/25|2026-04-09 17:02:12.007|#
1642|2110|2025-01-18 00:00:00.000|-2828.80000000000000000000|Direct Cost 10000 on 01/18/25|2026-04-09 17:02:12.010|#
1643|7190|2025-01-18 00:00:00.000|2828.80000000000000000000|Direct Cost 10000 on 01/18/25|2026-04-09 17:02:12.013|#
1644|6110|2025-01-18 00:00:00.000|-7120.40000000000000000000|Invoice 102007|2026-04-09 17:02:12.017|#
1645|5610|2025-01-18 00:00:00.000|-1780.10000000000000000000|Invoice 102007|2026-04-09 17:02:12.017|#
1646|2310|2025-01-18 00:00:00.000|8900.50000000000000000000|Invoice 102007|2026-04-09 17:02:12.027|#
1647|2910|2025-01-18 00:00:00.000|8900.50000000000000000000|Invoice 102007|2026-04-09 17:02:12.040|#
1648|2310|2025-01-18 00:00:00.000|-8900.50000000000000000000|Invoice 102007|2026-04-09 17:02:12.040|#
1649|2110|2025-01-20 00:00:00.000|-1317.00000000000000000000|Direct Cost 50000 on 01/20/25|2026-04-09 17:02:12.167|#
1650|7190|2025-01-20 00:00:00.000|1317.00000000000000000000|Direct Cost 50000 on 01/20/25|2026-04-09 17:02:12.167|#
1651|6110|2025-01-20 00:00:00.000|-1688.40000000000000000000|Invoice 102008|2026-04-09 17:02:12.173|#
1652|5610|2025-01-20 00:00:00.000|-422.10000000000000000000|Invoice 102008|2026-04-09 17:02:12.173|#
1653|2310|2025-01-20 00:00:00.000|2110.50000000000000000000|Invoice 102008|2026-04-09 17:02:12.180|#
1654|2910|2025-01-20 00:00:00.000|2110.50000000000000000000|Invoice 102008|2026-04-09 17:02:12.197|#
1655|2310|2025-01-20 00:00:00.000|-2110.50000000000000000000|Invoice 102008|2026-04-09 17:02:12.197|#
1656|2110|2025-01-21 00:00:00.000|-194.60000000000000000000|Direct Cost 30000 on 01/21/25|2026-04-09 17:02:12.290|#
1657|7190|2025-01-21 00:00:00.000|194.60000000000000000000|Direct Cost 30000 on 01/21/25|2026-04-09 17:02:12.293|#
1658|6130|2025-01-21 00:00:00.000|-249.20000000000000000000|Invoice 102009|2026-04-09 17:02:12.297|#
1659|2320|2025-01-21 00:00:00.000|249.20000000000000000000|Invoice 102009|2026-04-09 17:02:12.303|#
1660|2910|2025-01-21 00:00:00.000|249.20000000000000000000|Invoice 102009|2026-04-09 17:02:12.320|#
1661|2320|2025-01-21 00:00:00.000|-249.20000000000000000000|Invoice 102009|2026-04-09 17:02:12.320|#
1662|2110|2025-01-21 00:00:00.000|-480.50000000000000000000|Direct Cost 40000 on 01/21/25|2026-04-09 17:02:12.510|#
1663|7190|2025-01-21 00:00:00.000|480.50000000000000000000|Direct Cost 40000 on 01/21/25|2026-04-09 17:02:12.513|#
1664|2110|2025-01-21 00:00:00.000|-984.00000000000000000000|Direct Cost 40000 on 01/21/25|2026-04-09 17:02:12.517|#
1665|7190|2025-01-21 00:00:00.000|984.00000000000000000000|Direct Cost 40000 on 01/21/25|2026-04-09 17:02:12.520|#
1666|2110|2025-01-21 00:00:00.000|-384.40000000000000000000|Direct Cost 40000 on 01/21/25|2026-04-09 17:02:12.523|#
1667|7190|2025-01-21 00:00:00.000|384.40000000000000000000|Direct Cost 40000 on 01/21/25|2026-04-09 17:02:12.527|#
1668|2110|2025-01-21 00:00:00.000|-96.10000000000000000000|Direct Cost 40000 on 01/21/25|2026-04-09 17:02:12.533|#
1669|7190|2025-01-21 00:00:00.000|96.10000000000000000000|Direct Cost 40000 on 01/21/25|2026-04-09 17:02:12.533|#
1670|6120|2025-01-21 00:00:00.000|-2494.20000000000000000000|Invoice 102010|2026-04-09 17:02:12.540|#
1671|2320|2025-01-21 00:00:00.000|2494.20000000000000000000|Invoice 102010|2026-04-09 17:02:12.543|#
1672|2910|2025-01-21 00:00:00.000|2494.20000000000000000000|Invoice 102010|2026-04-09 17:02:12.560|#
1673|2320|2025-01-21 00:00:00.000|-2494.20000000000000000000|Invoice 102010|2026-04-09 17:02:12.560|#
1674|2110|2025-01-23 00:00:00.000|-390.00000000000000000000|Direct Cost 20000 on 01/23/25|2026-04-09 17:02:12.700|#
1675|7190|2025-01-23 00:00:00.000|390.00000000000000000000|Direct Cost 20000 on 01/23/25|2026-04-09 17:02:12.703|#
1676|6110|2025-01-23 00:00:00.000|-500.40000000000000000000|Invoice 102011|2026-04-09 17:02:12.707|#
1677|5610|2025-01-23 00:00:00.000|-125.10000000000000000000|Invoice 102011|2026-04-09 17:02:12.707|#
1678|2310|2025-01-23 00:00:00.000|625.50000000000000000000|Invoice 102011|2026-04-09 17:02:12.713|#
1679|2910|2025-01-23 00:00:00.000|625.50000000000000000000|Invoice 102011|2026-04-09 17:02:12.727|#
1680|2310|2025-01-23 00:00:00.000|-625.50000000000000000000|Invoice 102011|2026-04-09 17:02:12.727|#
1681|2110|2025-01-24 00:00:00.000|-2026.40000000000000000000|Direct Cost 30000 on 01/24/25|2026-04-09 17:02:12.913|#
1682|7190|2025-01-24 00:00:00.000|2026.40000000000000000000|Direct Cost 30000 on 01/24/25|2026-04-09 17:02:12.917|#
1683|2110|2025-01-24 00:00:00.000|-780.00000000000000000000|Direct Cost 30000 on 01/24/25|2026-04-09 17:02:12.920|#
1684|7190|2025-01-24 00:00:00.000|780.00000000000000000000|Direct Cost 30000 on 01/24/25|2026-04-09 17:02:12.923|#
1685|2110|2025-01-24 00:00:00.000|-480.50000000000000000000|Direct Cost 30000 on 01/24/25|2026-04-09 17:02:12.927|#
1686|7190|2025-01-24 00:00:00.000|480.50000000000000000000|Direct Cost 30000 on 01/24/25|2026-04-09 17:02:12.930|#
1687|2110|2025-01-24 00:00:00.000|-2121.60000000000000000000|Direct Cost 30000 on 01/24/25|2026-04-09 17:02:12.933|#
1688|7190|2025-01-24 00:00:00.000|2121.60000000000000000000|Direct Cost 30000 on 01/24/25|2026-04-09 17:02:12.937|#
1689|6130|2025-01-24 00:00:00.000|-6935.00000000000000000000|Invoice 102012|2026-04-09 17:02:12.943|#
1690|2320|2025-01-24 00:00:00.000|6935.00000000000000000000|Invoice 102012|2026-04-09 17:02:12.947|#
1691|2910|2025-01-24 00:00:00.000|6935.00000000000000000000|Invoice 102012|2026-04-09 17:02:12.973|#
1692|2320|2025-01-24 00:00:00.000|-6935.00000000000000000000|Invoice 102012|2026-04-09 17:02:12.973|#
1693|2110|2025-01-31 00:00:00.000|-656.00000000000000000000|Direct Cost 50000 on 01/31/25|2026-04-09 17:02:13.143|#
1694|7190|2025-01-31 00:00:00.000|656.00000000000000000000|Direct Cost 50000 on 01/31/25|2026-04-09 17:02:13.147|#
1695|2110|2025-01-31 00:00:00.000|-390.00000000000000000000|Direct Cost 50000 on 01/31/25|2026-04-09 17:02:13.150|#
1696|7190|2025-01-31 00:00:00.000|390.00000000000000000000|Direct Cost 50000 on 01/31/25|2026-04-09 17:02:13.153|#
1697|6110|2025-01-31 00:00:00.000|-1341.20000000000000000000|Invoice 102013|2026-04-09 17:02:13.157|#
1698|5610|2025-01-31 00:00:00.000|-335.30000000000000000000|Invoice 102013|2026-04-09 17:02:13.157|#
1699|2310|2025-01-31 00:00:00.000|1676.50000000000000000000|Invoice 102013|2026-04-09 17:02:13.163|#
1700|2910|2025-01-31 00:00:00.000|1676.50000000000000000000|Invoice 102013|2026-04-09 17:02:13.180|#
1701|2310|2025-01-31 00:00:00.000|-1676.50000000000000000000|Invoice 102013|2026-04-09 17:02:13.180|#
1702|2110|2025-02-01 00:00:00.000|-97.50000000000000000000|Direct Cost 30000 on 02/01/25|2026-04-09 17:02:13.327|#
1703|7190|2025-02-01 00:00:00.000|97.50000000000000000000|Direct Cost 30000 on 02/01/25|2026-04-09 17:02:13.330|#
1704|2110|2025-02-01 00:00:00.000|-480.50000000000000000000|Direct Cost 30000 on 02/01/25|2026-04-09 17:02:13.337|#
1705|7190|2025-02-01 00:00:00.000|480.50000000000000000000|Direct Cost 30000 on 02/01/25|2026-04-09 17:02:13.340|#
1706|6130|2025-02-01 00:00:00.000|-741.60000000000000000000|Invoice 102014|2026-04-09 17:02:13.347|#
1707|2320|2025-02-01 00:00:00.000|741.60000000000000000000|Invoice 102014|2026-04-09 17:02:13.353|#
1708|2910|2025-02-01 00:00:00.000|741.60000000000000000000|Invoice 102014|2026-04-09 17:02:13.383|#
1709|2320|2025-02-01 00:00:00.000|-741.60000000000000000000|Invoice 102014|2026-04-09 17:02:13.383|#
1710|2110|2025-02-12 00:00:00.000|-83.40000000000000000000|Direct Cost 20000 on 02/12/25|2026-04-09 17:02:13.500|#
1711|7190|2025-02-12 00:00:00.000|83.40000000000000000000|Direct Cost 20000 on 02/12/25|2026-04-09 17:02:13.503|#
1712|6110|2025-02-12 00:00:00.000|-106.80000000000000000000|Invoice 102015|2026-04-09 17:02:13.507|#
1713|5610|2025-02-12 00:00:00.000|-26.70000000000000000000|Invoice 102015|2026-04-09 17:02:13.507|#
1714|2310|2025-02-12 00:00:00.000|133.50000000000000000000|Invoice 102015|2026-04-09 17:02:13.513|#
1715|2910|2025-02-12 00:00:00.000|133.50000000000000000000|Invoice 102015|2026-04-09 17:02:13.530|#
1716|2310|2025-02-12 00:00:00.000|-133.50000000000000000000|Invoice 102015|2026-04-09 17:02:13.530|#
1717|2110|2025-02-12 00:00:00.000|-390.00000000000000000000|Direct Cost 10000 on 02/12/25|2026-04-09 17:02:13.640|#
1718|7190|2025-02-12 00:00:00.000|390.00000000000000000000|Direct Cost 10000 on 02/12/25|2026-04-09 17:02:13.643|#
1719|6110|2025-02-12 00:00:00.000|-500.40000000000000000000|Invoice 102016|2026-04-09 17:02:13.647|#
1720|5610|2025-02-12 00:00:00.000|-125.10000000000000000000|Invoice 102016|2026-04-09 17:02:13.647|#
1721|2310|2025-02-12 00:00:00.000|625.50000000000000000000|Invoice 102016|2026-04-09 17:02:13.653|#
1722|2910|2025-02-12 00:00:00.000|625.50000000000000000000|Invoice 102016|2026-04-09 17:02:13.673|#
1723|2310|2025-02-12 00:00:00.000|-625.50000000000000000000|Invoice 102016|2026-04-09 17:02:13.673|#
1724|2110|2025-02-14 00:00:00.000|-97.50000000000000000000|Direct Cost 30000 on 02/14/25|2026-04-09 17:02:13.793|#
1725|7190|2025-02-14 00:00:00.000|97.50000000000000000000|Direct Cost 30000 on 02/14/25|2026-04-09 17:02:13.793|#
1726|6130|2025-02-14 00:00:00.000|-125.10000000000000000000|Invoice 102017|2026-04-09 17:02:13.800|#
1727|2320|2025-02-14 00:00:00.000|125.10000000000000000000|Invoice 102017|2026-04-09 17:02:13.807|#
1728|2910|2025-02-14 00:00:00.000|125.10000000000000000000|Invoice 102017|2026-04-09 17:02:13.823|#
1729|2320|2025-02-14 00:00:00.000|-125.10000000000000000000|Invoice 102017|2026-04-09 17:02:13.823|#
1730|2110|2025-02-15 00:00:00.000|-195.00000000000000000000|Direct Cost 40000 on 02/15/25|2026-04-09 17:02:13.913|#
1731|7190|2025-02-15 00:00:00.000|195.00000000000000000000|Direct Cost 40000 on 02/15/25|2026-04-09 17:02:13.917|#
1732|6120|2025-02-15 00:00:00.000|-250.20000000000000000000|Invoice 102018|2026-04-09 17:02:13.920|#
1733|2320|2025-02-15 00:00:00.000|250.20000000000000000000|Invoice 102018|2026-04-09 17:02:13.927|#
1734|2910|2025-02-15 00:00:00.000|250.20000000000000000000|Invoice 102018|2026-04-09 17:02:13.940|#
1735|2320|2025-02-15 00:00:00.000|-250.20000000000000000000|Invoice 102018|2026-04-09 17:02:13.940|#
1736|2110|2025-02-16 00:00:00.000|-487.50000000000000000000|Direct Cost 20000 on 02/16/25|2026-04-09 17:02:14.097|#
1737|7190|2025-02-16 00:00:00.000|487.50000000000000000000|Direct Cost 20000 on 02/16/25|2026-04-09 17:02:14.100|#
1738|2110|2025-02-16 00:00:00.000|-487.50000000000000000000|Direct Cost 20000 on 02/16/25|2026-04-09 17:02:14.107|#
1739|7190|2025-02-16 00:00:00.000|487.50000000000000000000|Direct Cost 20000 on 02/16/25|2026-04-09 17:02:14.107|#
1740|2110|2025-02-16 00:00:00.000|-288.30000000000000000000|Direct Cost 20000 on 02/16/25|2026-04-09 17:02:14.113|#
1741|7190|2025-02-16 00:00:00.000|288.30000000000000000000|Direct Cost 20000 on 02/16/25|2026-04-09 17:02:14.117|#
1742|6110|2025-02-16 00:00:00.000|-1620.90000000000000000000|Invoice 102019|2026-04-09 17:02:14.123|#
1743|5610|2025-02-16 00:00:00.000|-405.23000000000000000000|Invoice 102019|2026-04-09 17:02:14.123|#
1744|2310|2025-02-16 00:00:00.000|2026.13000000000000000000|Invoice 102019|2026-04-09 17:02:14.130|#
1745|2910|2025-02-16 00:00:00.000|2026.13000000000000000000|Invoice 102019|2026-04-09 17:02:14.150|#
1746|2310|2025-02-16 00:00:00.000|-2026.13000000000000000000|Invoice 102019|2026-04-09 17:02:14.150|#
1747|2110|2025-02-16 00:00:00.000|-3546.20000000000000000000|Direct Cost 10000 on 02/16/25|2026-04-09 17:02:14.320|#
1748|7190|2025-02-16 00:00:00.000|3546.20000000000000000000|Direct Cost 10000 on 02/16/25|2026-04-09 17:02:14.323|#
1749|2110|2025-02-16 00:00:00.000|-192.20000000000000000000|Direct Cost 10000 on 02/16/25|2026-04-09 17:02:14.327|#
1750|7190|2025-02-16 00:00:00.000|192.20000000000000000000|Direct Cost 10000 on 02/16/25|2026-04-09 17:02:14.330|#
1751|2110|2025-02-16 00:00:00.000|-2828.80000000000000000000|Direct Cost 10000 on 02/16/25|2026-04-09 17:02:14.333|#
1752|7190|2025-02-16 00:00:00.000|2828.80000000000000000000|Direct Cost 10000 on 02/16/25|2026-04-09 17:02:14.337|#
1753|6110|2025-02-16 00:00:00.000|-8419.20000000000000000000|Invoice 102020|2026-04-09 17:02:14.343|#
1754|5610|2025-02-16 00:00:00.000|-2104.80000000000000000000|Invoice 102020|2026-04-09 17:02:14.343|#
1755|2310|2025-02-16 00:00:00.000|10524.00000000000000000000|Invoice 102020|2026-04-09 17:02:14.350|#
1756|2910|2025-02-16 00:00:00.000|10524.00000000000000000000|Invoice 102020|2026-04-09 17:02:14.367|#
1757|2310|2025-02-16 00:00:00.000|-10524.00000000000000000000|Invoice 102020|2026-04-09 17:02:14.367|#
1758|2110|2025-02-17 00:00:00.000|-1756.00000000000000000000|Direct Cost 50000 on 02/17/25|2026-04-09 17:02:14.527|#
1759|7190|2025-02-17 00:00:00.000|1756.00000000000000000000|Direct Cost 50000 on 02/17/25|2026-04-09 17:02:14.530|#
1760|2110|2025-02-17 00:00:00.000|-192.20000000000000000000|Direct Cost 50000 on 02/17/25|2026-04-09 17:02:14.533|#
1761|7190|2025-02-17 00:00:00.000|192.20000000000000000000|Direct Cost 50000 on 02/17/25|2026-04-09 17:02:14.537|#
1762|6110|2025-02-17 00:00:00.000|-2497.80000000000000000000|Invoice 102021|2026-04-09 17:02:14.543|#
1763|5610|2025-02-17 00:00:00.000|-624.45000000000000000000|Invoice 102021|2026-04-09 17:02:14.543|#
1764|2310|2025-02-17 00:00:00.000|3122.25000000000000000000|Invoice 102021|2026-04-09 17:02:14.547|#
1765|2910|2025-02-17 00:00:00.000|3122.25000000000000000000|Invoice 102021|2026-04-09 17:02:14.567|#
1766|2310|2025-02-17 00:00:00.000|-3122.25000000000000000000|Invoice 102021|2026-04-09 17:02:14.567|#
1767|2110|2025-02-19 00:00:00.000|-480.50000000000000000000|Direct Cost 40000 on 02/19/25|2026-04-09 17:02:14.750|#
1768|7190|2025-02-19 00:00:00.000|480.50000000000000000000|Direct Cost 40000 on 02/19/25|2026-04-09 17:02:14.750|#
1769|2110|2025-02-19 00:00:00.000|-656.00000000000000000000|Direct Cost 40000 on 02/19/25|2026-04-09 17:02:14.757|#
1770|7190|2025-02-19 00:00:00.000|656.00000000000000000000|Direct Cost 40000 on 02/19/25|2026-04-09 17:02:14.757|#
1771|2110|2025-02-19 00:00:00.000|-384.40000000000000000000|Direct Cost 40000 on 02/19/25|2026-04-09 17:02:14.763|#
1772|7190|2025-02-19 00:00:00.000|384.40000000000000000000|Direct Cost 40000 on 02/19/25|2026-04-09 17:02:14.767|#
1773|2110|2025-02-19 00:00:00.000|-96.10000000000000000000|Direct Cost 40000 on 02/19/25|2026-04-09 17:02:14.770|#
1774|7190|2025-02-19 00:00:00.000|96.10000000000000000000|Direct Cost 40000 on 02/19/25|2026-04-09 17:02:14.773|#
1775|6120|2025-02-19 00:00:00.000|-2073.80000000000000000000|Invoice 102022|2026-04-09 17:02:14.777|#
1776|2320|2025-02-19 00:00:00.000|2073.80000000000000000000|Invoice 102022|2026-04-09 17:02:14.783|#
1777|2910|2025-02-19 00:00:00.000|2073.80000000000000000000|Invoice 102022|2026-04-09 17:02:14.800|#
1778|2320|2025-02-19 00:00:00.000|-2073.80000000000000000000|Invoice 102022|2026-04-09 17:02:14.800|#
1779|2110|2025-02-20 00:00:00.000|-487.50000000000000000000|Direct Cost 20000 on 02/20/25|2026-04-09 17:02:14.943|#
1780|7190|2025-02-20 00:00:00.000|487.50000000000000000000|Direct Cost 20000 on 02/20/25|2026-04-09 17:02:14.947|#
1781|6110|2025-02-20 00:00:00.000|-625.50000000000000000000|Invoice 102023|2026-04-09 17:02:14.950|#
1782|5610|2025-02-20 00:00:00.000|-156.38000000000000000000|Invoice 102023|2026-04-09 17:02:14.950|#
1783|2310|2025-02-20 00:00:00.000|781.88000000000000000000|Invoice 102023|2026-04-09 17:02:14.957|#
1784|2910|2025-02-20 00:00:00.000|781.88000000000000000000|Invoice 102023|2026-04-09 17:02:14.973|#
1785|2310|2025-02-20 00:00:00.000|-781.88000000000000000000|Invoice 102023|2026-04-09 17:02:14.973|#
1786|2110|2025-02-20 00:00:00.000|-3039.60000000000000000000|Direct Cost 30000 on 02/20/25|2026-04-09 17:02:15.133|#
1787|7190|2025-02-20 00:00:00.000|3039.60000000000000000000|Direct Cost 30000 on 02/20/25|2026-04-09 17:02:15.137|#
1788|2110|2025-02-20 00:00:00.000|-222.40000000000000000000|Direct Cost 30000 on 02/20/25|2026-04-09 17:02:15.140|#
1789|7190|2025-02-20 00:00:00.000|222.40000000000000000000|Direct Cost 30000 on 02/20/25|2026-04-09 17:02:15.143|#
1790|2110|2025-02-20 00:00:00.000|-877.50000000000000000000|Direct Cost 30000 on 02/20/25|2026-04-09 17:02:15.147|#
1791|7190|2025-02-20 00:00:00.000|877.50000000000000000000|Direct Cost 30000 on 02/20/25|2026-04-09 17:02:15.150|#
1792|2110|2025-02-20 00:00:00.000|-1414.40000000000000000000|Direct Cost 30000 on 02/20/25|2026-04-09 17:02:15.153|#
1793|7190|2025-02-20 00:00:00.000|1414.40000000000000000000|Direct Cost 30000 on 02/20/25|2026-04-09 17:02:15.157|#
1794|6130|2025-02-20 00:00:00.000|-7120.50000000000000000000|Invoice 102024|2026-04-09 17:02:15.160|#
1795|2320|2025-02-20 00:00:00.000|7120.50000000000000000000|Invoice 102024|2026-04-09 17:02:15.167|#
1796|2910|2025-02-20 00:00:00.000|7120.50000000000000000000|Invoice 102024|2026-04-09 17:02:15.183|#
1797|2320|2025-02-20 00:00:00.000|-7120.50000000000000000000|Invoice 102024|2026-04-09 17:02:15.183|#
1798|2110|2025-02-28 00:00:00.000|-97.50000000000000000000|Direct Cost 30000 on 02/28/25|2026-04-09 17:02:15.393|#
1799|7190|2025-02-28 00:00:00.000|97.50000000000000000000|Direct Cost 30000 on 02/28/25|2026-04-09 17:02:15.397|#
1800|2110|2025-02-28 00:00:00.000|-480.50000000000000000000|Direct Cost 30000 on 02/28/25|2026-04-09 17:02:15.397|#
1801|7190|2025-02-28 00:00:00.000|480.50000000000000000000|Direct Cost 30000 on 02/28/25|2026-04-09 17:02:15.400|#
1802|2110|2025-02-28 00:00:00.000|-480.50000000000000000000|Direct Cost 30000 on 02/28/25|2026-04-09 17:02:15.407|#
1803|7190|2025-02-28 00:00:00.000|480.50000000000000000000|Direct Cost 30000 on 02/28/25|2026-04-09 17:02:15.407|#
1804|6130|2025-02-28 00:00:00.000|-1358.10000000000000000000|Invoice 102025|2026-04-09 17:02:15.413|#
1805|2320|2025-02-28 00:00:00.000|1358.10000000000000000000|Invoice 102025|2026-04-09 17:02:15.420|#
1806|2910|2025-02-28 00:00:00.000|1358.10000000000000000000|Invoice 102025|2026-04-09 17:02:15.437|#
1807|2320|2025-02-28 00:00:00.000|-1358.10000000000000000000|Invoice 102025|2026-04-09 17:02:15.437|#
1808|2110|2025-02-28 00:00:00.000|-656.00000000000000000000|Direct Cost 50000 on 02/28/25|2026-04-09 17:02:15.607|#
1809|7190|2025-02-28 00:00:00.000|656.00000000000000000000|Direct Cost 50000 on 02/28/25|2026-04-09 17:02:15.610|#
1810|2110|2025-02-28 00:00:00.000|-390.00000000000000000000|Direct Cost 50000 on 02/28/25|2026-04-09 17:02:15.613|#
1811|7190|2025-02-28 00:00:00.000|390.00000000000000000000|Direct Cost 50000 on 02/28/25|2026-04-09 17:02:15.617|#
1812|6110|2025-02-28 00:00:00.000|-1341.20000000000000000000|Invoice 102026|2026-04-09 17:02:15.620|#
1813|5610|2025-02-28 00:00:00.000|-335.30000000000000000000|Invoice 102026|2026-04-09 17:02:15.620|#
1814|2310|2025-02-28 00:00:00.000|1676.50000000000000000000|Invoice 102026|2026-04-09 17:02:15.627|#
1815|2910|2025-02-28 00:00:00.000|1676.50000000000000000000|Invoice 102026|2026-04-09 17:02:15.647|#
1816|2310|2025-02-28 00:00:00.000|-1676.50000000000000000000|Invoice 102026|2026-04-09 17:02:15.647|#
1817|2110|2025-03-13 00:00:00.000|-83.40000000000000000000|Direct Cost 20000 on 03/13/25|2026-04-09 17:02:15.767|#
1818|7190|2025-03-13 00:00:00.000|83.40000000000000000000|Direct Cost 20000 on 03/13/25|2026-04-09 17:02:15.767|#
1819|6110|2025-03-13 00:00:00.000|-106.80000000000000000000|Invoice 102027|2026-04-09 17:02:15.773|#
1820|5610|2025-03-13 00:00:00.000|-26.70000000000000000000|Invoice 102027|2026-04-09 17:02:15.773|#
1821|2310|2025-03-13 00:00:00.000|133.50000000000000000000|Invoice 102027|2026-04-09 17:02:15.780|#
1822|2910|2025-03-13 00:00:00.000|133.50000000000000000000|Invoice 102027|2026-04-09 17:02:15.797|#
1823|2310|2025-03-13 00:00:00.000|-133.50000000000000000000|Invoice 102027|2026-04-09 17:02:15.797|#
1824|2110|2025-03-14 00:00:00.000|-487.50000000000000000000|Direct Cost 10000 on 03/14/25|2026-04-09 17:02:15.890|#
1825|7190|2025-03-14 00:00:00.000|487.50000000000000000000|Direct Cost 10000 on 03/14/25|2026-04-09 17:02:15.893|#
1826|6110|2025-03-14 00:00:00.000|-625.50000000000000000000|Invoice 102028|2026-04-09 17:02:15.897|#
1827|5610|2025-03-14 00:00:00.000|-156.38000000000000000000|Invoice 102028|2026-04-09 17:02:15.897|#
1828|2310|2025-03-14 00:00:00.000|781.88000000000000000000|Invoice 102028|2026-04-09 17:02:15.903|#
1829|2910|2025-03-14 00:00:00.000|781.88000000000000000000|Invoice 102028|2026-04-09 17:02:15.920|#
1830|2310|2025-03-14 00:00:00.000|-781.88000000000000000000|Invoice 102028|2026-04-09 17:02:15.920|#
1831|2110|2025-03-15 00:00:00.000|-195.00000000000000000000|Direct Cost 30000 on 03/15/25|2026-04-09 17:02:16.027|#
1832|7190|2025-03-15 00:00:00.000|195.00000000000000000000|Direct Cost 30000 on 03/15/25|2026-04-09 17:02:16.027|#
1833|6130|2025-03-15 00:00:00.000|-250.20000000000000000000|Invoice 102029|2026-04-09 17:02:16.033|#
1834|2320|2025-03-15 00:00:00.000|250.20000000000000000000|Invoice 102029|2026-04-09 17:02:16.037|#
1835|2910|2025-03-15 00:00:00.000|250.20000000000000000000|Invoice 102029|2026-04-09 17:02:16.057|#
1836|2320|2025-03-15 00:00:00.000|-250.20000000000000000000|Invoice 102029|2026-04-09 17:02:16.057|#
1837|2110|2025-03-16 00:00:00.000|-192.20000000000000000000|Direct Cost 50000 on 03/16/25|2026-04-09 17:02:16.140|#
1838|7190|2025-03-16 00:00:00.000|192.20000000000000000000|Direct Cost 50000 on 03/16/25|2026-04-09 17:02:16.147|#
1839|6110|2025-03-16 00:00:00.000|-246.60000000000000000000|Invoice 102030|2026-04-09 17:02:16.150|#
1840|5610|2025-03-16 00:00:00.000|-61.65000000000000000000|Invoice 102030|2026-04-09 17:02:16.150|#
1841|2310|2025-03-16 00:00:00.000|308.25000000000000000000|Invoice 102030|2026-04-09 17:02:16.157|#
1842|2910|2025-03-16 00:00:00.000|308.25000000000000000000|Invoice 102030|2026-04-09 17:02:16.177|#
1843|2310|2025-03-16 00:00:00.000|-308.25000000000000000000|Invoice 102030|2026-04-09 17:02:16.177|#
1844|2110|2025-03-17 00:00:00.000|-195.00000000000000000000|Direct Cost 40000 on 03/17/25|2026-04-09 17:02:16.263|#
1845|7190|2025-03-17 00:00:00.000|195.00000000000000000000|Direct Cost 40000 on 03/17/25|2026-04-09 17:02:16.263|#
1846|6120|2025-03-17 00:00:00.000|-250.20000000000000000000|Invoice 102031|2026-04-09 17:02:16.267|#
1847|2320|2025-03-17 00:00:00.000|250.20000000000000000000|Invoice 102031|2026-04-09 17:02:16.277|#
1848|2910|2025-03-17 00:00:00.000|250.20000000000000000000|Invoice 102031|2026-04-09 17:02:16.290|#
1849|2320|2025-03-17 00:00:00.000|-250.20000000000000000000|Invoice 102031|2026-04-09 17:02:16.290|#
1850|2110|2025-03-18 00:00:00.000|-487.50000000000000000000|Direct Cost 20000 on 03/18/25|2026-04-09 17:02:16.433|#
1851|7190|2025-03-18 00:00:00.000|487.50000000000000000000|Direct Cost 20000 on 03/18/25|2026-04-09 17:02:16.437|#
1852|2110|2025-03-18 00:00:00.000|-585.00000000000000000000|Direct Cost 20000 on 03/18/25|2026-04-09 17:02:16.440|#
1853|7190|2025-03-18 00:00:00.000|585.00000000000000000000|Direct Cost 20000 on 03/18/25|2026-04-09 17:02:16.443|#
1854|2110|2025-03-18 00:00:00.000|-480.50000000000000000000|Direct Cost 20000 on 03/18/25|2026-04-09 17:02:16.447|#
1855|7190|2025-03-18 00:00:00.000|480.50000000000000000000|Direct Cost 20000 on 03/18/25|2026-04-09 17:02:16.453|#
1856|6110|2025-03-18 00:00:00.000|-1992.60000000000000000000|Invoice 102032|2026-04-09 17:02:16.457|#
1857|5610|2025-03-18 00:00:00.000|-498.15000000000000000000|Invoice 102032|2026-04-09 17:02:16.457|#
1858|2310|2025-03-18 00:00:00.000|2490.75000000000000000000|Invoice 102032|2026-04-09 17:02:16.463|#
1859|2910|2025-03-18 00:00:00.000|2490.75000000000000000000|Invoice 102032|2026-04-09 17:02:16.477|#
1860|2310|2025-03-18 00:00:00.000|-2490.75000000000000000000|Invoice 102032|2026-04-09 17:02:16.477|#
1861|2110|2025-03-18 00:00:00.000|-4052.80000000000000000000|Direct Cost 10000 on 03/18/25|2026-04-09 17:02:16.647|#
1862|7190|2025-03-18 00:00:00.000|4052.80000000000000000000|Direct Cost 10000 on 03/18/25|2026-04-09 17:02:16.650|#
1863|2110|2025-03-18 00:00:00.000|-288.30000000000000000000|Direct Cost 10000 on 03/18/25|2026-04-09 17:02:16.653|#
1864|7190|2025-03-18 00:00:00.000|288.30000000000000000000|Direct Cost 10000 on 03/18/25|2026-04-09 17:02:16.657|#
1865|2110|2025-03-18 00:00:00.000|-4243.20000000000000000000|Direct Cost 10000 on 03/18/25|2026-04-09 17:02:16.660|#
1866|7190|2025-03-18 00:00:00.000|4243.20000000000000000000|Direct Cost 10000 on 03/18/25|2026-04-09 17:02:16.663|#
1867|6110|2025-03-18 00:00:00.000|-11005.30000000000000000000|Invoice 102033|2026-04-09 17:02:16.667|#
1868|5610|2025-03-18 00:00:00.000|-2751.33000000000000000000|Invoice 102033|2026-04-09 17:02:16.667|#
1869|2310|2025-03-18 00:00:00.000|13756.63000000000000000000|Invoice 102033|2026-04-09 17:02:16.673|#
1870|2910|2025-03-18 00:00:00.000|13756.63000000000000000000|Invoice 102033|2026-04-09 17:02:16.690|#
1871|2310|2025-03-18 00:00:00.000|-13756.63000000000000000000|Invoice 102033|2026-04-09 17:02:16.690|#
1872|2110|2025-03-20 00:00:00.000|-1975.50000000000000000000|Direct Cost 50000 on 03/20/25|2026-04-09 17:02:16.817|#
1873|7190|2025-03-20 00:00:00.000|1975.50000000000000000000|Direct Cost 50000 on 03/20/25|2026-04-09 17:02:16.820|#
1874|6110|2025-03-20 00:00:00.000|-2532.60000000000000000000|Invoice 102034|2026-04-09 17:02:16.823|#
1875|5610|2025-03-20 00:00:00.000|-633.15000000000000000000|Invoice 102034|2026-04-09 17:02:16.823|#
1876|2310|2025-03-20 00:00:00.000|3165.75000000000000000000|Invoice 102034|2026-04-09 17:02:16.830|#
1877|2910|2025-03-20 00:00:00.000|3165.75000000000000000000|Invoice 102034|2026-04-09 17:02:16.847|#
1878|2310|2025-03-20 00:00:00.000|-3165.75000000000000000000|Invoice 102034|2026-04-09 17:02:16.847|#
1879|2110|2025-03-21 00:00:00.000|-278.00000000000000000000|Direct Cost 30000 on 03/21/25|2026-04-09 17:02:16.943|#
1880|7190|2025-03-21 00:00:00.000|278.00000000000000000000|Direct Cost 30000 on 03/21/25|2026-04-09 17:02:16.947|#
1881|6130|2025-03-21 00:00:00.000|-356.00000000000000000000|Invoice 102035|2026-04-09 17:02:16.950|#
1882|2320|2025-03-21 00:00:00.000|356.00000000000000000000|Invoice 102035|2026-04-09 17:02:16.957|#
1883|2910|2025-03-21 00:00:00.000|356.00000000000000000000|Invoice 102035|2026-04-09 17:02:16.973|#
1884|2320|2025-03-21 00:00:00.000|-356.00000000000000000000|Invoice 102035|2026-04-09 17:02:16.973|#
1885|2110|2025-03-21 00:00:00.000|-576.60000000000000000000|Direct Cost 40000 on 03/21/25|2026-04-09 17:02:17.177|#
1886|7190|2025-03-21 00:00:00.000|576.60000000000000000000|Direct Cost 40000 on 03/21/25|2026-04-09 17:02:17.180|#
1887|2110|2025-03-21 00:00:00.000|-1312.00000000000000000000|Direct Cost 40000 on 03/21/25|2026-04-09 17:02:17.183|#
1888|7190|2025-03-21 00:00:00.000|1312.00000000000000000000|Direct Cost 40000 on 03/21/25|2026-04-09 17:02:17.183|#
1889|2110|2025-03-21 00:00:00.000|-576.60000000000000000000|Direct Cost 40000 on 03/21/25|2026-04-09 17:02:17.187|#
1890|7190|2025-03-21 00:00:00.000|576.60000000000000000000|Direct Cost 40000 on 03/21/25|2026-04-09 17:02:17.190|#
1891|2110|2025-03-21 00:00:00.000|-96.10000000000000000000|Direct Cost 40000 on 03/21/25|2026-04-09 17:02:17.193|#
1892|7190|2025-03-21 00:00:00.000|96.10000000000000000000|Direct Cost 40000 on 03/21/25|2026-04-09 17:02:17.197|#
1893|6120|2025-03-21 00:00:00.000|-3284.50000000000000000000|Invoice 102036|2026-04-09 17:02:17.200|#
1894|2320|2025-03-21 00:00:00.000|3284.50000000000000000000|Invoice 102036|2026-04-09 17:02:17.207|#
1895|2910|2025-03-21 00:00:00.000|3284.50000000000000000000|Invoice 102036|2026-04-09 17:02:17.223|#
1896|2320|2025-03-21 00:00:00.000|-3284.50000000000000000000|Invoice 102036|2026-04-09 17:02:17.223|#
1897|2110|2025-03-23 00:00:00.000|-585.00000000000000000000|Direct Cost 20000 on 03/23/25|2026-04-09 17:02:17.377|#
1898|7190|2025-03-23 00:00:00.000|585.00000000000000000000|Direct Cost 20000 on 03/23/25|2026-04-09 17:02:17.380|#
1899|6110|2025-03-23 00:00:00.000|-750.60000000000000000000|Invoice 102037|2026-04-09 17:02:17.387|#
1900|5610|2025-03-23 00:00:00.000|-187.65000000000000000000|Invoice 102037|2026-04-09 17:02:17.387|#
1901|2310|2025-03-23 00:00:00.000|938.25000000000000000000|Invoice 102037|2026-04-09 17:02:17.390|#
1902|2910|2025-03-23 00:00:00.000|938.25000000000000000000|Invoice 102037|2026-04-09 17:02:17.407|#
1903|2310|2025-03-23 00:00:00.000|-938.25000000000000000000|Invoice 102037|2026-04-09 17:02:17.407|#
1904|2110|2025-03-24 00:00:00.000|-3546.20000000000000000000|Direct Cost 30000 on 03/24/25|2026-04-09 17:02:17.573|#
1905|7190|2025-03-24 00:00:00.000|3546.20000000000000000000|Direct Cost 30000 on 03/24/25|2026-04-09 17:02:17.577|#
1906|2110|2025-03-24 00:00:00.000|-975.00000000000000000000|Direct Cost 30000 on 03/24/25|2026-04-09 17:02:17.580|#
1907|7190|2025-03-24 00:00:00.000|975.00000000000000000000|Direct Cost 30000 on 03/24/25|2026-04-09 17:02:17.583|#
1908|2110|2025-03-24 00:00:00.000|-576.60000000000000000000|Direct Cost 30000 on 03/24/25|2026-04-09 17:02:17.587|#
1909|7190|2025-03-24 00:00:00.000|576.60000000000000000000|Direct Cost 30000 on 03/24/25|2026-04-09 17:02:17.587|#
1910|2110|2025-03-24 00:00:00.000|-2828.80000000000000000000|Direct Cost 30000 on 03/24/25|2026-04-09 17:02:17.590|#
1911|7190|2025-03-24 00:00:00.000|2828.80000000000000000000|Direct Cost 30000 on 03/24/25|2026-04-09 17:02:17.593|#
1912|6130|2025-03-24 00:00:00.000|-10163.40000000000000000000|Invoice 102038|2026-04-09 17:02:17.607|#
1913|2320|2025-03-24 00:00:00.000|10163.40000000000000000000|Invoice 102038|2026-04-09 17:02:17.610|#
1914|2910|2025-03-24 00:00:00.000|10163.40000000000000000000|Invoice 102038|2026-04-09 17:02:17.623|#
1915|2320|2025-03-24 00:00:00.000|-10163.40000000000000000000|Invoice 102038|2026-04-09 17:02:17.627|#
1916|2110|2025-03-31 00:00:00.000|-984.00000000000000000000|Direct Cost 50000 on 03/31/25|2026-04-09 17:02:17.800|#
1917|7190|2025-03-31 00:00:00.000|984.00000000000000000000|Direct Cost 50000 on 03/31/25|2026-04-09 17:02:17.803|#
1918|2110|2025-03-31 00:00:00.000|-390.00000000000000000000|Direct Cost 50000 on 03/31/25|2026-04-09 17:02:17.807|#
1919|7190|2025-03-31 00:00:00.000|390.00000000000000000000|Direct Cost 50000 on 03/31/25|2026-04-09 17:02:17.810|#
1920|6110|2025-03-31 00:00:00.000|-1761.60000000000000000000|Invoice 102039|2026-04-09 17:02:17.817|#
1921|5610|2025-03-31 00:00:00.000|-440.40000000000000000000|Invoice 102039|2026-04-09 17:02:17.817|#
1922|2310|2025-03-31 00:00:00.000|2202.00000000000000000000|Invoice 102039|2026-04-09 17:02:17.820|#
1923|2910|2025-03-31 00:00:00.000|2202.00000000000000000000|Invoice 102039|2026-04-09 17:02:17.837|#
1924|2310|2025-03-31 00:00:00.000|-2202.00000000000000000000|Invoice 102039|2026-04-09 17:02:17.837|#
1925|2110|2025-04-01 00:00:00.000|-195.00000000000000000000|Direct Cost 30000 on 04/01/25|2026-04-09 17:02:17.967|#
1926|7190|2025-04-01 00:00:00.000|195.00000000000000000000|Direct Cost 30000 on 04/01/25|2026-04-09 17:02:17.967|#
1927|2110|2025-04-01 00:00:00.000|-672.70000000000000000000|Direct Cost 30000 on 04/01/25|2026-04-09 17:02:17.970|#
1928|7190|2025-04-01 00:00:00.000|672.70000000000000000000|Direct Cost 30000 on 04/01/25|2026-04-09 17:02:17.973|#
1929|6130|2025-04-01 00:00:00.000|-1113.30000000000000000000|Invoice 102040|2026-04-09 17:02:17.980|#
1930|2320|2025-04-01 00:00:00.000|1113.30000000000000000000|Invoice 102040|2026-04-09 17:02:17.987|#
1931|2910|2025-04-01 00:00:00.000|1113.30000000000000000000|Invoice 102040|2026-04-09 17:02:18.000|#
1932|2320|2025-04-01 00:00:00.000|-1113.30000000000000000000|Invoice 102040|2026-04-09 17:02:18.000|#
1933|2110|2025-04-12 00:00:00.000|-83.40000000000000000000|Direct Cost 20000 on 04/12/25|2026-04-09 17:02:18.103|#
1934|7190|2025-04-12 00:00:00.000|83.40000000000000000000|Direct Cost 20000 on 04/12/25|2026-04-09 17:02:18.107|#
1935|6110|2025-04-12 00:00:00.000|-106.80000000000000000000|Invoice 102041|2026-04-09 17:02:18.110|#
1936|5610|2025-04-12 00:00:00.000|-26.70000000000000000000|Invoice 102041|2026-04-09 17:02:18.110|#
1937|2310|2025-04-12 00:00:00.000|133.50000000000000000000|Invoice 102041|2026-04-09 17:02:18.117|#
1938|2910|2025-04-12 00:00:00.000|133.50000000000000000000|Invoice 102041|2026-04-09 17:02:18.130|#
1939|2310|2025-04-12 00:00:00.000|-133.50000000000000000000|Invoice 102041|2026-04-09 17:02:18.130|#
1940|2110|2025-04-14 00:00:00.000|-97.50000000000000000000|Direct Cost 30000 on 04/14/25|2026-04-09 17:02:18.217|#
1941|7190|2025-04-14 00:00:00.000|97.50000000000000000000|Direct Cost 30000 on 04/14/25|2026-04-09 17:02:18.217|#
1942|6130|2025-04-14 00:00:00.000|-125.10000000000000000000|Invoice 102042|2026-04-09 17:02:18.223|#
1943|2320|2025-04-14 00:00:00.000|125.10000000000000000000|Invoice 102042|2026-04-09 17:02:18.227|#
1944|2910|2025-04-14 00:00:00.000|125.10000000000000000000|Invoice 102042|2026-04-09 17:02:18.243|#
1945|2320|2025-04-14 00:00:00.000|-125.10000000000000000000|Invoice 102042|2026-04-09 17:02:18.243|#
1946|2110|2025-04-15 00:00:00.000|-192.20000000000000000000|Direct Cost 50000 on 04/15/25|2026-04-09 17:02:18.320|#
1947|7190|2025-04-15 00:00:00.000|192.20000000000000000000|Direct Cost 50000 on 04/15/25|2026-04-09 17:02:18.323|#
1948|6110|2025-04-15 00:00:00.000|-246.60000000000000000000|Invoice 102043|2026-04-09 17:02:18.327|#
1949|5610|2025-04-15 00:00:00.000|-61.65000000000000000000|Invoice 102043|2026-04-09 17:02:18.327|#
1950|2310|2025-04-15 00:00:00.000|308.25000000000000000000|Invoice 102043|2026-04-09 17:02:18.333|#
1951|2910|2025-04-15 00:00:00.000|308.25000000000000000000|Invoice 102043|2026-04-09 17:02:18.347|#
1952|2310|2025-04-15 00:00:00.000|-308.25000000000000000000|Invoice 102043|2026-04-09 17:02:18.347|#
1953|2110|2025-04-16 00:00:00.000|-5066.00000000000000000000|Direct Cost 10000 on 04/16/25|2026-04-09 17:02:18.507|#
1954|7190|2025-04-16 00:00:00.000|5066.00000000000000000000|Direct Cost 10000 on 04/16/25|2026-04-09 17:02:18.507|#
1955|2110|2025-04-16 00:00:00.000|-487.50000000000000000000|Direct Cost 10000 on 04/16/25|2026-04-09 17:02:18.510|#
1956|7190|2025-04-16 00:00:00.000|487.50000000000000000000|Direct Cost 10000 on 04/16/25|2026-04-09 17:02:18.513|#
1957|2110|2025-04-16 00:00:00.000|-288.30000000000000000000|Direct Cost 10000 on 04/16/25|2026-04-09 17:02:18.517|#
1958|7190|2025-04-16 00:00:00.000|288.30000000000000000000|Direct Cost 10000 on 04/16/25|2026-04-09 17:02:18.520|#
1959|2110|2025-04-16 00:00:00.000|-4243.20000000000000000000|Direct Cost 10000 on 04/16/25|2026-04-09 17:02:18.523|#
1960|7190|2025-04-16 00:00:00.000|4243.20000000000000000000|Direct Cost 10000 on 04/16/25|2026-04-09 17:02:18.523|#
1961|6110|2025-04-16 00:00:00.000|-12929.60000000000000000000|Invoice 102044|2026-04-09 17:02:18.530|#
1962|5610|2025-04-16 00:00:00.000|-3232.40000000000000000000|Invoice 102044|2026-04-09 17:02:18.530|#
1963|2310|2025-04-16 00:00:00.000|16162.00000000000000000000|Invoice 102044|2026-04-09 17:02:18.533|#
1964|2910|2025-04-16 00:00:00.000|16162.00000000000000000000|Invoice 102044|2026-04-09 17:02:18.547|#
1965|2310|2025-04-16 00:00:00.000|-16162.00000000000000000000|Invoice 102044|2026-04-09 17:02:18.547|#
1966|2110|2025-04-17 00:00:00.000|-487.50000000000000000000|Direct Cost 20000 on 04/17/25|2026-04-09 17:02:18.740|#
1967|7190|2025-04-17 00:00:00.000|487.50000000000000000000|Direct Cost 20000 on 04/17/25|2026-04-09 17:02:18.743|#
1968|2110|2025-04-17 00:00:00.000|-585.00000000000000000000|Direct Cost 20000 on 04/17/25|2026-04-09 17:02:18.747|#
1969|7190|2025-04-17 00:00:00.000|585.00000000000000000000|Direct Cost 20000 on 04/17/25|2026-04-09 17:02:18.747|#
1970|2110|2025-04-17 00:00:00.000|-384.40000000000000000000|Direct Cost 20000 on 04/17/25|2026-04-09 17:02:18.753|#
1971|7190|2025-04-17 00:00:00.000|384.40000000000000000000|Direct Cost 20000 on 04/17/25|2026-04-09 17:02:18.753|#
1972|6110|2025-04-17 00:00:00.000|-1869.30000000000000000000|Invoice 102045|2026-04-09 17:02:18.757|#
1973|5610|2025-04-17 00:00:00.000|-467.33000000000000000000|Invoice 102045|2026-04-09 17:02:18.760|#
1974|2310|2025-04-17 00:00:00.000|2336.63000000000000000000|Invoice 102045|2026-04-09 17:02:18.763|#
1975|2910|2025-04-17 00:00:00.000|2336.63000000000000000000|Invoice 102045|2026-04-09 17:02:18.780|#
1976|2310|2025-04-17 00:00:00.000|-2336.63000000000000000000|Invoice 102045|2026-04-09 17:02:18.780|#
1977|2110|2025-04-19 00:00:00.000|-1975.50000000000000000000|Direct Cost 50000 on 04/19/25|2026-04-09 17:02:18.897|#
1978|7190|2025-04-19 00:00:00.000|1975.50000000000000000000|Direct Cost 50000 on 04/19/25|2026-04-09 17:02:18.900|#
1979|6110|2025-04-19 00:00:00.000|-2532.60000000000000000000|Invoice 102046|2026-04-09 17:02:18.903|#
1980|5610|2025-04-19 00:00:00.000|-633.15000000000000000000|Invoice 102046|2026-04-09 17:02:18.903|#
1981|2310|2025-04-19 00:00:00.000|3165.75000000000000000000|Invoice 102046|2026-04-09 17:02:18.907|#
1982|2910|2025-04-19 00:00:00.000|3165.75000000000000000000|Invoice 102046|2026-04-09 17:02:18.923|#
1983|2310|2025-04-19 00:00:00.000|-3165.75000000000000000000|Invoice 102046|2026-04-09 17:02:18.923|#
1984|2110|2025-04-19 00:00:00.000|-576.60000000000000000000|Direct Cost 40000 on 04/19/25|2026-04-09 17:02:19.093|#
1985|7190|2025-04-19 00:00:00.000|576.60000000000000000000|Direct Cost 40000 on 04/19/25|2026-04-09 17:02:19.097|#
1986|2110|2025-04-19 00:00:00.000|-984.00000000000000000000|Direct Cost 40000 on 04/19/25|2026-04-09 17:02:19.100|#
1987|7190|2025-04-19 00:00:00.000|984.00000000000000000000|Direct Cost 40000 on 04/19/25|2026-04-09 17:02:19.103|#
1988|2110|2025-04-19 00:00:00.000|-195.00000000000000000000|Direct Cost 40000 on 04/19/25|2026-04-09 17:02:19.107|#
1989|7190|2025-04-19 00:00:00.000|195.00000000000000000000|Direct Cost 40000 on 04/19/25|2026-04-09 17:02:19.107|#
1990|2110|2025-04-19 00:00:00.000|-672.70000000000000000000|Direct Cost 40000 on 04/19/25|2026-04-09 17:02:19.113|#
1991|7190|2025-04-19 00:00:00.000|672.70000000000000000000|Direct Cost 40000 on 04/19/25|2026-04-09 17:02:19.113|#
1992|2110|2025-04-19 00:00:00.000|-96.10000000000000000000|Direct Cost 40000 on 04/19/25|2026-04-09 17:02:19.117|#
1993|7190|2025-04-19 00:00:00.000|96.10000000000000000000|Direct Cost 40000 on 04/19/25|2026-04-09 17:02:19.120|#
1994|6120|2025-04-19 00:00:00.000|-3237.60000000000000000000|Invoice 102047|2026-04-09 17:02:19.127|#
1995|2320|2025-04-19 00:00:00.000|3237.60000000000000000000|Invoice 102047|2026-04-09 17:02:19.130|#
1996|2910|2025-04-19 00:00:00.000|3237.60000000000000000000|Invoice 102047|2026-04-09 17:02:19.143|#
1997|2320|2025-04-19 00:00:00.000|-3237.60000000000000000000|Invoice 102047|2026-04-09 17:02:19.143|#
1998|2110|2025-04-20 00:00:00.000|-585.00000000000000000000|Direct Cost 20000 on 04/20/25|2026-04-09 17:02:19.293|#
1999|7190|2025-04-20 00:00:00.000|585.00000000000000000000|Direct Cost 20000 on 04/20/25|2026-04-09 17:02:19.293|#
2000|6110|2025-04-20 00:00:00.000|-750.60000000000000000000|Invoice 102048|2026-04-09 17:02:19.297|#
2001|5610|2025-04-20 00:00:00.000|-187.65000000000000000000|Invoice 102048|2026-04-09 17:02:19.297|#
2002|2310|2025-04-20 00:00:00.000|938.25000000000000000000|Invoice 102048|2026-04-09 17:02:19.303|#
2003|2910|2025-04-20 00:00:00.000|938.25000000000000000000|Invoice 102048|2026-04-09 17:02:19.317|#
2004|2310|2025-04-20 00:00:00.000|-938.25000000000000000000|Invoice 102048|2026-04-09 17:02:19.317|#
2005|2110|2025-04-20 00:00:00.000|-4052.80000000000000000000|Direct Cost 30000 on 04/20/25|2026-04-09 17:02:19.447|#
2006|7190|2025-04-20 00:00:00.000|4052.80000000000000000000|Direct Cost 30000 on 04/20/25|2026-04-09 17:02:19.450|#
2007|2110|2025-04-20 00:00:00.000|-278.00000000000000000000|Direct Cost 30000 on 04/20/25|2026-04-09 17:02:19.457|#
2008|7190|2025-04-20 00:00:00.000|278.00000000000000000000|Direct Cost 30000 on 04/20/25|2026-04-09 17:02:19.457|#
2009|2110|2025-04-20 00:00:00.000|-2828.80000000000000000000|Direct Cost 30000 on 04/20/25|2026-04-09 17:02:19.460|#
2010|7190|2025-04-20 00:00:00.000|2828.80000000000000000000|Direct Cost 30000 on 04/20/25|2026-04-09 17:02:19.463|#
2011|6130|2025-04-20 00:00:00.000|-9178.00000000000000000000|Invoice 102049|2026-04-09 17:02:19.467|#
2012|2320|2025-04-20 00:00:00.000|9178.00000000000000000000|Invoice 102049|2026-04-09 17:02:19.473|#
2013|2910|2025-04-20 00:00:00.000|9178.00000000000000000000|Invoice 102049|2026-04-09 17:02:19.490|#
2014|2320|2025-04-20 00:00:00.000|-9178.00000000000000000000|Invoice 102049|2026-04-09 17:02:19.490|#
2015|2110|2025-04-23 00:00:00.000|-984.00000000000000000000|Direct Cost 50000 on 04/23/25|2026-04-09 17:02:19.640|#
2016|7190|2025-04-23 00:00:00.000|984.00000000000000000000|Direct Cost 50000 on 04/23/25|2026-04-09 17:02:19.640|#
2017|2110|2025-04-23 00:00:00.000|-390.00000000000000000000|Direct Cost 50000 on 04/23/25|2026-04-09 17:02:19.647|#
2018|7190|2025-04-23 00:00:00.000|390.00000000000000000000|Direct Cost 50000 on 04/23/25|2026-04-09 17:02:19.647|#
2019|6110|2025-04-23 00:00:00.000|-1761.60000000000000000000|Invoice 102050|2026-04-09 17:02:19.653|#
2020|5610|2025-04-23 00:00:00.000|-440.40000000000000000000|Invoice 102050|2026-04-09 17:02:19.653|#
2021|2310|2025-04-23 00:00:00.000|2202.00000000000000000000|Invoice 102050|2026-04-09 17:02:19.657|#
2022|2910|2025-04-23 00:00:00.000|2202.00000000000000000000|Invoice 102050|2026-04-09 17:02:19.670|#
2023|2310|2025-04-23 00:00:00.000|-2202.00000000000000000000|Invoice 102050|2026-04-09 17:02:19.670|#
2024|2110|2025-04-23 00:00:00.000|-1072.50000000000000000000|Direct Cost 30000 on 04/23/25|2026-04-09 17:02:19.833|#
2025|7190|2025-04-23 00:00:00.000|1072.50000000000000000000|Direct Cost 30000 on 04/23/25|2026-04-09 17:02:19.837|#
2026|2110|2025-04-23 00:00:00.000|-672.70000000000000000000|Direct Cost 30000 on 04/23/25|2026-04-09 17:02:19.840|#
2027|7190|2025-04-23 00:00:00.000|672.70000000000000000000|Direct Cost 30000 on 04/23/25|2026-04-09 17:02:19.840|#
2028|2110|2025-04-23 00:00:00.000|-768.80000000000000000000|Direct Cost 30000 on 04/23/25|2026-04-09 17:02:19.847|#
2029|7190|2025-04-23 00:00:00.000|768.80000000000000000000|Direct Cost 30000 on 04/23/25|2026-04-09 17:02:19.847|#
2030|6130|2025-04-23 00:00:00.000|-3225.60000000000000000000|Invoice 102051|2026-04-09 17:02:19.853|#
2031|2320|2025-04-23 00:00:00.000|3225.60000000000000000000|Invoice 102051|2026-04-09 17:02:19.857|#
2032|2910|2025-04-23 00:00:00.000|3225.60000000000000000000|Invoice 102051|2026-04-09 17:02:19.873|#
2033|2320|2025-04-23 00:00:00.000|-3225.60000000000000000000|Invoice 102051|2026-04-09 17:02:19.873|#
2034|2110|2025-05-01 00:00:00.000|-195.00000000000000000000|Direct Cost 30000 on 05/01/25|2026-04-09 17:02:19.993|#
2035|7190|2025-05-01 00:00:00.000|195.00000000000000000000|Direct Cost 30000 on 05/01/25|2026-04-09 17:02:19.997|#
2036|6130|2025-05-01 00:00:00.000|-250.20000000000000000000|Invoice 102052|2026-04-09 17:02:20.000|#
2037|2320|2025-05-01 00:00:00.000|250.20000000000000000000|Invoice 102052|2026-04-09 17:02:20.007|#
2038|2910|2025-05-01 00:00:00.000|250.20000000000000000000|Invoice 102052|2026-04-09 17:02:20.017|#
2039|2320|2025-05-01 00:00:00.000|-250.20000000000000000000|Invoice 102052|2026-04-09 17:02:20.017|#
2040|2110|2025-05-13 00:00:00.000|-83.40000000000000000000|Direct Cost 20000 on 05/13/25|2026-04-09 17:02:20.103|#
2041|7190|2025-05-13 00:00:00.000|83.40000000000000000000|Direct Cost 20000 on 05/13/25|2026-04-09 17:02:20.107|#
2042|6110|2025-05-13 00:00:00.000|-106.80000000000000000000|Invoice 102053|2026-04-09 17:02:20.110|#
2043|5610|2025-05-13 00:00:00.000|-26.70000000000000000000|Invoice 102053|2026-04-09 17:02:20.110|#
2044|2310|2025-05-13 00:00:00.000|133.50000000000000000000|Invoice 102053|2026-04-09 17:02:20.117|#
2045|2910|2025-05-13 00:00:00.000|133.50000000000000000000|Invoice 102053|2026-04-09 17:02:20.130|#
2046|2310|2025-05-13 00:00:00.000|-133.50000000000000000000|Invoice 102053|2026-04-09 17:02:20.130|#
2047|2110|2025-05-14 00:00:00.000|-390.00000000000000000000|Direct Cost 10000 on 05/14/25|2026-04-09 17:02:20.217|#
2048|7190|2025-05-14 00:00:00.000|390.00000000000000000000|Direct Cost 10000 on 05/14/25|2026-04-09 17:02:20.217|#
2049|6110|2025-05-14 00:00:00.000|-500.40000000000000000000|Invoice 102054|2026-04-09 17:02:20.223|#
2050|5610|2025-05-14 00:00:00.000|-125.10000000000000000000|Invoice 102054|2026-04-09 17:02:20.223|#
2051|2310|2025-05-14 00:00:00.000|625.50000000000000000000|Invoice 102054|2026-04-09 17:02:20.227|#
2052|2910|2025-05-14 00:00:00.000|625.50000000000000000000|Invoice 102054|2026-04-09 17:02:20.240|#
2053|2310|2025-05-14 00:00:00.000|-625.50000000000000000000|Invoice 102054|2026-04-09 17:02:20.240|#
2054|2110|2025-05-15 00:00:00.000|-195.00000000000000000000|Direct Cost 30000 on 05/15/25|2026-04-09 17:02:20.340|#
2055|7190|2025-05-15 00:00:00.000|195.00000000000000000000|Direct Cost 30000 on 05/15/25|2026-04-09 17:02:20.343|#
2056|6130|2025-05-15 00:00:00.000|-250.20000000000000000000|Invoice 102055|2026-04-09 17:02:20.347|#
2057|2320|2025-05-15 00:00:00.000|250.20000000000000000000|Invoice 102055|2026-04-09 17:02:20.350|#
2058|2910|2025-05-15 00:00:00.000|250.20000000000000000000|Invoice 102055|2026-04-09 17:02:20.367|#
2059|2320|2025-05-15 00:00:00.000|-250.20000000000000000000|Invoice 102055|2026-04-09 17:02:20.367|#
2060|2110|2025-05-16 00:00:00.000|-192.20000000000000000000|Direct Cost 50000 on 05/16/25|2026-04-09 17:02:20.443|#
2061|7190|2025-05-16 00:00:00.000|192.20000000000000000000|Direct Cost 50000 on 05/16/25|2026-04-09 17:02:20.447|#
2062|6110|2025-05-16 00:00:00.000|-246.60000000000000000000|Invoice 102056|2026-04-09 17:02:20.450|#
2063|5610|2025-05-16 00:00:00.000|-61.65000000000000000000|Invoice 102056|2026-04-09 17:02:20.450|#
2064|2310|2025-05-16 00:00:00.000|308.25000000000000000000|Invoice 102056|2026-04-09 17:02:20.457|#
2065|2910|2025-05-16 00:00:00.000|308.25000000000000000000|Invoice 102056|2026-04-09 17:02:20.473|#
2066|2310|2025-05-16 00:00:00.000|-308.25000000000000000000|Invoice 102056|2026-04-09 17:02:20.473|#
2067|2110|2025-05-17 00:00:00.000|-195.00000000000000000000|Direct Cost 40000 on 05/17/25|2026-04-09 17:02:20.550|#
2068|7190|2025-05-17 00:00:00.000|195.00000000000000000000|Direct Cost 40000 on 05/17/25|2026-04-09 17:02:20.553|#
2069|6120|2025-05-17 00:00:00.000|-250.20000000000000000000|Invoice 102057|2026-04-09 17:02:20.557|#
2070|2320|2025-05-17 00:00:00.000|250.20000000000000000000|Invoice 102057|2026-04-09 17:02:20.563|#
2071|2910|2025-05-17 00:00:00.000|250.20000000000000000000|Invoice 102057|2026-04-09 17:02:20.580|#
2072|2320|2025-05-17 00:00:00.000|-250.20000000000000000000|Invoice 102057|2026-04-09 17:02:20.580|#
2073|2110|2025-05-18 00:00:00.000|-292.50000000000000000000|Direct Cost 20000 on 05/18/25|2026-04-09 17:02:20.717|#
2074|7190|2025-05-18 00:00:00.000|292.50000000000000000000|Direct Cost 20000 on 05/18/25|2026-04-09 17:02:20.720|#
2075|2110|2025-05-18 00:00:00.000|-487.50000000000000000000|Direct Cost 20000 on 05/18/25|2026-04-09 17:02:20.723|#
2076|7190|2025-05-18 00:00:00.000|487.50000000000000000000|Direct Cost 20000 on 05/18/25|2026-04-09 17:02:20.727|#
2077|2110|2025-05-18 00:00:00.000|-384.40000000000000000000|Direct Cost 20000 on 05/18/25|2026-04-09 17:02:20.730|#
2078|7190|2025-05-18 00:00:00.000|384.40000000000000000000|Direct Cost 20000 on 05/18/25|2026-04-09 17:02:20.733|#
2079|6110|2025-05-18 00:00:00.000|-1494.00000000000000000000|Invoice 102058|2026-04-09 17:02:20.737|#
2080|5610|2025-05-18 00:00:00.000|-373.50000000000000000000|Invoice 102058|2026-04-09 17:02:20.737|#
2081|2310|2025-05-18 00:00:00.000|1867.50000000000000000000|Invoice 102058|2026-04-09 17:02:20.743|#
2082|2910|2025-05-18 00:00:00.000|1867.50000000000000000000|Invoice 102058|2026-04-09 17:02:20.760|#
2083|2310|2025-05-18 00:00:00.000|-1867.50000000000000000000|Invoice 102058|2026-04-09 17:02:20.760|#
2084|2110|2025-05-18 00:00:00.000|-4052.80000000000000000000|Direct Cost 10000 on 05/18/25|2026-04-09 17:02:20.927|#
2085|7190|2025-05-18 00:00:00.000|4052.80000000000000000000|Direct Cost 10000 on 05/18/25|2026-04-09 17:02:20.930|#
2086|2110|2025-05-18 00:00:00.000|-288.30000000000000000000|Direct Cost 10000 on 05/18/25|2026-04-09 17:02:20.933|#
2087|7190|2025-05-18 00:00:00.000|288.30000000000000000000|Direct Cost 10000 on 05/18/25|2026-04-09 17:02:20.937|#
2088|2110|2025-05-18 00:00:00.000|-3536.00000000000000000000|Direct Cost 10000 on 05/18/25|2026-04-09 17:02:20.940|#
2089|7190|2025-05-18 00:00:00.000|3536.00000000000000000000|Direct Cost 10000 on 05/18/25|2026-04-09 17:02:20.943|#
2090|6110|2025-05-18 00:00:00.000|-10098.60000000000000000000|Invoice 102059|2026-04-09 17:02:20.947|#
2091|5610|2025-05-18 00:00:00.000|-2524.65000000000000000000|Invoice 102059|2026-04-09 17:02:20.947|#
2092|2310|2025-05-18 00:00:00.000|12623.25000000000000000000|Invoice 102059|2026-04-09 17:02:20.953|#
2093|2910|2025-05-18 00:00:00.000|12623.25000000000000000000|Invoice 102059|2026-04-09 17:02:20.967|#
2094|2310|2025-05-18 00:00:00.000|-12623.25000000000000000000|Invoice 102059|2026-04-09 17:02:20.967|#
2095|2110|2025-05-20 00:00:00.000|-1317.00000000000000000000|Direct Cost 50000 on 05/20/25|2026-04-09 17:02:21.080|#
2096|7190|2025-05-20 00:00:00.000|1317.00000000000000000000|Direct Cost 50000 on 05/20/25|2026-04-09 17:02:21.083|#
2097|6110|2025-05-20 00:00:00.000|-1688.40000000000000000000|Invoice 102060|2026-04-09 17:02:21.087|#
2098|5610|2025-05-20 00:00:00.000|-422.10000000000000000000|Invoice 102060|2026-04-09 17:02:21.087|#
2099|2310|2025-05-20 00:00:00.000|2110.50000000000000000000|Invoice 102060|2026-04-09 17:02:21.093|#
2100|2910|2025-05-20 00:00:00.000|2110.50000000000000000000|Invoice 102060|2026-04-09 17:02:21.107|#
2101|2310|2025-05-20 00:00:00.000|-2110.50000000000000000000|Invoice 102060|2026-04-09 17:02:21.107|#
2102|2110|2025-05-21 00:00:00.000|-222.40000000000000000000|Direct Cost 30000 on 05/21/25|2026-04-09 17:02:21.203|#
2103|7190|2025-05-21 00:00:00.000|222.40000000000000000000|Direct Cost 30000 on 05/21/25|2026-04-09 17:02:21.207|#
2104|6130|2025-05-21 00:00:00.000|-284.80000000000000000000|Invoice 102061|2026-04-09 17:02:21.210|#
2105|2320|2025-05-21 00:00:00.000|284.80000000000000000000|Invoice 102061|2026-04-09 17:02:21.217|#
2106|2910|2025-05-21 00:00:00.000|284.80000000000000000000|Invoice 102061|2026-04-09 17:02:21.230|#
2107|2320|2025-05-21 00:00:00.000|-284.80000000000000000000|Invoice 102061|2026-04-09 17:02:21.230|#
2108|2110|2025-05-21 00:00:00.000|-480.50000000000000000000|Direct Cost 40000 on 05/21/25|2026-04-09 17:02:21.377|#
2109|7190|2025-05-21 00:00:00.000|480.50000000000000000000|Direct Cost 40000 on 05/21/25|2026-04-09 17:02:21.380|#
2110|2110|2025-05-21 00:00:00.000|-1312.00000000000000000000|Direct Cost 40000 on 05/21/25|2026-04-09 17:02:21.383|#
2111|7190|2025-05-21 00:00:00.000|1312.00000000000000000000|Direct Cost 40000 on 05/21/25|2026-04-09 17:02:21.387|#
2112|2110|2025-05-21 00:00:00.000|-576.60000000000000000000|Direct Cost 40000 on 05/21/25|2026-04-09 17:02:21.390|#
2113|7190|2025-05-21 00:00:00.000|576.60000000000000000000|Direct Cost 40000 on 05/21/25|2026-04-09 17:02:21.390|#
2114|2110|2025-05-21 00:00:00.000|-96.10000000000000000000|Direct Cost 40000 on 05/21/25|2026-04-09 17:02:21.397|#
2115|7190|2025-05-21 00:00:00.000|96.10000000000000000000|Direct Cost 40000 on 05/21/25|2026-04-09 17:02:21.397|#
2116|6120|2025-05-21 00:00:00.000|-3161.20000000000000000000|Invoice 102062|2026-04-09 17:02:21.400|#
2117|2320|2025-05-21 00:00:00.000|3161.20000000000000000000|Invoice 102062|2026-04-09 17:02:21.407|#
2118|2910|2025-05-21 00:00:00.000|3161.20000000000000000000|Invoice 102062|2026-04-09 17:02:21.420|#
2119|2320|2025-05-21 00:00:00.000|-3161.20000000000000000000|Invoice 102062|2026-04-09 17:02:21.420|#
2120|2110|2025-05-23 00:00:00.000|-390.00000000000000000000|Direct Cost 20000 on 05/23/25|2026-04-09 17:02:21.557|#
2121|7190|2025-05-23 00:00:00.000|390.00000000000000000000|Direct Cost 20000 on 05/23/25|2026-04-09 17:02:21.560|#
2122|6110|2025-05-23 00:00:00.000|-500.40000000000000000000|Invoice 102063|2026-04-09 17:02:21.567|#
2123|5610|2025-05-23 00:00:00.000|-125.10000000000000000000|Invoice 102063|2026-04-09 17:02:21.567|#
2124|2310|2025-05-23 00:00:00.000|625.50000000000000000000|Invoice 102063|2026-04-09 17:02:21.570|#
2125|2910|2025-05-23 00:00:00.000|625.50000000000000000000|Invoice 102063|2026-04-09 17:02:21.587|#
2126|2310|2025-05-23 00:00:00.000|-625.50000000000000000000|Invoice 102063|2026-04-09 17:02:21.587|#
2127|2110|2025-05-24 00:00:00.000|-3039.60000000000000000000|Direct Cost 30000 on 05/24/25|2026-04-09 17:02:21.733|#
2128|7190|2025-05-24 00:00:00.000|3039.60000000000000000000|Direct Cost 30000 on 05/24/25|2026-04-09 17:02:21.737|#
2129|2110|2025-05-24 00:00:00.000|-877.50000000000000000000|Direct Cost 30000 on 05/24/25|2026-04-09 17:02:21.740|#
2130|7190|2025-05-24 00:00:00.000|877.50000000000000000000|Direct Cost 30000 on 05/24/25|2026-04-09 17:02:21.757|#
2131|2110|2025-05-24 00:00:00.000|-576.60000000000000000000|Direct Cost 30000 on 05/24/25|2026-04-09 17:02:21.760|#
2132|7190|2025-05-24 00:00:00.000|576.60000000000000000000|Direct Cost 30000 on 05/24/25|2026-04-09 17:02:21.763|#
2133|2110|2025-05-24 00:00:00.000|-2828.80000000000000000000|Direct Cost 30000 on 05/24/25|2026-04-09 17:02:21.767|#
2134|7190|2025-05-24 00:00:00.000|2828.80000000000000000000|Direct Cost 30000 on 05/24/25|2026-04-09 17:02:21.767|#
2135|6130|2025-05-24 00:00:00.000|-9388.90000000000000000000|Invoice 102064|2026-04-09 17:02:21.770|#
2136|2320|2025-05-24 00:00:00.000|9388.90000000000000000000|Invoice 102064|2026-04-09 17:02:21.777|#
2137|2910|2025-05-24 00:00:00.000|9388.90000000000000000000|Invoice 102064|2026-04-09 17:02:21.790|#
2138|2320|2025-05-24 00:00:00.000|-9388.90000000000000000000|Invoice 102064|2026-04-09 17:02:21.790|#
2139|2110|2025-05-31 00:00:00.000|-984.00000000000000000000|Direct Cost 50000 on 05/31/25|2026-04-09 17:02:21.950|#
2140|7190|2025-05-31 00:00:00.000|984.00000000000000000000|Direct Cost 50000 on 05/31/25|2026-04-09 17:02:21.953|#
2141|2110|2025-05-31 00:00:00.000|-390.00000000000000000000|Direct Cost 50000 on 05/31/25|2026-04-09 17:02:21.957|#
2142|7190|2025-05-31 00:00:00.000|390.00000000000000000000|Direct Cost 50000 on 05/31/25|2026-04-09 17:02:21.960|#
2143|6110|2025-05-31 00:00:00.000|-1761.60000000000000000000|Invoice 102065|2026-04-09 17:02:21.967|#
2144|5610|2025-05-31 00:00:00.000|-440.40000000000000000000|Invoice 102065|2026-04-09 17:02:21.967|#
2145|2310|2025-05-31 00:00:00.000|2202.00000000000000000000|Invoice 102065|2026-04-09 17:02:21.970|#
2146|2910|2025-05-31 00:00:00.000|2202.00000000000000000000|Invoice 102065|2026-04-09 17:02:21.987|#
2147|2310|2025-05-31 00:00:00.000|-2202.00000000000000000000|Invoice 102065|2026-04-09 17:02:21.987|#
2148|2110|2025-06-01 00:00:00.000|-195.00000000000000000000|Direct Cost 30000 on 06/01/25|2026-04-09 17:02:22.120|#
2149|7190|2025-06-01 00:00:00.000|195.00000000000000000000|Direct Cost 30000 on 06/01/25|2026-04-09 17:02:22.123|#
2150|2110|2025-06-01 00:00:00.000|-672.70000000000000000000|Direct Cost 30000 on 06/01/25|2026-04-09 17:02:22.127|#
2151|7190|2025-06-01 00:00:00.000|672.70000000000000000000|Direct Cost 30000 on 06/01/25|2026-04-09 17:02:22.127|#
2152|6130|2025-06-01 00:00:00.000|-1113.30000000000000000000|Invoice 102066|2026-04-09 17:02:22.133|#
2153|2320|2025-06-01 00:00:00.000|1113.30000000000000000000|Invoice 102066|2026-04-09 17:02:22.137|#
2154|2910|2025-06-01 00:00:00.000|1113.30000000000000000000|Invoice 102066|2026-04-09 17:02:22.153|#
2155|2320|2025-06-01 00:00:00.000|-1113.30000000000000000000|Invoice 102066|2026-04-09 17:02:22.153|#
2156|2110|2025-06-12 00:00:00.000|-83.40000000000000000000|Direct Cost 20000 on 06/12/25|2026-04-09 17:02:22.260|#
2157|7190|2025-06-12 00:00:00.000|83.40000000000000000000|Direct Cost 20000 on 06/12/25|2026-04-09 17:02:22.263|#
2158|6110|2025-06-12 00:00:00.000|-106.80000000000000000000|Invoice 102067|2026-04-09 17:02:22.267|#
2159|5610|2025-06-12 00:00:00.000|-26.70000000000000000000|Invoice 102067|2026-04-09 17:02:22.267|#
2160|2310|2025-06-12 00:00:00.000|133.50000000000000000000|Invoice 102067|2026-04-09 17:02:22.273|#
2161|2910|2025-06-12 00:00:00.000|133.50000000000000000000|Invoice 102067|2026-04-09 17:02:22.287|#
2162|2310|2025-06-12 00:00:00.000|-133.50000000000000000000|Invoice 102067|2026-04-09 17:02:22.287|#
2163|2110|2025-06-14 00:00:00.000|-195.00000000000000000000|Direct Cost 30000 on 06/14/25|2026-04-09 17:02:22.370|#
2164|7190|2025-06-14 00:00:00.000|195.00000000000000000000|Direct Cost 30000 on 06/14/25|2026-04-09 17:02:22.373|#
2165|6130|2025-06-14 00:00:00.000|-250.20000000000000000000|Invoice 102068|2026-04-09 17:02:22.377|#
2166|2320|2025-06-14 00:00:00.000|250.20000000000000000000|Invoice 102068|2026-04-09 17:02:22.383|#
2167|2910|2025-06-14 00:00:00.000|250.20000000000000000000|Invoice 102068|2026-04-09 17:02:22.397|#
2168|2320|2025-06-14 00:00:00.000|-250.20000000000000000000|Invoice 102068|2026-04-09 17:02:22.397|#
2169|2110|2025-06-15 00:00:00.000|-192.20000000000000000000|Direct Cost 50000 on 06/15/25|2026-04-09 17:02:22.477|#
2170|7190|2025-06-15 00:00:00.000|192.20000000000000000000|Direct Cost 50000 on 06/15/25|2026-04-09 17:02:22.480|#
2171|6110|2025-06-15 00:00:00.000|-246.60000000000000000000|Invoice 102069|2026-04-09 17:02:22.483|#
2172|5610|2025-06-15 00:00:00.000|-61.65000000000000000000|Invoice 102069|2026-04-09 17:02:22.483|#
2173|2310|2025-06-15 00:00:00.000|308.25000000000000000000|Invoice 102069|2026-04-09 17:02:22.490|#
2174|2910|2025-06-15 00:00:00.000|308.25000000000000000000|Invoice 102069|2026-04-09 17:02:22.503|#
2175|2310|2025-06-15 00:00:00.000|-308.25000000000000000000|Invoice 102069|2026-04-09 17:02:22.503|#
2176|2110|2025-06-16 00:00:00.000|-4052.80000000000000000000|Direct Cost 10000 on 06/16/25|2026-04-09 17:02:22.657|#
2177|7190|2025-06-16 00:00:00.000|4052.80000000000000000000|Direct Cost 10000 on 06/16/25|2026-04-09 17:02:22.660|#
2178|2110|2025-06-16 00:00:00.000|-390.00000000000000000000|Direct Cost 10000 on 06/16/25|2026-04-09 17:02:22.663|#
2179|7190|2025-06-16 00:00:00.000|390.00000000000000000000|Direct Cost 10000 on 06/16/25|2026-04-09 17:02:22.667|#
2180|2110|2025-06-16 00:00:00.000|-288.30000000000000000000|Direct Cost 10000 on 06/16/25|2026-04-09 17:02:22.670|#
2181|7190|2025-06-16 00:00:00.000|288.30000000000000000000|Direct Cost 10000 on 06/16/25|2026-04-09 17:02:22.673|#
2182|2110|2025-06-16 00:00:00.000|-3536.00000000000000000000|Direct Cost 10000 on 06/16/25|2026-04-09 17:02:22.677|#
2183|7190|2025-06-16 00:00:00.000|3536.00000000000000000000|Direct Cost 10000 on 06/16/25|2026-04-09 17:02:22.677|#
2184|6110|2025-06-16 00:00:00.000|-10599.00000000000000000000|Invoice 102070|2026-04-09 17:02:22.683|#
2185|5610|2025-06-16 00:00:00.000|-2649.75000000000000000000|Invoice 102070|2026-04-09 17:02:22.683|#
2186|2310|2025-06-16 00:00:00.000|13248.75000000000000000000|Invoice 102070|2026-04-09 17:02:22.687|#
2187|2910|2025-06-16 00:00:00.000|13248.75000000000000000000|Invoice 102070|2026-04-09 17:02:22.703|#
2188|2310|2025-06-16 00:00:00.000|-13248.75000000000000000000|Invoice 102070|2026-04-09 17:02:22.703|#
2189|2110|2025-06-17 00:00:00.000|-4052.80000000000000000000|Direct Cost 20000 on 06/17/25|2026-04-09 17:02:22.910|#
2190|7190|2025-06-17 00:00:00.000|4052.80000000000000000000|Direct Cost 20000 on 06/17/25|2026-04-09 17:02:22.913|#
2191|2110|2025-06-17 00:00:00.000|-390.00000000000000000000|Direct Cost 20000 on 06/17/25|2026-04-09 17:02:22.917|#
2192|7190|2025-06-17 00:00:00.000|390.00000000000000000000|Direct Cost 20000 on 06/17/25|2026-04-09 17:02:22.917|#
2193|2110|2025-06-17 00:00:00.000|-288.30000000000000000000|Direct Cost 20000 on 06/17/25|2026-04-09 17:02:22.920|#
2194|7190|2025-06-17 00:00:00.000|288.30000000000000000000|Direct Cost 20000 on 06/17/25|2026-04-09 17:02:22.923|#
2195|2110|2025-06-17 00:00:00.000|-3536.00000000000000000000|Direct Cost 20000 on 06/17/25|2026-04-09 17:02:22.927|#
2196|7190|2025-06-17 00:00:00.000|3536.00000000000000000000|Direct Cost 20000 on 06/17/25|2026-04-09 17:02:22.927|#
2197|6110|2025-06-17 00:00:00.000|-10599.00000000000000000000|Invoice 102071|2026-04-09 17:02:22.933|#
2198|5610|2025-06-17 00:00:00.000|-2649.75000000000000000000|Invoice 102071|2026-04-09 17:02:22.933|#
2199|2310|2025-06-17 00:00:00.000|13248.75000000000000000000|Invoice 102071|2026-04-09 17:02:22.937|#
2200|2910|2025-06-17 00:00:00.000|13248.75000000000000000000|Invoice 102071|2026-04-09 17:02:22.953|#
2201|2310|2025-06-17 00:00:00.000|-13248.75000000000000000000|Invoice 102071|2026-04-09 17:02:22.953|#
2202|2110|2025-06-19 00:00:00.000|-1097.50000000000000000000|Direct Cost 50000 on 06/19/25|2026-04-09 17:02:23.083|#
2203|7190|2025-06-19 00:00:00.000|1097.50000000000000000000|Direct Cost 50000 on 06/19/25|2026-04-09 17:02:23.087|#
2204|6110|2025-06-19 00:00:00.000|-1407.00000000000000000000|Invoice 102072|2026-04-09 17:02:23.090|#
2205|5610|2025-06-19 00:00:00.000|-351.75000000000000000000|Invoice 102072|2026-04-09 17:02:23.090|#
2206|2310|2025-06-19 00:00:00.000|1758.75000000000000000000|Invoice 102072|2026-04-09 17:02:23.093|#
2207|2910|2025-06-19 00:00:00.000|1758.75000000000000000000|Invoice 102072|2026-04-09 17:02:23.107|#
2208|2310|2025-06-19 00:00:00.000|-1758.75000000000000000000|Invoice 102072|2026-04-09 17:02:23.107|#
2209|2110|2025-06-19 00:00:00.000|-480.50000000000000000000|Direct Cost 40000 on 06/19/25|2026-04-09 17:02:23.327|#
2210|7190|2025-06-19 00:00:00.000|480.50000000000000000000|Direct Cost 40000 on 06/19/25|2026-04-09 17:02:23.327|#
2211|2110|2025-06-19 00:00:00.000|-984.00000000000000000000|Direct Cost 40000 on 06/19/25|2026-04-09 17:02:23.333|#
2212|7190|2025-06-19 00:00:00.000|984.00000000000000000000|Direct Cost 40000 on 06/19/25|2026-04-09 17:02:23.333|#
2213|2110|2025-06-19 00:00:00.000|-195.00000000000000000000|Direct Cost 40000 on 06/19/25|2026-04-09 17:02:23.340|#
2214|7190|2025-06-19 00:00:00.000|195.00000000000000000000|Direct Cost 40000 on 06/19/25|2026-04-09 17:02:23.343|#
2215|2110|2025-06-19 00:00:00.000|-576.60000000000000000000|Direct Cost 40000 on 06/19/25|2026-04-09 17:02:23.347|#
2216|7190|2025-06-19 00:00:00.000|576.60000000000000000000|Direct Cost 40000 on 06/19/25|2026-04-09 17:02:23.350|#
2217|2110|2025-06-19 00:00:00.000|-96.10000000000000000000|Direct Cost 40000 on 06/19/25|2026-04-09 17:02:23.353|#
2218|7190|2025-06-19 00:00:00.000|96.10000000000000000000|Direct Cost 40000 on 06/19/25|2026-04-09 17:02:23.357|#
2219|6120|2025-06-19 00:00:00.000|-2991.00000000000000000000|Invoice 102073|2026-04-09 17:02:23.363|#
2220|2320|2025-06-19 00:00:00.000|2991.00000000000000000000|Invoice 102073|2026-04-09 17:02:23.370|#
2221|2910|2025-06-19 00:00:00.000|2991.00000000000000000000|Invoice 102073|2026-04-09 17:02:23.387|#
2222|2320|2025-06-19 00:00:00.000|-2991.00000000000000000000|Invoice 102073|2026-04-09 17:02:23.387|#
2223|2110|2025-06-20 00:00:00.000|-390.00000000000000000000|Direct Cost 20000 on 06/20/25|2026-04-09 17:02:23.553|#
2224|7190|2025-06-20 00:00:00.000|390.00000000000000000000|Direct Cost 20000 on 06/20/25|2026-04-09 17:02:23.557|#
2225|6110|2025-06-20 00:00:00.000|-500.40000000000000000000|Invoice 102074|2026-04-09 17:02:23.560|#
2226|5610|2025-06-20 00:00:00.000|-125.10000000000000000000|Invoice 102074|2026-04-09 17:02:23.560|#
2227|2310|2025-06-20 00:00:00.000|625.50000000000000000000|Invoice 102074|2026-04-09 17:02:23.567|#
2228|2910|2025-06-20 00:00:00.000|625.50000000000000000000|Invoice 102074|2026-04-09 17:02:23.583|#
2229|2310|2025-06-20 00:00:00.000|-625.50000000000000000000|Invoice 102074|2026-04-09 17:02:23.583|#
2230|2110|2025-06-20 00:00:00.000|-3546.20000000000000000000|Direct Cost 30000 on 06/20/25|2026-04-09 17:02:23.717|#
2231|7190|2025-06-20 00:00:00.000|3546.20000000000000000000|Direct Cost 30000 on 06/20/25|2026-04-09 17:02:23.720|#
2232|2110|2025-06-20 00:00:00.000|-278.00000000000000000000|Direct Cost 30000 on 06/20/25|2026-04-09 17:02:23.727|#
2233|7190|2025-06-20 00:00:00.000|278.00000000000000000000|Direct Cost 30000 on 06/20/25|2026-04-09 17:02:23.727|#
2234|2110|2025-06-20 00:00:00.000|-2828.80000000000000000000|Direct Cost 30000 on 06/20/25|2026-04-09 17:02:23.733|#
2235|7190|2025-06-20 00:00:00.000|2828.80000000000000000000|Direct Cost 30000 on 06/20/25|2026-04-09 17:02:23.737|#
2236|6130|2025-06-20 00:00:00.000|-8528.60000000000000000000|Invoice 102075|2026-04-09 17:02:23.740|#
2237|2320|2025-06-20 00:00:00.000|8528.60000000000000000000|Invoice 102075|2026-04-09 17:02:23.747|#
2238|2910|2025-06-20 00:00:00.000|8528.60000000000000000000|Invoice 102075|2026-04-09 17:02:23.763|#
2239|2320|2025-06-20 00:00:00.000|-8528.60000000000000000000|Invoice 102075|2026-04-09 17:02:23.763|#
2240|2110|2025-06-23 00:00:00.000|-656.00000000000000000000|Direct Cost 50000 on 06/23/25|2026-04-09 17:02:23.940|#
2241|7190|2025-06-23 00:00:00.000|656.00000000000000000000|Direct Cost 50000 on 06/23/25|2026-04-09 17:02:23.943|#
2242|2110|2025-06-23 00:00:00.000|-390.00000000000000000000|Direct Cost 50000 on 06/23/25|2026-04-09 17:02:23.947|#
2243|7190|2025-06-23 00:00:00.000|390.00000000000000000000|Direct Cost 50000 on 06/23/25|2026-04-09 17:02:23.947|#
2244|6110|2025-06-23 00:00:00.000|-1341.20000000000000000000|Invoice 102076|2026-04-09 17:02:23.953|#
2245|5610|2025-06-23 00:00:00.000|-335.30000000000000000000|Invoice 102076|2026-04-09 17:02:23.953|#
2246|2310|2025-06-23 00:00:00.000|1676.50000000000000000000|Invoice 102076|2026-04-09 17:02:23.957|#
2247|2910|2025-06-23 00:00:00.000|1676.50000000000000000000|Invoice 102076|2026-04-09 17:02:23.970|#
2248|2310|2025-06-23 00:00:00.000|-1676.50000000000000000000|Invoice 102076|2026-04-09 17:02:23.970|#
2249|2110|2025-06-23 00:00:00.000|-975.00000000000000000000|Direct Cost 30000 on 06/23/25|2026-04-09 17:02:24.140|#
2250|7190|2025-06-23 00:00:00.000|975.00000000000000000000|Direct Cost 30000 on 06/23/25|2026-04-09 17:02:24.143|#
2251|2110|2025-06-23 00:00:00.000|-672.70000000000000000000|Direct Cost 30000 on 06/23/25|2026-04-09 17:02:24.147|#
2252|7190|2025-06-23 00:00:00.000|672.70000000000000000000|Direct Cost 30000 on 06/23/25|2026-04-09 17:02:24.150|#
2253|2110|2025-06-23 00:00:00.000|-672.70000000000000000000|Direct Cost 30000 on 06/23/25|2026-04-09 17:02:24.153|#
2254|7190|2025-06-23 00:00:00.000|672.70000000000000000000|Direct Cost 30000 on 06/23/25|2026-04-09 17:02:24.157|#
2255|6130|2025-06-23 00:00:00.000|-2977.20000000000000000000|Invoice 102077|2026-04-09 17:02:24.160|#
2256|2320|2025-06-23 00:00:00.000|2977.20000000000000000000|Invoice 102077|2026-04-09 17:02:24.163|#
2257|2910|2025-06-23 00:00:00.000|2977.20000000000000000000|Invoice 102077|2026-04-09 17:02:24.177|#
2258|2320|2025-06-23 00:00:00.000|-2977.20000000000000000000|Invoice 102077|2026-04-09 17:02:24.177|#
2259|2110|2025-07-01 00:00:00.000|-195.00000000000000000000|Direct Cost 30000 on 07/01/25|2026-04-09 17:02:24.317|#
2260|7190|2025-07-01 00:00:00.000|195.00000000000000000000|Direct Cost 30000 on 07/01/25|2026-04-09 17:02:24.317|#
2261|6130|2025-07-01 00:00:00.000|-250.20000000000000000000|Invoice 102078|2026-04-09 17:02:24.323|#
2262|2320|2025-07-01 00:00:00.000|250.20000000000000000000|Invoice 102078|2026-04-09 17:02:24.327|#
2263|2910|2025-07-01 00:00:00.000|250.20000000000000000000|Invoice 102078|2026-04-09 17:02:24.340|#
2264|2320|2025-07-01 00:00:00.000|-250.20000000000000000000|Invoice 102078|2026-04-09 17:02:24.340|#
2265|2110|2025-07-13 00:00:00.000|-83.40000000000000000000|Direct Cost 20000 on 07/13/25|2026-04-09 17:02:24.420|#
2266|7190|2025-07-13 00:00:00.000|83.40000000000000000000|Direct Cost 20000 on 07/13/25|2026-04-09 17:02:24.423|#
2267|6110|2025-07-13 00:00:00.000|-106.80000000000000000000|Invoice 102079|2026-04-09 17:02:24.427|#
2268|5610|2025-07-13 00:00:00.000|-26.70000000000000000000|Invoice 102079|2026-04-09 17:02:24.427|#
2269|2310|2025-07-13 00:00:00.000|133.50000000000000000000|Invoice 102079|2026-04-09 17:02:24.433|#
2270|2910|2025-07-13 00:00:00.000|133.50000000000000000000|Invoice 102079|2026-04-09 17:02:24.447|#
2271|2310|2025-07-13 00:00:00.000|-133.50000000000000000000|Invoice 102079|2026-04-09 17:02:24.447|#
2272|2110|2025-07-14 00:00:00.000|-390.00000000000000000000|Direct Cost 10000 on 07/14/25|2026-04-09 17:02:24.570|#
2273|7190|2025-07-14 00:00:00.000|390.00000000000000000000|Direct Cost 10000 on 07/14/25|2026-04-09 17:02:24.573|#
2274|6110|2025-07-14 00:00:00.000|-500.40000000000000000000|Invoice 102080|2026-04-09 17:02:24.577|#
2275|5610|2025-07-14 00:00:00.000|-125.10000000000000000000|Invoice 102080|2026-04-09 17:02:24.577|#
2276|2310|2025-07-14 00:00:00.000|625.50000000000000000000|Invoice 102080|2026-04-09 17:02:24.580|#
2277|2910|2025-07-14 00:00:00.000|625.50000000000000000000|Invoice 102080|2026-04-09 17:02:24.597|#
2278|2310|2025-07-14 00:00:00.000|-625.50000000000000000000|Invoice 102080|2026-04-09 17:02:24.597|#
2279|2110|2025-07-15 00:00:00.000|-97.50000000000000000000|Direct Cost 30000 on 07/15/25|2026-04-09 17:02:24.677|#
2280|7190|2025-07-15 00:00:00.000|97.50000000000000000000|Direct Cost 30000 on 07/15/25|2026-04-09 17:02:24.680|#
2281|6130|2025-07-15 00:00:00.000|-125.10000000000000000000|Invoice 102081|2026-04-09 17:02:24.683|#
2282|2320|2025-07-15 00:00:00.000|125.10000000000000000000|Invoice 102081|2026-04-09 17:02:24.690|#
2283|2910|2025-07-15 00:00:00.000|125.10000000000000000000|Invoice 102081|2026-04-09 17:02:24.703|#
2284|2320|2025-07-15 00:00:00.000|-125.10000000000000000000|Invoice 102081|2026-04-09 17:02:24.703|#
2285|2110|2025-07-16 00:00:00.000|-192.20000000000000000000|Direct Cost 50000 on 07/16/25|2026-04-09 17:02:24.783|#
2286|7190|2025-07-16 00:00:00.000|192.20000000000000000000|Direct Cost 50000 on 07/16/25|2026-04-09 17:02:24.783|#
2287|6110|2025-07-16 00:00:00.000|-246.60000000000000000000|Invoice 102082|2026-04-09 17:02:24.790|#
2288|5610|2025-07-16 00:00:00.000|-61.65000000000000000000|Invoice 102082|2026-04-09 17:02:24.790|#
2289|2310|2025-07-16 00:00:00.000|308.25000000000000000000|Invoice 102082|2026-04-09 17:02:24.797|#
2290|2910|2025-07-16 00:00:00.000|308.25000000000000000000|Invoice 102082|2026-04-09 17:02:24.810|#
2291|2310|2025-07-16 00:00:00.000|-308.25000000000000000000|Invoice 102082|2026-04-09 17:02:24.810|#
2292|2110|2025-07-17 00:00:00.000|-195.00000000000000000000|Direct Cost 40000 on 07/17/25|2026-04-09 17:02:24.897|#
2293|7190|2025-07-17 00:00:00.000|195.00000000000000000000|Direct Cost 40000 on 07/17/25|2026-04-09 17:02:24.900|#
2294|6120|2025-07-17 00:00:00.000|-250.20000000000000000000|Invoice 102083|2026-04-09 17:02:24.907|#
2295|2320|2025-07-17 00:00:00.000|250.20000000000000000000|Invoice 102083|2026-04-09 17:02:24.910|#
2296|2910|2025-07-17 00:00:00.000|250.20000000000000000000|Invoice 102083|2026-04-09 17:02:24.927|#
2297|2320|2025-07-17 00:00:00.000|-250.20000000000000000000|Invoice 102083|2026-04-09 17:02:24.927|#
2298|2110|2025-07-18 00:00:00.000|-390.00000000000000000000|Direct Cost 20000 on 07/18/25|2026-04-09 17:02:25.077|#
2299|7190|2025-07-18 00:00:00.000|390.00000000000000000000|Direct Cost 20000 on 07/18/25|2026-04-09 17:02:25.077|#
2300|2110|2025-07-18 00:00:00.000|-390.00000000000000000000|Direct Cost 20000 on 07/18/25|2026-04-09 17:02:25.080|#
2301|7190|2025-07-18 00:00:00.000|390.00000000000000000000|Direct Cost 20000 on 07/18/25|2026-04-09 17:02:25.083|#
2302|2110|2025-07-18 00:00:00.000|-288.30000000000000000000|Direct Cost 20000 on 07/18/25|2026-04-09 17:02:25.087|#
2303|7190|2025-07-18 00:00:00.000|288.30000000000000000000|Direct Cost 20000 on 07/18/25|2026-04-09 17:02:25.090|#
2304|6110|2025-07-18 00:00:00.000|-1370.70000000000000000000|Invoice 102084|2026-04-09 17:02:25.097|#
2305|5610|2025-07-18 00:00:00.000|-342.68000000000000000000|Invoice 102084|2026-04-09 17:02:25.097|#
2306|2310|2025-07-18 00:00:00.000|1713.38000000000000000000|Invoice 102084|2026-04-09 17:02:25.103|#
2307|2910|2025-07-18 00:00:00.000|1713.38000000000000000000|Invoice 102084|2026-04-09 17:02:25.120|#
2308|2310|2025-07-18 00:00:00.000|-1713.38000000000000000000|Invoice 102084|2026-04-09 17:02:25.120|#
2309|2110|2025-07-18 00:00:00.000|-3039.60000000000000000000|Direct Cost 10000 on 07/18/25|2026-04-09 17:02:25.287|#
2310|7190|2025-07-18 00:00:00.000|3039.60000000000000000000|Direct Cost 10000 on 07/18/25|2026-04-09 17:02:25.287|#
2311|2110|2025-07-18 00:00:00.000|-192.20000000000000000000|Direct Cost 10000 on 07/18/25|2026-04-09 17:02:25.290|#
2312|7190|2025-07-18 00:00:00.000|192.20000000000000000000|Direct Cost 10000 on 07/18/25|2026-04-09 17:02:25.293|#
2313|2110|2025-07-18 00:00:00.000|-2828.80000000000000000000|Direct Cost 10000 on 07/18/25|2026-04-09 17:02:25.297|#
2314|7190|2025-07-18 00:00:00.000|2828.80000000000000000000|Direct Cost 10000 on 07/18/25|2026-04-09 17:02:25.300|#
2315|6110|2025-07-18 00:00:00.000|-7769.80000000000000000000|Invoice 102085|2026-04-09 17:02:25.303|#
2316|5610|2025-07-18 00:00:00.000|-1942.45000000000000000000|Invoice 102085|2026-04-09 17:02:25.303|#
2317|2310|2025-07-18 00:00:00.000|9712.25000000000000000000|Invoice 102085|2026-04-09 17:02:25.307|#
2318|2910|2025-07-18 00:00:00.000|9712.25000000000000000000|Invoice 102085|2026-04-09 17:02:25.323|#
2319|2310|2025-07-18 00:00:00.000|-9712.25000000000000000000|Invoice 102085|2026-04-09 17:02:25.323|#
2320|2110|2025-07-20 00:00:00.000|-1536.50000000000000000000|Direct Cost 50000 on 07/20/25|2026-04-09 17:02:25.447|#
2321|7190|2025-07-20 00:00:00.000|1536.50000000000000000000|Direct Cost 50000 on 07/20/25|2026-04-09 17:02:25.450|#
2322|6110|2025-07-20 00:00:00.000|-1969.80000000000000000000|Invoice 102086|2026-04-09 17:02:25.453|#
2323|5610|2025-07-20 00:00:00.000|-492.45000000000000000000|Invoice 102086|2026-04-09 17:02:25.453|#
2324|2310|2025-07-20 00:00:00.000|2462.25000000000000000000|Invoice 102086|2026-04-09 17:02:25.460|#
2325|2910|2025-07-20 00:00:00.000|2462.25000000000000000000|Invoice 102086|2026-04-09 17:02:25.473|#
2326|2310|2025-07-20 00:00:00.000|-2462.25000000000000000000|Invoice 102086|2026-04-09 17:02:25.473|#
2327|2110|2025-07-21 00:00:00.000|-222.40000000000000000000|Direct Cost 30000 on 07/21/25|2026-04-09 17:02:25.560|#
2328|7190|2025-07-21 00:00:00.000|222.40000000000000000000|Direct Cost 30000 on 07/21/25|2026-04-09 17:02:25.560|#
2329|6130|2025-07-21 00:00:00.000|-284.80000000000000000000|Invoice 102087|2026-04-09 17:02:25.567|#
2330|2320|2025-07-21 00:00:00.000|284.80000000000000000000|Invoice 102087|2026-04-09 17:02:25.570|#
2331|2910|2025-07-21 00:00:00.000|284.80000000000000000000|Invoice 102087|2026-04-09 17:02:25.587|#
2332|2320|2025-07-21 00:00:00.000|-284.80000000000000000000|Invoice 102087|2026-04-09 17:02:25.587|#
2333|2110|2025-07-21 00:00:00.000|-384.40000000000000000000|Direct Cost 40000 on 07/21/25|2026-04-09 17:02:25.747|#
2334|7190|2025-07-21 00:00:00.000|384.40000000000000000000|Direct Cost 40000 on 07/21/25|2026-04-09 17:02:25.750|#
2335|2110|2025-07-21 00:00:00.000|-984.00000000000000000000|Direct Cost 40000 on 07/21/25|2026-04-09 17:02:25.753|#
2336|7190|2025-07-21 00:00:00.000|984.00000000000000000000|Direct Cost 40000 on 07/21/25|2026-04-09 17:02:25.753|#
2337|2110|2025-07-21 00:00:00.000|-480.50000000000000000000|Direct Cost 40000 on 07/21/25|2026-04-09 17:02:25.757|#
2338|7190|2025-07-21 00:00:00.000|480.50000000000000000000|Direct Cost 40000 on 07/21/25|2026-04-09 17:02:25.760|#
2339|2110|2025-07-21 00:00:00.000|-96.10000000000000000000|Direct Cost 40000 on 07/21/25|2026-04-09 17:02:25.763|#
2340|7190|2025-07-21 00:00:00.000|96.10000000000000000000|Direct Cost 40000 on 07/21/25|2026-04-09 17:02:25.767|#
2341|6120|2025-07-21 00:00:00.000|-2494.20000000000000000000|Invoice 102088|2026-04-09 17:02:25.770|#
2342|2320|2025-07-21 00:00:00.000|2494.20000000000000000000|Invoice 102088|2026-04-09 17:02:25.773|#
2343|2910|2025-07-21 00:00:00.000|2494.20000000000000000000|Invoice 102088|2026-04-09 17:02:25.790|#
2344|2320|2025-07-21 00:00:00.000|-2494.20000000000000000000|Invoice 102088|2026-04-09 17:02:25.790|#
2345|2110|2025-07-23 00:00:00.000|-390.00000000000000000000|Direct Cost 20000 on 07/23/25|2026-04-09 17:02:25.933|#
2346|7190|2025-07-23 00:00:00.000|390.00000000000000000000|Direct Cost 20000 on 07/23/25|2026-04-09 17:02:25.937|#
2347|6110|2025-07-23 00:00:00.000|-500.40000000000000000000|Invoice 102089|2026-04-09 17:02:25.940|#
2348|5610|2025-07-23 00:00:00.000|-125.10000000000000000000|Invoice 102089|2026-04-09 17:02:25.940|#
2349|2310|2025-07-23 00:00:00.000|625.50000000000000000000|Invoice 102089|2026-04-09 17:02:25.943|#
2350|2910|2025-07-23 00:00:00.000|625.50000000000000000000|Invoice 102089|2026-04-09 17:02:25.957|#
2351|2310|2025-07-23 00:00:00.000|-625.50000000000000000000|Invoice 102089|2026-04-09 17:02:25.957|#
2352|2110|2025-07-24 00:00:00.000|-2026.40000000000000000000|Direct Cost 30000 on 07/24/25|2026-04-09 17:02:26.103|#
2353|7190|2025-07-24 00:00:00.000|2026.40000000000000000000|Direct Cost 30000 on 07/24/25|2026-04-09 17:02:26.107|#
2354|2110|2025-07-24 00:00:00.000|-780.00000000000000000000|Direct Cost 30000 on 07/24/25|2026-04-09 17:02:26.110|#
2355|7190|2025-07-24 00:00:00.000|780.00000000000000000000|Direct Cost 30000 on 07/24/25|2026-04-09 17:02:26.113|#
2356|2110|2025-07-24 00:00:00.000|-384.40000000000000000000|Direct Cost 30000 on 07/24/25|2026-04-09 17:02:26.117|#
2357|7190|2025-07-24 00:00:00.000|384.40000000000000000000|Direct Cost 30000 on 07/24/25|2026-04-09 17:02:26.117|#
2358|2110|2025-07-24 00:00:00.000|-2121.60000000000000000000|Direct Cost 30000 on 07/24/25|2026-04-09 17:02:26.120|#
2359|7190|2025-07-24 00:00:00.000|2121.60000000000000000000|Direct Cost 30000 on 07/24/25|2026-04-09 17:02:26.123|#
2360|6130|2025-07-24 00:00:00.000|-6811.70000000000000000000|Invoice 102090|2026-04-09 17:02:26.127|#
2361|2320|2025-07-24 00:00:00.000|6811.70000000000000000000|Invoice 102090|2026-04-09 17:02:26.130|#
2362|2910|2025-07-24 00:00:00.000|6811.70000000000000000000|Invoice 102090|2026-04-09 17:02:26.147|#
2363|2320|2025-07-24 00:00:00.000|-6811.70000000000000000000|Invoice 102090|2026-04-09 17:02:26.147|#
2364|2110|2025-07-31 00:00:00.000|-656.00000000000000000000|Direct Cost 50000 on 07/31/25|2026-04-09 17:02:26.300|#
2365|7190|2025-07-31 00:00:00.000|656.00000000000000000000|Direct Cost 50000 on 07/31/25|2026-04-09 17:02:26.303|#
2366|2110|2025-07-31 00:00:00.000|-195.00000000000000000000|Direct Cost 50000 on 07/31/25|2026-04-09 17:02:26.307|#
2367|7190|2025-07-31 00:00:00.000|195.00000000000000000000|Direct Cost 50000 on 07/31/25|2026-04-09 17:02:26.310|#
2368|6110|2025-07-31 00:00:00.000|-1091.00000000000000000000|Invoice 102091|2026-04-09 17:02:26.317|#
2369|5610|2025-07-31 00:00:00.000|-272.75000000000000000000|Invoice 102091|2026-04-09 17:02:26.317|#
2370|2310|2025-07-31 00:00:00.000|1363.75000000000000000000|Invoice 102091|2026-04-09 17:02:26.320|#
2371|2910|2025-07-31 00:00:00.000|1363.75000000000000000000|Invoice 102091|2026-04-09 17:02:26.337|#
2372|2310|2025-07-31 00:00:00.000|-1363.75000000000000000000|Invoice 102091|2026-04-09 17:02:26.337|#
2373|2110|2025-08-01 00:00:00.000|-97.50000000000000000000|Direct Cost 30000 on 08/01/25|2026-04-09 17:02:26.497|#
2374|7190|2025-08-01 00:00:00.000|97.50000000000000000000|Direct Cost 30000 on 08/01/25|2026-04-09 17:02:26.500|#
2375|2110|2025-08-01 00:00:00.000|-480.50000000000000000000|Direct Cost 30000 on 08/01/25|2026-04-09 17:02:26.503|#
2376|7190|2025-08-01 00:00:00.000|480.50000000000000000000|Direct Cost 30000 on 08/01/25|2026-04-09 17:02:26.507|#
2377|6130|2025-08-01 00:00:00.000|-741.60000000000000000000|Invoice 102092|2026-04-09 17:02:26.510|#
2378|2320|2025-08-01 00:00:00.000|741.60000000000000000000|Invoice 102092|2026-04-09 17:02:26.517|#
2379|2910|2025-08-01 00:00:00.000|741.60000000000000000000|Invoice 102092|2026-04-09 17:02:26.530|#
2380|2320|2025-08-01 00:00:00.000|-741.60000000000000000000|Invoice 102092|2026-04-09 17:02:26.530|#
2381|2110|2025-08-13 00:00:00.000|-83.40000000000000000000|Direct Cost 20000 on 08/13/25|2026-04-09 17:02:26.657|#
2382|7190|2025-08-13 00:00:00.000|83.40000000000000000000|Direct Cost 20000 on 08/13/25|2026-04-09 17:02:26.660|#
2383|6110|2025-08-13 00:00:00.000|-106.80000000000000000000|Invoice 102093|2026-04-09 17:02:26.667|#
2384|5610|2025-08-13 00:00:00.000|-26.70000000000000000000|Invoice 102093|2026-04-09 17:02:26.667|#
2385|2310|2025-08-13 00:00:00.000|133.50000000000000000000|Invoice 102093|2026-04-09 17:02:26.670|#
2386|2910|2025-08-13 00:00:00.000|133.50000000000000000000|Invoice 102093|2026-04-09 17:02:26.687|#
2387|2310|2025-08-13 00:00:00.000|-133.50000000000000000000|Invoice 102093|2026-04-09 17:02:26.687|#
2388|2110|2025-08-14 00:00:00.000|-390.00000000000000000000|Direct Cost 10000 on 08/14/25|2026-04-09 17:02:26.767|#
2389|7190|2025-08-14 00:00:00.000|390.00000000000000000000|Direct Cost 10000 on 08/14/25|2026-04-09 17:02:26.767|#
2390|6110|2025-08-14 00:00:00.000|-500.40000000000000000000|Invoice 102094|2026-04-09 17:02:26.773|#
2391|5610|2025-08-14 00:00:00.000|-125.10000000000000000000|Invoice 102094|2026-04-09 17:02:26.773|#
2392|2310|2025-08-14 00:00:00.000|625.50000000000000000000|Invoice 102094|2026-04-09 17:02:26.777|#
2393|2910|2025-08-14 00:00:00.000|625.50000000000000000000|Invoice 102094|2026-04-09 17:02:26.793|#
2394|2310|2025-08-14 00:00:00.000|-625.50000000000000000000|Invoice 102094|2026-04-09 17:02:26.793|#
2395|2110|2025-08-15 00:00:00.000|-97.50000000000000000000|Direct Cost 30000 on 08/15/25|2026-04-09 17:02:26.873|#
2396|7190|2025-08-15 00:00:00.000|97.50000000000000000000|Direct Cost 30000 on 08/15/25|2026-04-09 17:02:26.873|#
2397|6130|2025-08-15 00:00:00.000|-125.10000000000000000000|Invoice 102095|2026-04-09 17:02:26.877|#
2398|2320|2025-08-15 00:00:00.000|125.10000000000000000000|Invoice 102095|2026-04-09 17:02:26.883|#
2399|2910|2025-08-15 00:00:00.000|125.10000000000000000000|Invoice 102095|2026-04-09 17:02:26.897|#
2400|2320|2025-08-15 00:00:00.000|-125.10000000000000000000|Invoice 102095|2026-04-09 17:02:26.897|#
2401|2110|2025-08-16 00:00:00.000|-192.20000000000000000000|Direct Cost 50000 on 08/16/25|2026-04-09 17:02:26.973|#
2402|7190|2025-08-16 00:00:00.000|192.20000000000000000000|Direct Cost 50000 on 08/16/25|2026-04-09 17:02:26.973|#
2403|6110|2025-08-16 00:00:00.000|-246.60000000000000000000|Invoice 102096|2026-04-09 17:02:26.980|#
2404|5610|2025-08-16 00:00:00.000|-61.65000000000000000000|Invoice 102096|2026-04-09 17:02:26.980|#
2405|2310|2025-08-16 00:00:00.000|308.25000000000000000000|Invoice 102096|2026-04-09 17:02:26.987|#
2406|2910|2025-08-16 00:00:00.000|308.25000000000000000000|Invoice 102096|2026-04-09 17:02:27.000|#
2407|2310|2025-08-16 00:00:00.000|-308.25000000000000000000|Invoice 102096|2026-04-09 17:02:27.000|#
2408|2110|2025-08-17 00:00:00.000|-195.00000000000000000000|Direct Cost 40000 on 08/17/25|2026-04-09 17:02:27.083|#
2409|7190|2025-08-17 00:00:00.000|195.00000000000000000000|Direct Cost 40000 on 08/17/25|2026-04-09 17:02:27.087|#
2410|6120|2025-08-17 00:00:00.000|-250.20000000000000000000|Invoice 102097|2026-04-09 17:02:27.090|#
2411|2320|2025-08-17 00:00:00.000|250.20000000000000000000|Invoice 102097|2026-04-09 17:02:27.097|#
2412|2910|2025-08-17 00:00:00.000|250.20000000000000000000|Invoice 102097|2026-04-09 17:02:27.110|#
2413|2320|2025-08-17 00:00:00.000|-250.20000000000000000000|Invoice 102097|2026-04-09 17:02:27.110|#
2414|2110|2025-08-18 00:00:00.000|-390.00000000000000000000|Direct Cost 20000 on 08/18/25|2026-04-09 17:02:27.267|#
2415|7190|2025-08-18 00:00:00.000|390.00000000000000000000|Direct Cost 20000 on 08/18/25|2026-04-09 17:02:27.267|#
2416|2110|2025-08-18 00:00:00.000|-585.00000000000000000000|Direct Cost 20000 on 08/18/25|2026-04-09 17:02:27.270|#
2417|7190|2025-08-18 00:00:00.000|585.00000000000000000000|Direct Cost 20000 on 08/18/25|2026-04-09 17:02:27.273|#
2418|2110|2025-08-18 00:00:00.000|-288.30000000000000000000|Direct Cost 20000 on 08/18/25|2026-04-09 17:02:27.277|#
2419|7190|2025-08-18 00:00:00.000|288.30000000000000000000|Direct Cost 20000 on 08/18/25|2026-04-09 17:02:27.280|#
2420|6110|2025-08-18 00:00:00.000|-1620.90000000000000000000|Invoice 102098|2026-04-09 17:02:27.283|#
2421|5610|2025-08-18 00:00:00.000|-405.23000000000000000000|Invoice 102098|2026-04-09 17:02:27.283|#
2422|2310|2025-08-18 00:00:00.000|2026.13000000000000000000|Invoice 102098|2026-04-09 17:02:27.287|#
2423|2910|2025-08-18 00:00:00.000|2026.13000000000000000000|Invoice 102098|2026-04-09 17:02:27.303|#
2424|2310|2025-08-18 00:00:00.000|-2026.13000000000000000000|Invoice 102098|2026-04-09 17:02:27.303|#
2425|2110|2025-08-18 00:00:00.000|-3039.60000000000000000000|Direct Cost 10000 on 08/18/25|2026-04-09 17:02:27.473|#
2426|7190|2025-08-18 00:00:00.000|3039.60000000000000000000|Direct Cost 10000 on 08/18/25|2026-04-09 17:02:27.477|#
2427|2110|2025-08-18 00:00:00.000|-192.20000000000000000000|Direct Cost 10000 on 08/18/25|2026-04-09 17:02:27.480|#
2428|7190|2025-08-18 00:00:00.000|192.20000000000000000000|Direct Cost 10000 on 08/18/25|2026-04-09 17:02:27.483|#
2429|2110|2025-08-18 00:00:00.000|-3536.00000000000000000000|Direct Cost 10000 on 08/18/25|2026-04-09 17:02:27.487|#
2430|7190|2025-08-18 00:00:00.000|3536.00000000000000000000|Direct Cost 10000 on 08/18/25|2026-04-09 17:02:27.490|#
2431|6110|2025-08-18 00:00:00.000|-8676.50000000000000000000|Invoice 102099|2026-04-09 17:02:27.497|#
2432|5610|2025-08-18 00:00:00.000|-2169.13000000000000000000|Invoice 102099|2026-04-09 17:02:27.497|#
2433|2310|2025-08-18 00:00:00.000|10845.63000000000000000000|Invoice 102099|2026-04-09 17:02:27.500|#
2434|2910|2025-08-18 00:00:00.000|10845.63000000000000000000|Invoice 102099|2026-04-09 17:02:27.517|#
2435|2310|2025-08-18 00:00:00.000|-10845.63000000000000000000|Invoice 102099|2026-04-09 17:02:27.517|#
2436|2110|2025-08-20 00:00:00.000|-1536.50000000000000000000|Direct Cost 50000 on 08/20/25|2026-04-09 17:02:27.643|#
2437|7190|2025-08-20 00:00:00.000|1536.50000000000000000000|Direct Cost 50000 on 08/20/25|2026-04-09 17:02:27.647|#
2438|6110|2025-08-20 00:00:00.000|-1969.80000000000000000000|Invoice 102100|2026-04-09 17:02:27.650|#
2439|5610|2025-08-20 00:00:00.000|-492.45000000000000000000|Invoice 102100|2026-04-09 17:02:27.650|#
2440|2310|2025-08-20 00:00:00.000|2462.25000000000000000000|Invoice 102100|2026-04-09 17:02:27.657|#
2441|2910|2025-08-20 00:00:00.000|2462.25000000000000000000|Invoice 102100|2026-04-09 17:02:27.670|#
2442|2310|2025-08-20 00:00:00.000|-2462.25000000000000000000|Invoice 102100|2026-04-09 17:02:27.670|#
2443|2110|2025-08-21 00:00:00.000|-194.60000000000000000000|Direct Cost 30000 on 08/21/25|2026-04-09 17:02:27.767|#
2444|7190|2025-08-21 00:00:00.000|194.60000000000000000000|Direct Cost 30000 on 08/21/25|2026-04-09 17:02:27.770|#
2445|6130|2025-08-21 00:00:00.000|-249.20000000000000000000|Invoice 102101|2026-04-09 17:02:27.773|#
2446|2320|2025-08-21 00:00:00.000|249.20000000000000000000|Invoice 102101|2026-04-09 17:02:27.780|#
2447|2910|2025-08-21 00:00:00.000|249.20000000000000000000|Invoice 102101|2026-04-09 17:02:27.793|#
2448|2320|2025-08-21 00:00:00.000|-249.20000000000000000000|Invoice 102101|2026-04-09 17:02:27.793|#
2449|2110|2025-08-21 00:00:00.000|-576.60000000000000000000|Direct Cost 40000 on 08/21/25|2026-04-09 17:02:27.957|#
2450|7190|2025-08-21 00:00:00.000|576.60000000000000000000|Direct Cost 40000 on 08/21/25|2026-04-09 17:02:27.957|#
2451|2110|2025-08-21 00:00:00.000|-984.00000000000000000000|Direct Cost 40000 on 08/21/25|2026-04-09 17:02:27.960|#
2452|7190|2025-08-21 00:00:00.000|984.00000000000000000000|Direct Cost 40000 on 08/21/25|2026-04-09 17:02:27.963|#
2453|2110|2025-08-21 00:00:00.000|-576.60000000000000000000|Direct Cost 40000 on 08/21/25|2026-04-09 17:02:27.967|#
2454|7190|2025-08-21 00:00:00.000|576.60000000000000000000|Direct Cost 40000 on 08/21/25|2026-04-09 17:02:27.977|#
2455|2110|2025-08-21 00:00:00.000|-96.10000000000000000000|Direct Cost 40000 on 08/21/25|2026-04-09 17:02:27.983|#
2456|7190|2025-08-21 00:00:00.000|96.10000000000000000000|Direct Cost 40000 on 08/21/25|2026-04-09 17:02:27.983|#
2457|6120|2025-08-21 00:00:00.000|-2864.10000000000000000000|Invoice 102102|2026-04-09 17:02:27.987|#
2458|2320|2025-08-21 00:00:00.000|2864.10000000000000000000|Invoice 102102|2026-04-09 17:02:27.993|#
2459|2910|2025-08-21 00:00:00.000|2864.10000000000000000000|Invoice 102102|2026-04-09 17:02:28.010|#
2460|2320|2025-08-21 00:00:00.000|-2864.10000000000000000000|Invoice 102102|2026-04-09 17:02:28.010|#
2461|2110|2025-08-23 00:00:00.000|-390.00000000000000000000|Direct Cost 20000 on 08/23/25|2026-04-09 17:02:28.153|#
2462|7190|2025-08-23 00:00:00.000|390.00000000000000000000|Direct Cost 20000 on 08/23/25|2026-04-09 17:02:28.153|#
2463|6110|2025-08-23 00:00:00.000|-500.40000000000000000000|Invoice 102103|2026-04-09 17:02:28.160|#
2464|5610|2025-08-23 00:00:00.000|-125.10000000000000000000|Invoice 102103|2026-04-09 17:02:28.160|#
2465|2310|2025-08-23 00:00:00.000|625.50000000000000000000|Invoice 102103|2026-04-09 17:02:28.163|#
2466|2910|2025-08-23 00:00:00.000|625.50000000000000000000|Invoice 102103|2026-04-09 17:02:28.180|#
2467|2310|2025-08-23 00:00:00.000|-625.50000000000000000000|Invoice 102103|2026-04-09 17:02:28.180|#
2468|2110|2025-08-24 00:00:00.000|-2533.00000000000000000000|Direct Cost 30000 on 08/24/25|2026-04-09 17:02:28.350|#
2469|7190|2025-08-24 00:00:00.000|2533.00000000000000000000|Direct Cost 30000 on 08/24/25|2026-04-09 17:02:28.353|#
2470|2110|2025-08-24 00:00:00.000|-877.50000000000000000000|Direct Cost 30000 on 08/24/25|2026-04-09 17:02:28.357|#
2471|7190|2025-08-24 00:00:00.000|877.50000000000000000000|Direct Cost 30000 on 08/24/25|2026-04-09 17:02:28.357|#
2472|2110|2025-08-24 00:00:00.000|-384.40000000000000000000|Direct Cost 30000 on 08/24/25|2026-04-09 17:02:28.360|#
2473|7190|2025-08-24 00:00:00.000|384.40000000000000000000|Direct Cost 30000 on 08/24/25|2026-04-09 17:02:28.363|#
2474|2110|2025-08-24 00:00:00.000|-2828.80000000000000000000|Direct Cost 30000 on 08/24/25|2026-04-09 17:02:28.367|#
2475|7190|2025-08-24 00:00:00.000|2828.80000000000000000000|Direct Cost 30000 on 08/24/25|2026-04-09 17:02:28.370|#
2476|6130|2025-08-24 00:00:00.000|-8492.90000000000000000000|Invoice 102104|2026-04-09 17:02:28.373|#
2477|2320|2025-08-24 00:00:00.000|8492.90000000000000000000|Invoice 102104|2026-04-09 17:02:28.377|#
2478|2910|2025-08-24 00:00:00.000|8492.90000000000000000000|Invoice 102104|2026-04-09 17:02:28.390|#
2479|2320|2025-08-24 00:00:00.000|-8492.90000000000000000000|Invoice 102104|2026-04-09 17:02:28.390|#
2480|2110|2025-08-31 00:00:00.000|-984.00000000000000000000|Direct Cost 50000 on 08/31/25|2026-04-09 17:02:28.573|#
2481|7190|2025-08-31 00:00:00.000|984.00000000000000000000|Direct Cost 50000 on 08/31/25|2026-04-09 17:02:28.577|#
2482|2110|2025-08-31 00:00:00.000|-292.50000000000000000000|Direct Cost 50000 on 08/31/25|2026-04-09 17:02:28.577|#
2483|7190|2025-08-31 00:00:00.000|292.50000000000000000000|Direct Cost 50000 on 08/31/25|2026-04-09 17:02:28.580|#
2484|6110|2025-08-31 00:00:00.000|-1636.50000000000000000000|Invoice 102105|2026-04-09 17:02:28.583|#
2485|5610|2025-08-31 00:00:00.000|-409.13000000000000000000|Invoice 102105|2026-04-09 17:02:28.583|#
2486|2310|2025-08-31 00:00:00.000|2045.63000000000000000000|Invoice 102105|2026-04-09 17:02:28.590|#
2487|2910|2025-08-31 00:00:00.000|2045.63000000000000000000|Invoice 102105|2026-04-09 17:02:28.603|#
2488|2310|2025-08-31 00:00:00.000|-2045.63000000000000000000|Invoice 102105|2026-04-09 17:02:28.603|#
2489|2110|2025-09-01 00:00:00.000|-97.50000000000000000000|Direct Cost 30000 on 09/01/25|2026-04-09 17:02:28.737|#
2490|7190|2025-09-01 00:00:00.000|97.50000000000000000000|Direct Cost 30000 on 09/01/25|2026-04-09 17:02:28.737|#
2491|2110|2025-09-01 00:00:00.000|-672.70000000000000000000|Direct Cost 30000 on 09/01/25|2026-04-09 17:02:28.740|#
2492|7190|2025-09-01 00:00:00.000|672.70000000000000000000|Direct Cost 30000 on 09/01/25|2026-04-09 17:02:28.743|#
2493|6130|2025-09-01 00:00:00.000|-988.20000000000000000000|Invoice 102106|2026-04-09 17:02:28.747|#
2494|2320|2025-09-01 00:00:00.000|988.20000000000000000000|Invoice 102106|2026-04-09 17:02:28.753|#
2495|2910|2025-09-01 00:00:00.000|988.20000000000000000000|Invoice 102106|2026-04-09 17:02:28.767|#
2496|2320|2025-09-01 00:00:00.000|-988.20000000000000000000|Invoice 102106|2026-04-09 17:02:28.767|#
2497|2110|2025-09-12 00:00:00.000|-55.60000000000000000000|Direct Cost 20000 on 09/12/25|2026-04-09 17:02:28.867|#
2498|7190|2025-09-12 00:00:00.000|55.60000000000000000000|Direct Cost 20000 on 09/12/25|2026-04-09 17:02:28.870|#
2499|6110|2025-09-12 00:00:00.000|-71.20000000000000000000|Invoice 102107|2026-04-09 17:02:28.873|#
2500|5610|2025-09-12 00:00:00.000|-17.80000000000000000000|Invoice 102107|2026-04-09 17:02:28.873|#
2501|2310|2025-09-12 00:00:00.000|89.00000000000000000000|Invoice 102107|2026-04-09 17:02:28.877|#
2502|2910|2025-09-12 00:00:00.000|89.00000000000000000000|Invoice 102107|2026-04-09 17:02:28.893|#
2503|2310|2025-09-12 00:00:00.000|-89.00000000000000000000|Invoice 102107|2026-04-09 17:02:28.893|#
2504|2110|2025-09-14 00:00:00.000|-97.50000000000000000000|Direct Cost 30000 on 09/14/25|2026-04-09 17:02:29.003|#
2505|7190|2025-09-14 00:00:00.000|97.50000000000000000000|Direct Cost 30000 on 09/14/25|2026-04-09 17:02:29.007|#
2506|6130|2025-09-14 00:00:00.000|-125.10000000000000000000|Invoice 102108|2026-04-09 17:02:29.010|#
2507|2320|2025-09-14 00:00:00.000|125.10000000000000000000|Invoice 102108|2026-04-09 17:02:29.017|#
2508|2910|2025-09-14 00:00:00.000|125.10000000000000000000|Invoice 102108|2026-04-09 17:02:29.030|#
2509|2320|2025-09-14 00:00:00.000|-125.10000000000000000000|Invoice 102108|2026-04-09 17:02:29.030|#
2510|2110|2025-09-15 00:00:00.000|-96.10000000000000000000|Direct Cost 50000 on 09/15/25|2026-04-09 17:02:29.107|#
2511|7190|2025-09-15 00:00:00.000|96.10000000000000000000|Direct Cost 50000 on 09/15/25|2026-04-09 17:02:29.110|#
2512|6110|2025-09-15 00:00:00.000|-123.30000000000000000000|Invoice 102109|2026-04-09 17:02:29.113|#
2513|5610|2025-09-15 00:00:00.000|-30.83000000000000000000|Invoice 102109|2026-04-09 17:02:29.113|#
2514|2310|2025-09-15 00:00:00.000|154.13000000000000000000|Invoice 102109|2026-04-09 17:02:29.120|#
2515|2910|2025-09-15 00:00:00.000|154.13000000000000000000|Invoice 102109|2026-04-09 17:02:29.133|#
2516|2310|2025-09-15 00:00:00.000|-154.13000000000000000000|Invoice 102109|2026-04-09 17:02:29.133|#
2517|2110|2025-09-16 00:00:00.000|-2533.00000000000000000000|Direct Cost 10000 on 09/16/25|2026-04-09 17:02:29.287|#
2518|7190|2025-09-16 00:00:00.000|2533.00000000000000000000|Direct Cost 10000 on 09/16/25|2026-04-09 17:02:29.290|#
2519|2110|2025-09-16 00:00:00.000|-292.50000000000000000000|Direct Cost 10000 on 09/16/25|2026-04-09 17:02:29.293|#
2520|7190|2025-09-16 00:00:00.000|292.50000000000000000000|Direct Cost 10000 on 09/16/25|2026-04-09 17:02:29.297|#
2521|2110|2025-09-16 00:00:00.000|-192.20000000000000000000|Direct Cost 10000 on 09/16/25|2026-04-09 17:02:29.300|#
2522|7190|2025-09-16 00:00:00.000|192.20000000000000000000|Direct Cost 10000 on 09/16/25|2026-04-09 17:02:29.303|#
2523|2110|2025-09-16 00:00:00.000|-2828.80000000000000000000|Direct Cost 10000 on 09/16/25|2026-04-09 17:02:29.307|#
2524|7190|2025-09-16 00:00:00.000|2828.80000000000000000000|Direct Cost 10000 on 09/16/25|2026-04-09 17:02:29.307|#
2525|6110|2025-09-16 00:00:00.000|-7495.70000000000000000000|Invoice 102110|2026-04-09 17:02:29.313|#
2526|5610|2025-09-16 00:00:00.000|-1873.93000000000000000000|Invoice 102110|2026-04-09 17:02:29.313|#
2527|2310|2025-09-16 00:00:00.000|9369.63000000000000000000|Invoice 102110|2026-04-09 17:02:29.317|#
2528|2910|2025-09-16 00:00:00.000|9369.63000000000000000000|Invoice 102110|2026-04-09 17:02:29.337|#
2529|2310|2025-09-16 00:00:00.000|-9369.63000000000000000000|Invoice 102110|2026-04-09 17:02:29.337|#
2530|2110|2025-09-17 00:00:00.000|-195.00000000000000000000|Direct Cost 20000 on 09/17/25|2026-04-09 17:02:29.533|#
2531|7190|2025-09-17 00:00:00.000|195.00000000000000000000|Direct Cost 20000 on 09/17/25|2026-04-09 17:02:29.537|#
2532|2110|2025-09-17 00:00:00.000|-390.00000000000000000000|Direct Cost 20000 on 09/17/25|2026-04-09 17:02:29.540|#
2533|7190|2025-09-17 00:00:00.000|390.00000000000000000000|Direct Cost 20000 on 09/17/25|2026-04-09 17:02:29.543|#
2534|2110|2025-09-17 00:00:00.000|-192.20000000000000000000|Direct Cost 20000 on 09/17/25|2026-04-09 17:02:29.547|#
2535|7190|2025-09-17 00:00:00.000|192.20000000000000000000|Direct Cost 20000 on 09/17/25|2026-04-09 17:02:29.547|#
2536|6110|2025-09-17 00:00:00.000|-997.20000000000000000000|Invoice 102111|2026-04-09 17:02:29.553|#
2537|5610|2025-09-17 00:00:00.000|-249.30000000000000000000|Invoice 102111|2026-04-09 17:02:29.553|#
2538|2310|2025-09-17 00:00:00.000|1246.50000000000000000000|Invoice 102111|2026-04-09 17:02:29.557|#
2539|2910|2025-09-17 00:00:00.000|1246.50000000000000000000|Invoice 102111|2026-04-09 17:02:29.573|#
2540|2310|2025-09-17 00:00:00.000|-1246.50000000000000000000|Invoice 102111|2026-04-09 17:02:29.573|#
2541|2110|2025-09-19 00:00:00.000|-658.50000000000000000000|Direct Cost 50000 on 09/19/25|2026-04-09 17:02:29.697|#
2542|7190|2025-09-19 00:00:00.000|658.50000000000000000000|Direct Cost 50000 on 09/19/25|2026-04-09 17:02:29.697|#
2543|6110|2025-09-19 00:00:00.000|-844.20000000000000000000|Invoice 102112|2026-04-09 17:02:29.703|#
2544|5610|2025-09-19 00:00:00.000|-211.05000000000000000000|Invoice 102112|2026-04-09 17:02:29.703|#
2545|2310|2025-09-19 00:00:00.000|1055.25000000000000000000|Invoice 102112|2026-04-09 17:02:29.707|#
2546|2910|2025-09-19 00:00:00.000|1055.25000000000000000000|Invoice 102112|2026-04-09 17:02:29.723|#
2547|2310|2025-09-19 00:00:00.000|-1055.25000000000000000000|Invoice 102112|2026-04-09 17:02:29.723|#
2548|2110|2025-09-19 00:00:00.000|-384.40000000000000000000|Direct Cost 40000 on 09/19/25|2026-04-09 17:02:29.893|#
2549|7190|2025-09-19 00:00:00.000|384.40000000000000000000|Direct Cost 40000 on 09/19/25|2026-04-09 17:02:29.893|#
2550|2110|2025-09-19 00:00:00.000|-656.00000000000000000000|Direct Cost 40000 on 09/19/25|2026-04-09 17:02:29.897|#
2551|7190|2025-09-19 00:00:00.000|656.00000000000000000000|Direct Cost 40000 on 09/19/25|2026-04-09 17:02:29.900|#
2552|2110|2025-09-19 00:00:00.000|-97.50000000000000000000|Direct Cost 40000 on 09/19/25|2026-04-09 17:02:29.903|#
2553|7190|2025-09-19 00:00:00.000|97.50000000000000000000|Direct Cost 40000 on 09/19/25|2026-04-09 17:02:29.907|#
2554|2110|2025-09-19 00:00:00.000|-384.40000000000000000000|Direct Cost 40000 on 09/19/25|2026-04-09 17:02:29.910|#
2555|7190|2025-09-19 00:00:00.000|384.40000000000000000000|Direct Cost 40000 on 09/19/25|2026-04-09 17:02:29.910|#
2556|2110|2025-09-19 00:00:00.000|-96.10000000000000000000|Direct Cost 40000 on 09/19/25|2026-04-09 17:02:29.913|#
2557|7190|2025-09-19 00:00:00.000|96.10000000000000000000|Direct Cost 40000 on 09/19/25|2026-04-09 17:02:29.917|#
2558|6120|2025-09-19 00:00:00.000|-2075.60000000000000000000|Invoice 102113|2026-04-09 17:02:29.920|#
2559|2320|2025-09-19 00:00:00.000|2075.60000000000000000000|Invoice 102113|2026-04-09 17:02:29.923|#
2560|2910|2025-09-19 00:00:00.000|2075.60000000000000000000|Invoice 102113|2026-04-09 17:02:29.940|#
2561|2320|2025-09-19 00:00:00.000|-2075.60000000000000000000|Invoice 102113|2026-04-09 17:02:29.940|#
2562|2110|2025-09-20 00:00:00.000|-195.00000000000000000000|Direct Cost 20000 on 09/20/25|2026-04-09 17:02:30.087|#
2563|7190|2025-09-20 00:00:00.000|195.00000000000000000000|Direct Cost 20000 on 09/20/25|2026-04-09 17:02:30.087|#
2564|6110|2025-09-20 00:00:00.000|-250.20000000000000000000|Invoice 102114|2026-04-09 17:02:30.107|#
2565|5610|2025-09-20 00:00:00.000|-62.55000000000000000000|Invoice 102114|2026-04-09 17:02:30.107|#
2566|2310|2025-09-20 00:00:00.000|312.75000000000000000000|Invoice 102114|2026-04-09 17:02:30.110|#
2567|2910|2025-09-20 00:00:00.000|312.75000000000000000000|Invoice 102114|2026-04-09 17:02:30.127|#
2568|2310|2025-09-20 00:00:00.000|-312.75000000000000000000|Invoice 102114|2026-04-09 17:02:30.127|#
2569|2110|2025-09-20 00:00:00.000|-2026.40000000000000000000|Direct Cost 30000 on 09/20/25|2026-04-09 17:02:30.263|#
2570|7190|2025-09-20 00:00:00.000|2026.40000000000000000000|Direct Cost 30000 on 09/20/25|2026-04-09 17:02:30.267|#
2571|2110|2025-09-20 00:00:00.000|-194.60000000000000000000|Direct Cost 30000 on 09/20/25|2026-04-09 17:02:30.270|#
2572|7190|2025-09-20 00:00:00.000|194.60000000000000000000|Direct Cost 30000 on 09/20/25|2026-04-09 17:02:30.270|#
2573|2110|2025-09-20 00:00:00.000|-2121.60000000000000000000|Direct Cost 30000 on 09/20/25|2026-04-09 17:02:30.273|#
2574|7190|2025-09-20 00:00:00.000|2121.60000000000000000000|Direct Cost 30000 on 09/20/25|2026-04-09 17:02:30.277|#
2575|6130|2025-09-20 00:00:00.000|-5566.90000000000000000000|Invoice 102115|2026-04-09 17:02:30.280|#
2576|2320|2025-09-20 00:00:00.000|5566.90000000000000000000|Invoice 102115|2026-04-09 17:02:30.287|#
2577|2910|2025-09-20 00:00:00.000|5566.90000000000000000000|Invoice 102115|2026-04-09 17:02:30.300|#
2578|2320|2025-09-20 00:00:00.000|-5566.90000000000000000000|Invoice 102115|2026-04-09 17:02:30.300|#
2579|2110|2025-09-23 00:00:00.000|-656.00000000000000000000|Direct Cost 50000 on 09/23/25|2026-04-09 17:02:30.433|#
2580|7190|2025-09-23 00:00:00.000|656.00000000000000000000|Direct Cost 50000 on 09/23/25|2026-04-09 17:02:30.437|#
2581|2110|2025-09-23 00:00:00.000|-292.50000000000000000000|Direct Cost 50000 on 09/23/25|2026-04-09 17:02:30.437|#
2582|7190|2025-09-23 00:00:00.000|292.50000000000000000000|Direct Cost 50000 on 09/23/25|2026-04-09 17:02:30.440|#
2583|6110|2025-09-23 00:00:00.000|-1216.10000000000000000000|Invoice 102116|2026-04-09 17:02:30.447|#
2584|5610|2025-09-23 00:00:00.000|-304.03000000000000000000|Invoice 102116|2026-04-09 17:02:30.447|#
2585|2310|2025-09-23 00:00:00.000|1520.13000000000000000000|Invoice 102116|2026-04-09 17:02:30.450|#
2586|2910|2025-09-23 00:00:00.000|1520.13000000000000000000|Invoice 102116|2026-04-09 17:02:30.463|#
2587|2310|2025-09-23 00:00:00.000|-1520.13000000000000000000|Invoice 102116|2026-04-09 17:02:30.463|#
2588|2110|2025-09-23 00:00:00.000|-682.50000000000000000000|Direct Cost 30000 on 09/23/25|2026-04-09 17:02:30.610|#
2589|7190|2025-09-23 00:00:00.000|682.50000000000000000000|Direct Cost 30000 on 09/23/25|2026-04-09 17:02:30.613|#
2590|2110|2025-09-23 00:00:00.000|-288.30000000000000000000|Direct Cost 30000 on 09/23/25|2026-04-09 17:02:30.617|#
2591|7190|2025-09-23 00:00:00.000|288.30000000000000000000|Direct Cost 30000 on 09/23/25|2026-04-09 17:02:30.620|#
2592|2110|2025-09-23 00:00:00.000|-480.50000000000000000000|Direct Cost 30000 on 09/23/25|2026-04-09 17:02:30.623|#
2593|7190|2025-09-23 00:00:00.000|480.50000000000000000000|Direct Cost 30000 on 09/23/25|2026-04-09 17:02:30.627|#
2594|6130|2025-09-23 00:00:00.000|-1862.10000000000000000000|Invoice 102117|2026-04-09 17:02:30.630|#
2595|2320|2025-09-23 00:00:00.000|1862.10000000000000000000|Invoice 102117|2026-04-09 17:02:30.637|#
2596|2910|2025-09-23 00:00:00.000|1862.10000000000000000000|Invoice 102117|2026-04-09 17:02:30.650|#
2597|2320|2025-09-23 00:00:00.000|-1862.10000000000000000000|Invoice 102117|2026-04-09 17:02:30.650|#
2598|2110|2025-10-01 00:00:00.000|-97.50000000000000000000|Direct Cost 30000 on 10/01/25|2026-04-09 17:02:30.780|#
2599|7190|2025-10-01 00:00:00.000|97.50000000000000000000|Direct Cost 30000 on 10/01/25|2026-04-09 17:02:30.783|#
2600|6130|2025-10-01 00:00:00.000|-125.10000000000000000000|Invoice 102118|2026-04-09 17:02:30.787|#
2601|2320|2025-10-01 00:00:00.000|125.10000000000000000000|Invoice 102118|2026-04-09 17:02:30.793|#
2602|2910|2025-10-01 00:00:00.000|125.10000000000000000000|Invoice 102118|2026-04-09 17:02:30.807|#
2603|2320|2025-10-01 00:00:00.000|-125.10000000000000000000|Invoice 102118|2026-04-09 17:02:30.807|#
2604|2110|2025-10-13 00:00:00.000|-83.40000000000000000000|Direct Cost 20000 on 10/13/25|2026-04-09 17:02:30.933|#
2605|7190|2025-10-13 00:00:00.000|83.40000000000000000000|Direct Cost 20000 on 10/13/25|2026-04-09 17:02:30.937|#
2606|6110|2025-10-13 00:00:00.000|-106.80000000000000000000|Invoice 102119|2026-04-09 17:02:30.940|#
2607|5610|2025-10-13 00:00:00.000|-26.70000000000000000000|Invoice 102119|2026-04-09 17:02:30.940|#
2608|2310|2025-10-13 00:00:00.000|133.50000000000000000000|Invoice 102119|2026-04-09 17:02:30.947|#
2609|2910|2025-10-13 00:00:00.000|133.50000000000000000000|Invoice 102119|2026-04-09 17:02:30.960|#
2610|2310|2025-10-13 00:00:00.000|-133.50000000000000000000|Invoice 102119|2026-04-09 17:02:30.960|#
2611|2110|2025-10-14 00:00:00.000|-292.50000000000000000000|Direct Cost 10000 on 10/14/25|2026-04-09 17:02:31.043|#
2612|7190|2025-10-14 00:00:00.000|292.50000000000000000000|Direct Cost 10000 on 10/14/25|2026-04-09 17:02:31.047|#
2613|6110|2025-10-14 00:00:00.000|-375.30000000000000000000|Invoice 102120|2026-04-09 17:02:31.053|#
2614|5610|2025-10-14 00:00:00.000|-93.83000000000000000000|Invoice 102120|2026-04-09 17:02:31.053|#
2615|2310|2025-10-14 00:00:00.000|469.13000000000000000000|Invoice 102120|2026-04-09 17:02:31.057|#
2616|2910|2025-10-14 00:00:00.000|469.13000000000000000000|Invoice 102120|2026-04-09 17:02:31.073|#
2617|2310|2025-10-14 00:00:00.000|-469.13000000000000000000|Invoice 102120|2026-04-09 17:02:31.073|#
2618|2110|2025-10-15 00:00:00.000|-97.50000000000000000000|Direct Cost 30000 on 10/15/25|2026-04-09 17:02:31.153|#
2619|7190|2025-10-15 00:00:00.000|97.50000000000000000000|Direct Cost 30000 on 10/15/25|2026-04-09 17:02:31.157|#
2620|6130|2025-10-15 00:00:00.000|-125.10000000000000000000|Invoice 102121|2026-04-09 17:02:31.160|#
2621|2320|2025-10-15 00:00:00.000|125.10000000000000000000|Invoice 102121|2026-04-09 17:02:31.167|#
2622|2910|2025-10-15 00:00:00.000|125.10000000000000000000|Invoice 102121|2026-04-09 17:02:31.183|#
2623|2320|2025-10-15 00:00:00.000|-125.10000000000000000000|Invoice 102121|2026-04-09 17:02:31.183|#
2624|2110|2025-10-16 00:00:00.000|-192.20000000000000000000|Direct Cost 50000 on 10/16/25|2026-04-09 17:02:31.263|#
2625|7190|2025-10-16 00:00:00.000|192.20000000000000000000|Direct Cost 50000 on 10/16/25|2026-04-09 17:02:31.267|#
2626|6110|2025-10-16 00:00:00.000|-246.60000000000000000000|Invoice 102122|2026-04-09 17:02:31.270|#
2627|5610|2025-10-16 00:00:00.000|-61.65000000000000000000|Invoice 102122|2026-04-09 17:02:31.270|#
2628|2310|2025-10-16 00:00:00.000|308.25000000000000000000|Invoice 102122|2026-04-09 17:02:31.277|#
2629|2910|2025-10-16 00:00:00.000|308.25000000000000000000|Invoice 102122|2026-04-09 17:02:31.293|#
2630|2310|2025-10-16 00:00:00.000|-308.25000000000000000000|Invoice 102122|2026-04-09 17:02:31.293|#
2631|2110|2025-10-17 00:00:00.000|-195.00000000000000000000|Direct Cost 40000 on 10/17/25|2026-04-09 17:02:31.383|#
2632|7190|2025-10-17 00:00:00.000|195.00000000000000000000|Direct Cost 40000 on 10/17/25|2026-04-09 17:02:31.387|#
2633|6120|2025-10-17 00:00:00.000|-250.20000000000000000000|Invoice 102123|2026-04-09 17:02:31.390|#
2634|2320|2025-10-17 00:00:00.000|250.20000000000000000000|Invoice 102123|2026-04-09 17:02:31.397|#
2635|2910|2025-10-17 00:00:00.000|250.20000000000000000000|Invoice 102123|2026-04-09 17:02:31.410|#
2636|2320|2025-10-17 00:00:00.000|-250.20000000000000000000|Invoice 102123|2026-04-09 17:02:31.410|#
2637|2110|2025-10-18 00:00:00.000|-292.50000000000000000000|Direct Cost 20000 on 10/18/25|2026-04-09 17:02:31.557|#
2638|7190|2025-10-18 00:00:00.000|292.50000000000000000000|Direct Cost 20000 on 10/18/25|2026-04-09 17:02:31.557|#
2639|2110|2025-10-18 00:00:00.000|-390.00000000000000000000|Direct Cost 20000 on 10/18/25|2026-04-09 17:02:31.560|#
2640|7190|2025-10-18 00:00:00.000|390.00000000000000000000|Direct Cost 20000 on 10/18/25|2026-04-09 17:02:31.563|#
2641|2110|2025-10-18 00:00:00.000|-192.20000000000000000000|Direct Cost 20000 on 10/18/25|2026-04-09 17:02:31.567|#
2642|7190|2025-10-18 00:00:00.000|192.20000000000000000000|Direct Cost 20000 on 10/18/25|2026-04-09 17:02:31.570|#
2643|6110|2025-10-18 00:00:00.000|-1122.30000000000000000000|Invoice 102124|2026-04-09 17:02:31.573|#
2644|5610|2025-10-18 00:00:00.000|-280.58000000000000000000|Invoice 102124|2026-04-09 17:02:31.573|#
2645|2310|2025-10-18 00:00:00.000|1402.88000000000000000000|Invoice 102124|2026-04-09 17:02:31.580|#
2646|2910|2025-10-18 00:00:00.000|1402.88000000000000000000|Invoice 102124|2026-04-09 17:02:31.593|#
2647|2310|2025-10-18 00:00:00.000|-1402.88000000000000000000|Invoice 102124|2026-04-09 17:02:31.593|#
2648|2110|2025-10-18 00:00:00.000|-2533.00000000000000000000|Direct Cost 10000 on 10/18/25|2026-04-09 17:02:31.757|#
2649|7190|2025-10-18 00:00:00.000|2533.00000000000000000000|Direct Cost 10000 on 10/18/25|2026-04-09 17:02:31.760|#
2650|2110|2025-10-18 00:00:00.000|-192.20000000000000000000|Direct Cost 10000 on 10/18/25|2026-04-09 17:02:31.763|#
2651|7190|2025-10-18 00:00:00.000|192.20000000000000000000|Direct Cost 10000 on 10/18/25|2026-04-09 17:02:31.767|#
2652|2110|2025-10-18 00:00:00.000|-2828.80000000000000000000|Direct Cost 10000 on 10/18/25|2026-04-09 17:02:31.770|#
2653|7190|2025-10-18 00:00:00.000|2828.80000000000000000000|Direct Cost 10000 on 10/18/25|2026-04-09 17:02:31.773|#
2654|6110|2025-10-18 00:00:00.000|-7120.40000000000000000000|Invoice 102125|2026-04-09 17:02:31.777|#
2655|5610|2025-10-18 00:00:00.000|-1780.10000000000000000000|Invoice 102125|2026-04-09 17:02:31.777|#
2656|2310|2025-10-18 00:00:00.000|8900.50000000000000000000|Invoice 102125|2026-04-09 17:02:31.783|#
2657|2910|2025-10-18 00:00:00.000|8900.50000000000000000000|Invoice 102125|2026-04-09 17:02:31.797|#
2658|2310|2025-10-18 00:00:00.000|-8900.50000000000000000000|Invoice 102125|2026-04-09 17:02:31.797|#
2659|2110|2025-10-20 00:00:00.000|-2195.00000000000000000000|Direct Cost 50000 on 10/20/25|2026-04-09 17:02:31.920|#
2660|7190|2025-10-20 00:00:00.000|2195.00000000000000000000|Direct Cost 50000 on 10/20/25|2026-04-09 17:02:31.923|#
2661|6110|2025-10-20 00:00:00.000|-2814.00000000000000000000|Invoice 102126|2026-04-09 17:02:31.927|#
2662|5610|2025-10-20 00:00:00.000|-703.50000000000000000000|Invoice 102126|2026-04-09 17:02:31.927|#
2663|2310|2025-10-20 00:00:00.000|3517.50000000000000000000|Invoice 102126|2026-04-09 17:02:31.933|#
2664|2910|2025-10-20 00:00:00.000|3517.50000000000000000000|Invoice 102126|2026-04-09 17:02:31.973|#
2665|2310|2025-10-20 00:00:00.000|-3517.50000000000000000000|Invoice 102126|2026-04-09 17:02:31.973|#
2666|2110|2025-10-21 00:00:00.000|-194.60000000000000000000|Direct Cost 30000 on 10/21/25|2026-04-09 17:02:32.077|#
2667|7190|2025-10-21 00:00:00.000|194.60000000000000000000|Direct Cost 30000 on 10/21/25|2026-04-09 17:02:32.077|#
2668|6130|2025-10-21 00:00:00.000|-249.20000000000000000000|Invoice 102127|2026-04-09 17:02:32.083|#
2669|2320|2025-10-21 00:00:00.000|249.20000000000000000000|Invoice 102127|2026-04-09 17:02:32.087|#
2670|2910|2025-10-21 00:00:00.000|249.20000000000000000000|Invoice 102127|2026-04-09 17:02:32.103|#
2671|2320|2025-10-21 00:00:00.000|-249.20000000000000000000|Invoice 102127|2026-04-09 17:02:32.103|#
2672|2110|2025-10-21 00:00:00.000|-384.40000000000000000000|Direct Cost 40000 on 10/21/25|2026-04-09 17:02:32.277|#
2673|7190|2025-10-21 00:00:00.000|384.40000000000000000000|Direct Cost 40000 on 10/21/25|2026-04-09 17:02:32.280|#
2674|2110|2025-10-21 00:00:00.000|-656.00000000000000000000|Direct Cost 40000 on 10/21/25|2026-04-09 17:02:32.283|#
2675|7190|2025-10-21 00:00:00.000|656.00000000000000000000|Direct Cost 40000 on 10/21/25|2026-04-09 17:02:32.287|#
2676|2110|2025-10-21 00:00:00.000|-672.70000000000000000000|Direct Cost 40000 on 10/21/25|2026-04-09 17:02:32.287|#
2677|7190|2025-10-21 00:00:00.000|672.70000000000000000000|Direct Cost 40000 on 10/21/25|2026-04-09 17:02:32.290|#
2678|2110|2025-10-21 00:00:00.000|-96.10000000000000000000|Direct Cost 40000 on 10/21/25|2026-04-09 17:02:32.293|#
2679|7190|2025-10-21 00:00:00.000|96.10000000000000000000|Direct Cost 40000 on 10/21/25|2026-04-09 17:02:32.297|#
2680|6120|2025-10-21 00:00:00.000|-2320.40000000000000000000|Invoice 102128|2026-04-09 17:02:32.300|#
2681|2320|2025-10-21 00:00:00.000|2320.40000000000000000000|Invoice 102128|2026-04-09 17:02:32.307|#
2682|2910|2025-10-21 00:00:00.000|2320.40000000000000000000|Invoice 102128|2026-04-09 17:02:32.320|#
2683|2320|2025-10-21 00:00:00.000|-2320.40000000000000000000|Invoice 102128|2026-04-09 17:02:32.320|#
2684|2110|2025-10-23 00:00:00.000|-292.50000000000000000000|Direct Cost 20000 on 10/23/25|2026-04-09 17:02:32.457|#
2685|7190|2025-10-23 00:00:00.000|292.50000000000000000000|Direct Cost 20000 on 10/23/25|2026-04-09 17:02:32.460|#
2686|6110|2025-10-23 00:00:00.000|-375.30000000000000000000|Invoice 102129|2026-04-09 17:02:32.463|#
2687|5610|2025-10-23 00:00:00.000|-93.83000000000000000000|Invoice 102129|2026-04-09 17:02:32.463|#
2688|2310|2025-10-23 00:00:00.000|469.13000000000000000000|Invoice 102129|2026-04-09 17:02:32.467|#
2689|2910|2025-10-23 00:00:00.000|469.13000000000000000000|Invoice 102129|2026-04-09 17:02:32.483|#
2690|2310|2025-10-23 00:00:00.000|-469.13000000000000000000|Invoice 102129|2026-04-09 17:02:32.483|#
2691|2110|2025-10-24 00:00:00.000|-2026.40000000000000000000|Direct Cost 30000 on 10/24/25|2026-04-09 17:02:32.677|#
2692|7190|2025-10-24 00:00:00.000|2026.40000000000000000000|Direct Cost 30000 on 10/24/25|2026-04-09 17:02:32.677|#
2693|2110|2025-10-24 00:00:00.000|-877.50000000000000000000|Direct Cost 30000 on 10/24/25|2026-04-09 17:02:32.680|#
2694|7190|2025-10-24 00:00:00.000|877.50000000000000000000|Direct Cost 30000 on 10/24/25|2026-04-09 17:02:32.683|#
2695|2110|2025-10-24 00:00:00.000|-480.50000000000000000000|Direct Cost 30000 on 10/24/25|2026-04-09 17:02:32.687|#
2696|7190|2025-10-24 00:00:00.000|480.50000000000000000000|Direct Cost 30000 on 10/24/25|2026-04-09 17:02:32.690|#
2697|2110|2025-10-24 00:00:00.000|-2121.60000000000000000000|Direct Cost 30000 on 10/24/25|2026-04-09 17:02:32.693|#
2698|7190|2025-10-24 00:00:00.000|2121.60000000000000000000|Direct Cost 30000 on 10/24/25|2026-04-09 17:02:32.697|#
2699|6130|2025-10-24 00:00:00.000|-7060.10000000000000000000|Invoice 102130|2026-04-09 17:02:32.703|#
2700|2320|2025-10-24 00:00:00.000|7060.10000000000000000000|Invoice 102130|2026-04-09 17:02:32.707|#
2701|2910|2025-10-24 00:00:00.000|7060.10000000000000000000|Invoice 102130|2026-04-09 17:02:32.723|#
2702|2320|2025-10-24 00:00:00.000|-7060.10000000000000000000|Invoice 102130|2026-04-09 17:02:32.723|#
2703|2110|2025-10-31 00:00:00.000|-656.00000000000000000000|Direct Cost 50000 on 10/31/25|2026-04-09 17:02:32.880|#
2704|7190|2025-10-31 00:00:00.000|656.00000000000000000000|Direct Cost 50000 on 10/31/25|2026-04-09 17:02:32.883|#
2705|2110|2025-10-31 00:00:00.000|-390.00000000000000000000|Direct Cost 50000 on 10/31/25|2026-04-09 17:02:32.887|#
2706|7190|2025-10-31 00:00:00.000|390.00000000000000000000|Direct Cost 50000 on 10/31/25|2026-04-09 17:02:32.887|#
2707|6110|2025-10-31 00:00:00.000|-1341.20000000000000000000|Invoice 102131|2026-04-09 17:02:32.893|#
2708|5610|2025-10-31 00:00:00.000|-335.30000000000000000000|Invoice 102131|2026-04-09 17:02:32.893|#
2709|2310|2025-10-31 00:00:00.000|1676.50000000000000000000|Invoice 102131|2026-04-09 17:02:32.897|#
2710|2910|2025-10-31 00:00:00.000|1676.50000000000000000000|Invoice 102131|2026-04-09 17:02:32.913|#
2711|2310|2025-10-31 00:00:00.000|-1676.50000000000000000000|Invoice 102131|2026-04-09 17:02:32.913|#
2712|2110|2025-11-01 00:00:00.000|-97.50000000000000000000|Direct Cost 30000 on 11/01/25|2026-04-09 17:02:33.033|#
2713|7190|2025-11-01 00:00:00.000|97.50000000000000000000|Direct Cost 30000 on 11/01/25|2026-04-09 17:02:33.037|#
2714|2110|2025-11-01 00:00:00.000|-576.60000000000000000000|Direct Cost 30000 on 11/01/25|2026-04-09 17:02:33.040|#
2715|7190|2025-11-01 00:00:00.000|576.60000000000000000000|Direct Cost 30000 on 11/01/25|2026-04-09 17:02:33.040|#
2716|6130|2025-11-01 00:00:00.000|-864.90000000000000000000|Invoice 102132|2026-04-09 17:02:33.047|#
2717|2320|2025-11-01 00:00:00.000|864.90000000000000000000|Invoice 102132|2026-04-09 17:02:33.050|#
2718|2910|2025-11-01 00:00:00.000|864.90000000000000000000|Invoice 102132|2026-04-09 17:02:33.067|#
2719|2320|2025-11-01 00:00:00.000|-864.90000000000000000000|Invoice 102132|2026-04-09 17:02:33.067|#
2720|2110|2025-11-12 00:00:00.000|-55.60000000000000000000|Direct Cost 20000 on 11/12/25|2026-04-09 17:02:33.170|#
2721|7190|2025-11-12 00:00:00.000|55.60000000000000000000|Direct Cost 20000 on 11/12/25|2026-04-09 17:02:33.173|#
2722|6110|2025-11-12 00:00:00.000|-71.20000000000000000000|Invoice 102133|2026-04-09 17:02:33.177|#
2723|5610|2025-11-12 00:00:00.000|-17.80000000000000000000|Invoice 102133|2026-04-09 17:02:33.177|#
2724|2310|2025-11-12 00:00:00.000|89.00000000000000000000|Invoice 102133|2026-04-09 17:02:33.183|#
2725|2910|2025-11-12 00:00:00.000|89.00000000000000000000|Invoice 102133|2026-04-09 17:02:33.200|#
2726|2310|2025-11-12 00:00:00.000|-89.00000000000000000000|Invoice 102133|2026-04-09 17:02:33.200|#
2727|2110|2025-11-14 00:00:00.000|-97.50000000000000000000|Direct Cost 30000 on 11/14/25|2026-04-09 17:02:33.283|#
2728|7190|2025-11-14 00:00:00.000|97.50000000000000000000|Direct Cost 30000 on 11/14/25|2026-04-09 17:02:33.287|#
2729|6130|2025-11-14 00:00:00.000|-125.10000000000000000000|Invoice 102134|2026-04-09 17:02:33.290|#
2730|2320|2025-11-14 00:00:00.000|125.10000000000000000000|Invoice 102134|2026-04-09 17:02:33.297|#
2731|2910|2025-11-14 00:00:00.000|125.10000000000000000000|Invoice 102134|2026-04-09 17:02:33.310|#
2732|2320|2025-11-14 00:00:00.000|-125.10000000000000000000|Invoice 102134|2026-04-09 17:02:33.310|#
2733|2110|2025-11-15 00:00:00.000|-192.20000000000000000000|Direct Cost 50000 on 11/15/25|2026-04-09 17:02:33.393|#
2734|7190|2025-11-15 00:00:00.000|192.20000000000000000000|Direct Cost 50000 on 11/15/25|2026-04-09 17:02:33.393|#
2735|6110|2025-11-15 00:00:00.000|-246.60000000000000000000|Invoice 102135|2026-04-09 17:02:33.397|#
2736|5610|2025-11-15 00:00:00.000|-61.65000000000000000000|Invoice 102135|2026-04-09 17:02:33.400|#
2737|2310|2025-11-15 00:00:00.000|308.25000000000000000000|Invoice 102135|2026-04-09 17:02:33.403|#
2738|2910|2025-11-15 00:00:00.000|308.25000000000000000000|Invoice 102135|2026-04-09 17:02:33.420|#
2739|2310|2025-11-15 00:00:00.000|-308.25000000000000000000|Invoice 102135|2026-04-09 17:02:33.420|#
2740|2110|2025-11-16 00:00:00.000|-2026.40000000000000000000|Direct Cost 10000 on 11/16/25|2026-04-09 17:02:33.580|#
2741|7190|2025-11-16 00:00:00.000|2026.40000000000000000000|Direct Cost 10000 on 11/16/25|2026-04-09 17:02:33.580|#
2742|2110|2025-11-16 00:00:00.000|-292.50000000000000000000|Direct Cost 10000 on 11/16/25|2026-04-09 17:02:33.587|#
2743|7190|2025-11-16 00:00:00.000|292.50000000000000000000|Direct Cost 10000 on 11/16/25|2026-04-09 17:02:33.587|#
2744|2110|2025-11-16 00:00:00.000|-192.20000000000000000000|Direct Cost 10000 on 11/16/25|2026-04-09 17:02:33.593|#
2745|7190|2025-11-16 00:00:00.000|192.20000000000000000000|Direct Cost 10000 on 11/16/25|2026-04-09 17:02:33.597|#
2746|2110|2025-11-16 00:00:00.000|-2828.80000000000000000000|Direct Cost 10000 on 11/16/25|2026-04-09 17:02:33.597|#
2747|7190|2025-11-16 00:00:00.000|2828.80000000000000000000|Direct Cost 10000 on 11/16/25|2026-04-09 17:02:33.600|#
2748|6110|2025-11-16 00:00:00.000|-6846.30000000000000000000|Invoice 102136|2026-04-09 17:02:33.607|#
2749|5610|2025-11-16 00:00:00.000|-1711.58000000000000000000|Invoice 102136|2026-04-09 17:02:33.607|#
2750|2310|2025-11-16 00:00:00.000|8557.88000000000000000000|Invoice 102136|2026-04-09 17:02:33.610|#
2751|2910|2025-11-16 00:00:00.000|8557.88000000000000000000|Invoice 102136|2026-04-09 17:02:33.627|#
2752|2310|2025-11-16 00:00:00.000|-8557.88000000000000000000|Invoice 102136|2026-04-09 17:02:33.627|#
2753|2110|2025-11-17 00:00:00.000|-292.50000000000000000000|Direct Cost 20000 on 11/17/25|2026-04-09 17:02:33.820|#
2754|7190|2025-11-17 00:00:00.000|292.50000000000000000000|Direct Cost 20000 on 11/17/25|2026-04-09 17:02:33.823|#
2755|2110|2025-11-17 00:00:00.000|-390.00000000000000000000|Direct Cost 20000 on 11/17/25|2026-04-09 17:02:33.827|#
2756|7190|2025-11-17 00:00:00.000|390.00000000000000000000|Direct Cost 20000 on 11/17/25|2026-04-09 17:02:33.830|#
2757|2110|2025-11-17 00:00:00.000|-192.20000000000000000000|Direct Cost 20000 on 11/17/25|2026-04-09 17:02:33.833|#
2758|7190|2025-11-17 00:00:00.000|192.20000000000000000000|Direct Cost 20000 on 11/17/25|2026-04-09 17:02:33.837|#
2759|6110|2025-11-17 00:00:00.000|-1122.30000000000000000000|Invoice 102137|2026-04-09 17:02:33.840|#
2760|5610|2025-11-17 00:00:00.000|-280.58000000000000000000|Invoice 102137|2026-04-09 17:02:33.840|#
2761|2310|2025-11-17 00:00:00.000|1402.88000000000000000000|Invoice 102137|2026-04-09 17:02:33.843|#
2762|2910|2025-11-17 00:00:00.000|1402.88000000000000000000|Invoice 102137|2026-04-09 17:02:33.860|#
2763|2310|2025-11-17 00:00:00.000|-1402.88000000000000000000|Invoice 102137|2026-04-09 17:02:33.860|#
2764|2110|2025-11-19 00:00:00.000|-1317.00000000000000000000|Direct Cost 50000 on 11/19/25|2026-04-09 17:02:33.997|#
2765|7190|2025-11-19 00:00:00.000|1317.00000000000000000000|Direct Cost 50000 on 11/19/25|2026-04-09 17:02:33.997|#
2766|6110|2025-11-19 00:00:00.000|-1688.40000000000000000000|Invoice 102138|2026-04-09 17:02:34.003|#
2767|5610|2025-11-19 00:00:00.000|-422.10000000000000000000|Invoice 102138|2026-04-09 17:02:34.003|#
2768|2310|2025-11-19 00:00:00.000|2110.50000000000000000000|Invoice 102138|2026-04-09 17:02:34.007|#
2769|2910|2025-11-19 00:00:00.000|2110.50000000000000000000|Invoice 102138|2026-04-09 17:02:34.023|#
2770|2310|2025-11-19 00:00:00.000|-2110.50000000000000000000|Invoice 102138|2026-04-09 17:02:34.023|#
2771|2110|2025-11-19 00:00:00.000|-384.40000000000000000000|Direct Cost 40000 on 11/19/25|2026-04-09 17:02:34.207|#
2772|7190|2025-11-19 00:00:00.000|384.40000000000000000000|Direct Cost 40000 on 11/19/25|2026-04-09 17:02:34.210|#
2773|2110|2025-11-19 00:00:00.000|-656.00000000000000000000|Direct Cost 40000 on 11/19/25|2026-04-09 17:02:34.217|#
2774|7190|2025-11-19 00:00:00.000|656.00000000000000000000|Direct Cost 40000 on 11/19/25|2026-04-09 17:02:34.217|#
2775|2110|2025-11-19 00:00:00.000|-195.00000000000000000000|Direct Cost 40000 on 11/19/25|2026-04-09 17:02:34.220|#
2776|7190|2025-11-19 00:00:00.000|195.00000000000000000000|Direct Cost 40000 on 11/19/25|2026-04-09 17:02:34.223|#
2777|2110|2025-11-19 00:00:00.000|-384.40000000000000000000|Direct Cost 40000 on 11/19/25|2026-04-09 17:02:34.227|#
2778|7190|2025-11-19 00:00:00.000|384.40000000000000000000|Direct Cost 40000 on 11/19/25|2026-04-09 17:02:34.230|#
2779|2110|2025-11-19 00:00:00.000|-96.10000000000000000000|Direct Cost 40000 on 11/19/25|2026-04-09 17:02:34.233|#
2780|7190|2025-11-19 00:00:00.000|96.10000000000000000000|Direct Cost 40000 on 11/19/25|2026-04-09 17:02:34.237|#
2781|6120|2025-11-19 00:00:00.000|-2200.70000000000000000000|Invoice 102139|2026-04-09 17:02:34.240|#
2782|2320|2025-11-19 00:00:00.000|2200.70000000000000000000|Invoice 102139|2026-04-09 17:02:34.247|#
2783|2910|2025-11-19 00:00:00.000|2200.70000000000000000000|Invoice 102139|2026-04-09 17:02:34.260|#
2784|2320|2025-11-19 00:00:00.000|-2200.70000000000000000000|Invoice 102139|2026-04-09 17:02:34.260|#
2785|2110|2025-11-20 00:00:00.000|-390.00000000000000000000|Direct Cost 20000 on 11/20/25|2026-04-09 17:02:34.443|#
2786|7190|2025-11-20 00:00:00.000|390.00000000000000000000|Direct Cost 20000 on 11/20/25|2026-04-09 17:02:34.443|#
2787|6110|2025-11-20 00:00:00.000|-500.40000000000000000000|Invoice 102140|2026-04-09 17:02:34.450|#
2788|5610|2025-11-20 00:00:00.000|-125.10000000000000000000|Invoice 102140|2026-04-09 17:02:34.450|#
2789|2310|2025-11-20 00:00:00.000|625.50000000000000000000|Invoice 102140|2026-04-09 17:02:34.453|#
2790|2910|2025-11-20 00:00:00.000|625.50000000000000000000|Invoice 102140|2026-04-09 17:02:34.477|#
2791|2310|2025-11-20 00:00:00.000|-625.50000000000000000000|Invoice 102140|2026-04-09 17:02:34.477|#
2792|2110|2025-11-20 00:00:00.000|-2026.40000000000000000000|Direct Cost 30000 on 11/20/25|2026-04-09 17:02:34.600|#
2793|7190|2025-11-20 00:00:00.000|2026.40000000000000000000|Direct Cost 30000 on 11/20/25|2026-04-09 17:02:34.600|#
2794|2110|2025-11-20 00:00:00.000|-194.60000000000000000000|Direct Cost 30000 on 11/20/25|2026-04-09 17:02:34.603|#
2795|7190|2025-11-20 00:00:00.000|194.60000000000000000000|Direct Cost 30000 on 11/20/25|2026-04-09 17:02:34.607|#
2796|2110|2025-11-20 00:00:00.000|-1414.40000000000000000000|Direct Cost 30000 on 11/20/25|2026-04-09 17:02:34.610|#
2797|7190|2025-11-20 00:00:00.000|1414.40000000000000000000|Direct Cost 30000 on 11/20/25|2026-04-09 17:02:34.613|#
2798|6130|2025-11-20 00:00:00.000|-4660.20000000000000000000|Invoice 102141|2026-04-09 17:02:34.617|#
2799|2320|2025-11-20 00:00:00.000|4660.20000000000000000000|Invoice 102141|2026-04-09 17:02:34.620|#
2800|2910|2025-11-20 00:00:00.000|4660.20000000000000000000|Invoice 102141|2026-04-09 17:02:34.637|#
2801|2320|2025-11-20 00:00:00.000|-4660.20000000000000000000|Invoice 102141|2026-04-09 17:02:34.637|#
2802|2110|2025-11-23 00:00:00.000|-656.00000000000000000000|Direct Cost 50000 on 11/23/25|2026-04-09 17:02:34.773|#
2803|7190|2025-11-23 00:00:00.000|656.00000000000000000000|Direct Cost 50000 on 11/23/25|2026-04-09 17:02:34.777|#
2804|2110|2025-11-23 00:00:00.000|-390.00000000000000000000|Direct Cost 50000 on 11/23/25|2026-04-09 17:02:34.780|#
2805|7190|2025-11-23 00:00:00.000|390.00000000000000000000|Direct Cost 50000 on 11/23/25|2026-04-09 17:02:34.783|#
2806|6110|2025-11-23 00:00:00.000|-1341.20000000000000000000|Invoice 102142|2026-04-09 17:02:34.787|#
2807|5610|2025-11-23 00:00:00.000|-335.30000000000000000000|Invoice 102142|2026-04-09 17:02:34.787|#
2808|2310|2025-11-23 00:00:00.000|1676.50000000000000000000|Invoice 102142|2026-04-09 17:02:34.793|#
2809|2910|2025-11-23 00:00:00.000|1676.50000000000000000000|Invoice 102142|2026-04-09 17:02:34.807|#
2810|2310|2025-11-23 00:00:00.000|-1676.50000000000000000000|Invoice 102142|2026-04-09 17:02:34.807|#
2811|2110|2025-11-23 00:00:00.000|-682.50000000000000000000|Direct Cost 30000 on 11/23/25|2026-04-09 17:02:34.950|#
2812|7190|2025-11-23 00:00:00.000|682.50000000000000000000|Direct Cost 30000 on 11/23/25|2026-04-09 17:02:34.953|#
2813|2110|2025-11-23 00:00:00.000|-288.30000000000000000000|Direct Cost 30000 on 11/23/25|2026-04-09 17:02:34.957|#
2814|7190|2025-11-23 00:00:00.000|288.30000000000000000000|Direct Cost 30000 on 11/23/25|2026-04-09 17:02:34.957|#
2815|2110|2025-11-23 00:00:00.000|-480.50000000000000000000|Direct Cost 30000 on 11/23/25|2026-04-09 17:02:34.963|#
2816|7190|2025-11-23 00:00:00.000|480.50000000000000000000|Direct Cost 30000 on 11/23/25|2026-04-09 17:02:34.967|#
2817|6130|2025-11-23 00:00:00.000|-1862.10000000000000000000|Invoice 102143|2026-04-09 17:02:34.970|#
2818|2320|2025-11-23 00:00:00.000|1862.10000000000000000000|Invoice 102143|2026-04-09 17:02:34.973|#
2819|2910|2025-11-23 00:00:00.000|1862.10000000000000000000|Invoice 102143|2026-04-09 17:02:34.990|#
2820|2320|2025-11-23 00:00:00.000|-1862.10000000000000000000|Invoice 102143|2026-04-09 17:02:34.990|#
2821|2110|2025-12-01 00:00:00.000|-97.50000000000000000000|Direct Cost 30000 on 12/01/25|2026-04-09 17:02:35.117|#
2822|7190|2025-12-01 00:00:00.000|97.50000000000000000000|Direct Cost 30000 on 12/01/25|2026-04-09 17:02:35.120|#
2823|6130|2025-12-01 00:00:00.000|-125.10000000000000000000|Invoice 102144|2026-04-09 17:02:35.123|#
2824|2320|2025-12-01 00:00:00.000|125.10000000000000000000|Invoice 102144|2026-04-09 17:02:35.130|#
2825|2910|2025-12-01 00:00:00.000|125.10000000000000000000|Invoice 102144|2026-04-09 17:02:35.147|#
2826|2320|2025-12-01 00:00:00.000|-125.10000000000000000000|Invoice 102144|2026-04-09 17:02:35.147|#
2827|2110|2025-12-13 00:00:00.000|-55.60000000000000000000|Direct Cost 20000 on 12/13/25|2026-04-09 17:02:35.253|#
2828|7190|2025-12-13 00:00:00.000|55.60000000000000000000|Direct Cost 20000 on 12/13/25|2026-04-09 17:02:35.257|#
2829|2110|2025-12-13 00:00:00.000|-97.50000000000000000000|Direct Cost 20000 on 12/13/25|2026-04-09 17:02:35.260|#
2830|7190|2025-12-13 00:00:00.000|97.50000000000000000000|Direct Cost 20000 on 12/13/25|2026-04-09 17:02:35.260|#
2831|6110|2025-12-13 00:00:00.000|-196.30000000000000000000|Invoice 102145|2026-04-09 17:02:35.267|#
2832|5610|2025-12-13 00:00:00.000|-49.08000000000000000000|Invoice 102145|2026-04-09 17:02:35.267|#
2833|2310|2025-12-13 00:00:00.000|245.38000000000000000000|Invoice 102145|2026-04-09 17:02:35.273|#
2834|2910|2025-12-13 00:00:00.000|245.38000000000000000000|Invoice 102145|2026-04-09 17:02:35.287|#
2835|2310|2025-12-13 00:00:00.000|-245.38000000000000000000|Invoice 102145|2026-04-09 17:02:35.290|#
2836|2110|2025-12-14 00:00:00.000|-195.00000000000000000000|Direct Cost 10000 on 12/14/25|2026-04-09 17:02:35.387|#
2837|7190|2025-12-14 00:00:00.000|195.00000000000000000000|Direct Cost 10000 on 12/14/25|2026-04-09 17:02:35.390|#
2838|6110|2025-12-14 00:00:00.000|-250.20000000000000000000|Invoice 102146|2026-04-09 17:02:35.393|#
2839|5610|2025-12-14 00:00:00.000|-62.55000000000000000000|Invoice 102146|2026-04-09 17:02:35.393|#
2840|2310|2025-12-14 00:00:00.000|312.75000000000000000000|Invoice 102146|2026-04-09 17:02:35.400|#
2841|2910|2025-12-14 00:00:00.000|312.75000000000000000000|Invoice 102146|2026-04-09 17:02:35.417|#
2842|2310|2025-12-14 00:00:00.000|-312.75000000000000000000|Invoice 102146|2026-04-09 17:02:35.417|#
2843|2110|2025-12-16 00:00:00.000|-96.10000000000000000000|Direct Cost 50000 on 12/16/25|2026-04-09 17:02:35.510|#
2844|7190|2025-12-16 00:00:00.000|96.10000000000000000000|Direct Cost 50000 on 12/16/25|2026-04-09 17:02:35.513|#
2845|6110|2025-12-16 00:00:00.000|-123.30000000000000000000|Invoice 102147|2026-04-09 17:02:35.517|#
2846|5610|2025-12-16 00:00:00.000|-30.83000000000000000000|Invoice 102147|2026-04-09 17:02:35.517|#
2847|2310|2025-12-16 00:00:00.000|154.13000000000000000000|Invoice 102147|2026-04-09 17:02:35.523|#
2848|2910|2025-12-16 00:00:00.000|154.13000000000000000000|Invoice 102147|2026-04-09 17:02:35.540|#
2849|2310|2025-12-16 00:00:00.000|-154.13000000000000000000|Invoice 102147|2026-04-09 17:02:35.540|#
2850|2110|2025-12-17 00:00:00.000|-1519.80000000000000000000|Direct Cost 10000 on 12/17/25|2026-04-09 17:02:35.650|#
2851|7190|2025-12-17 00:00:00.000|1519.80000000000000000000|Direct Cost 10000 on 12/17/25|2026-04-09 17:02:35.653|#
2852|2110|2025-12-17 00:00:00.000|-96.10000000000000000000|Direct Cost 10000 on 12/17/25|2026-04-09 17:02:35.657|#
2853|7190|2025-12-17 00:00:00.000|96.10000000000000000000|Direct Cost 10000 on 12/17/25|2026-04-09 17:02:35.660|#
2854|6110|2025-12-17 00:00:00.000|-2071.50000000000000000000|Invoice 102148|2026-04-09 17:02:35.663|#
2855|5610|2025-12-17 00:00:00.000|-517.88000000000000000000|Invoice 102148|2026-04-09 17:02:35.663|#
2856|2310|2025-12-17 00:00:00.000|2589.38000000000000000000|Invoice 102148|2026-04-09 17:02:35.670|#
2857|2910|2025-12-17 00:00:00.000|2589.38000000000000000000|Invoice 102148|2026-04-09 17:02:35.687|#
2858|2310|2025-12-17 00:00:00.000|-2589.38000000000000000000|Invoice 102148|2026-04-09 17:02:35.687|#
2859|2110|2025-12-18 00:00:00.000|-97.50000000000000000000|Direct Cost 20000 on 12/18/25|2026-04-09 17:02:35.810|#
2860|7190|2025-12-18 00:00:00.000|97.50000000000000000000|Direct Cost 20000 on 12/18/25|2026-04-09 17:02:35.813|#
2861|2110|2025-12-18 00:00:00.000|-195.00000000000000000000|Direct Cost 20000 on 12/18/25|2026-04-09 17:02:35.817|#
2862|7190|2025-12-18 00:00:00.000|195.00000000000000000000|Direct Cost 20000 on 12/18/25|2026-04-09 17:02:35.817|#
2863|6110|2025-12-18 00:00:00.000|-375.30000000000000000000|Invoice 102149|2026-04-09 17:02:35.823|#
2864|5610|2025-12-18 00:00:00.000|-93.83000000000000000000|Invoice 102149|2026-04-09 17:02:35.823|#
2865|2310|2025-12-18 00:00:00.000|469.13000000000000000000|Invoice 102149|2026-04-09 17:02:35.827|#
2866|2910|2025-12-18 00:00:00.000|469.13000000000000000000|Invoice 102149|2026-04-09 17:02:35.840|#
2867|2310|2025-12-18 00:00:00.000|-469.13000000000000000000|Invoice 102149|2026-04-09 17:02:35.840|#
2868|2110|2025-12-18 00:00:00.000|-97.50000000000000000000|Direct Cost 40000 on 12/18/25|2026-04-09 17:02:35.973|#
2869|7190|2025-12-18 00:00:00.000|97.50000000000000000000|Direct Cost 40000 on 12/18/25|2026-04-09 17:02:35.977|#
2870|2110|2025-12-18 00:00:00.000|-1414.40000000000000000000|Direct Cost 40000 on 12/18/25|2026-04-09 17:02:35.977|#
2871|7190|2025-12-18 00:00:00.000|1414.40000000000000000000|Direct Cost 40000 on 12/18/25|2026-04-09 17:02:35.980|#
2872|6120|2025-12-18 00:00:00.000|-1938.50000000000000000000|Invoice 102150|2026-04-09 17:02:35.983|#
2873|2320|2025-12-18 00:00:00.000|1938.50000000000000000000|Invoice 102150|2026-04-09 17:02:35.990|#
2874|2910|2025-12-18 00:00:00.000|1938.50000000000000000000|Invoice 102150|2026-04-09 17:02:36.003|#
2875|2320|2025-12-18 00:00:00.000|-1938.50000000000000000000|Invoice 102150|2026-04-09 17:02:36.003|#
2876|2110|2025-12-20 00:00:00.000|-439.00000000000000000000|Direct Cost 50000 on 12/20/25|2026-04-09 17:02:36.093|#
2877|7190|2025-12-20 00:00:00.000|439.00000000000000000000|Direct Cost 50000 on 12/20/25|2026-04-09 17:02:36.097|#
2878|6110|2025-12-20 00:00:00.000|-562.80000000000000000000|Invoice 102151|2026-04-09 17:02:36.100|#
2879|5610|2025-12-20 00:00:00.000|-140.70000000000000000000|Invoice 102151|2026-04-09 17:02:36.100|#
2880|2310|2025-12-20 00:00:00.000|703.50000000000000000000|Invoice 102151|2026-04-09 17:02:36.107|#
2881|2910|2025-12-20 00:00:00.000|703.50000000000000000000|Invoice 102151|2026-04-09 17:02:36.120|#
2882|2310|2025-12-20 00:00:00.000|-703.50000000000000000000|Invoice 102151|2026-04-09 17:02:36.120|#
2883|2110|2025-12-21 00:00:00.000|-111.20000000000000000000|Direct Cost 30000 on 12/21/25|2026-04-09 17:02:36.210|#
2884|7190|2025-12-21 00:00:00.000|111.20000000000000000000|Direct Cost 30000 on 12/21/25|2026-04-09 17:02:36.213|#
2885|6130|2025-12-21 00:00:00.000|-142.40000000000000000000|Invoice 102152|2026-04-09 17:02:36.217|#
2886|2320|2025-12-21 00:00:00.000|142.40000000000000000000|Invoice 102152|2026-04-09 17:02:36.223|#
2887|2910|2025-12-21 00:00:00.000|142.40000000000000000000|Invoice 102152|2026-04-09 17:02:36.237|#
2888|2320|2025-12-21 00:00:00.000|-142.40000000000000000000|Invoice 102152|2026-04-09 17:02:36.237|#
2889|2110|2025-12-21 00:00:00.000|-288.30000000000000000000|Direct Cost 40000 on 12/21/25|2026-04-09 17:02:36.363|#
2890|7190|2025-12-21 00:00:00.000|288.30000000000000000000|Direct Cost 40000 on 12/21/25|2026-04-09 17:02:36.367|#
2891|2110|2025-12-21 00:00:00.000|-328.00000000000000000000|Direct Cost 40000 on 12/21/25|2026-04-09 17:02:36.370|#
2892|7190|2025-12-21 00:00:00.000|328.00000000000000000000|Direct Cost 40000 on 12/21/25|2026-04-09 17:02:36.373|#
2893|2110|2025-12-21 00:00:00.000|-288.30000000000000000000|Direct Cost 40000 on 12/21/25|2026-04-09 17:02:36.377|#
2894|7190|2025-12-21 00:00:00.000|288.30000000000000000000|Direct Cost 40000 on 12/21/25|2026-04-09 17:02:36.380|#
2895|6120|2025-12-21 00:00:00.000|-1160.20000000000000000000|Invoice 102153|2026-04-09 17:02:36.383|#
2896|2320|2025-12-21 00:00:00.000|1160.20000000000000000000|Invoice 102153|2026-04-09 17:02:36.390|#
2897|2910|2025-12-21 00:00:00.000|1160.20000000000000000000|Invoice 102153|2026-04-09 17:02:36.407|#
2898|2320|2025-12-21 00:00:00.000|-1160.20000000000000000000|Invoice 102153|2026-04-09 17:02:36.407|#
2899|2110|2025-12-24 00:00:00.000|-328.00000000000000000000|Direct Cost 50000 on 12/24/25|2026-04-09 17:02:36.537|#
2900|7190|2025-12-24 00:00:00.000|328.00000000000000000000|Direct Cost 50000 on 12/24/25|2026-04-09 17:02:36.540|#
2901|6110|2025-12-24 00:00:00.000|-420.40000000000000000000|Invoice 102154|2026-04-09 17:02:36.543|#
2902|5610|2025-12-24 00:00:00.000|-105.10000000000000000000|Invoice 102154|2026-04-09 17:02:36.543|#
2903|2310|2025-12-24 00:00:00.000|525.50000000000000000000|Invoice 102154|2026-04-09 17:02:36.550|#
2904|2910|2025-12-24 00:00:00.000|525.50000000000000000000|Invoice 102154|2026-04-09 17:02:36.563|#
2905|2310|2025-12-24 00:00:00.000|-525.50000000000000000000|Invoice 102154|2026-04-09 17:02:36.563|#
2906|2110|2025-12-24 00:00:00.000|-1519.80000000000000000000|Direct Cost 30000 on 12/24/25|2026-04-09 17:02:36.747|#
2907|7190|2025-12-24 00:00:00.000|1519.80000000000000000000|Direct Cost 30000 on 12/24/25|2026-04-09 17:02:36.750|#
2908|2110|2025-12-24 00:00:00.000|-487.50000000000000000000|Direct Cost 30000 on 12/24/25|2026-04-09 17:02:36.753|#
2909|7190|2025-12-24 00:00:00.000|487.50000000000000000000|Direct Cost 30000 on 12/24/25|2026-04-09 17:02:36.757|#
2910|2110|2025-12-24 00:00:00.000|-192.20000000000000000000|Direct Cost 30000 on 12/24/25|2026-04-09 17:02:36.760|#
2911|7190|2025-12-24 00:00:00.000|192.20000000000000000000|Direct Cost 30000 on 12/24/25|2026-04-09 17:02:36.760|#
2912|2110|2025-12-24 00:00:00.000|-195.00000000000000000000|Direct Cost 30000 on 12/24/25|2026-04-09 17:02:36.767|#
2913|7190|2025-12-24 00:00:00.000|195.00000000000000000000|Direct Cost 30000 on 12/24/25|2026-04-09 17:02:36.767|#
2914|2110|2025-12-24 00:00:00.000|-288.30000000000000000000|Direct Cost 30000 on 12/24/25|2026-04-09 17:02:36.770|#
2915|7190|2025-12-24 00:00:00.000|288.30000000000000000000|Direct Cost 30000 on 12/24/25|2026-04-09 17:02:36.773|#
2916|6130|2025-12-24 00:00:00.000|-3440.40000000000000000000|Invoice 102155|2026-04-09 17:02:36.777|#
2917|2320|2025-12-24 00:00:00.000|3440.40000000000000000000|Invoice 102155|2026-04-09 17:02:36.783|#
2918|2910|2025-12-24 00:00:00.000|3440.40000000000000000000|Invoice 102155|2026-04-09 17:02:36.797|#
2919|2320|2025-12-24 00:00:00.000|-3440.40000000000000000000|Invoice 102155|2026-04-09 17:02:36.797|#
2920|2110|2025-12-24 00:00:00.000|-195.00000000000000000000|Direct Cost 20000 on 12/24/25|2026-04-09 17:02:36.973|#
2921|7190|2025-12-24 00:00:00.000|195.00000000000000000000|Direct Cost 20000 on 12/24/25|2026-04-09 17:02:36.977|#
2922|2110|2025-12-24 00:00:00.000|-192.20000000000000000000|Direct Cost 20000 on 12/24/25|2026-04-09 17:02:36.980|#
2923|7190|2025-12-24 00:00:00.000|192.20000000000000000000|Direct Cost 20000 on 12/24/25|2026-04-09 17:02:36.980|#
2924|6110|2025-12-24 00:00:00.000|-496.80000000000000000000|Invoice 102156|2026-04-09 17:02:36.987|#
2925|5610|2025-12-24 00:00:00.000|-124.20000000000000000000|Invoice 102156|2026-04-09 17:02:36.987|#
2926|2310|2025-12-24 00:00:00.000|621.00000000000000000000|Invoice 102156|2026-04-09 17:02:36.993|#
2927|2910|2025-12-24 00:00:00.000|621.00000000000000000000|Invoice 102156|2026-04-09 17:02:37.010|#
2928|2310|2025-12-24 00:00:00.000|-621.00000000000000000000|Invoice 102156|2026-04-09 17:02:37.010|#
2929|2110|2025-12-31 00:00:00.000|-1414.40000000000000000000|Direct Cost 10000 on 12/31/25|2026-04-09 17:02:37.127|#
2930|7190|2025-12-31 00:00:00.000|1414.40000000000000000000|Direct Cost 10000 on 12/31/25|2026-04-09 17:02:37.127|#
2931|6110|2025-12-31 00:00:00.000|-1813.40000000000000000000|Invoice 102157|2026-04-09 17:02:37.133|#
2932|5610|2025-12-31 00:00:00.000|-453.35000000000000000000|Invoice 102157|2026-04-09 17:02:37.133|#
2933|2310|2025-12-31 00:00:00.000|2266.75000000000000000000|Invoice 102157|2026-04-09 17:02:37.137|#
2934|2910|2025-12-31 00:00:00.000|2266.75000000000000000000|Invoice 102157|2026-04-09 17:02:37.153|#
2935|2310|2025-12-31 00:00:00.000|-2266.75000000000000000000|Invoice 102157|2026-04-09 17:02:37.153|#
2936|2110|2026-01-01 00:00:00.000|-97.50000000000000000000|Direct Cost 30000 on 01/01/26|2026-04-09 17:02:37.230|#
2937|7190|2026-01-01 00:00:00.000|97.50000000000000000000|Direct Cost 30000 on 01/01/26|2026-04-09 17:02:37.233|#
2938|6130|2026-01-01 00:00:00.000|-125.10000000000000000000|Invoice 102158|2026-04-09 17:02:37.237|#
2939|2320|2026-01-01 00:00:00.000|125.10000000000000000000|Invoice 102158|2026-04-09 17:02:37.243|#
2940|2910|2026-01-01 00:00:00.000|125.10000000000000000000|Invoice 102158|2026-04-09 17:02:37.257|#
2941|2320|2026-01-01 00:00:00.000|-125.10000000000000000000|Invoice 102158|2026-04-09 17:02:37.257|#
2942|2110|2026-01-13 00:00:00.000|-83.40000000000000000000|Direct Cost 20000 on 01/13/26|2026-04-09 17:02:37.347|#
2943|7190|2026-01-13 00:00:00.000|83.40000000000000000000|Direct Cost 20000 on 01/13/26|2026-04-09 17:02:37.350|#
2944|6110|2026-01-13 00:00:00.000|-106.80000000000000000000|Invoice 102159|2026-04-09 17:02:37.353|#
2945|5610|2026-01-13 00:00:00.000|-26.70000000000000000000|Invoice 102159|2026-04-09 17:02:37.353|#
2946|2310|2026-01-13 00:00:00.000|133.50000000000000000000|Invoice 102159|2026-04-09 17:02:37.360|#
2947|2910|2026-01-13 00:00:00.000|133.50000000000000000000|Invoice 102159|2026-04-09 17:02:37.373|#
2948|2310|2026-01-13 00:00:00.000|-133.50000000000000000000|Invoice 102159|2026-04-09 17:02:37.373|#
2949|2110|2026-01-14 00:00:00.000|-390.00000000000000000000|Direct Cost 10000 on 01/14/26|2026-04-09 17:02:37.467|#
2950|7190|2026-01-14 00:00:00.000|390.00000000000000000000|Direct Cost 10000 on 01/14/26|2026-04-09 17:02:37.470|#
2951|6110|2026-01-14 00:00:00.000|-500.40000000000000000000|Invoice 102160|2026-04-09 17:02:37.473|#
2952|5610|2026-01-14 00:00:00.000|-125.10000000000000000000|Invoice 102160|2026-04-09 17:02:37.473|#
2953|2310|2026-01-14 00:00:00.000|625.50000000000000000000|Invoice 102160|2026-04-09 17:02:37.480|#
2954|2910|2026-01-14 00:00:00.000|625.50000000000000000000|Invoice 102160|2026-04-09 17:02:37.493|#
2955|2310|2026-01-14 00:00:00.000|-625.50000000000000000000|Invoice 102160|2026-04-09 17:02:37.493|#
2956|2110|2026-01-15 00:00:00.000|-97.50000000000000000000|Direct Cost 30000 on 01/15/26|2026-04-09 17:02:37.573|#
2957|7190|2026-01-15 00:00:00.000|97.50000000000000000000|Direct Cost 30000 on 01/15/26|2026-04-09 17:02:37.573|#
2958|6130|2026-01-15 00:00:00.000|-125.10000000000000000000|Invoice 102161|2026-04-09 17:02:37.580|#
2959|2320|2026-01-15 00:00:00.000|125.10000000000000000000|Invoice 102161|2026-04-09 17:02:37.583|#
2960|2910|2026-01-15 00:00:00.000|125.10000000000000000000|Invoice 102161|2026-04-09 17:02:37.600|#
2961|2320|2026-01-15 00:00:00.000|-125.10000000000000000000|Invoice 102161|2026-04-09 17:02:37.600|#
2962|2110|2026-01-16 00:00:00.000|-192.20000000000000000000|Direct Cost 50000 on 01/16/26|2026-04-09 17:02:37.677|#
2963|7190|2026-01-16 00:00:00.000|192.20000000000000000000|Direct Cost 50000 on 01/16/26|2026-04-09 17:02:37.680|#
2964|6110|2026-01-16 00:00:00.000|-246.60000000000000000000|Invoice 102162|2026-04-09 17:02:37.687|#
2965|5610|2026-01-16 00:00:00.000|-61.65000000000000000000|Invoice 102162|2026-04-09 17:02:37.687|#
2966|2310|2026-01-16 00:00:00.000|308.25000000000000000000|Invoice 102162|2026-04-09 17:02:37.693|#
2967|2910|2026-01-16 00:00:00.000|308.25000000000000000000|Invoice 102162|2026-04-09 17:02:37.707|#
2968|2310|2026-01-16 00:00:00.000|-308.25000000000000000000|Invoice 102162|2026-04-09 17:02:37.707|#
2969|2110|2026-01-17 00:00:00.000|-195.00000000000000000000|Direct Cost 40000 on 01/17/26|2026-04-09 17:02:37.797|#
2970|7190|2026-01-17 00:00:00.000|195.00000000000000000000|Direct Cost 40000 on 01/17/26|2026-04-09 17:02:37.797|#
2971|6120|2026-01-17 00:00:00.000|-250.20000000000000000000|Invoice 102163|2026-04-09 17:02:37.803|#
2972|2320|2026-01-17 00:00:00.000|250.20000000000000000000|Invoice 102163|2026-04-09 17:02:37.807|#
2973|2910|2026-01-17 00:00:00.000|250.20000000000000000000|Invoice 102163|2026-04-09 17:02:37.823|#
2974|2320|2026-01-17 00:00:00.000|-250.20000000000000000000|Invoice 102163|2026-04-09 17:02:37.823|#
2975|2110|2026-01-18 00:00:00.000|-390.00000000000000000000|Direct Cost 20000 on 01/18/26|2026-04-09 17:02:37.977|#
2976|7190|2026-01-18 00:00:00.000|390.00000000000000000000|Direct Cost 20000 on 01/18/26|2026-04-09 17:02:37.980|#
2977|2110|2026-01-18 00:00:00.000|-585.00000000000000000000|Direct Cost 20000 on 01/18/26|2026-04-09 17:02:37.983|#
2978|7190|2026-01-18 00:00:00.000|585.00000000000000000000|Direct Cost 20000 on 01/18/26|2026-04-09 17:02:37.987|#
2979|2110|2026-01-18 00:00:00.000|-288.30000000000000000000|Direct Cost 20000 on 01/18/26|2026-04-09 17:02:37.987|#
2980|7190|2026-01-18 00:00:00.000|288.30000000000000000000|Direct Cost 20000 on 01/18/26|2026-04-09 17:02:37.990|#
2981|6110|2026-01-18 00:00:00.000|-1620.90000000000000000000|Invoice 102164|2026-04-09 17:02:37.997|#
2982|5610|2026-01-18 00:00:00.000|-405.23000000000000000000|Invoice 102164|2026-04-09 17:02:37.997|#
2983|2310|2026-01-18 00:00:00.000|2026.13000000000000000000|Invoice 102164|2026-04-09 17:02:38.000|#
2984|2910|2026-01-18 00:00:00.000|2026.13000000000000000000|Invoice 102164|2026-04-09 17:02:38.017|#
2985|2310|2026-01-18 00:00:00.000|-2026.13000000000000000000|Invoice 102164|2026-04-09 17:02:38.017|#
2986|2110|2026-01-18 00:00:00.000|-3039.60000000000000000000|Direct Cost 10000 on 01/18/26|2026-04-09 17:02:38.193|#
2987|7190|2026-01-18 00:00:00.000|3039.60000000000000000000|Direct Cost 10000 on 01/18/26|2026-04-09 17:02:38.193|#
2988|2110|2026-01-18 00:00:00.000|-192.20000000000000000000|Direct Cost 10000 on 01/18/26|2026-04-09 17:02:38.197|#
2989|7190|2026-01-18 00:00:00.000|192.20000000000000000000|Direct Cost 10000 on 01/18/26|2026-04-09 17:02:38.200|#
2990|2110|2026-01-18 00:00:00.000|-2828.80000000000000000000|Direct Cost 10000 on 01/18/26|2026-04-09 17:02:38.203|#
2991|7190|2026-01-18 00:00:00.000|2828.80000000000000000000|Direct Cost 10000 on 01/18/26|2026-04-09 17:02:38.207|#
2992|6110|2026-01-18 00:00:00.000|-7769.80000000000000000000|Invoice 102165|2026-04-09 17:02:38.210|#
2993|5610|2026-01-18 00:00:00.000|-1942.45000000000000000000|Invoice 102165|2026-04-09 17:02:38.210|#
2994|2310|2026-01-18 00:00:00.000|9712.25000000000000000000|Invoice 102165|2026-04-09 17:02:38.217|#
2995|2910|2026-01-18 00:00:00.000|9712.25000000000000000000|Invoice 102165|2026-04-09 17:02:38.230|#
2996|2310|2026-01-18 00:00:00.000|-9712.25000000000000000000|Invoice 102165|2026-04-09 17:02:38.230|#
2997|2110|2026-01-20 00:00:00.000|-1317.00000000000000000000|Direct Cost 50000 on 01/20/26|2026-04-09 17:02:38.380|#
2998|7190|2026-01-20 00:00:00.000|1317.00000000000000000000|Direct Cost 50000 on 01/20/26|2026-04-09 17:02:38.383|#
2999|6110|2026-01-20 00:00:00.000|-1688.40000000000000000000|Invoice 102166|2026-04-09 17:02:38.387|#
3000|5610|2026-01-20 00:00:00.000|-422.10000000000000000000|Invoice 102166|2026-04-09 17:02:38.387|#
3001|2310|2026-01-20 00:00:00.000|2110.50000000000000000000|Invoice 102166|2026-04-09 17:02:38.390|#
3002|2910|2026-01-20 00:00:00.000|2110.50000000000000000000|Invoice 102166|2026-04-09 17:02:38.407|#
3003|2310|2026-01-20 00:00:00.000|-2110.50000000000000000000|Invoice 102166|2026-04-09 17:02:38.407|#
3004|2110|2026-01-21 00:00:00.000|-222.40000000000000000000|Direct Cost 30000 on 01/21/26|2026-04-09 17:02:38.507|#
3005|7190|2026-01-21 00:00:00.000|222.40000000000000000000|Direct Cost 30000 on 01/21/26|2026-04-09 17:02:38.510|#
3006|6130|2026-01-21 00:00:00.000|-284.80000000000000000000|Invoice 102167|2026-04-09 17:02:38.513|#
3007|2320|2026-01-21 00:00:00.000|284.80000000000000000000|Invoice 102167|2026-04-09 17:02:38.520|#
3008|2910|2026-01-21 00:00:00.000|284.80000000000000000000|Invoice 102167|2026-04-09 17:02:38.533|#
3009|2320|2026-01-21 00:00:00.000|-284.80000000000000000000|Invoice 102167|2026-04-09 17:02:38.533|#
3010|2110|2026-01-21 00:00:00.000|-480.50000000000000000000|Direct Cost 40000 on 01/21/26|2026-04-09 17:02:38.690|#
3011|7190|2026-01-21 00:00:00.000|480.50000000000000000000|Direct Cost 40000 on 01/21/26|2026-04-09 17:02:38.693|#
3012|2110|2026-01-21 00:00:00.000|-984.00000000000000000000|Direct Cost 40000 on 01/21/26|2026-04-09 17:02:38.697|#
3013|7190|2026-01-21 00:00:00.000|984.00000000000000000000|Direct Cost 40000 on 01/21/26|2026-04-09 17:02:38.697|#
3014|2110|2026-01-21 00:00:00.000|-480.50000000000000000000|Direct Cost 40000 on 01/21/26|2026-04-09 17:02:38.700|#
3015|7190|2026-01-21 00:00:00.000|480.50000000000000000000|Direct Cost 40000 on 01/21/26|2026-04-09 17:02:38.703|#
3016|2110|2026-01-21 00:00:00.000|-96.10000000000000000000|Direct Cost 40000 on 01/21/26|2026-04-09 17:02:38.707|#
3017|7190|2026-01-21 00:00:00.000|96.10000000000000000000|Direct Cost 40000 on 01/21/26|2026-04-09 17:02:38.707|#
3018|6120|2026-01-21 00:00:00.000|-2617.50000000000000000000|Invoice 102168|2026-04-09 17:02:38.710|#
3019|2320|2026-01-21 00:00:00.000|2617.50000000000000000000|Invoice 102168|2026-04-09 17:02:38.723|#
3020|2910|2026-01-21 00:00:00.000|2617.50000000000000000000|Invoice 102168|2026-04-09 17:02:38.757|#
3021|2320|2026-01-21 00:00:00.000|-2617.50000000000000000000|Invoice 102168|2026-04-09 17:02:38.757|#
3022|2110|2026-01-23 00:00:00.000|-390.00000000000000000000|Direct Cost 20000 on 01/23/26|2026-04-09 17:02:38.900|#
3023|7190|2026-01-23 00:00:00.000|390.00000000000000000000|Direct Cost 20000 on 01/23/26|2026-04-09 17:02:38.900|#
3024|6110|2026-01-23 00:00:00.000|-500.40000000000000000000|Invoice 102169|2026-04-09 17:02:38.907|#
3025|5610|2026-01-23 00:00:00.000|-125.10000000000000000000|Invoice 102169|2026-04-09 17:02:38.907|#
3026|2310|2026-01-23 00:00:00.000|625.50000000000000000000|Invoice 102169|2026-04-09 17:02:38.910|#
3027|2110|2026-01-24 00:00:00.000|-2026.40000000000000000000|Direct Cost 30000 on 01/24/26|2026-04-09 17:02:39.067|#
3028|7190|2026-01-24 00:00:00.000|2026.40000000000000000000|Direct Cost 30000 on 01/24/26|2026-04-09 17:02:39.067|#
3029|2110|2026-01-24 00:00:00.000|-877.50000000000000000000|Direct Cost 30000 on 01/24/26|2026-04-09 17:02:39.070|#
3030|7190|2026-01-24 00:00:00.000|877.50000000000000000000|Direct Cost 30000 on 01/24/26|2026-04-09 17:02:39.073|#
3031|2110|2026-01-24 00:00:00.000|-384.40000000000000000000|Direct Cost 30000 on 01/24/26|2026-04-09 17:02:39.077|#
3032|7190|2026-01-24 00:00:00.000|384.40000000000000000000|Direct Cost 30000 on 01/24/26|2026-04-09 17:02:39.080|#
3033|2110|2026-01-24 00:00:00.000|-2121.60000000000000000000|Direct Cost 30000 on 01/24/26|2026-04-09 17:02:39.083|#
3034|7190|2026-01-24 00:00:00.000|2121.60000000000000000000|Direct Cost 30000 on 01/24/26|2026-04-09 17:02:39.083|#
3035|6130|2026-01-24 00:00:00.000|-6936.80000000000000000000|Invoice 102170|2026-04-09 17:02:39.087|#
3036|2320|2026-01-24 00:00:00.000|6936.80000000000000000000|Invoice 102170|2026-04-09 17:02:39.093|#
3037|2110|2026-01-31 00:00:00.000|-984.00000000000000000000|Direct Cost 50000 on 01/31/26|2026-04-09 17:02:39.270|#
3038|7190|2026-01-31 00:00:00.000|984.00000000000000000000|Direct Cost 50000 on 01/31/26|2026-04-09 17:02:39.273|#
3039|2110|2026-01-31 00:00:00.000|-390.00000000000000000000|Direct Cost 50000 on 01/31/26|2026-04-09 17:02:39.277|#
3040|7190|2026-01-31 00:00:00.000|390.00000000000000000000|Direct Cost 50000 on 01/31/26|2026-04-09 17:02:39.277|#
3041|6110|2026-01-31 00:00:00.000|-1761.60000000000000000000|Invoice 102171|2026-04-09 17:02:39.283|#
3042|5610|2026-01-31 00:00:00.000|-440.40000000000000000000|Invoice 102171|2026-04-09 17:02:39.283|#
3043|2310|2026-01-31 00:00:00.000|2202.00000000000000000000|Invoice 102171|2026-04-09 17:02:39.287|#
3044|2110|2026-02-01 00:00:00.000|-97.50000000000000000000|Direct Cost 30000 on 02/01/26|2026-04-09 17:02:39.417|#
3045|7190|2026-02-01 00:00:00.000|97.50000000000000000000|Direct Cost 30000 on 02/01/26|2026-04-09 17:02:39.420|#
3046|2110|2026-02-01 00:00:00.000|-480.50000000000000000000|Direct Cost 30000 on 02/01/26|2026-04-09 17:02:39.423|#
3047|7190|2026-02-01 00:00:00.000|480.50000000000000000000|Direct Cost 30000 on 02/01/26|2026-04-09 17:02:39.427|#
3048|6130|2026-02-01 00:00:00.000|-741.60000000000000000000|Invoice 102172|2026-04-09 17:02:39.430|#
3049|2320|2026-02-01 00:00:00.000|741.60000000000000000000|Invoice 102172|2026-04-09 17:02:39.437|#
3050|2110|2026-02-12 00:00:00.000|-83.40000000000000000000|Direct Cost 20000 on 02/12/26|2026-04-09 17:02:39.547|#
3051|7190|2026-02-12 00:00:00.000|83.40000000000000000000|Direct Cost 20000 on 02/12/26|2026-04-09 17:02:39.550|#
3052|6110|2026-02-12 00:00:00.000|-106.80000000000000000000|Invoice 102173|2026-04-09 17:02:39.553|#
3053|5610|2026-02-12 00:00:00.000|-26.70000000000000000000|Invoice 102173|2026-04-09 17:02:39.553|#
3054|2310|2026-02-12 00:00:00.000|133.50000000000000000000|Invoice 102173|2026-04-09 17:02:39.560|#
3055|2910|2026-02-12 00:00:00.000|133.50000000000000000000|Invoice 102173|2026-04-09 17:02:39.577|#
3056|2310|2026-02-12 00:00:00.000|-133.50000000000000000000|Invoice 102173|2026-04-09 17:02:39.577|#
3057|2110|2026-02-12 00:00:00.000|-390.00000000000000000000|Direct Cost 10000 on 02/12/26|2026-04-09 17:02:39.677|#
3058|7190|2026-02-12 00:00:00.000|390.00000000000000000000|Direct Cost 10000 on 02/12/26|2026-04-09 17:02:39.680|#
3059|6110|2026-02-12 00:00:00.000|-500.40000000000000000000|Invoice 102174|2026-04-09 17:02:39.683|#
3060|5610|2026-02-12 00:00:00.000|-125.10000000000000000000|Invoice 102174|2026-04-09 17:02:39.683|#
3061|2310|2026-02-12 00:00:00.000|625.50000000000000000000|Invoice 102174|2026-04-09 17:02:39.690|#
3062|2910|2026-02-12 00:00:00.000|625.50000000000000000000|Invoice 102174|2026-04-09 17:02:39.703|#
3063|2310|2026-02-12 00:00:00.000|-625.50000000000000000000|Invoice 102174|2026-04-09 17:02:39.703|#
3064|2110|2026-02-14 00:00:00.000|-195.00000000000000000000|Direct Cost 30000 on 02/14/26|2026-04-09 17:02:39.787|#
3065|7190|2026-02-14 00:00:00.000|195.00000000000000000000|Direct Cost 30000 on 02/14/26|2026-04-09 17:02:39.793|#
3066|6130|2026-02-14 00:00:00.000|-250.20000000000000000000|Invoice 102175|2026-04-09 17:02:39.797|#
3067|2320|2026-02-14 00:00:00.000|250.20000000000000000000|Invoice 102175|2026-04-09 17:02:39.800|#
3068|2910|2026-02-14 00:00:00.000|250.20000000000000000000|Invoice 102175|2026-04-09 17:02:39.817|#
3069|2320|2026-02-14 00:00:00.000|-250.20000000000000000000|Invoice 102175|2026-04-09 17:02:39.817|#
3070|2110|2026-02-15 00:00:00.000|-195.00000000000000000000|Direct Cost 40000 on 02/15/26|2026-04-09 17:02:39.897|#
3071|7190|2026-02-15 00:00:00.000|195.00000000000000000000|Direct Cost 40000 on 02/15/26|2026-04-09 17:02:39.897|#
3072|6120|2026-02-15 00:00:00.000|-250.20000000000000000000|Invoice 102176|2026-04-09 17:02:39.903|#
3073|2320|2026-02-15 00:00:00.000|250.20000000000000000000|Invoice 102176|2026-04-09 17:02:39.907|#
3074|2910|2026-02-15 00:00:00.000|250.20000000000000000000|Invoice 102176|2026-04-09 17:02:39.923|#
3075|2320|2026-02-15 00:00:00.000|-250.20000000000000000000|Invoice 102176|2026-04-09 17:02:39.923|#
3076|2110|2026-02-16 00:00:00.000|-585.00000000000000000000|Direct Cost 20000 on 02/16/26|2026-04-09 17:02:40.083|#
3077|7190|2026-02-16 00:00:00.000|585.00000000000000000000|Direct Cost 20000 on 02/16/26|2026-04-09 17:02:40.087|#
3078|2110|2026-02-16 00:00:00.000|-487.50000000000000000000|Direct Cost 20000 on 02/16/26|2026-04-09 17:02:40.087|#
3079|7190|2026-02-16 00:00:00.000|487.50000000000000000000|Direct Cost 20000 on 02/16/26|2026-04-09 17:02:40.090|#
3080|2110|2026-02-16 00:00:00.000|-288.30000000000000000000|Direct Cost 20000 on 02/16/26|2026-04-09 17:02:40.093|#
3081|7190|2026-02-16 00:00:00.000|288.30000000000000000000|Direct Cost 20000 on 02/16/26|2026-04-09 17:02:40.097|#
3082|6110|2026-02-16 00:00:00.000|-1746.00000000000000000000|Invoice 102177|2026-04-09 17:02:40.100|#
3083|5610|2026-02-16 00:00:00.000|-436.50000000000000000000|Invoice 102177|2026-04-09 17:02:40.100|#
3084|2310|2026-02-16 00:00:00.000|2182.50000000000000000000|Invoice 102177|2026-04-09 17:02:40.107|#
3085|2910|2026-02-16 00:00:00.000|2182.50000000000000000000|Invoice 102177|2026-04-09 17:02:40.123|#
3086|2310|2026-02-16 00:00:00.000|-2182.50000000000000000000|Invoice 102177|2026-04-09 17:02:40.123|#
3087|2110|2026-02-16 00:00:00.000|-4052.80000000000000000000|Direct Cost 10000 on 02/16/26|2026-04-09 17:02:40.300|#
3088|7190|2026-02-16 00:00:00.000|4052.80000000000000000000|Direct Cost 10000 on 02/16/26|2026-04-09 17:02:40.303|#
3089|2110|2026-02-16 00:00:00.000|-192.20000000000000000000|Direct Cost 10000 on 02/16/26|2026-04-09 17:02:40.307|#
3090|7190|2026-02-16 00:00:00.000|192.20000000000000000000|Direct Cost 10000 on 02/16/26|2026-04-09 17:02:40.310|#
3091|2110|2026-02-16 00:00:00.000|-4243.20000000000000000000|Direct Cost 10000 on 02/16/26|2026-04-09 17:02:40.313|#
3092|7190|2026-02-16 00:00:00.000|4243.20000000000000000000|Direct Cost 10000 on 02/16/26|2026-04-09 17:02:40.317|#
3093|6110|2026-02-16 00:00:00.000|-10882.00000000000000000000|Invoice 102178|2026-04-09 17:02:40.337|#
3094|5610|2026-02-16 00:00:00.000|-2720.50000000000000000000|Invoice 102178|2026-04-09 17:02:40.337|#
3095|2310|2026-02-16 00:00:00.000|13602.50000000000000000000|Invoice 102178|2026-04-09 17:02:40.340|#
3096|2910|2026-02-16 00:00:00.000|13602.50000000000000000000|Invoice 102178|2026-04-09 17:02:40.357|#
3097|2310|2026-02-16 00:00:00.000|-13602.50000000000000000000|Invoice 102178|2026-04-09 17:02:40.357|#
3098|2110|2026-02-17 00:00:00.000|-2195.00000000000000000000|Direct Cost 50000 on 02/17/26|2026-04-09 17:02:40.500|#
3099|7190|2026-02-17 00:00:00.000|2195.00000000000000000000|Direct Cost 50000 on 02/17/26|2026-04-09 17:02:40.503|#
3100|2110|2026-02-17 00:00:00.000|-192.20000000000000000000|Direct Cost 50000 on 02/17/26|2026-04-09 17:02:40.507|#
3101|7190|2026-02-17 00:00:00.000|192.20000000000000000000|Direct Cost 50000 on 02/17/26|2026-04-09 17:02:40.507|#
3102|6110|2026-02-17 00:00:00.000|-3060.60000000000000000000|Invoice 102179|2026-04-09 17:02:40.513|#
3103|5610|2026-02-17 00:00:00.000|-765.15000000000000000000|Invoice 102179|2026-04-09 17:02:40.513|#
3104|2310|2026-02-17 00:00:00.000|3825.75000000000000000000|Invoice 102179|2026-04-09 17:02:40.517|#
3105|2910|2026-02-17 00:00:00.000|3825.75000000000000000000|Invoice 102179|2026-04-09 17:02:40.533|#
3106|2310|2026-02-17 00:00:00.000|-3825.75000000000000000000|Invoice 102179|2026-04-09 17:02:40.533|#
3107|2110|2026-02-19 00:00:00.000|-576.60000000000000000000|Direct Cost 40000 on 02/19/26|2026-04-09 17:02:40.703|#
3108|7190|2026-02-19 00:00:00.000|576.60000000000000000000|Direct Cost 40000 on 02/19/26|2026-04-09 17:02:40.707|#
3109|2110|2026-02-19 00:00:00.000|-984.00000000000000000000|Direct Cost 40000 on 02/19/26|2026-04-09 17:02:40.710|#
3110|7190|2026-02-19 00:00:00.000|984.00000000000000000000|Direct Cost 40000 on 02/19/26|2026-04-09 17:02:40.713|#
3111|2110|2026-02-19 00:00:00.000|-384.40000000000000000000|Direct Cost 40000 on 02/19/26|2026-04-09 17:02:40.717|#
3112|7190|2026-02-19 00:00:00.000|384.40000000000000000000|Direct Cost 40000 on 02/19/26|2026-04-09 17:02:40.720|#
3113|2110|2026-02-19 00:00:00.000|-96.10000000000000000000|Direct Cost 40000 on 02/19/26|2026-04-09 17:02:40.723|#
3114|7190|2026-02-19 00:00:00.000|96.10000000000000000000|Direct Cost 40000 on 02/19/26|2026-04-09 17:02:40.727|#
3115|6120|2026-02-19 00:00:00.000|-2617.50000000000000000000|Invoice 102180|2026-04-09 17:02:40.730|#
3116|2320|2026-02-19 00:00:00.000|2617.50000000000000000000|Invoice 102180|2026-04-09 17:02:40.737|#
3117|2110|2026-02-20 00:00:00.000|-585.00000000000000000000|Direct Cost 20000 on 02/20/26|2026-04-09 17:02:40.887|#
3118|7190|2026-02-20 00:00:00.000|585.00000000000000000000|Direct Cost 20000 on 02/20/26|2026-04-09 17:02:40.890|#
3119|6110|2026-02-20 00:00:00.000|-750.60000000000000000000|Invoice 102181|2026-04-09 17:02:40.897|#
3120|5610|2026-02-20 00:00:00.000|-187.65000000000000000000|Invoice 102181|2026-04-09 17:02:40.897|#
3121|2310|2026-02-20 00:00:00.000|938.25000000000000000000|Invoice 102181|2026-04-09 17:02:40.903|#
3122|2110|2026-02-20 00:00:00.000|-3546.20000000000000000000|Direct Cost 30000 on 02/20/26|2026-04-09 17:02:41.057|#
3123|7190|2026-02-20 00:00:00.000|3546.20000000000000000000|Direct Cost 30000 on 02/20/26|2026-04-09 17:02:41.060|#
3124|2110|2026-02-20 00:00:00.000|-278.00000000000000000000|Direct Cost 30000 on 02/20/26|2026-04-09 17:02:41.063|#
3125|7190|2026-02-20 00:00:00.000|278.00000000000000000000|Direct Cost 30000 on 02/20/26|2026-04-09 17:02:41.067|#
3126|2110|2026-02-20 00:00:00.000|-1072.50000000000000000000|Direct Cost 30000 on 02/20/26|2026-04-09 17:02:41.070|#
3127|7190|2026-02-20 00:00:00.000|1072.50000000000000000000|Direct Cost 30000 on 02/20/26|2026-04-09 17:02:41.073|#
3128|2110|2026-02-20 00:00:00.000|-2828.80000000000000000000|Direct Cost 30000 on 02/20/26|2026-04-09 17:02:41.077|#
3129|7190|2026-02-20 00:00:00.000|2828.80000000000000000000|Direct Cost 30000 on 02/20/26|2026-04-09 17:02:41.077|#
3130|6130|2026-02-20 00:00:00.000|-9904.70000000000000000000|Invoice 102182|2026-04-09 17:02:41.080|#
3131|2320|2026-02-20 00:00:00.000|9904.70000000000000000000|Invoice 102182|2026-04-09 17:02:41.087|#
3132|2110|2026-02-28 00:00:00.000|-195.00000000000000000000|Direct Cost 30000 on 02/28/26|2026-04-09 17:02:41.277|#
3133|7190|2026-02-28 00:00:00.000|195.00000000000000000000|Direct Cost 30000 on 02/28/26|2026-04-09 17:02:41.280|#
3134|2110|2026-02-28 00:00:00.000|-480.50000000000000000000|Direct Cost 30000 on 02/28/26|2026-04-09 17:02:41.283|#
3135|7190|2026-02-28 00:00:00.000|480.50000000000000000000|Direct Cost 30000 on 02/28/26|2026-04-09 17:02:41.283|#
3136|2110|2026-02-28 00:00:00.000|-672.70000000000000000000|Direct Cost 30000 on 02/28/26|2026-04-09 17:02:41.287|#
3137|7190|2026-02-28 00:00:00.000|672.70000000000000000000|Direct Cost 30000 on 02/28/26|2026-04-09 17:02:41.290|#
3138|6130|2026-02-28 00:00:00.000|-1729.80000000000000000000|Invoice 102183|2026-04-09 17:02:41.293|#
3139|2320|2026-02-28 00:00:00.000|1729.80000000000000000000|Invoice 102183|2026-04-09 17:02:41.297|#
3140|2110|2026-02-28 00:00:00.000|-984.00000000000000000000|Direct Cost 50000 on 02/28/26|2026-04-09 17:02:41.447|#
3141|7190|2026-02-28 00:00:00.000|984.00000000000000000000|Direct Cost 50000 on 02/28/26|2026-04-09 17:02:41.450|#
3142|2110|2026-02-28 00:00:00.000|-390.00000000000000000000|Direct Cost 50000 on 02/28/26|2026-04-09 17:02:41.453|#
3143|7190|2026-02-28 00:00:00.000|390.00000000000000000000|Direct Cost 50000 on 02/28/26|2026-04-09 17:02:41.457|#
3144|6110|2026-02-28 00:00:00.000|-1761.60000000000000000000|Invoice 102184|2026-04-09 17:02:41.460|#
3145|5610|2026-02-28 00:00:00.000|-440.40000000000000000000|Invoice 102184|2026-04-09 17:02:41.460|#
3146|2310|2026-02-28 00:00:00.000|2202.00000000000000000000|Invoice 102184|2026-04-09 17:02:41.467|#
3147|2110|2026-03-12 00:00:00.000|-111.20000000000000000000|Direct Cost 20000 on 03/12/26|2026-04-09 17:02:41.573|#
3148|7190|2026-03-12 00:00:00.000|111.20000000000000000000|Direct Cost 20000 on 03/12/26|2026-04-09 17:02:41.577|#
3149|6110|2026-03-12 00:00:00.000|-142.40000000000000000000|Invoice 102185|2026-04-09 17:02:41.583|#
3150|5610|2026-03-12 00:00:00.000|-35.60000000000000000000|Invoice 102185|2026-04-09 17:02:41.583|#
3151|2310|2026-03-12 00:00:00.000|178.00000000000000000000|Invoice 102185|2026-04-09 17:02:41.590|#
3152|2910|2026-03-12 00:00:00.000|178.00000000000000000000|Invoice 102185|2026-04-09 17:02:41.607|#
3153|2310|2026-03-12 00:00:00.000|-178.00000000000000000000|Invoice 102185|2026-04-09 17:02:41.607|#
3154|2110|2026-03-13 00:00:00.000|-487.50000000000000000000|Direct Cost 10000 on 03/13/26|2026-04-09 17:02:41.703|#
3155|7190|2026-03-13 00:00:00.000|487.50000000000000000000|Direct Cost 10000 on 03/13/26|2026-04-09 17:02:41.707|#
3156|6110|2026-03-13 00:00:00.000|-625.50000000000000000000|Invoice 102186|2026-04-09 17:02:41.710|#
3157|5610|2026-03-13 00:00:00.000|-156.38000000000000000000|Invoice 102186|2026-04-09 17:02:41.710|#
3158|2310|2026-03-13 00:00:00.000|781.88000000000000000000|Invoice 102186|2026-04-09 17:02:41.717|#
3159|2910|2026-03-13 00:00:00.000|781.88000000000000000000|Invoice 102186|2026-04-09 17:02:41.733|#
3160|2310|2026-03-13 00:00:00.000|-781.88000000000000000000|Invoice 102186|2026-04-09 17:02:41.733|#
3161|2110|2026-03-14 00:00:00.000|-195.00000000000000000000|Direct Cost 30000 on 03/14/26|2026-04-09 17:02:41.817|#
3162|7190|2026-03-14 00:00:00.000|195.00000000000000000000|Direct Cost 30000 on 03/14/26|2026-04-09 17:02:41.817|#
3163|6130|2026-03-14 00:00:00.000|-250.20000000000000000000|Invoice 102187|2026-04-09 17:02:41.823|#
3164|2320|2026-03-14 00:00:00.000|250.20000000000000000000|Invoice 102187|2026-04-09 17:02:41.827|#
3165|2910|2026-03-14 00:00:00.000|250.20000000000000000000|Invoice 102187|2026-04-09 17:02:41.847|#
3166|2320|2026-03-14 00:00:00.000|-250.20000000000000000000|Invoice 102187|2026-04-09 17:02:41.847|#
3167|2110|2026-03-15 00:00:00.000|-192.20000000000000000000|Direct Cost 50000 on 03/15/26|2026-04-09 17:02:41.930|#
3168|7190|2026-03-15 00:00:00.000|192.20000000000000000000|Direct Cost 50000 on 03/15/26|2026-04-09 17:02:41.933|#
3169|6110|2026-03-15 00:00:00.000|-246.60000000000000000000|Invoice 102188|2026-04-09 17:02:41.937|#
3170|5610|2026-03-15 00:00:00.000|-61.65000000000000000000|Invoice 102188|2026-04-09 17:02:41.937|#
3171|2310|2026-03-15 00:00:00.000|308.25000000000000000000|Invoice 102188|2026-04-09 17:02:41.943|#
3172|2910|2026-03-15 00:00:00.000|308.25000000000000000000|Invoice 102188|2026-04-09 17:02:41.960|#
3173|2310|2026-03-15 00:00:00.000|-308.25000000000000000000|Invoice 102188|2026-04-09 17:02:41.960|#
3174|2110|2026-03-16 00:00:00.000|-195.00000000000000000000|Direct Cost 40000 on 03/16/26|2026-04-09 17:02:42.050|#
3175|7190|2026-03-16 00:00:00.000|195.00000000000000000000|Direct Cost 40000 on 03/16/26|2026-04-09 17:02:42.053|#
3176|6120|2026-03-16 00:00:00.000|-250.20000000000000000000|Invoice 102189|2026-04-09 17:02:42.060|#
3177|2320|2026-03-16 00:00:00.000|250.20000000000000000000|Invoice 102189|2026-04-09 17:02:42.067|#
3178|2910|2026-03-16 00:00:00.000|250.20000000000000000000|Invoice 102189|2026-04-09 17:02:42.087|#
3179|2320|2026-03-16 00:00:00.000|-250.20000000000000000000|Invoice 102189|2026-04-09 17:02:42.087|#
3180|2110|2026-03-17 00:00:00.000|-487.50000000000000000000|Direct Cost 20000 on 03/17/26|2026-04-09 17:02:42.233|#
3181|7190|2026-03-17 00:00:00.000|487.50000000000000000000|Direct Cost 20000 on 03/17/26|2026-04-09 17:02:42.237|#
3182|2110|2026-03-17 00:00:00.000|-682.50000000000000000000|Direct Cost 20000 on 03/17/26|2026-04-09 17:02:42.240|#
3183|7190|2026-03-17 00:00:00.000|682.50000000000000000000|Direct Cost 20000 on 03/17/26|2026-04-09 17:02:42.240|#
3184|2110|2026-03-17 00:00:00.000|-384.40000000000000000000|Direct Cost 20000 on 03/17/26|2026-04-09 17:02:42.247|#
3185|7190|2026-03-17 00:00:00.000|384.40000000000000000000|Direct Cost 20000 on 03/17/26|2026-04-09 17:02:42.250|#
3186|6110|2026-03-17 00:00:00.000|-1994.40000000000000000000|Invoice 102190|2026-04-09 17:02:42.253|#
3187|5610|2026-03-17 00:00:00.000|-498.60000000000000000000|Invoice 102190|2026-04-09 17:02:42.253|#
3188|2310|2026-03-17 00:00:00.000|2493.00000000000000000000|Invoice 102190|2026-04-09 17:02:42.257|#
3189|2910|2026-03-17 00:00:00.000|2493.00000000000000000000|Invoice 102190|2026-04-09 17:02:42.273|#
3190|2310|2026-03-17 00:00:00.000|-2493.00000000000000000000|Invoice 102190|2026-04-09 17:02:42.273|#
3191|2110|2026-03-17 00:00:00.000|-5066.00000000000000000000|Direct Cost 10000 on 03/17/26|2026-04-09 17:02:42.453|#
3192|7190|2026-03-17 00:00:00.000|5066.00000000000000000000|Direct Cost 10000 on 03/17/26|2026-04-09 17:02:42.457|#
3193|2110|2026-03-17 00:00:00.000|-288.30000000000000000000|Direct Cost 10000 on 03/17/26|2026-04-09 17:02:42.460|#
3194|7190|2026-03-17 00:00:00.000|288.30000000000000000000|Direct Cost 10000 on 03/17/26|2026-04-09 17:02:42.463|#
3195|2110|2026-03-17 00:00:00.000|-4950.40000000000000000000|Direct Cost 10000 on 03/17/26|2026-04-09 17:02:42.467|#
3196|7190|2026-03-17 00:00:00.000|4950.40000000000000000000|Direct Cost 10000 on 03/17/26|2026-04-09 17:02:42.467|#
3197|6110|2026-03-17 00:00:00.000|-13210.80000000000000000000|Invoice 102191|2026-04-09 17:02:42.473|#
3198|5610|2026-03-17 00:00:00.000|-3302.70000000000000000000|Invoice 102191|2026-04-09 17:02:42.473|#
3199|2310|2026-03-17 00:00:00.000|16513.50000000000000000000|Invoice 102191|2026-04-09 17:02:42.477|#
3200|2910|2026-03-17 00:00:00.000|16513.50000000000000000000|Invoice 102191|2026-04-09 17:02:42.493|#
3201|2310|2026-03-17 00:00:00.000|-16513.50000000000000000000|Invoice 102191|2026-04-09 17:02:42.493|#
3202|2110|2026-03-19 00:00:00.000|-2195.00000000000000000000|Direct Cost 50000 on 03/19/26|2026-04-09 17:02:42.650|#
3203|7190|2026-03-19 00:00:00.000|2195.00000000000000000000|Direct Cost 50000 on 03/19/26|2026-04-09 17:02:42.653|#
3204|6110|2026-03-19 00:00:00.000|-2814.00000000000000000000|Invoice 102192|2026-04-09 17:02:42.657|#
3205|5610|2026-03-19 00:00:00.000|-703.50000000000000000000|Invoice 102192|2026-04-09 17:02:42.657|#
3206|2310|2026-03-19 00:00:00.000|3517.50000000000000000000|Invoice 102192|2026-04-09 17:02:42.667|#
3207|2910|2026-03-19 00:00:00.000|3517.50000000000000000000|Invoice 102192|2026-04-09 17:02:42.683|#
3208|2310|2026-03-19 00:00:00.000|-3517.50000000000000000000|Invoice 102192|2026-04-09 17:02:42.683|#
3209|2110|2026-03-20 00:00:00.000|-333.60000000000000000000|Direct Cost 30000 on 03/20/26|2026-04-09 17:02:42.773|#
3210|7190|2026-03-20 00:00:00.000|333.60000000000000000000|Direct Cost 30000 on 03/20/26|2026-04-09 17:02:42.777|#
3211|6130|2026-03-20 00:00:00.000|-427.20000000000000000000|Invoice 102193|2026-04-09 17:02:42.780|#
3212|2320|2026-03-20 00:00:00.000|427.20000000000000000000|Invoice 102193|2026-04-09 17:02:42.787|#
3213|2910|2026-03-20 00:00:00.000|427.20000000000000000000|Invoice 102193|2026-04-09 17:02:42.800|#
3214|2320|2026-03-20 00:00:00.000|-427.20000000000000000000|Invoice 102193|2026-04-09 17:02:42.800|#
3215|2110|2026-03-20 00:00:00.000|-672.70000000000000000000|Direct Cost 40000 on 03/20/26|2026-04-09 17:02:42.953|#
3216|7190|2026-03-20 00:00:00.000|672.70000000000000000000|Direct Cost 40000 on 03/20/26|2026-04-09 17:02:42.957|#
3217|2110|2026-03-20 00:00:00.000|-984.00000000000000000000|Direct Cost 40000 on 03/20/26|2026-04-09 17:02:42.960|#
3218|7190|2026-03-20 00:00:00.000|984.00000000000000000000|Direct Cost 40000 on 03/20/26|2026-04-09 17:02:42.963|#
3219|2110|2026-03-20 00:00:00.000|-576.60000000000000000000|Direct Cost 40000 on 03/20/26|2026-04-09 17:02:42.967|#
3220|7190|2026-03-20 00:00:00.000|576.60000000000000000000|Direct Cost 40000 on 03/20/26|2026-04-09 17:02:42.967|#
3221|2110|2026-03-20 00:00:00.000|-96.10000000000000000000|Direct Cost 40000 on 03/20/26|2026-04-09 17:02:42.973|#
3222|7190|2026-03-20 00:00:00.000|96.10000000000000000000|Direct Cost 40000 on 03/20/26|2026-04-09 17:02:42.973|#
3223|6120|2026-03-20 00:00:00.000|-2987.40000000000000000000|Invoice 102194|2026-04-09 17:02:42.980|#
3224|2320|2026-03-20 00:00:00.000|2987.40000000000000000000|Invoice 102194|2026-04-09 17:02:42.983|#
3225|2910|2026-03-20 00:00:00.000|2987.40000000000000000000|Invoice 102194|2026-04-09 17:02:43.000|#
3226|2320|2026-03-20 00:00:00.000|-2987.40000000000000000000|Invoice 102194|2026-04-09 17:02:43.000|#
3227|2110|2026-03-22 00:00:00.000|-487.50000000000000000000|Direct Cost 20000 on 03/22/26|2026-04-09 17:02:43.137|#
3228|7190|2026-03-22 00:00:00.000|487.50000000000000000000|Direct Cost 20000 on 03/22/26|2026-04-09 17:02:43.137|#
3229|6110|2026-03-22 00:00:00.000|-625.50000000000000000000|Invoice 102195|2026-04-09 17:02:43.143|#
3230|5610|2026-03-22 00:00:00.000|-156.38000000000000000000|Invoice 102195|2026-04-09 17:02:43.143|#
3231|2310|2026-03-22 00:00:00.000|781.88000000000000000000|Invoice 102195|2026-04-09 17:02:43.147|#
3232|2110|2026-03-23 00:00:00.000|-4052.80000000000000000000|Direct Cost 30000 on 03/23/26|2026-04-09 17:02:43.293|#
3233|7190|2026-03-23 00:00:00.000|4052.80000000000000000000|Direct Cost 30000 on 03/23/26|2026-04-09 17:02:43.297|#
3234|2110|2026-03-23 00:00:00.000|-1267.50000000000000000000|Direct Cost 30000 on 03/23/26|2026-04-09 17:02:43.300|#
3235|7190|2026-03-23 00:00:00.000|1267.50000000000000000000|Direct Cost 30000 on 03/23/26|2026-04-09 17:02:43.303|#
3236|2110|2026-03-23 00:00:00.000|-576.60000000000000000000|Direct Cost 30000 on 03/23/26|2026-04-09 17:02:43.307|#
3237|7190|2026-03-23 00:00:00.000|576.60000000000000000000|Direct Cost 30000 on 03/23/26|2026-04-09 17:02:43.307|#
3238|2110|2026-03-23 00:00:00.000|-3536.00000000000000000000|Direct Cost 30000 on 03/23/26|2026-04-09 17:02:43.310|#
3239|7190|2026-03-23 00:00:00.000|3536.00000000000000000000|Direct Cost 30000 on 03/23/26|2026-04-09 17:02:43.313|#
3240|6130|2026-03-23 00:00:00.000|-12094.80000000000000000000|Invoice 102196|2026-04-09 17:02:43.317|#
3241|2320|2026-03-23 00:00:00.000|12094.80000000000000000000|Invoice 102196|2026-04-09 17:02:43.320|#
3242|2110|2026-03-31 00:00:00.000|-984.00000000000000000000|Direct Cost 50000 on 03/31/26|2026-04-09 17:02:43.487|#
3243|7190|2026-03-31 00:00:00.000|984.00000000000000000000|Direct Cost 50000 on 03/31/26|2026-04-09 17:02:43.487|#
3244|2110|2026-03-31 00:00:00.000|-487.50000000000000000000|Direct Cost 50000 on 03/31/26|2026-04-09 17:02:43.490|#
3245|7190|2026-03-31 00:00:00.000|487.50000000000000000000|Direct Cost 50000 on 03/31/26|2026-04-09 17:02:43.493|#
3246|6110|2026-03-31 00:00:00.000|-1886.70000000000000000000|Invoice 102197|2026-04-09 17:02:43.500|#
3247|5610|2026-03-31 00:00:00.000|-471.68000000000000000000|Invoice 102197|2026-04-09 17:02:43.500|#
3248|2310|2026-03-31 00:00:00.000|2358.38000000000000000000|Invoice 102197|2026-04-09 17:02:43.503|#
3249|2110|2026-04-01 00:00:00.000|-195.00000000000000000000|Direct Cost 30000 on 04/01/26|2026-04-09 17:02:43.637|#
3250|7190|2026-04-01 00:00:00.000|195.00000000000000000000|Direct Cost 30000 on 04/01/26|2026-04-09 17:02:43.640|#
3251|2110|2026-04-01 00:00:00.000|-768.80000000000000000000|Direct Cost 30000 on 04/01/26|2026-04-09 17:02:43.643|#
3252|7190|2026-04-01 00:00:00.000|768.80000000000000000000|Direct Cost 30000 on 04/01/26|2026-04-09 17:02:43.647|#
3253|6130|2026-04-01 00:00:00.000|-1236.60000000000000000000|Invoice 102198|2026-04-09 17:02:43.650|#
3254|2320|2026-04-01 00:00:00.000|1236.60000000000000000000|Invoice 102198|2026-04-09 17:02:43.660|#
3255|6110|2026-01-27 00:00:00.000|-1109.00000000000000000000|Invoice 102206|2026-04-09 17:02:43.750|#
3256|5610|2026-01-27 00:00:00.000|-277.25000000000000000000|Invoice 102206|2026-04-09 17:02:43.750|#
3257|2310|2026-01-27 00:00:00.000|1386.25000000000000000000|Invoice 102206|2026-04-09 17:02:43.760|#
3258|6110|2026-01-17 00:00:00.000|-910.20000000000000000000|Invoice 102207|2026-04-09 17:02:43.833|#
3259|5610|2026-01-17 00:00:00.000|-227.55000000000000000000|Invoice 102207|2026-04-09 17:02:43.833|#
3260|2310|2026-01-17 00:00:00.000|1137.75000000000000000000|Invoice 102207|2026-04-09 17:02:43.840|#
3261|6110|2026-01-18 00:00:00.000|-1668.70000000000000000000|Invoice 102208|2026-04-09 17:02:43.910|#
3262|5610|2026-01-18 00:00:00.000|-417.18000000000000000000|Invoice 102208|2026-04-09 17:02:43.910|#
3263|2310|2026-01-18 00:00:00.000|2085.88000000000000000000|Invoice 102208|2026-04-09 17:02:43.917|#
3264|6110|2026-01-16 00:00:00.000|-163.20000000000000000000|Invoice 102209|2026-04-09 17:02:43.983|#
3265|5610|2026-01-16 00:00:00.000|-40.80000000000000000000|Invoice 102209|2026-04-09 17:02:43.983|#
3266|2310|2026-01-16 00:00:00.000|204.00000000000000000000|Invoice 102209|2026-04-09 17:02:43.990|#
3267|6110|2026-01-15 00:00:00.000|-1876.80000000000000000000|Invoice 102210|2026-04-09 17:02:44.060|#
3268|5610|2026-01-15 00:00:00.000|-469.20000000000000000000|Invoice 102210|2026-04-09 17:02:44.060|#
3269|2310|2026-01-15 00:00:00.000|2346.00000000000000000000|Invoice 102210|2026-04-09 17:02:44.067|#
3270|6110|2026-01-14 00:00:00.000|-151.70000000000000000000|Invoice 102211|2026-04-09 17:02:44.143|#
3271|5610|2026-01-14 00:00:00.000|-37.93000000000000000000|Invoice 102211|2026-04-09 17:02:44.143|#
3272|2310|2026-01-14 00:00:00.000|189.63000000000000000000|Invoice 102211|2026-04-09 17:02:44.150|#
3273|6110|2026-03-17 00:00:00.000|-443.60000000000000000000|Invoice 102212|2026-04-09 17:02:44.220|#
3274|5610|2026-03-17 00:00:00.000|-110.90000000000000000000|Invoice 102212|2026-04-09 17:02:44.220|#
3275|2310|2026-03-17 00:00:00.000|554.50000000000000000000|Invoice 102212|2026-04-09 17:02:44.227|#
3276|6110|2026-01-13 00:00:00.000|-3034.00000000000000000000|Invoice 102213|2026-04-09 17:02:44.307|#
3277|5610|2026-01-13 00:00:00.000|-758.50000000000000000000|Invoice 102213|2026-04-09 17:02:44.307|#
3278|2310|2026-01-13 00:00:00.000|3792.50000000000000000000|Invoice 102213|2026-04-09 17:02:44.317|#
3279|6110|2026-01-17 00:00:00.000|-606.80000000000000000000|Invoice 102214|2026-04-09 17:02:44.387|#
3280|5610|2026-01-17 00:00:00.000|-151.70000000000000000000|Invoice 102214|2026-04-09 17:02:44.387|#
3281|2310|2026-01-17 00:00:00.000|758.50000000000000000000|Invoice 102214|2026-04-09 17:02:44.397|#
3282|6110|2026-01-14 00:00:00.000|-816.00000000000000000000|Invoice 102215|2026-04-09 17:02:44.467|#
3283|5610|2026-01-14 00:00:00.000|-204.00000000000000000000|Invoice 102215|2026-04-09 17:02:44.467|#
3284|2310|2026-01-14 00:00:00.000|1020.00000000000000000000|Invoice 102215|2026-04-09 17:02:44.473|#
3285|6110|2026-01-17 00:00:00.000|-1142.40000000000000000000|Invoice 102216|2026-04-09 17:02:44.547|#
3286|5610|2026-01-17 00:00:00.000|-285.60000000000000000000|Invoice 102216|2026-04-09 17:02:44.547|#
3287|2310|2026-01-17 00:00:00.000|1428.00000000000000000000|Invoice 102216|2026-04-09 17:02:44.553|#
3288|6110|2026-01-29 00:00:00.000|-303.40000000000000000000|Invoice 102217|2026-04-09 17:02:44.630|#
3289|5610|2026-01-29 00:00:00.000|-75.85000000000000000000|Invoice 102217|2026-04-09 17:02:44.630|#
3290|2310|2026-01-29 00:00:00.000|379.25000000000000000000|Invoice 102217|2026-04-09 17:02:44.637|#
3291|6130|2026-01-15 00:00:00.000|-606.80000000000000000000|Invoice 102218|2026-04-09 17:02:44.710|#
3292|2320|2026-01-15 00:00:00.000|606.80000000000000000000|Invoice 102218|2026-04-09 17:02:44.713|#
3293|6130|2026-01-20 00:00:00.000|-1668.70000000000000000000|Invoice 102219|2026-04-09 17:02:44.793|#
3294|2320|2026-01-20 00:00:00.000|1668.70000000000000000000|Invoice 102219|2026-04-09 17:02:44.800|#
3295|6120|2026-01-24 00:00:00.000|-3034.00000000000000000000|Invoice 102220|2026-04-09 17:02:44.873|#
3296|2320|2026-01-24 00:00:00.000|3034.00000000000000000000|Invoice 102220|2026-04-09 17:02:44.880|#
3297|6120|2026-01-18 00:00:00.000|-303.40000000000000000000|Invoice 102221|2026-04-09 17:02:44.953|#
3298|2320|2026-01-18 00:00:00.000|303.40000000000000000000|Invoice 102221|2026-04-09 17:02:44.960|#
3299|2110|2025-11-01 00:00:00.000|-288.30000000000000000000|Direct Cost 30000 on 11/01/25|2026-04-09 17:02:45.037|#
3300|7190|2025-11-01 00:00:00.000|288.30000000000000000000|Direct Cost 30000 on 11/01/25|2026-04-09 17:02:45.040|#
3301|6130|2025-11-01 00:00:00.000|-369.90000000000000000000|Invoice 102222|2026-04-09 17:02:45.047|#
3302|2320|2025-11-01 00:00:00.000|369.90000000000000000000|Invoice 102222|2026-04-09 17:02:45.050|#
3303|2910|2025-11-01 00:00:00.000|369.90000000000000000000|Invoice 102222|2026-04-09 17:02:45.070|#
3304|2320|2025-11-01 00:00:00.000|-369.90000000000000000000|Invoice 102222|2026-04-09 17:02:45.070|#
3305|2110|2025-11-09 00:00:00.000|-1013.20000000000000000000|Direct Cost 40000 on 11/09/25|2026-04-09 17:02:45.150|#
3306|7190|2025-11-09 00:00:00.000|1013.20000000000000000000|Direct Cost 40000 on 11/09/25|2026-04-09 17:02:45.153|#
3307|6120|2025-11-09 00:00:00.000|-1298.80000000000000000000|Invoice 102223|2026-04-09 17:02:45.157|#
3308|2320|2025-11-09 00:00:00.000|1298.80000000000000000000|Invoice 102223|2026-04-09 17:02:45.163|#
3309|2910|2025-11-09 00:00:00.000|1298.80000000000000000000|Invoice 102223|2026-04-09 17:02:45.177|#
3310|2320|2025-11-09 00:00:00.000|-1298.80000000000000000000|Invoice 102223|2026-04-09 17:02:45.177|#
3311|2110|2025-11-13 00:00:00.000|-780.00000000000000000000|Direct Cost 40000 on 11/13/25|2026-04-09 17:02:45.250|#
3312|7190|2025-11-13 00:00:00.000|780.00000000000000000000|Direct Cost 40000 on 11/13/25|2026-04-09 17:02:45.253|#
3313|6120|2025-11-13 00:00:00.000|-1000.80000000000000000000|Invoice 102224|2026-04-09 17:02:45.257|#
3314|2320|2025-11-13 00:00:00.000|1000.80000000000000000000|Invoice 102224|2026-04-09 17:02:45.263|#
3315|2910|2025-11-13 00:00:00.000|1000.80000000000000000000|Invoice 102224|2026-04-09 17:02:45.277|#
3316|2320|2025-11-13 00:00:00.000|-1000.80000000000000000000|Invoice 102224|2026-04-09 17:02:45.277|#
3317|2110|2025-11-26 00:00:00.000|-768.80000000000000000000|Direct Cost 30000 on 11/26/25|2026-04-09 17:02:45.363|#
3318|7190|2025-11-26 00:00:00.000|768.80000000000000000000|Direct Cost 30000 on 11/26/25|2026-04-09 17:02:45.367|#
3319|6130|2025-11-26 00:00:00.000|-986.40000000000000000000|Invoice 102225|2026-04-09 17:02:45.370|#
3320|2320|2025-11-26 00:00:00.000|986.40000000000000000000|Invoice 102225|2026-04-09 17:02:45.377|#
3321|2910|2025-11-26 00:00:00.000|986.40000000000000000000|Invoice 102225|2026-04-09 17:02:45.390|#
3322|2320|2025-11-26 00:00:00.000|-986.40000000000000000000|Invoice 102225|2026-04-09 17:02:45.390|#
3323|2110|2025-11-28 00:00:00.000|-975.00000000000000000000|Direct Cost 50000 on 11/28/25|2026-04-09 17:02:45.467|#
3324|7190|2025-11-28 00:00:00.000|975.00000000000000000000|Direct Cost 50000 on 11/28/25|2026-04-09 17:02:45.470|#
3325|6110|2025-11-28 00:00:00.000|-1251.00000000000000000000|Invoice 102226|2026-04-09 17:02:45.477|#
3326|5610|2025-11-28 00:00:00.000|-312.75000000000000000000|Invoice 102226|2026-04-09 17:02:45.477|#
3327|2310|2025-11-28 00:00:00.000|1563.75000000000000000000|Invoice 102226|2026-04-09 17:02:45.480|#
3328|2910|2025-11-28 00:00:00.000|1563.75000000000000000000|Invoice 102226|2026-04-09 17:02:45.497|#
3329|2310|2025-11-28 00:00:00.000|-1563.75000000000000000000|Invoice 102226|2026-04-09 17:02:45.497|#
3330|2110|2025-11-30 00:00:00.000|-585.00000000000000000000|Direct Cost 50000 on 11/30/25|2026-04-09 17:02:45.563|#
3331|7190|2025-11-30 00:00:00.000|585.00000000000000000000|Direct Cost 50000 on 11/30/25|2026-04-09 17:02:45.567|#
3332|6110|2025-11-30 00:00:00.000|-750.60000000000000000000|Invoice 102227|2026-04-09 17:02:45.570|#
3333|5610|2025-11-30 00:00:00.000|-187.65000000000000000000|Invoice 102227|2026-04-09 17:02:45.570|#
3334|2310|2025-11-30 00:00:00.000|938.25000000000000000000|Invoice 102227|2026-04-09 17:02:45.577|#
3335|2910|2025-11-30 00:00:00.000|938.25000000000000000000|Invoice 102227|2026-04-09 17:02:45.590|#
3336|2310|2025-11-30 00:00:00.000|-938.25000000000000000000|Invoice 102227|2026-04-09 17:02:45.590|#
3337|2110|2025-12-01 00:00:00.000|-480.50000000000000000000|Direct Cost 10000 on 12/01/25|2026-04-09 17:02:45.687|#
3338|7190|2025-12-01 00:00:00.000|480.50000000000000000000|Direct Cost 10000 on 12/01/25|2026-04-09 17:02:45.690|#
3339|2110|2025-12-01 00:00:00.000|-390.00000000000000000000|Direct Cost 10000 on 12/01/25|2026-04-09 17:02:45.693|#
3340|7190|2025-12-01 00:00:00.000|390.00000000000000000000|Direct Cost 10000 on 12/01/25|2026-04-09 17:02:45.697|#
3341|6110|2025-12-01 00:00:00.000|-1116.90000000000000000000|Invoice 102228|2026-04-09 17:02:45.700|#
3342|5610|2025-12-01 00:00:00.000|-279.23000000000000000000|Invoice 102228|2026-04-09 17:02:45.700|#
3343|2310|2025-12-01 00:00:00.000|1396.13000000000000000000|Invoice 102228|2026-04-09 17:02:45.707|#
3344|2910|2025-12-01 00:00:00.000|1396.13000000000000000000|Invoice 102228|2026-04-09 17:02:45.723|#
3345|2310|2025-12-01 00:00:00.000|-1396.13000000000000000000|Invoice 102228|2026-04-09 17:02:45.723|#
3346|2110|2025-12-03 00:00:00.000|-390.00000000000000000000|Direct Cost 50000 on 12/03/25|2026-04-09 17:02:45.827|#
3347|7190|2025-12-03 00:00:00.000|390.00000000000000000000|Direct Cost 50000 on 12/03/25|2026-04-09 17:02:45.827|#
3348|6110|2025-12-03 00:00:00.000|-500.40000000000000000000|Invoice 102229|2026-04-09 17:02:45.833|#
3349|5610|2025-12-03 00:00:00.000|-125.10000000000000000000|Invoice 102229|2026-04-09 17:02:45.833|#
3350|2310|2025-12-03 00:00:00.000|625.50000000000000000000|Invoice 102229|2026-04-09 17:02:45.840|#
3351|2910|2025-12-03 00:00:00.000|625.50000000000000000000|Invoice 102229|2026-04-09 17:02:45.857|#
3352|2310|2025-12-03 00:00:00.000|-625.50000000000000000000|Invoice 102229|2026-04-09 17:02:45.857|#
3353|2110|2025-12-04 00:00:00.000|-780.00000000000000000000|Direct Cost 30000 on 12/04/25|2026-04-09 17:02:45.947|#
3354|7190|2025-12-04 00:00:00.000|780.00000000000000000000|Direct Cost 30000 on 12/04/25|2026-04-09 17:02:45.947|#
3355|6130|2025-12-04 00:00:00.000|-1000.80000000000000000000|Invoice 102230|2026-04-09 17:02:45.953|#
3356|2320|2025-12-04 00:00:00.000|1000.80000000000000000000|Invoice 102230|2026-04-09 17:02:45.957|#
3357|2910|2025-12-04 00:00:00.000|1000.80000000000000000000|Invoice 102230|2026-04-09 17:02:45.973|#
3358|2320|2025-12-04 00:00:00.000|-1000.80000000000000000000|Invoice 102230|2026-04-09 17:02:45.973|#
3359|2110|2025-12-04 00:00:00.000|-1640.00000000000000000000|Direct Cost 10000 on 12/04/25|2026-04-09 17:02:46.083|#
3360|7190|2025-12-04 00:00:00.000|1640.00000000000000000000|Direct Cost 10000 on 12/04/25|2026-04-09 17:02:46.087|#
3361|2110|2025-12-04 00:00:00.000|-707.20000000000000000000|Direct Cost 10000 on 12/04/25|2026-04-09 17:02:46.090|#
3362|7190|2025-12-04 00:00:00.000|707.20000000000000000000|Direct Cost 10000 on 12/04/25|2026-04-09 17:02:46.093|#
3363|6110|2025-12-04 00:00:00.000|-3008.70000000000000000000|Invoice 102231|2026-04-09 17:02:46.097|#
3364|5610|2025-12-04 00:00:00.000|-752.18000000000000000000|Invoice 102231|2026-04-09 17:02:46.097|#
3365|2310|2025-12-04 00:00:00.000|3760.88000000000000000000|Invoice 102231|2026-04-09 17:02:46.103|#
3366|2910|2025-12-04 00:00:00.000|3760.88000000000000000000|Invoice 102231|2026-04-09 17:02:46.117|#
3367|2310|2025-12-04 00:00:00.000|-3760.88000000000000000000|Invoice 102231|2026-04-09 17:02:46.117|#
3368|2110|2025-12-06 00:00:00.000|-576.60000000000000000000|Direct Cost 50000 on 12/06/25|2026-04-09 17:02:46.270|#
3369|7190|2025-12-06 00:00:00.000|576.60000000000000000000|Direct Cost 50000 on 12/06/25|2026-04-09 17:02:46.273|#
3370|6110|2025-12-06 00:00:00.000|-739.80000000000000000000|Invoice 102232|2026-04-09 17:02:46.277|#
3371|5610|2025-12-06 00:00:00.000|-184.95000000000000000000|Invoice 102232|2026-04-09 17:02:46.277|#
3372|2310|2025-12-06 00:00:00.000|924.75000000000000000000|Invoice 102232|2026-04-09 17:02:46.283|#
3373|2910|2025-12-06 00:00:00.000|924.75000000000000000000|Invoice 102232|2026-04-09 17:02:46.297|#
3374|2310|2025-12-06 00:00:00.000|-924.75000000000000000000|Invoice 102232|2026-04-09 17:02:46.297|#
3375|2110|2025-12-07 00:00:00.000|-1968.00000000000000000000|Direct Cost 20000 on 12/07/25|2026-04-09 17:02:46.377|#
3376|7190|2025-12-07 00:00:00.000|1968.00000000000000000000|Direct Cost 20000 on 12/07/25|2026-04-09 17:02:46.380|#
3377|6110|2025-12-07 00:00:00.000|-2522.40000000000000000000|Invoice 102233|2026-04-09 17:02:46.383|#
3378|5610|2025-12-07 00:00:00.000|-630.60000000000000000000|Invoice 102233|2026-04-09 17:02:46.383|#
3379|2310|2025-12-07 00:00:00.000|3153.00000000000000000000|Invoice 102233|2026-04-09 17:02:46.390|#
3380|2910|2025-12-07 00:00:00.000|3153.00000000000000000000|Invoice 102233|2026-04-09 17:02:46.403|#
3381|2310|2025-12-07 00:00:00.000|-3153.00000000000000000000|Invoice 102233|2026-04-09 17:02:46.403|#
3382|2110|2025-12-07 00:00:00.000|-195.00000000000000000000|Direct Cost 40000 on 12/07/25|2026-04-09 17:02:46.480|#
3383|7190|2025-12-07 00:00:00.000|195.00000000000000000000|Direct Cost 40000 on 12/07/25|2026-04-09 17:02:46.483|#
3384|6120|2025-12-07 00:00:00.000|-250.20000000000000000000|Invoice 102234|2026-04-09 17:02:46.487|#
3385|2320|2025-12-07 00:00:00.000|250.20000000000000000000|Invoice 102234|2026-04-09 17:02:46.493|#
3386|2910|2025-12-07 00:00:00.000|250.20000000000000000000|Invoice 102234|2026-04-09 17:02:46.507|#
3387|2320|2025-12-07 00:00:00.000|-250.20000000000000000000|Invoice 102234|2026-04-09 17:02:46.507|#
3388|2110|2025-12-10 00:00:00.000|-2026.40000000000000000000|Direct Cost 20000 on 12/10/25|2026-04-09 17:02:46.573|#
3389|7190|2025-12-10 00:00:00.000|2026.40000000000000000000|Direct Cost 20000 on 12/10/25|2026-04-09 17:02:46.577|#
3390|6110|2025-12-10 00:00:00.000|-2597.60000000000000000000|Invoice 102235|2026-04-09 17:02:46.580|#
3391|5610|2025-12-10 00:00:00.000|-649.40000000000000000000|Invoice 102235|2026-04-09 17:02:46.580|#
3392|2310|2025-12-10 00:00:00.000|3247.00000000000000000000|Invoice 102235|2026-04-09 17:02:46.587|#
3393|2910|2025-12-10 00:00:00.000|3247.00000000000000000000|Invoice 102235|2026-04-09 17:02:46.603|#
3394|2310|2025-12-10 00:00:00.000|-3247.00000000000000000000|Invoice 102235|2026-04-09 17:02:46.603|#
3395|2110|2025-12-11 00:00:00.000|-3280.00000000000000000000|Direct Cost 10000 on 12/11/25|2026-04-09 17:02:46.670|#
3396|7190|2025-12-11 00:00:00.000|3280.00000000000000000000|Direct Cost 10000 on 12/11/25|2026-04-09 17:02:46.673|#
3397|6110|2025-12-11 00:00:00.000|-4204.00000000000000000000|Invoice 102236|2026-04-09 17:02:46.680|#
3398|5610|2025-12-11 00:00:00.000|-1051.00000000000000000000|Invoice 102236|2026-04-09 17:02:46.680|#
3399|2310|2025-12-11 00:00:00.000|5255.00000000000000000000|Invoice 102236|2026-04-09 17:02:46.687|#
3400|2910|2025-12-11 00:00:00.000|5255.00000000000000000000|Invoice 102236|2026-04-09 17:02:46.703|#
3401|2310|2025-12-11 00:00:00.000|-5255.00000000000000000000|Invoice 102236|2026-04-09 17:02:46.703|#
3402|2110|2025-12-11 00:00:00.000|-1414.40000000000000000000|Direct Cost 30000 on 12/11/25|2026-04-09 17:02:46.780|#
3403|7190|2025-12-11 00:00:00.000|1414.40000000000000000000|Direct Cost 30000 on 12/11/25|2026-04-09 17:02:46.783|#
3404|6130|2025-12-11 00:00:00.000|-1813.40000000000000000000|Invoice 102237|2026-04-09 17:02:46.787|#
3405|2320|2025-12-11 00:00:00.000|1813.40000000000000000000|Invoice 102237|2026-04-09 17:02:46.790|#
3406|2910|2025-12-11 00:00:00.000|1813.40000000000000000000|Invoice 102237|2026-04-09 17:02:46.807|#
3407|2320|2025-12-11 00:00:00.000|-1813.40000000000000000000|Invoice 102237|2026-04-09 17:02:46.807|#
3408|2110|2025-12-13 00:00:00.000|-4559.40000000000000000000|Direct Cost 10000 on 12/13/25|2026-04-09 17:02:46.887|#
3409|7190|2025-12-13 00:00:00.000|4559.40000000000000000000|Direct Cost 10000 on 12/13/25|2026-04-09 17:02:46.887|#
3410|6110|2025-12-13 00:00:00.000|-5844.60000000000000000000|Invoice 102238|2026-04-09 17:02:46.893|#
3411|5610|2025-12-13 00:00:00.000|-1461.15000000000000000000|Invoice 102238|2026-04-09 17:02:46.893|#
3412|2310|2025-12-13 00:00:00.000|7305.75000000000000000000|Invoice 102238|2026-04-09 17:02:46.897|#
3413|2910|2025-12-13 00:00:00.000|7305.75000000000000000000|Invoice 102238|2026-04-09 17:02:46.913|#
3414|2310|2025-12-13 00:00:00.000|-7305.75000000000000000000|Invoice 102238|2026-04-09 17:02:46.913|#
3415|2110|2025-12-14 00:00:00.000|-384.40000000000000000000|Direct Cost 20000 on 12/14/25|2026-04-09 17:02:46.980|#
3416|7190|2025-12-14 00:00:00.000|384.40000000000000000000|Direct Cost 20000 on 12/14/25|2026-04-09 17:02:46.983|#
3417|6110|2025-12-14 00:00:00.000|-493.20000000000000000000|Invoice 102239|2026-04-09 17:02:46.987|#
3418|5610|2025-12-14 00:00:00.000|-123.30000000000000000000|Invoice 102239|2026-04-09 17:02:46.987|#
3419|2310|2025-12-14 00:00:00.000|616.50000000000000000000|Invoice 102239|2026-04-09 17:02:46.993|#
3420|2910|2025-12-14 00:00:00.000|616.50000000000000000000|Invoice 102239|2026-04-09 17:02:47.010|#
3421|2310|2025-12-14 00:00:00.000|-616.50000000000000000000|Invoice 102239|2026-04-09 17:02:47.010|#
3422|2110|2025-12-16 00:00:00.000|-576.60000000000000000000|Direct Cost 40000 on 12/16/25|2026-04-09 17:02:47.080|#
3423|7190|2025-12-16 00:00:00.000|576.60000000000000000000|Direct Cost 40000 on 12/16/25|2026-04-09 17:02:47.083|#
3424|6120|2025-12-16 00:00:00.000|-739.80000000000000000000|Invoice 102240|2026-04-09 17:02:47.087|#
3425|2320|2025-12-16 00:00:00.000|739.80000000000000000000|Invoice 102240|2026-04-09 17:02:47.093|#
3426|2910|2025-12-16 00:00:00.000|739.80000000000000000000|Invoice 102240|2026-04-09 17:02:47.107|#
3427|2320|2025-12-16 00:00:00.000|-739.80000000000000000000|Invoice 102240|2026-04-09 17:02:47.107|#
3428|2110|2025-12-19 00:00:00.000|-4559.40000000000000000000|Direct Cost 30000 on 12/19/25|2026-04-09 17:02:47.177|#
3429|7190|2025-12-19 00:00:00.000|4559.40000000000000000000|Direct Cost 30000 on 12/19/25|2026-04-09 17:02:47.177|#
3430|6130|2025-12-19 00:00:00.000|-5844.60000000000000000000|Invoice 102241|2026-04-09 17:02:47.183|#
3431|2320|2025-12-19 00:00:00.000|5844.60000000000000000000|Invoice 102241|2026-04-09 17:02:47.187|#
3432|2910|2025-12-19 00:00:00.000|5844.60000000000000000000|Invoice 102241|2026-04-09 17:02:47.203|#
3433|2320|2025-12-19 00:00:00.000|-5844.60000000000000000000|Invoice 102241|2026-04-09 17:02:47.203|#
3434|2110|2025-12-20 00:00:00.000|-192.20000000000000000000|Direct Cost 40000 on 12/20/25|2026-04-09 17:02:47.270|#
3435|7190|2025-12-20 00:00:00.000|192.20000000000000000000|Direct Cost 40000 on 12/20/25|2026-04-09 17:02:47.270|#
3436|6120|2025-12-20 00:00:00.000|-246.60000000000000000000|Invoice 102242|2026-04-09 17:02:47.277|#
3437|2320|2025-12-20 00:00:00.000|246.60000000000000000000|Invoice 102242|2026-04-09 17:02:47.280|#
3438|2910|2025-12-20 00:00:00.000|246.60000000000000000000|Invoice 102242|2026-04-09 17:02:47.297|#
3439|2320|2025-12-20 00:00:00.000|-246.60000000000000000000|Invoice 102242|2026-04-09 17:02:47.297|#
3440|2110|2025-12-21 00:00:00.000|-864.90000000000000000000|Direct Cost 20000 on 12/21/25|2026-04-09 17:02:47.370|#
3441|7190|2025-12-21 00:00:00.000|864.90000000000000000000|Direct Cost 20000 on 12/21/25|2026-04-09 17:02:47.373|#
3442|6110|2025-12-21 00:00:00.000|-1109.70000000000000000000|Invoice 102243|2026-04-09 17:02:47.377|#
3443|5610|2025-12-21 00:00:00.000|-277.43000000000000000000|Invoice 102243|2026-04-09 17:02:47.377|#
3444|2310|2025-12-21 00:00:00.000|1387.13000000000000000000|Invoice 102243|2026-04-09 17:02:47.383|#
3445|2910|2025-12-21 00:00:00.000|1387.13000000000000000000|Invoice 102243|2026-04-09 17:02:47.400|#
3446|2310|2025-12-21 00:00:00.000|-1387.13000000000000000000|Invoice 102243|2026-04-09 17:02:47.400|#
3447|2110|2025-12-21 00:00:00.000|-384.40000000000000000000|Direct Cost 10000 on 12/21/25|2026-04-09 17:02:47.493|#
3448|7190|2025-12-21 00:00:00.000|384.40000000000000000000|Direct Cost 10000 on 12/21/25|2026-04-09 17:02:47.497|#
3449|6110|2025-12-21 00:00:00.000|-493.20000000000000000000|Invoice 102244|2026-04-09 17:02:47.500|#
3450|5610|2025-12-21 00:00:00.000|-123.30000000000000000000|Invoice 102244|2026-04-09 17:02:47.500|#
3451|2310|2025-12-21 00:00:00.000|616.50000000000000000000|Invoice 102244|2026-04-09 17:02:47.503|#
3452|2910|2025-12-21 00:00:00.000|616.50000000000000000000|Invoice 102244|2026-04-09 17:02:47.520|#
3453|2310|2025-12-21 00:00:00.000|-616.50000000000000000000|Invoice 102244|2026-04-09 17:02:47.520|#
3454|2110|2025-12-22 00:00:00.000|-390.00000000000000000000|Direct Cost 50000 on 12/22/25|2026-04-09 17:02:47.600|#
3455|7190|2025-12-22 00:00:00.000|390.00000000000000000000|Direct Cost 50000 on 12/22/25|2026-04-09 17:02:47.600|#
3456|6110|2025-12-22 00:00:00.000|-500.40000000000000000000|Invoice 102245|2026-04-09 17:02:47.607|#
3457|5610|2025-12-22 00:00:00.000|-125.10000000000000000000|Invoice 102245|2026-04-09 17:02:47.607|#
3458|2310|2025-12-22 00:00:00.000|625.50000000000000000000|Invoice 102245|2026-04-09 17:02:47.610|#
3459|2910|2025-12-22 00:00:00.000|625.50000000000000000000|Invoice 102245|2026-04-09 17:02:47.627|#
3460|2310|2025-12-22 00:00:00.000|-625.50000000000000000000|Invoice 102245|2026-04-09 17:02:47.627|#
3461|2110|2025-12-22 00:00:00.000|-384.40000000000000000000|Direct Cost 40000 on 12/22/25|2026-04-09 17:02:47.697|#
3462|7190|2025-12-22 00:00:00.000|384.40000000000000000000|Direct Cost 40000 on 12/22/25|2026-04-09 17:02:47.697|#
3463|6120|2025-12-22 00:00:00.000|-493.20000000000000000000|Invoice 102246|2026-04-09 17:02:47.703|#
3464|2320|2025-12-22 00:00:00.000|493.20000000000000000000|Invoice 102246|2026-04-09 17:02:47.710|#
3465|2910|2025-12-22 00:00:00.000|493.20000000000000000000|Invoice 102246|2026-04-09 17:02:47.727|#
3466|2320|2025-12-22 00:00:00.000|-493.20000000000000000000|Invoice 102246|2026-04-09 17:02:47.727|#
3467|2110|2025-12-24 00:00:00.000|-250.20000000000000000000|Direct Cost 50000 on 12/24/25|2026-04-09 17:02:47.807|#
3468|7190|2025-12-24 00:00:00.000|250.20000000000000000000|Direct Cost 50000 on 12/24/25|2026-04-09 17:02:47.810|#
3469|6110|2025-12-24 00:00:00.000|-320.40000000000000000000|Invoice 102247|2026-04-09 17:02:47.813|#
3470|5610|2025-12-24 00:00:00.000|-80.10000000000000000000|Invoice 102247|2026-04-09 17:02:47.813|#
3471|2310|2025-12-24 00:00:00.000|400.50000000000000000000|Invoice 102247|2026-04-09 17:02:47.820|#
3472|2910|2025-12-24 00:00:00.000|400.50000000000000000000|Invoice 102247|2026-04-09 17:02:47.837|#
3473|2310|2025-12-24 00:00:00.000|-400.50000000000000000000|Invoice 102247|2026-04-09 17:02:47.837|#
3474|2110|2025-12-25 00:00:00.000|-1640.00000000000000000000|Direct Cost 30000 on 12/25/25|2026-04-09 17:02:47.920|#
3475|7190|2025-12-25 00:00:00.000|1640.00000000000000000000|Direct Cost 30000 on 12/25/25|2026-04-09 17:02:47.923|#
3476|6130|2025-12-25 00:00:00.000|-2102.00000000000000000000|Invoice 102248|2026-04-09 17:02:47.927|#
3477|2320|2025-12-25 00:00:00.000|2102.00000000000000000000|Invoice 102248|2026-04-09 17:02:47.933|#
3478|2910|2025-12-25 00:00:00.000|2102.00000000000000000000|Invoice 102248|2026-04-09 17:02:47.950|#
3479|2320|2025-12-25 00:00:00.000|-2102.00000000000000000000|Invoice 102248|2026-04-09 17:02:47.950|#
3480|2110|2025-12-26 00:00:00.000|-768.80000000000000000000|Direct Cost 10000 on 12/26/25|2026-04-09 17:02:48.017|#
3481|7190|2025-12-26 00:00:00.000|768.80000000000000000000|Direct Cost 10000 on 12/26/25|2026-04-09 17:02:48.020|#
3482|6110|2025-12-26 00:00:00.000|-986.40000000000000000000|Invoice 102249|2026-04-09 17:02:48.023|#
3483|5610|2025-12-26 00:00:00.000|-246.60000000000000000000|Invoice 102249|2026-04-09 17:02:48.023|#
3484|2310|2025-12-26 00:00:00.000|1233.00000000000000000000|Invoice 102249|2026-04-09 17:02:48.030|#
3485|2910|2025-12-26 00:00:00.000|1233.00000000000000000000|Invoice 102249|2026-04-09 17:02:48.047|#
3486|2310|2025-12-26 00:00:00.000|-1233.00000000000000000000|Invoice 102249|2026-04-09 17:02:48.047|#
3487|2110|2025-12-27 00:00:00.000|-480.50000000000000000000|Direct Cost 40000 on 12/27/25|2026-04-09 17:02:48.113|#
3488|7190|2025-12-27 00:00:00.000|480.50000000000000000000|Direct Cost 40000 on 12/27/25|2026-04-09 17:02:48.117|#
3489|6120|2025-12-27 00:00:00.000|-616.50000000000000000000|Invoice 102250|2026-04-09 17:02:48.120|#
3490|2320|2025-12-27 00:00:00.000|616.50000000000000000000|Invoice 102250|2026-04-09 17:02:48.127|#
3491|2910|2025-12-27 00:00:00.000|616.50000000000000000000|Invoice 102250|2026-04-09 17:02:48.140|#
3492|2320|2025-12-27 00:00:00.000|-616.50000000000000000000|Invoice 102250|2026-04-09 17:02:48.140|#
3493|2110|2025-12-28 00:00:00.000|-97.50000000000000000000|Direct Cost 10000 on 12/28/25|2026-04-09 17:02:48.260|#
3494|7190|2025-12-28 00:00:00.000|97.50000000000000000000|Direct Cost 10000 on 12/28/25|2026-04-09 17:02:48.260|#
3495|6110|2025-12-28 00:00:00.000|-125.10000000000000000000|Invoice 102251|2026-04-09 17:02:48.267|#
3496|5610|2025-12-28 00:00:00.000|-31.28000000000000000000|Invoice 102251|2026-04-09 17:02:48.267|#
3497|2310|2025-12-28 00:00:00.000|156.38000000000000000000|Invoice 102251|2026-04-09 17:02:48.270|#
3498|2910|2025-12-28 00:00:00.000|156.38000000000000000000|Invoice 102251|2026-04-09 17:02:48.287|#
3499|2310|2025-12-28 00:00:00.000|-156.38000000000000000000|Invoice 102251|2026-04-09 17:02:48.287|#
3500|2110|2025-12-30 00:00:00.000|-1968.00000000000000000000|Direct Cost 50000 on 12/30/25|2026-04-09 17:02:48.370|#
3501|7190|2025-12-30 00:00:00.000|1968.00000000000000000000|Direct Cost 50000 on 12/30/25|2026-04-09 17:02:48.373|#
3502|2110|2025-12-30 00:00:00.000|-961.00000000000000000000|Direct Cost 50000 on 12/30/25|2026-04-09 17:02:48.377|#
3503|7190|2025-12-30 00:00:00.000|961.00000000000000000000|Direct Cost 50000 on 12/30/25|2026-04-09 17:02:48.377|#
3504|6110|2025-12-30 00:00:00.000|-3755.40000000000000000000|Invoice 102252|2026-04-09 17:02:48.383|#
3505|5610|2025-12-30 00:00:00.000|-938.85000000000000000000|Invoice 102252|2026-04-09 17:02:48.383|#
3506|2310|2025-12-30 00:00:00.000|4694.25000000000000000000|Invoice 102252|2026-04-09 17:02:48.390|#
3507|2910|2025-12-30 00:00:00.000|4694.25000000000000000000|Invoice 102252|2026-04-09 17:02:48.403|#
3508|2310|2025-12-30 00:00:00.000|-4694.25000000000000000000|Invoice 102252|2026-04-09 17:02:48.403|#
3509|2110|2026-01-01 00:00:00.000|-682.50000000000000000000|Direct Cost 30000 on 01/01/26|2026-04-09 17:02:48.493|#
3510|7190|2026-01-01 00:00:00.000|682.50000000000000000000|Direct Cost 30000 on 01/01/26|2026-04-09 17:02:48.497|#
3511|2110|2026-01-01 00:00:00.000|-877.50000000000000000000|Direct Cost 30000 on 01/01/26|2026-04-09 17:02:48.500|#
3512|7190|2026-01-01 00:00:00.000|877.50000000000000000000|Direct Cost 30000 on 01/01/26|2026-04-09 17:02:48.503|#
3513|6130|2026-01-01 00:00:00.000|-2001.60000000000000000000|Invoice 102253|2026-04-09 17:02:48.507|#
3514|2320|2026-01-01 00:00:00.000|2001.60000000000000000000|Invoice 102253|2026-04-09 17:02:48.513|#
3515|2910|2026-01-01 00:00:00.000|2001.60000000000000000000|Invoice 102253|2026-04-09 17:02:48.527|#
3516|2320|2026-01-01 00:00:00.000|-2001.60000000000000000000|Invoice 102253|2026-04-09 17:02:48.527|#
3517|2110|2026-01-02 00:00:00.000|-585.00000000000000000000|Direct Cost 30000 on 01/02/26|2026-04-09 17:02:48.617|#
3518|7190|2026-01-02 00:00:00.000|585.00000000000000000000|Direct Cost 30000 on 01/02/26|2026-04-09 17:02:48.620|#
3519|2110|2026-01-02 00:00:00.000|-2026.40000000000000000000|Direct Cost 30000 on 01/02/26|2026-04-09 17:02:48.623|#
3520|7190|2026-01-02 00:00:00.000|2026.40000000000000000000|Direct Cost 30000 on 01/02/26|2026-04-09 17:02:48.627|#
3521|6130|2026-01-02 00:00:00.000|-3348.20000000000000000000|Invoice 102254|2026-04-09 17:02:48.630|#
3522|2320|2026-01-02 00:00:00.000|3348.20000000000000000000|Invoice 102254|2026-04-09 17:02:48.637|#
3523|2910|2026-01-02 00:00:00.000|3348.20000000000000000000|Invoice 102254|2026-04-09 17:02:48.653|#
3524|2320|2026-01-02 00:00:00.000|-3348.20000000000000000000|Invoice 102254|2026-04-09 17:02:48.653|#
3525|2110|2026-01-04 00:00:00.000|-506.60000000000000000000|Direct Cost 40000 on 01/04/26|2026-04-09 17:02:48.727|#
3526|7190|2026-01-04 00:00:00.000|506.60000000000000000000|Direct Cost 40000 on 01/04/26|2026-04-09 17:02:48.730|#
3527|6120|2026-01-04 00:00:00.000|-649.40000000000000000000|Invoice 102255|2026-04-09 17:02:48.733|#
3528|2320|2026-01-04 00:00:00.000|649.40000000000000000000|Invoice 102255|2026-04-09 17:02:48.737|#
3529|2910|2026-01-04 00:00:00.000|649.40000000000000000000|Invoice 102255|2026-04-09 17:02:48.757|#
3530|2320|2026-01-04 00:00:00.000|-649.40000000000000000000|Invoice 102255|2026-04-09 17:02:48.757|#
3531|2110|2026-01-05 00:00:00.000|-707.20000000000000000000|Direct Cost 40000 on 01/05/26|2026-04-09 17:02:48.837|#
3532|7190|2026-01-05 00:00:00.000|707.20000000000000000000|Direct Cost 40000 on 01/05/26|2026-04-09 17:02:48.840|#
3533|6120|2026-01-05 00:00:00.000|-906.70000000000000000000|Invoice 102256|2026-04-09 17:02:48.843|#
3534|2320|2026-01-05 00:00:00.000|906.70000000000000000000|Invoice 102256|2026-04-09 17:02:48.850|#
3535|2910|2026-01-05 00:00:00.000|906.70000000000000000000|Invoice 102256|2026-04-09 17:02:48.867|#
3536|2320|2026-01-05 00:00:00.000|-906.70000000000000000000|Invoice 102256|2026-04-09 17:02:48.867|#
3537|2110|2026-01-07 00:00:00.000|-3039.60000000000000000000|Direct Cost 40000 on 01/07/26|2026-04-09 17:02:48.947|#
3538|7190|2026-01-07 00:00:00.000|3039.60000000000000000000|Direct Cost 40000 on 01/07/26|2026-04-09 17:02:48.950|#
3539|6120|2026-01-07 00:00:00.000|-3896.40000000000000000000|Invoice 102257|2026-04-09 17:02:48.957|#
3540|2320|2026-01-07 00:00:00.000|3896.40000000000000000000|Invoice 102257|2026-04-09 17:02:48.963|#
3541|2910|2026-01-07 00:00:00.000|3896.40000000000000000000|Invoice 102257|2026-04-09 17:02:48.977|#
3542|2320|2026-01-07 00:00:00.000|-3896.40000000000000000000|Invoice 102257|2026-04-09 17:02:48.977|#
3543|2110|2026-01-10 00:00:00.000|-1975.50000000000000000000|Direct Cost 10000 on 01/10/26|2026-04-09 17:02:49.053|#
3544|7190|2026-01-10 00:00:00.000|1975.50000000000000000000|Direct Cost 10000 on 01/10/26|2026-04-09 17:02:49.057|#
3545|6110|2026-01-10 00:00:00.000|-2532.60000000000000000000|Invoice 102258|2026-04-09 17:02:49.060|#
3546|5610|2026-01-10 00:00:00.000|-633.15000000000000000000|Invoice 102258|2026-04-09 17:02:49.060|#
3547|2310|2026-01-10 00:00:00.000|3165.75000000000000000000|Invoice 102258|2026-04-09 17:02:49.070|#
3548|2910|2026-01-10 00:00:00.000|3165.75000000000000000000|Invoice 102258|2026-04-09 17:02:49.090|#
3549|2310|2026-01-10 00:00:00.000|-3165.75000000000000000000|Invoice 102258|2026-04-09 17:02:49.090|#
3550|2110|2026-01-15 00:00:00.000|-384.40000000000000000000|Direct Cost 40000 on 01/15/26|2026-04-09 17:02:49.177|#
3551|7190|2026-01-15 00:00:00.000|384.40000000000000000000|Direct Cost 40000 on 01/15/26|2026-04-09 17:02:49.177|#
3552|6120|2026-01-15 00:00:00.000|-493.20000000000000000000|Invoice 102259|2026-04-09 17:02:49.180|#
3553|2320|2026-01-15 00:00:00.000|493.20000000000000000000|Invoice 102259|2026-04-09 17:02:49.187|#
3554|2910|2026-01-15 00:00:00.000|493.20000000000000000000|Invoice 102259|2026-04-09 17:02:49.203|#
3555|2320|2026-01-15 00:00:00.000|-493.20000000000000000000|Invoice 102259|2026-04-09 17:02:49.203|#
3556|2110|2026-01-16 00:00:00.000|-219.50000000000000000000|Direct Cost 30000 on 01/16/26|2026-04-09 17:02:49.283|#
3557|7190|2026-01-16 00:00:00.000|219.50000000000000000000|Direct Cost 30000 on 01/16/26|2026-04-09 17:02:49.287|#
3558|6130|2026-01-16 00:00:00.000|-281.40000000000000000000|Invoice 102260|2026-04-09 17:02:49.290|#
3559|2320|2026-01-16 00:00:00.000|281.40000000000000000000|Invoice 102260|2026-04-09 17:02:49.297|#
3560|2910|2026-01-16 00:00:00.000|281.40000000000000000000|Invoice 102260|2026-04-09 17:02:49.310|#
3561|2320|2026-01-16 00:00:00.000|-281.40000000000000000000|Invoice 102260|2026-04-09 17:02:49.310|#
3562|2110|2026-01-19 00:00:00.000|-96.10000000000000000000|Direct Cost 30000 on 01/19/26|2026-04-09 17:02:49.377|#
3563|7190|2026-01-19 00:00:00.000|96.10000000000000000000|Direct Cost 30000 on 01/19/26|2026-04-09 17:02:49.377|#
3564|6130|2026-01-19 00:00:00.000|-123.30000000000000000000|Invoice 102261|2026-04-09 17:02:49.383|#
3565|2320|2026-01-19 00:00:00.000|123.30000000000000000000|Invoice 102261|2026-04-09 17:02:49.387|#
3566|2910|2026-01-19 00:00:00.000|123.30000000000000000000|Invoice 102261|2026-04-09 17:02:49.400|#
3567|2320|2026-01-19 00:00:00.000|-123.30000000000000000000|Invoice 102261|2026-04-09 17:02:49.400|#
3568|2110|2026-01-20 00:00:00.000|-487.50000000000000000000|Direct Cost 40000 on 01/20/26|2026-04-09 17:02:49.473|#
3569|7190|2026-01-20 00:00:00.000|487.50000000000000000000|Direct Cost 40000 on 01/20/26|2026-04-09 17:02:49.477|#
3570|6120|2026-01-20 00:00:00.000|-625.50000000000000000000|Invoice 102262|2026-04-09 17:02:49.480|#
3571|2320|2026-01-20 00:00:00.000|625.50000000000000000000|Invoice 102262|2026-04-09 17:02:49.483|#
3572|2910|2026-01-20 00:00:00.000|625.50000000000000000000|Invoice 102262|2026-04-09 17:02:49.500|#
3573|2320|2026-01-20 00:00:00.000|-625.50000000000000000000|Invoice 102262|2026-04-09 17:02:49.500|#
3574|2110|2026-01-21 00:00:00.000|-975.00000000000000000000|Direct Cost 10000 on 01/21/26|2026-04-09 17:02:49.577|#
3575|7190|2026-01-21 00:00:00.000|975.00000000000000000000|Direct Cost 10000 on 01/21/26|2026-04-09 17:02:49.580|#
3576|6110|2026-01-21 00:00:00.000|-1251.00000000000000000000|Invoice 102263|2026-04-09 17:02:49.583|#
3577|5610|2026-01-21 00:00:00.000|-312.75000000000000000000|Invoice 102263|2026-04-09 17:02:49.583|#
3578|2310|2026-01-21 00:00:00.000|1563.75000000000000000000|Invoice 102263|2026-04-09 17:02:49.590|#
3579|2910|2026-01-21 00:00:00.000|1563.75000000000000000000|Invoice 102263|2026-04-09 17:02:49.607|#
3580|2310|2026-01-21 00:00:00.000|-1563.75000000000000000000|Invoice 102263|2026-04-09 17:02:49.607|#
3581|2110|2026-01-23 00:00:00.000|-961.00000000000000000000|Direct Cost 20000 on 01/23/26|2026-04-09 17:02:49.683|#
3582|7190|2026-01-23 00:00:00.000|961.00000000000000000000|Direct Cost 20000 on 01/23/26|2026-04-09 17:02:49.683|#
3583|6110|2026-01-23 00:00:00.000|-1233.00000000000000000000|Invoice 102264|2026-04-09 17:02:49.690|#
3584|5610|2026-01-23 00:00:00.000|-308.25000000000000000000|Invoice 102264|2026-04-09 17:02:49.690|#
3585|2310|2026-01-23 00:00:00.000|1541.25000000000000000000|Invoice 102264|2026-04-09 17:02:49.697|#
3586|2910|2026-01-23 00:00:00.000|1541.25000000000000000000|Invoice 102264|2026-04-09 17:02:49.713|#
3587|2310|2026-01-23 00:00:00.000|-1541.25000000000000000000|Invoice 102264|2026-04-09 17:02:49.713|#
3588|2110|2026-01-23 00:00:00.000|-384.40000000000000000000|Direct Cost 40000 on 01/23/26|2026-04-09 17:02:49.783|#
3589|7190|2026-01-23 00:00:00.000|384.40000000000000000000|Direct Cost 40000 on 01/23/26|2026-04-09 17:02:49.787|#
3590|6120|2026-01-23 00:00:00.000|-493.20000000000000000000|Invoice 102265|2026-04-09 17:02:49.790|#
3591|2320|2026-01-23 00:00:00.000|493.20000000000000000000|Invoice 102265|2026-04-09 17:02:49.793|#
3592|2910|2026-01-23 00:00:00.000|493.20000000000000000000|Invoice 102265|2026-04-09 17:02:49.807|#
3593|2320|2026-01-23 00:00:00.000|-493.20000000000000000000|Invoice 102265|2026-04-09 17:02:49.807|#
3594|2110|2026-01-25 00:00:00.000|-576.60000000000000000000|Direct Cost 50000 on 01/25/26|2026-04-09 17:02:49.873|#
3595|7190|2026-01-25 00:00:00.000|576.60000000000000000000|Direct Cost 50000 on 01/25/26|2026-04-09 17:02:49.877|#
3596|6110|2026-01-25 00:00:00.000|-739.80000000000000000000|Invoice 102266|2026-04-09 17:02:49.880|#
3597|5610|2026-01-25 00:00:00.000|-184.95000000000000000000|Invoice 102266|2026-04-09 17:02:49.880|#
3598|2310|2026-01-25 00:00:00.000|924.75000000000000000000|Invoice 102266|2026-04-09 17:02:49.883|#
3599|2910|2026-01-25 00:00:00.000|924.75000000000000000000|Invoice 102266|2026-04-09 17:02:49.900|#
3600|2310|2026-01-25 00:00:00.000|-924.75000000000000000000|Invoice 102266|2026-04-09 17:02:49.900|#
3601|2110|2026-01-27 00:00:00.000|-27.80000000000000000000|Direct Cost 10000 on 01/27/26|2026-04-09 17:02:49.977|#
3602|7190|2026-01-27 00:00:00.000|27.80000000000000000000|Direct Cost 10000 on 01/27/26|2026-04-09 17:02:49.980|#
3603|6110|2026-01-27 00:00:00.000|-35.60000000000000000000|Invoice 102267|2026-04-09 17:02:49.983|#
3604|5610|2026-01-27 00:00:00.000|-8.90000000000000000000|Invoice 102267|2026-04-09 17:02:49.983|#
3605|2310|2026-01-27 00:00:00.000|44.50000000000000000000|Invoice 102267|2026-04-09 17:02:49.987|#
3606|2910|2026-01-27 00:00:00.000|44.50000000000000000000|Invoice 102267|2026-04-09 17:02:50.003|#
3607|2310|2026-01-27 00:00:00.000|-44.50000000000000000000|Invoice 102267|2026-04-09 17:02:50.003|#
3608|2110|2026-01-28 00:00:00.000|-480.50000000000000000000|Direct Cost 50000 on 01/28/26|2026-04-09 17:02:50.080|#
3609|7190|2026-01-28 00:00:00.000|480.50000000000000000000|Direct Cost 50000 on 01/28/26|2026-04-09 17:02:50.083|#
3610|6110|2026-01-28 00:00:00.000|-616.50000000000000000000|Invoice 102268|2026-04-09 17:02:50.087|#
3611|5610|2026-01-28 00:00:00.000|-154.13000000000000000000|Invoice 102268|2026-04-09 17:02:50.087|#
3612|2310|2026-01-28 00:00:00.000|770.63000000000000000000|Invoice 102268|2026-04-09 17:02:50.093|#
3613|2910|2026-01-28 00:00:00.000|770.63000000000000000000|Invoice 102268|2026-04-09 17:02:50.110|#
3614|2310|2026-01-28 00:00:00.000|-770.63000000000000000000|Invoice 102268|2026-04-09 17:02:50.110|#
3615|2110|2026-01-30 00:00:00.000|-195.00000000000000000000|Direct Cost 50000 on 01/30/26|2026-04-09 17:02:50.177|#
3616|7190|2026-01-30 00:00:00.000|195.00000000000000000000|Direct Cost 50000 on 01/30/26|2026-04-09 17:02:50.180|#
3617|6110|2026-01-30 00:00:00.000|-250.20000000000000000000|Invoice 102269|2026-04-09 17:02:50.183|#
3618|5610|2026-01-30 00:00:00.000|-62.55000000000000000000|Invoice 102269|2026-04-09 17:02:50.183|#
3619|2310|2026-01-30 00:00:00.000|312.75000000000000000000|Invoice 102269|2026-04-09 17:02:50.190|#
3620|2910|2026-01-30 00:00:00.000|312.75000000000000000000|Invoice 102269|2026-04-09 17:02:50.203|#
3621|2310|2026-01-30 00:00:00.000|-312.75000000000000000000|Invoice 102269|2026-04-09 17:02:50.203|#
3622|2110|2026-02-01 00:00:00.000|-975.00000000000000000000|Direct Cost 10000 on 02/01/26|2026-04-09 17:02:50.273|#
3623|7190|2026-02-01 00:00:00.000|975.00000000000000000000|Direct Cost 10000 on 02/01/26|2026-04-09 17:02:50.277|#
3624|6110|2026-02-01 00:00:00.000|-1251.00000000000000000000|Invoice 102270|2026-04-09 17:02:50.280|#
3625|5610|2026-02-01 00:00:00.000|-312.75000000000000000000|Invoice 102270|2026-04-09 17:02:50.280|#
3626|2310|2026-02-01 00:00:00.000|1563.75000000000000000000|Invoice 102270|2026-04-09 17:02:50.287|#
3627|2910|2026-02-01 00:00:00.000|1563.75000000000000000000|Invoice 102270|2026-04-09 17:02:50.303|#
3628|2310|2026-02-01 00:00:00.000|-1563.75000000000000000000|Invoice 102270|2026-04-09 17:02:50.303|#
3629|2110|2026-02-02 00:00:00.000|-672.70000000000000000000|Direct Cost 10000 on 02/02/26|2026-04-09 17:02:50.377|#
3630|7190|2026-02-02 00:00:00.000|672.70000000000000000000|Direct Cost 10000 on 02/02/26|2026-04-09 17:02:50.380|#
3631|6110|2026-02-02 00:00:00.000|-863.10000000000000000000|Invoice 102271|2026-04-09 17:02:50.383|#
3632|5610|2026-02-02 00:00:00.000|-215.78000000000000000000|Invoice 102271|2026-04-09 17:02:50.383|#
3633|2310|2026-02-02 00:00:00.000|1078.88000000000000000000|Invoice 102271|2026-04-09 17:02:50.390|#
3634|2910|2026-02-02 00:00:00.000|1078.88000000000000000000|Invoice 102271|2026-04-09 17:02:50.407|#
3635|2310|2026-02-02 00:00:00.000|-1078.88000000000000000000|Invoice 102271|2026-04-09 17:02:50.407|#
3636|2110|2026-02-06 00:00:00.000|-139.00000000000000000000|Direct Cost 50000 on 02/06/26|2026-04-09 17:02:50.480|#
3637|7190|2026-02-06 00:00:00.000|139.00000000000000000000|Direct Cost 50000 on 02/06/26|2026-04-09 17:02:50.483|#
3638|6110|2026-02-06 00:00:00.000|-178.00000000000000000000|Invoice 102272|2026-04-09 17:02:50.487|#
3639|5610|2026-02-06 00:00:00.000|-44.50000000000000000000|Invoice 102272|2026-04-09 17:02:50.487|#
3640|2310|2026-02-06 00:00:00.000|222.50000000000000000000|Invoice 102272|2026-04-09 17:02:50.493|#
3641|2910|2026-02-06 00:00:00.000|222.50000000000000000000|Invoice 102272|2026-04-09 17:02:50.507|#
3642|2310|2026-02-06 00:00:00.000|-222.50000000000000000000|Invoice 102272|2026-04-09 17:02:50.507|#
3643|2110|2026-02-08 00:00:00.000|-480.50000000000000000000|Direct Cost 10000 on 02/08/26|2026-04-09 17:02:50.577|#
3644|7190|2026-02-08 00:00:00.000|480.50000000000000000000|Direct Cost 10000 on 02/08/26|2026-04-09 17:02:50.580|#
3645|6110|2026-02-08 00:00:00.000|-616.50000000000000000000|Invoice 102273|2026-04-09 17:02:50.583|#
3646|5610|2026-02-08 00:00:00.000|-154.13000000000000000000|Invoice 102273|2026-04-09 17:02:50.583|#
3647|2310|2026-02-08 00:00:00.000|770.63000000000000000000|Invoice 102273|2026-04-09 17:02:50.617|#
3648|2910|2026-02-08 00:00:00.000|770.63000000000000000000|Invoice 102273|2026-04-09 17:02:50.640|#
3649|2310|2026-02-08 00:00:00.000|-770.63000000000000000000|Invoice 102273|2026-04-09 17:02:50.640|#
3650|2110|2026-02-09 00:00:00.000|-192.20000000000000000000|Direct Cost 10000 on 02/09/26|2026-04-09 17:02:50.710|#
3651|7190|2026-02-09 00:00:00.000|192.20000000000000000000|Direct Cost 10000 on 02/09/26|2026-04-09 17:02:50.710|#
3652|6110|2026-02-09 00:00:00.000|-246.60000000000000000000|Invoice 102274|2026-04-09 17:02:50.717|#
3653|5610|2026-02-09 00:00:00.000|-61.65000000000000000000|Invoice 102274|2026-04-09 17:02:50.717|#
3654|2310|2026-02-09 00:00:00.000|308.25000000000000000000|Invoice 102274|2026-04-09 17:02:50.720|#
3655|2910|2026-02-09 00:00:00.000|308.25000000000000000000|Invoice 102274|2026-04-09 17:02:50.740|#
3656|2310|2026-02-09 00:00:00.000|-308.25000000000000000000|Invoice 102274|2026-04-09 17:02:50.740|#
3657|2110|2026-02-12 00:00:00.000|-780.00000000000000000000|Direct Cost 30000 on 02/12/26|2026-04-09 17:02:50.810|#
3658|7190|2026-02-12 00:00:00.000|780.00000000000000000000|Direct Cost 30000 on 02/12/26|2026-04-09 17:02:50.813|#
3659|6130|2026-02-12 00:00:00.000|-1000.80000000000000000000|Invoice 102275|2026-04-09 17:02:50.817|#
3660|2320|2026-02-12 00:00:00.000|1000.80000000000000000000|Invoice 102275|2026-04-09 17:02:50.823|#
3661|2910|2026-02-12 00:00:00.000|1000.80000000000000000000|Invoice 102275|2026-04-09 17:02:50.840|#
3662|2320|2026-02-12 00:00:00.000|-1000.80000000000000000000|Invoice 102275|2026-04-09 17:02:50.840|#
3663|2110|2026-02-14 00:00:00.000|-672.70000000000000000000|Direct Cost 20000 on 02/14/26|2026-04-09 17:02:50.907|#
3664|7190|2026-02-14 00:00:00.000|672.70000000000000000000|Direct Cost 20000 on 02/14/26|2026-04-09 17:02:50.910|#
3665|6110|2026-02-14 00:00:00.000|-863.10000000000000000000|Invoice 102276|2026-04-09 17:02:50.913|#
3666|5610|2026-02-14 00:00:00.000|-215.78000000000000000000|Invoice 102276|2026-04-09 17:02:50.913|#
3667|2310|2026-02-14 00:00:00.000|1078.88000000000000000000|Invoice 102276|2026-04-09 17:02:50.920|#
3668|2910|2026-02-14 00:00:00.000|1078.88000000000000000000|Invoice 102276|2026-04-09 17:02:50.933|#
3669|2310|2026-02-14 00:00:00.000|-1078.88000000000000000000|Invoice 102276|2026-04-09 17:02:50.933|#
3670|2110|2026-02-15 00:00:00.000|-384.40000000000000000000|Direct Cost 10000 on 02/15/26|2026-04-09 17:02:50.997|#
3671|7190|2026-02-15 00:00:00.000|384.40000000000000000000|Direct Cost 10000 on 02/15/26|2026-04-09 17:02:51.000|#
3672|6110|2026-02-15 00:00:00.000|-493.20000000000000000000|Invoice 102277|2026-04-09 17:02:51.003|#
3673|5610|2026-02-15 00:00:00.000|-123.30000000000000000000|Invoice 102277|2026-04-09 17:02:51.003|#
3674|2310|2026-02-15 00:00:00.000|616.50000000000000000000|Invoice 102277|2026-04-09 17:02:51.010|#
3675|2910|2026-02-15 00:00:00.000|616.50000000000000000000|Invoice 102277|2026-04-09 17:02:51.023|#
3676|2310|2026-02-15 00:00:00.000|-616.50000000000000000000|Invoice 102277|2026-04-09 17:02:51.023|#
3677|2110|2026-02-18 00:00:00.000|-97.50000000000000000000|Direct Cost 20000 on 02/18/26|2026-04-09 17:02:51.093|#
3678|7190|2026-02-18 00:00:00.000|97.50000000000000000000|Direct Cost 20000 on 02/18/26|2026-04-09 17:02:51.093|#
3679|6110|2026-02-18 00:00:00.000|-125.10000000000000000000|Invoice 102278|2026-04-09 17:02:51.097|#
3680|5610|2026-02-18 00:00:00.000|-31.28000000000000000000|Invoice 102278|2026-04-09 17:02:51.097|#
3681|2310|2026-02-18 00:00:00.000|156.38000000000000000000|Invoice 102278|2026-04-09 17:02:51.103|#
3682|2910|2026-02-18 00:00:00.000|156.38000000000000000000|Invoice 102278|2026-04-09 17:02:51.117|#
3683|2310|2026-02-18 00:00:00.000|-156.38000000000000000000|Invoice 102278|2026-04-09 17:02:51.117|#
3684|2110|2026-02-20 00:00:00.000|-288.30000000000000000000|Direct Cost 30000 on 02/20/26|2026-04-09 17:02:51.193|#
3685|7190|2026-02-20 00:00:00.000|288.30000000000000000000|Direct Cost 30000 on 02/20/26|2026-04-09 17:02:51.193|#
3686|6130|2026-02-20 00:00:00.000|-369.90000000000000000000|Invoice 102279|2026-04-09 17:02:51.197|#
3687|2320|2026-02-20 00:00:00.000|369.90000000000000000000|Invoice 102279|2026-04-09 17:02:51.203|#
3688|2910|2026-02-20 00:00:00.000|369.90000000000000000000|Invoice 102279|2026-04-09 17:02:51.217|#
3689|2320|2026-02-20 00:00:00.000|-369.90000000000000000000|Invoice 102279|2026-04-09 17:02:51.217|#
3690|2110|2026-02-21 00:00:00.000|-2296.00000000000000000000|Direct Cost 10000 on 02/21/26|2026-04-09 17:02:51.307|#
3691|7190|2026-02-21 00:00:00.000|2296.00000000000000000000|Direct Cost 10000 on 02/21/26|2026-04-09 17:02:51.307|#
3692|6110|2026-02-21 00:00:00.000|-2942.80000000000000000000|Invoice 102280|2026-04-09 17:02:51.313|#
3693|5610|2026-02-21 00:00:00.000|-735.70000000000000000000|Invoice 102280|2026-04-09 17:02:51.313|#
3694|2310|2026-02-21 00:00:00.000|3678.50000000000000000000|Invoice 102280|2026-04-09 17:02:51.320|#
3695|2910|2026-02-21 00:00:00.000|3678.50000000000000000000|Invoice 102280|2026-04-09 17:02:51.333|#
3696|2310|2026-02-21 00:00:00.000|-3678.50000000000000000000|Invoice 102280|2026-04-09 17:02:51.333|#
3697|6110|2026-02-22 00:00:00.000|-326.40000000000000000000|Invoice 102281|2026-04-09 17:02:51.403|#
3698|5610|2026-02-22 00:00:00.000|-81.60000000000000000000|Invoice 102281|2026-04-09 17:02:51.403|#
3699|2310|2026-02-22 00:00:00.000|408.00000000000000000000|Invoice 102281|2026-04-09 17:02:51.407|#
3700|2910|2026-02-22 00:00:00.000|408.00000000000000000000|Invoice 102281|2026-04-09 17:02:51.420|#
3701|2310|2026-02-22 00:00:00.000|-408.00000000000000000000|Invoice 102281|2026-04-09 17:02:51.420|#
3702|2110|2026-02-22 00:00:00.000|-1170.00000000000000000000|Direct Cost 50000 on 02/22/26|2026-04-09 17:02:51.487|#
3703|7190|2026-02-22 00:00:00.000|1170.00000000000000000000|Direct Cost 50000 on 02/22/26|2026-04-09 17:02:51.487|#
3704|6110|2026-02-22 00:00:00.000|-1501.20000000000000000000|Invoice 102282|2026-04-09 17:02:51.493|#
3705|5610|2026-02-22 00:00:00.000|-375.30000000000000000000|Invoice 102282|2026-04-09 17:02:51.493|#
3706|2310|2026-02-22 00:00:00.000|1876.50000000000000000000|Invoice 102282|2026-04-09 17:02:51.497|#
3707|2910|2026-02-22 00:00:00.000|1876.50000000000000000000|Invoice 102282|2026-04-09 17:02:51.510|#
3708|2310|2026-02-22 00:00:00.000|-1876.50000000000000000000|Invoice 102282|2026-04-09 17:02:51.510|#
3709|2110|2026-02-24 00:00:00.000|-292.50000000000000000000|Direct Cost 40000 on 02/24/26|2026-04-09 17:02:51.573|#
3710|7190|2026-02-24 00:00:00.000|292.50000000000000000000|Direct Cost 40000 on 02/24/26|2026-04-09 17:02:51.577|#
3711|6120|2026-02-24 00:00:00.000|-375.30000000000000000000|Invoice 102283|2026-04-09 17:02:51.580|#
3712|2320|2026-02-24 00:00:00.000|375.30000000000000000000|Invoice 102283|2026-04-09 17:02:51.587|#
3713|2910|2026-02-24 00:00:00.000|375.30000000000000000000|Invoice 102283|2026-04-09 17:02:51.600|#
3714|2320|2026-02-24 00:00:00.000|-375.30000000000000000000|Invoice 102283|2026-04-09 17:02:51.600|#
3715|2110|2026-02-27 00:00:00.000|-384.40000000000000000000|Direct Cost 30000 on 02/27/26|2026-04-09 17:02:51.663|#
3716|7190|2026-02-27 00:00:00.000|384.40000000000000000000|Direct Cost 30000 on 02/27/26|2026-04-09 17:02:51.667|#
3717|6130|2026-02-27 00:00:00.000|-493.20000000000000000000|Invoice 102284|2026-04-09 17:02:51.670|#
3718|2320|2026-02-27 00:00:00.000|493.20000000000000000000|Invoice 102284|2026-04-09 17:02:51.673|#
3719|2910|2026-02-27 00:00:00.000|493.20000000000000000000|Invoice 102284|2026-04-09 17:02:51.687|#
3720|2320|2026-02-27 00:00:00.000|-493.20000000000000000000|Invoice 102284|2026-04-09 17:02:51.687|#
3721|2110|2026-02-28 00:00:00.000|-390.00000000000000000000|Direct Cost 40000 on 02/28/26|2026-04-09 17:02:51.753|#
3722|7190|2026-02-28 00:00:00.000|390.00000000000000000000|Direct Cost 40000 on 02/28/26|2026-04-09 17:02:51.757|#
3723|6120|2026-02-28 00:00:00.000|-500.40000000000000000000|Invoice 102285|2026-04-09 17:02:51.760|#
3724|2320|2026-02-28 00:00:00.000|500.40000000000000000000|Invoice 102285|2026-04-09 17:02:51.763|#
3725|2910|2026-02-28 00:00:00.000|500.40000000000000000000|Invoice 102285|2026-04-09 17:02:51.777|#
3726|2320|2026-02-28 00:00:00.000|-500.40000000000000000000|Invoice 102285|2026-04-09 17:02:51.777|#
3727|2110|2026-03-01 00:00:00.000|-1968.00000000000000000000|Direct Cost 10000 on 03/01/26|2026-04-09 17:02:51.873|#
3728|7190|2026-03-01 00:00:00.000|1968.00000000000000000000|Direct Cost 10000 on 03/01/26|2026-04-09 17:02:51.877|#
3729|2110|2026-03-01 00:00:00.000|-506.60000000000000000000|Direct Cost 10000 on 03/01/26|2026-04-09 17:02:51.880|#
3730|7190|2026-03-01 00:00:00.000|506.60000000000000000000|Direct Cost 10000 on 03/01/26|2026-04-09 17:02:51.880|#
3731|6110|2026-03-01 00:00:00.000|-3171.80000000000000000000|Invoice 102286|2026-04-09 17:02:51.887|#
3732|5610|2026-03-01 00:00:00.000|-792.95000000000000000000|Invoice 102286|2026-04-09 17:02:51.887|#
3733|2310|2026-03-01 00:00:00.000|3964.75000000000000000000|Invoice 102286|2026-04-09 17:02:51.893|#
3734|2910|2026-03-01 00:00:00.000|3964.75000000000000000000|Invoice 102286|2026-04-09 17:02:51.907|#
3735|2310|2026-03-01 00:00:00.000|-3964.75000000000000000000|Invoice 102286|2026-04-09 17:02:51.907|#
3736|2110|2026-03-01 00:00:00.000|-682.50000000000000000000|Direct Cost 20000 on 03/01/26|2026-04-09 17:02:52.010|#
3737|7190|2026-03-01 00:00:00.000|682.50000000000000000000|Direct Cost 20000 on 03/01/26|2026-04-09 17:02:52.013|#
3738|2110|2026-03-01 00:00:00.000|-288.30000000000000000000|Direct Cost 20000 on 03/01/26|2026-04-09 17:02:52.017|#
3739|7190|2026-03-01 00:00:00.000|288.30000000000000000000|Direct Cost 20000 on 03/01/26|2026-04-09 17:02:52.020|#
3740|6110|2026-03-01 00:00:00.000|-1245.60000000000000000000|Invoice 102287|2026-04-09 17:02:52.023|#
3741|5610|2026-03-01 00:00:00.000|-311.40000000000000000000|Invoice 102287|2026-04-09 17:02:52.023|#
3742|2310|2026-03-01 00:00:00.000|1557.00000000000000000000|Invoice 102287|2026-04-09 17:02:52.030|#
3743|2910|2026-03-01 00:00:00.000|1557.00000000000000000000|Invoice 102287|2026-04-09 17:02:52.047|#
3744|2310|2026-03-01 00:00:00.000|-1557.00000000000000000000|Invoice 102287|2026-04-09 17:02:52.047|#
3745|2110|2026-03-02 00:00:00.000|-878.00000000000000000000|Direct Cost 30000 on 03/02/26|2026-04-09 17:02:52.123|#
3746|7190|2026-03-02 00:00:00.000|878.00000000000000000000|Direct Cost 30000 on 03/02/26|2026-04-09 17:02:52.127|#
3747|6130|2026-03-02 00:00:00.000|-1125.60000000000000000000|Invoice 102288|2026-04-09 17:02:52.130|#
3748|2320|2026-03-02 00:00:00.000|1125.60000000000000000000|Invoice 102288|2026-04-09 17:02:52.133|#
3749|2910|2026-03-02 00:00:00.000|1125.60000000000000000000|Invoice 102288|2026-04-09 17:02:52.150|#
3750|2320|2026-03-02 00:00:00.000|-1125.60000000000000000000|Invoice 102288|2026-04-09 17:02:52.150|#
3751|2110|2026-03-03 00:00:00.000|-576.60000000000000000000|Direct Cost 10000 on 03/03/26|2026-04-09 17:02:52.240|#
3752|7190|2026-03-03 00:00:00.000|576.60000000000000000000|Direct Cost 10000 on 03/03/26|2026-04-09 17:02:52.243|#
3753|2110|2026-03-03 00:00:00.000|-5657.60000000000000000000|Direct Cost 10000 on 03/03/26|2026-04-09 17:02:52.247|#
3754|7190|2026-03-03 00:00:00.000|5657.60000000000000000000|Direct Cost 10000 on 03/03/26|2026-04-09 17:02:52.247|#
3755|6110|2026-03-03 00:00:00.000|-7993.40000000000000000000|Invoice 102289|2026-04-09 17:02:52.253|#
3756|5610|2026-03-03 00:00:00.000|-1998.35000000000000000000|Invoice 102289|2026-04-09 17:02:52.253|#
3757|2310|2026-03-03 00:00:00.000|9991.75000000000000000000|Invoice 102289|2026-04-09 17:02:52.257|#
3758|2910|2026-03-03 00:00:00.000|9991.75000000000000000000|Invoice 102289|2026-04-09 17:02:52.273|#
3759|2310|2026-03-03 00:00:00.000|-9991.75000000000000000000|Invoice 102289|2026-04-09 17:02:52.273|#
3760|2110|2026-03-06 00:00:00.000|-111.20000000000000000000|Direct Cost 30000 on 03/06/26|2026-04-09 17:02:52.383|#
3761|7190|2026-03-06 00:00:00.000|111.20000000000000000000|Direct Cost 30000 on 03/06/26|2026-04-09 17:02:52.383|#
3762|6130|2026-03-06 00:00:00.000|-142.40000000000000000000|Invoice 102290|2026-04-09 17:02:52.387|#
3763|2320|2026-03-06 00:00:00.000|142.40000000000000000000|Invoice 102290|2026-04-09 17:02:52.393|#
3764|2910|2026-03-06 00:00:00.000|142.40000000000000000000|Invoice 102290|2026-04-09 17:02:52.407|#
3765|2320|2026-03-06 00:00:00.000|-142.40000000000000000000|Invoice 102290|2026-04-09 17:02:52.407|#
3766|2110|2026-03-06 00:00:00.000|-1312.00000000000000000000|Direct Cost 30000 on 03/06/26|2026-04-09 17:02:52.473|#
3767|7190|2026-03-06 00:00:00.000|1312.00000000000000000000|Direct Cost 30000 on 03/06/26|2026-04-09 17:02:52.477|#
3768|6130|2026-03-06 00:00:00.000|-1681.60000000000000000000|Invoice 102291|2026-04-09 17:02:52.480|#
3769|2320|2026-03-06 00:00:00.000|1681.60000000000000000000|Invoice 102291|2026-04-09 17:02:52.483|#
3770|2910|2026-03-06 00:00:00.000|1681.60000000000000000000|Invoice 102291|2026-04-09 17:02:52.497|#
3771|2320|2026-03-06 00:00:00.000|-1681.60000000000000000000|Invoice 102291|2026-04-09 17:02:52.497|#
3772|2110|2026-03-11 00:00:00.000|-656.00000000000000000000|Direct Cost 40000 on 03/11/26|2026-04-09 17:02:52.567|#
3773|7190|2026-03-11 00:00:00.000|656.00000000000000000000|Direct Cost 40000 on 03/11/26|2026-04-09 17:02:52.570|#
3774|6120|2026-03-11 00:00:00.000|-840.80000000000000000000|Invoice 102292|2026-04-09 17:02:52.573|#
3775|2320|2026-03-11 00:00:00.000|840.80000000000000000000|Invoice 102292|2026-04-09 17:02:52.580|#
3776|2910|2026-03-11 00:00:00.000|840.80000000000000000000|Invoice 102292|2026-04-09 17:02:52.593|#
3777|2320|2026-03-11 00:00:00.000|-840.80000000000000000000|Invoice 102292|2026-04-09 17:02:52.593|#
3778|6120|2026-03-12 00:00:00.000|-652.80000000000000000000|Invoice 102293|2026-04-09 17:02:52.673|#
3779|2320|2026-03-12 00:00:00.000|652.80000000000000000000|Invoice 102293|2026-04-09 17:02:52.677|#
3780|2910|2026-03-12 00:00:00.000|652.80000000000000000000|Invoice 102293|2026-04-09 17:02:52.693|#
3781|2320|2026-03-12 00:00:00.000|-652.80000000000000000000|Invoice 102293|2026-04-09 17:02:52.693|#
3782|2110|2026-03-16 00:00:00.000|-97.50000000000000000000|Direct Cost 10000 on 03/16/26|2026-04-09 17:02:52.763|#
3783|7190|2026-03-16 00:00:00.000|97.50000000000000000000|Direct Cost 10000 on 03/16/26|2026-04-09 17:02:52.767|#
3784|6110|2026-03-16 00:00:00.000|-125.10000000000000000000|Invoice 102294|2026-04-09 17:02:52.770|#
3785|5610|2026-03-16 00:00:00.000|-31.28000000000000000000|Invoice 102294|2026-04-09 17:02:52.770|#
3786|2310|2026-03-16 00:00:00.000|156.38000000000000000000|Invoice 102294|2026-04-09 17:02:52.777|#
3787|2910|2026-03-16 00:00:00.000|156.38000000000000000000|Invoice 102294|2026-04-09 17:02:52.797|#
3788|2310|2026-03-16 00:00:00.000|-156.38000000000000000000|Invoice 102294|2026-04-09 17:02:52.797|#
3789|2110|2026-03-17 00:00:00.000|-1968.00000000000000000000|Direct Cost 40000 on 03/17/26|2026-04-09 17:02:52.867|#
3790|7190|2026-03-17 00:00:00.000|1968.00000000000000000000|Direct Cost 40000 on 03/17/26|2026-04-09 17:02:52.870|#
3791|6120|2026-03-17 00:00:00.000|-2522.40000000000000000000|Invoice 102295|2026-04-09 17:02:52.873|#
3792|2320|2026-03-17 00:00:00.000|2522.40000000000000000000|Invoice 102295|2026-04-09 17:02:52.877|#
3793|2910|2026-03-17 00:00:00.000|2522.40000000000000000000|Invoice 102295|2026-04-09 17:02:52.893|#
3794|2320|2026-03-17 00:00:00.000|-2522.40000000000000000000|Invoice 102295|2026-04-09 17:02:52.893|#
3795|2110|2026-03-21 00:00:00.000|-2828.80000000000000000000|Direct Cost 10000 on 03/21/26|2026-04-09 17:02:52.963|#
3796|7190|2026-03-21 00:00:00.000|2828.80000000000000000000|Direct Cost 10000 on 03/21/26|2026-04-09 17:02:52.967|#
3797|6110|2026-03-21 00:00:00.000|-3626.80000000000000000000|Invoice 102296|2026-04-09 17:02:52.970|#
3798|5610|2026-03-21 00:00:00.000|-906.70000000000000000000|Invoice 102296|2026-04-09 17:02:52.970|#
3799|2310|2026-03-21 00:00:00.000|4533.50000000000000000000|Invoice 102296|2026-04-09 17:02:52.977|#
3800|2910|2026-03-21 00:00:00.000|4533.50000000000000000000|Invoice 102296|2026-04-09 17:02:52.993|#
3801|2310|2026-03-21 00:00:00.000|-4533.50000000000000000000|Invoice 102296|2026-04-09 17:02:52.993|#
3802|2110|2026-03-23 00:00:00.000|-2533.00000000000000000000|Direct Cost 20000 on 03/23/26|2026-04-09 17:02:53.060|#
3803|7190|2026-03-23 00:00:00.000|2533.00000000000000000000|Direct Cost 20000 on 03/23/26|2026-04-09 17:02:53.063|#
3804|6110|2026-03-23 00:00:00.000|-3247.00000000000000000000|Invoice 102297|2026-04-09 17:02:53.067|#
3805|5610|2026-03-23 00:00:00.000|-811.75000000000000000000|Invoice 102297|2026-04-09 17:02:53.067|#
3806|2310|2026-03-23 00:00:00.000|4058.75000000000000000000|Invoice 102297|2026-04-09 17:02:53.073|#
3807|2910|2026-03-23 00:00:00.000|4058.75000000000000000000|Invoice 102297|2026-04-09 17:02:53.087|#
3808|2310|2026-03-23 00:00:00.000|-4058.75000000000000000000|Invoice 102297|2026-04-09 17:02:53.087|#
3809|2110|2026-03-24 00:00:00.000|-4243.20000000000000000000|Direct Cost 30000 on 03/24/26|2026-04-09 17:02:53.157|#
3810|7190|2026-03-24 00:00:00.000|4243.20000000000000000000|Direct Cost 30000 on 03/24/26|2026-04-09 17:02:53.157|#
3811|6130|2026-03-24 00:00:00.000|-5440.20000000000000000000|Invoice 102298|2026-04-09 17:02:53.160|#
3812|2320|2026-03-24 00:00:00.000|5440.20000000000000000000|Invoice 102298|2026-04-09 17:02:53.167|#
3813|2910|2026-03-24 00:00:00.000|5440.20000000000000000000|Invoice 102298|2026-04-09 17:02:53.180|#
3814|2320|2026-03-24 00:00:00.000|-5440.20000000000000000000|Invoice 102298|2026-04-09 17:02:53.180|#
3815|2110|2026-03-26 00:00:00.000|-487.50000000000000000000|Direct Cost 10000 on 03/26/26|2026-04-09 17:02:53.247|#
3816|7190|2026-03-26 00:00:00.000|487.50000000000000000000|Direct Cost 10000 on 03/26/26|2026-04-09 17:02:53.250|#
3817|6110|2026-03-26 00:00:00.000|-625.50000000000000000000|Invoice 102299|2026-04-09 17:02:53.257|#
3818|5610|2026-03-26 00:00:00.000|-156.38000000000000000000|Invoice 102299|2026-04-09 17:02:53.257|#
3819|2310|2026-03-26 00:00:00.000|781.88000000000000000000|Invoice 102299|2026-04-09 17:02:53.260|#
3820|2910|2026-03-26 00:00:00.000|781.88000000000000000000|Invoice 102299|2026-04-09 17:02:53.277|#
3821|2310|2026-03-26 00:00:00.000|-781.88000000000000000000|Invoice 102299|2026-04-09 17:02:53.277|#
3822|2110|2026-03-30 00:00:00.000|-768.80000000000000000000|Direct Cost 10000 on 03/30/26|2026-04-09 17:02:53.347|#
3823|7190|2026-03-30 00:00:00.000|768.80000000000000000000|Direct Cost 10000 on 03/30/26|2026-04-09 17:02:53.347|#
3824|6110|2026-03-30 00:00:00.000|-986.40000000000000000000|Invoice 102300|2026-04-09 17:02:53.353|#
3825|5610|2026-03-30 00:00:00.000|-246.60000000000000000000|Invoice 102300|2026-04-09 17:02:53.353|#
3826|2310|2026-03-30 00:00:00.000|1233.00000000000000000000|Invoice 102300|2026-04-09 17:02:53.357|#
3827|2910|2026-03-30 00:00:00.000|1233.00000000000000000000|Invoice 102300|2026-04-09 17:02:53.373|#
3828|2310|2026-03-30 00:00:00.000|-1233.00000000000000000000|Invoice 102300|2026-04-09 17:02:53.373|#
3829|2110|2026-03-30 00:00:00.000|-1756.00000000000000000000|Direct Cost 20000 on 03/30/26|2026-04-09 17:02:53.440|#
3830|7190|2026-03-30 00:00:00.000|1756.00000000000000000000|Direct Cost 20000 on 03/30/26|2026-04-09 17:02:53.443|#
3831|6110|2026-03-30 00:00:00.000|-2251.20000000000000000000|Invoice 102301|2026-04-09 17:02:53.447|#
3832|5610|2026-03-30 00:00:00.000|-562.80000000000000000000|Invoice 102301|2026-04-09 17:02:53.447|#
3833|2310|2026-03-30 00:00:00.000|2814.00000000000000000000|Invoice 102301|2026-04-09 17:02:53.453|#
3834|2910|2026-03-30 00:00:00.000|2814.00000000000000000000|Invoice 102301|2026-04-09 17:02:53.470|#
3835|2310|2026-03-30 00:00:00.000|-2814.00000000000000000000|Invoice 102301|2026-04-09 17:02:53.470|#
3836|2110|2026-04-01 00:00:00.000|-2533.00000000000000000000|Direct Cost 30000 on 04/01/26|2026-04-09 17:02:53.850|#
3837|7190|2026-04-01 00:00:00.000|2533.00000000000000000000|Direct Cost 30000 on 04/01/26|2026-04-09 17:02:53.853|#
3838|6130|2026-04-01 00:00:00.000|-3247.00000000000000000000|Invoice 102302|2026-04-09 17:02:53.857|#
3839|2320|2026-04-01 00:00:00.000|3247.00000000000000000000|Invoice 102302|2026-04-09 17:02:53.860|#
3840|2910|2026-04-01 00:00:00.000|3247.00000000000000000000|Invoice 102302|2026-04-09 17:02:53.877|#
3841|2320|2026-04-01 00:00:00.000|-3247.00000000000000000000|Invoice 102302|2026-04-09 17:02:53.877|#
3842|2110|2026-04-01 00:00:00.000|-975.00000000000000000000|Direct Cost 40000 on 04/01/26|2026-04-09 17:02:53.960|#
3843|7190|2026-04-01 00:00:00.000|975.00000000000000000000|Direct Cost 40000 on 04/01/26|2026-04-09 17:02:53.963|#
3844|6120|2026-04-01 00:00:00.000|-1251.00000000000000000000|Invoice 102303|2026-04-09 17:02:53.967|#
3845|2320|2026-04-01 00:00:00.000|1251.00000000000000000000|Invoice 102303|2026-04-09 17:02:53.970|#
3846|2910|2026-04-01 00:00:00.000|1251.00000000000000000000|Invoice 102303|2026-04-09 17:02:53.987|#
3847|2320|2026-04-01 00:00:00.000|-1251.00000000000000000000|Invoice 102303|2026-04-09 17:02:53.987|#
3848|6120|2026-03-14 00:00:00.000|1386.25000000000000000000|102206|2026-04-09 17:02:54.153|#
3849|2310|2026-03-14 00:00:00.000|-1386.25000000000000000000|102206|2026-04-09 17:02:54.153|#
3850|6120|2026-02-22 00:00:00.000|1137.75000000000000000000|102207|2026-04-09 17:02:54.197|#
3851|2310|2026-02-22 00:00:00.000|-1137.75000000000000000000|102207|2026-04-09 17:02:54.197|#
3852|6120|2026-02-24 00:00:00.000|2085.88000000000000000000|102208|2026-04-09 17:02:54.273|#
3853|2310|2026-02-24 00:00:00.000|-2085.88000000000000000000|102208|2026-04-09 17:02:54.273|#
3854|6120|2026-02-20 00:00:00.000|204.00000000000000000000|102209|2026-04-09 17:02:54.303|#
3855|2310|2026-02-20 00:00:00.000|-204.00000000000000000000|102209|2026-04-09 17:02:54.303|#
3856|6120|2026-02-18 00:00:00.000|2346.00000000000000000000|102210|2026-04-09 17:02:54.337|#
3857|2310|2026-02-18 00:00:00.000|-2346.00000000000000000000|102210|2026-04-09 17:02:54.337|#
3858|6120|2026-02-16 00:00:00.000|189.63000000000000000000|102211|2026-04-09 17:02:54.367|#
3859|2310|2026-02-16 00:00:00.000|-189.63000000000000000000|102211|2026-04-09 17:02:54.367|#
3860|6120|2026-06-03 00:00:00.000|554.50000000000000000000|102212|2026-04-09 17:02:54.407|#
3861|2310|2026-06-03 00:00:00.000|-554.50000000000000000000|102212|2026-04-09 17:02:54.407|#
3862|6120|2026-01-28 00:00:00.000|3792.50000000000000000000|102213|2026-04-09 17:02:54.437|#
3863|2310|2026-01-28 00:00:00.000|-3792.50000000000000000000|102213|2026-04-09 17:02:54.437|#
3864|6120|2026-02-05 00:00:00.000|758.50000000000000000000|102214|2026-04-09 17:02:54.467|#
3865|2310|2026-02-05 00:00:00.000|-758.50000000000000000000|102214|2026-04-09 17:02:54.467|#
3866|6120|2026-01-30 00:00:00.000|1020.00000000000000000000|102215|2026-04-09 17:02:54.497|#
3867|2310|2026-01-30 00:00:00.000|-1020.00000000000000000000|102215|2026-04-09 17:02:54.497|#
3868|6120|2026-02-05 00:00:00.000|1428.00000000000000000000|102216|2026-04-09 17:02:54.527|#
3869|2310|2026-02-05 00:00:00.000|-1428.00000000000000000000|102216|2026-04-09 17:02:54.527|#
3870|6120|2026-03-01 00:00:00.000|379.25000000000000000000|102217|2026-04-09 17:02:54.560|#
3871|2310|2026-03-01 00:00:00.000|-379.25000000000000000000|102217|2026-04-09 17:02:54.560|#
3872|6120|2026-02-03 00:00:00.000|606.80000000000000000000|102218|2026-04-09 17:02:54.597|#
3873|2320|2026-02-03 00:00:00.000|-606.80000000000000000000|102218|2026-04-09 17:02:54.597|#
3874|6120|2026-02-08 00:00:00.000|1668.70000000000000000000|102219|2026-04-09 17:02:54.627|#
3875|2320|2026-02-08 00:00:00.000|-1668.70000000000000000000|102219|2026-04-09 17:02:54.627|#
3876|6120|2026-03-08 00:00:00.000|3034.00000000000000000000|102220|2026-04-09 17:02:54.657|#
3877|2320|2026-03-08 00:00:00.000|-3034.00000000000000000000|102220|2026-04-09 17:02:54.657|#
3878|6120|2026-02-24 00:00:00.000|303.40000000000000000000|102221|2026-04-09 17:02:54.683|#
3879|2320|2026-02-24 00:00:00.000|-303.40000000000000000000|102221|2026-04-09 17:02:54.683|#
