1|2110|2025-06-01 00:00:00.000|253300.00000000000000000000|Direct Cost  on 06/01/25|2026-05-19 23:24:50.567|#
2|7170|2025-06-01 00:00:00.000|-253300.00000000000000000000|Direct Cost  on 06/01/25|2026-05-19 23:24:50.590|#
3|2110|2025-06-01 00:00:00.000|48750.00000000000000000000|Direct Cost  on 06/01/25|2026-05-19 23:24:50.607|#
4|7170|2025-06-01 00:00:00.000|-48750.00000000000000000000|Direct Cost  on 06/01/25|2026-05-19 23:24:50.610|#
5|2110|2025-06-01 00:00:00.000|109750.00000000000000000000|Direct Cost  on 06/01/25|2026-05-19 23:24:50.617|#
6|7170|2025-06-01 00:00:00.000|-109750.00000000000000000000|Direct Cost  on 06/01/25|2026-05-19 23:24:50.623|#
7|2110|2025-06-01 00:00:00.000|48050.00000000000000000000|Direct Cost  on 06/01/25|2026-05-19 23:24:50.623|#
8|7170|2025-06-01 00:00:00.000|-48050.00000000000000000000|Direct Cost  on 06/01/25|2026-05-19 23:24:50.627|#
9|2110|2025-06-01 00:00:00.000|164000.00000000000000000000|Direct Cost  on 06/01/25|2026-05-19 23:24:50.627|#
10|7170|2025-06-01 00:00:00.000|-164000.00000000000000000000|Direct Cost  on 06/01/25|2026-05-19 23:24:50.630|#
11|2110|2025-06-01 00:00:00.000|13900.00000000000000000000|Direct Cost  on 06/01/25|2026-05-19 23:24:50.637|#
12|7170|2025-06-01 00:00:00.000|-13900.00000000000000000000|Direct Cost  on 06/01/25|2026-05-19 23:24:50.637|#
13|2110|2025-06-01 00:00:00.000|48750.00000000000000000000|Direct Cost  on 06/01/25|2026-05-19 23:24:50.640|#
14|7170|2025-06-01 00:00:00.000|-48750.00000000000000000000|Direct Cost  on 06/01/25|2026-05-19 23:24:50.643|#
15|2110|2025-06-01 00:00:00.000|48750.00000000000000000000|Direct Cost  on 06/01/25|2026-05-19 23:24:50.647|#
16|7170|2025-06-01 00:00:00.000|-48750.00000000000000000000|Direct Cost  on 06/01/25|2026-05-19 23:24:50.650|#
17|2110|2025-06-01 00:00:00.000|48750.00000000000000000000|Direct Cost  on 06/01/25|2026-05-19 23:24:50.650|#
18|7170|2025-06-01 00:00:00.000|-48750.00000000000000000000|Direct Cost  on 06/01/25|2026-05-19 23:24:50.653|#
19|2110|2025-06-01 00:00:00.000|48050.00000000000000000000|Direct Cost  on 06/01/25|2026-05-19 23:24:50.657|#
20|7170|2025-06-01 00:00:00.000|-48050.00000000000000000000|Direct Cost  on 06/01/25|2026-05-19 23:24:50.657|#
21|2110|2025-06-01 00:00:00.000|48050.00000000000000000000|Direct Cost  on 06/01/25|2026-05-19 23:24:50.663|#
22|7170|2025-06-01 00:00:00.000|-48050.00000000000000000000|Direct Cost  on 06/01/25|2026-05-19 23:24:50.663|#
23|2110|2025-06-01 00:00:00.000|48050.00000000000000000000|Direct Cost  on 06/01/25|2026-05-19 23:24:50.667|#
24|7170|2025-06-01 00:00:00.000|-48050.00000000000000000000|Direct Cost  on 06/01/25|2026-05-19 23:24:50.667|#
25|2110|2025-06-01 00:00:00.000|48750.00000000000000000000|Direct Cost  on 06/01/25|2026-05-19 23:24:50.670|#
26|7170|2025-06-01 00:00:00.000|-48750.00000000000000000000|Direct Cost  on 06/01/25|2026-05-19 23:24:50.673|#
27|2110|2025-06-01 00:00:00.000|353600.00000000000000000000|Direct Cost  on 06/01/25|2026-05-19 23:24:50.677|#
28|7170|2025-06-01 00:00:00.000|-353600.00000000000000000000|Direct Cost  on 06/01/25|2026-05-19 23:24:50.677|#
29|2110|2025-06-01 00:00:00.000|48050.00000000000000000000|Direct Cost  on 06/01/25|2026-05-19 23:24:50.680|#
30|7170|2025-06-01 00:00:00.000|-48050.00000000000000000000|Direct Cost  on 06/01/25|2026-05-19 23:24:50.683|#
31|2130|2025-06-01 00:00:00.000|1813.00000000000000000000|Direct Cost  on 06/01/25|2026-05-19 23:25:06.213|#
32|7270|2025-06-01 00:00:00.000|-1813.00000000000000000000|Direct Cost  on 06/01/25|2026-05-19 23:25:06.217|#
33|2130|2025-06-01 00:00:00.000|1406.50000000000000000000|Direct Cost  on 06/01/25|2026-05-19 23:25:06.217|#
34|7270|2025-06-01 00:00:00.000|-1406.50000000000000000000|Direct Cost  on 06/01/25|2026-05-19 23:25:06.220|#
35|2130|2025-06-01 00:00:00.000|598.00000000000000000000|Direct Cost  on 06/01/25|2026-05-19 23:25:06.223|#
36|7270|2025-06-01 00:00:00.000|-598.00000000000000000000|Direct Cost  on 06/01/25|2026-05-19 23:25:06.227|#
37|2130|2025-06-01 00:00:00.000|730.50000000000000000000|Direct Cost  on 06/01/25|2026-05-19 23:25:06.230|#
38|7270|2025-06-01 00:00:00.000|-730.50000000000000000000|Direct Cost  on 06/01/25|2026-05-19 23:25:06.230|#
39|2130|2025-06-01 00:00:00.000|155.50000000000000000000|Direct Cost  on 06/01/25|2026-05-19 23:25:06.233|#
40|7270|2025-06-01 00:00:00.000|-155.50000000000000000000|Direct Cost  on 06/01/25|2026-05-19 23:25:06.237|#
41|2130|2025-06-01 00:00:00.000|152.50000000000000000000|Direct Cost  on 06/01/25|2026-05-19 23:25:06.237|#
42|7270|2025-06-01 00:00:00.000|-152.50000000000000000000|Direct Cost  on 06/01/25|2026-05-19 23:25:06.240|#
43|2130|2025-06-01 00:00:00.000|311.50000000000000000000|Direct Cost  on 06/01/25|2026-05-19 23:25:06.243|#
44|7270|2025-06-01 00:00:00.000|-311.50000000000000000000|Direct Cost  on 06/01/25|2026-05-19 23:25:06.243|#
45|2130|2025-06-01 00:00:00.000|299.50000000000000000000|Direct Cost  on 06/01/25|2026-05-19 23:25:06.247|#
46|7270|2025-06-01 00:00:00.000|-299.50000000000000000000|Direct Cost  on 06/01/25|2026-05-19 23:25:06.250|#
47|2130|2025-06-01 00:00:00.000|800.50000000000000000000|Direct Cost  on 06/01/25|2026-05-19 23:25:06.250|#
48|7270|2025-06-01 00:00:00.000|-800.50000000000000000000|Direct Cost  on 06/01/25|2026-05-19 23:25:06.253|#
49|2130|2025-06-01 00:00:00.000|1611.00000000000000000000|Direct Cost  on 06/01/25|2026-05-19 23:25:06.257|#
50|7270|2025-06-01 00:00:00.000|-1611.00000000000000000000|Direct Cost  on 06/01/25|2026-05-19 23:25:06.257|#
51|2130|2025-06-01 00:00:00.000|251.50000000000000000000|Direct Cost  on 06/01/25|2026-05-19 23:25:06.260|#
52|7270|2025-06-01 00:00:00.000|-251.50000000000000000000|Direct Cost  on 06/01/25|2026-05-19 23:25:06.263|#
53|2130|2025-06-01 00:00:00.000|289.00000000000000000000|Direct Cost  on 06/01/25|2026-05-19 23:25:06.263|#
54|7270|2025-06-01 00:00:00.000|-289.00000000000000000000|Direct Cost  on 06/01/25|2026-05-19 23:25:06.267|#
55|2130|2025-06-01 00:00:00.000|2101.00000000000000000000|Direct Cost  on 06/01/25|2026-05-19 23:25:06.267|#
56|7270|2025-06-01 00:00:00.000|-2101.00000000000000000000|Direct Cost  on 06/01/25|2026-05-19 23:25:06.270|#
57|2130|2025-06-01 00:00:00.000|390.00000000000000000000|Direct Cost  on 06/01/25|2026-05-19 23:25:06.273|#
58|7270|2025-06-01 00:00:00.000|-390.00000000000000000000|Direct Cost  on 06/01/25|2026-05-19 23:25:06.277|#
59|2130|2025-06-01 00:00:00.000|747.00000000000000000000|Direct Cost  on 06/01/25|2026-05-19 23:25:06.280|#
60|7270|2025-06-01 00:00:00.000|-747.00000000000000000000|Direct Cost  on 06/01/25|2026-05-19 23:25:06.283|#
61|2130|2025-06-01 00:00:00.000|1212.00000000000000000000|Direct Cost  on 06/01/25|2026-05-19 23:25:06.287|#
62|7270|2025-06-01 00:00:00.000|-1212.00000000000000000000|Direct Cost  on 06/01/25|2026-05-19 23:25:06.287|#
63|2130|2025-06-01 00:00:00.000|346.50000000000000000000|Direct Cost  on 06/01/25|2026-05-19 23:25:06.293|#
64|7270|2025-06-01 00:00:00.000|-346.50000000000000000000|Direct Cost  on 06/01/25|2026-05-19 23:25:06.293|#
65|2130|2025-06-01 00:00:00.000|900.00000000000000000000|Direct Cost  on 06/01/25|2026-05-19 23:25:06.297|#
66|7270|2025-06-01 00:00:00.000|-900.00000000000000000000|Direct Cost  on 06/01/25|2026-05-19 23:25:06.300|#
67|2110|2025-06-01 00:00:00.000|18000.00000000000000000000|Direct Cost  on 06/01/25|2026-05-19 23:25:06.737|#
68|7170|2025-06-01 00:00:00.000|-18000.00000000000000000000|Direct Cost  on 06/01/25|2026-05-19 23:25:06.737|#
69|2110|2025-06-01 00:00:00.000|18000.00000000000000000000|Direct Cost  on 06/01/25|2026-05-19 23:25:07.247|#
70|7170|2025-06-01 00:00:00.000|-18000.00000000000000000000|Direct Cost  on 06/01/25|2026-05-19 23:25:07.250|#
71|2940|2026-01-15 00:00:00.000|-1780.49000000000000000000|Transfer, January 2026|2026-05-19 23:25:12.343|#
72|2920|2026-01-15 00:00:00.000|1780.49000000000000000000|Transfer, January 2026|2026-05-19 23:25:12.343|#
73|2940|2026-01-15 00:00:00.000|-2670.73000000000000000000|Transfer of funds for Spring 2026|2026-05-19 23:25:12.383|#
74|2920|2026-01-15 00:00:00.000|2670.73000000000000000000|Transfer of funds for Spring 2026|2026-05-19 23:25:12.383|#
75|2940|2026-01-15 00:00:00.000|-3560.98000000000000000000|Deposit 3, 2026|2026-05-19 23:25:12.423|#
76|2920|2026-01-15 00:00:00.000|3560.98000000000000000000|Deposit 3, 2026|2026-05-19 23:25:12.423|#
77|2940|2026-01-15 00:00:00.000|-3560.98000000000000000000|Deposit 4, 2026|2026-05-19 23:25:12.427|#
78|2920|2026-01-15 00:00:00.000|3560.98000000000000000000|Deposit 4, 2026|2026-05-19 23:25:12.427|#
79|2110|2025-01-01 00:00:00.000|2026.40000000000000000000|Direct Cost 20000 on 01/01/25|2026-05-19 23:25:12.837|#
80|7170|2025-01-01 00:00:00.000|-2026.40000000000000000000|Direct Cost 20000 on 01/01/25|2026-05-19 23:25:12.840|#
81|7110|2025-01-01 00:00:00.000|2026.40000000000000000000|Invoice 107001|2026-05-19 23:25:12.850|#
82|5630|2025-01-01 00:00:00.000|506.60000000000000000000|Invoice 107001|2026-05-19 23:25:12.850|#
83|5410|2025-01-01 00:00:00.000|-2533.00000000000000000000|Invoice 107001|2026-05-19 23:25:12.897|#
84|9340|2025-01-01 00:00:00.000|0.00000000000000000000|Residual caused by rounding of Additional-Currency Amount|2026-05-19 23:25:12.897|#
85|2910|2025-01-01 00:00:00.000|-2533.00000000000000000000|Invoice 107001|2026-05-19 23:25:12.997|#
86|5410|2025-01-01 00:00:00.000|2533.00000000000000000000|Invoice 107001|2026-05-19 23:25:12.997|#
87|2110|2025-01-01 00:00:00.000|1097.50000000000000000000|Direct Cost 30000 on 01/01/25|2026-05-19 23:25:13.173|#
88|7170|2025-01-01 00:00:00.000|-1097.50000000000000000000|Direct Cost 30000 on 01/01/25|2026-05-19 23:25:13.173|#
89|7120|2025-01-01 00:00:00.000|1097.50000000000000000000|Invoice 107002|2026-05-19 23:25:13.180|#
90|5630|2025-01-01 00:00:00.000|274.38000000000000000000|Invoice 107002|2026-05-19 23:25:13.180|#
91|5620|2025-01-01 00:00:00.000|-274.38000000000000000000|Invoice 107002|2026-05-19 23:25:13.180|#
92|5420|2025-01-01 00:00:00.000|-1097.50000000000000000000|Invoice 107002|2026-05-19 23:25:13.247|#
93|2910|2025-01-01 00:00:00.000|-1097.50000000000000000000|Invoice 107002|2026-05-19 23:25:13.260|#
94|5420|2025-01-01 00:00:00.000|1097.50000000000000000000|Invoice 107002|2026-05-19 23:25:13.260|#
95|2110|2025-01-01 00:00:00.000|288.30000000000000000000|Direct Cost 50000 on 01/01/25|2026-05-19 23:25:13.333|#
96|7170|2025-01-01 00:00:00.000|-288.30000000000000000000|Direct Cost 50000 on 01/01/25|2026-05-19 23:25:13.337|#
97|7110|2025-01-01 00:00:00.000|288.30000000000000000000|Invoice 107003|2026-05-19 23:25:13.340|#
98|5630|2025-01-01 00:00:00.000|72.08000000000000000000|Invoice 107003|2026-05-19 23:25:13.340|#
99|5410|2025-01-01 00:00:00.000|-360.38000000000000000000|Invoice 107003|2026-05-19 23:25:13.347|#
100|9340|2025-01-01 00:00:00.000|0.00000000000000000000|Residual caused by rounding of Additional-Currency Amount|2026-05-19 23:25:13.347|#
101|2910|2025-01-01 00:00:00.000|-360.38000000000000000000|Invoice 107003|2026-05-19 23:25:13.360|#
102|5410|2025-01-01 00:00:00.000|360.38000000000000000000|Invoice 107003|2026-05-19 23:25:13.360|#
103|2110|2025-01-01 00:00:00.000|222.40000000000000000000|Direct Cost 40000 on 01/01/25|2026-05-19 23:25:13.483|#
104|7170|2025-01-01 00:00:00.000|-222.40000000000000000000|Direct Cost 40000 on 01/01/25|2026-05-19 23:25:13.487|#
105|7110|2025-01-01 00:00:00.000|222.40000000000000000000|Invoice 107004|2026-05-19 23:25:13.490|#
106|5630|2025-01-01 00:00:00.000|55.60000000000000000000|Invoice 107004|2026-05-19 23:25:13.490|#
107|5410|2025-01-01 00:00:00.000|-278.00000000000000000000|Invoice 107004|2026-05-19 23:25:13.497|#
108|2910|2025-01-01 00:00:00.000|-278.00000000000000000000|Invoice 107004|2026-05-19 23:25:13.510|#
109|5410|2025-01-01 00:00:00.000|278.00000000000000000000|Invoice 107004|2026-05-19 23:25:13.510|#
110|2110|2025-01-01 00:00:00.000|975.00000000000000000000|Direct Cost 50000 on 01/01/25|2026-05-19 23:25:13.597|#
111|7170|2025-01-01 00:00:00.000|-975.00000000000000000000|Direct Cost 50000 on 01/01/25|2026-05-19 23:25:13.600|#
112|7110|2025-01-01 00:00:00.000|975.00000000000000000000|Invoice 107005|2026-05-19 23:25:13.607|#
113|5630|2025-01-01 00:00:00.000|243.75000000000000000000|Invoice 107005|2026-05-19 23:25:13.607|#
114|5410|2025-01-01 00:00:00.000|-1218.75000000000000000000|Invoice 107005|2026-05-19 23:25:13.613|#
115|9330|2025-01-01 00:00:00.000|0.00000000000000000000|Residual caused by rounding of Additional-Currency Amount|2026-05-19 23:25:13.613|#
116|2910|2025-01-01 00:00:00.000|-1218.75000000000000000000|Invoice 107005|2026-05-19 23:25:13.627|#
117|5410|2025-01-01 00:00:00.000|1218.75000000000000000000|Invoice 107005|2026-05-19 23:25:13.627|#
118|2110|2025-01-01 00:00:00.000|195.00000000000000000000|Direct Cost 40000 on 01/01/25|2026-05-19 23:25:13.703|#
119|7170|2025-01-01 00:00:00.000|-195.00000000000000000000|Direct Cost 40000 on 01/01/25|2026-05-19 23:25:13.707|#
120|7110|2025-01-01 00:00:00.000|195.00000000000000000000|Invoice 107006|2026-05-19 23:25:13.710|#
121|5630|2025-01-01 00:00:00.000|48.75000000000000000000|Invoice 107006|2026-05-19 23:25:13.710|#
122|5410|2025-01-01 00:00:00.000|-243.75000000000000000000|Invoice 107006|2026-05-19 23:25:13.713|#
123|2910|2025-01-01 00:00:00.000|-243.75000000000000000000|Invoice 107006|2026-05-19 23:25:13.727|#
124|5410|2025-01-01 00:00:00.000|243.75000000000000000000|Invoice 107006|2026-05-19 23:25:13.727|#
125|2110|2025-01-01 00:00:00.000|390.00000000000000000000|Direct Cost 10000 on 01/01/25|2026-05-19 23:25:13.803|#
126|7170|2025-01-01 00:00:00.000|-390.00000000000000000000|Direct Cost 10000 on 01/01/25|2026-05-19 23:25:13.807|#
127|7130|2025-01-01 00:00:00.000|390.00000000000000000000|Invoice 107007|2026-05-19 23:25:13.810|#
128|5420|2025-01-01 00:00:00.000|-390.00000000000000000000|Invoice 107007|2026-05-19 23:25:13.817|#
129|2910|2025-01-01 00:00:00.000|-390.00000000000000000000|Invoice 107007|2026-05-19 23:25:13.827|#
130|5420|2025-01-01 00:00:00.000|390.00000000000000000000|Invoice 107007|2026-05-19 23:25:13.827|#
131|2110|2025-01-01 00:00:00.000|961.00000000000000000000|Direct Cost 20000 on 01/01/25|2026-05-19 23:25:13.897|#
132|7170|2025-01-01 00:00:00.000|-961.00000000000000000000|Direct Cost 20000 on 01/01/25|2026-05-19 23:25:13.900|#
133|7110|2025-01-01 00:00:00.000|961.00000000000000000000|Invoice 107008|2026-05-19 23:25:13.903|#
134|5630|2025-01-01 00:00:00.000|240.25000000000000000000|Invoice 107008|2026-05-19 23:25:13.903|#
135|5410|2025-01-01 00:00:00.000|-1201.25000000000000000000|Invoice 107008|2026-05-19 23:25:13.910|#
136|2910|2025-01-01 00:00:00.000|-1201.25000000000000000000|Invoice 107008|2026-05-19 23:25:13.920|#
137|5410|2025-01-01 00:00:00.000|1201.25000000000000000000|Invoice 107008|2026-05-19 23:25:13.920|#
138|2110|2025-01-01 00:00:00.000|192.20000000000000000000|Direct Cost 40000 on 01/01/25|2026-05-19 23:25:13.993|#
139|7170|2025-01-01 00:00:00.000|-192.20000000000000000000|Direct Cost 40000 on 01/01/25|2026-05-19 23:25:13.997|#
140|7110|2025-01-01 00:00:00.000|192.20000000000000000000|Invoice 107009|2026-05-19 23:25:14.003|#
141|5630|2025-01-01 00:00:00.000|48.05000000000000000000|Invoice 107009|2026-05-19 23:25:14.003|#
142|5410|2025-01-01 00:00:00.000|-240.25000000000000000000|Invoice 107009|2026-05-19 23:25:14.010|#
143|2910|2025-01-01 00:00:00.000|-240.25000000000000000000|Invoice 107009|2026-05-19 23:25:14.027|#
144|5410|2025-01-01 00:00:00.000|240.25000000000000000000|Invoice 107009|2026-05-19 23:25:14.027|#
145|2110|2025-01-01 00:00:00.000|288.30000000000000000000|Direct Cost 20000 on 01/01/25|2026-05-19 23:25:14.103|#
146|7170|2025-01-01 00:00:00.000|-288.30000000000000000000|Direct Cost 20000 on 01/01/25|2026-05-19 23:25:14.107|#
147|7110|2025-01-01 00:00:00.000|288.30000000000000000000|Invoice 107010|2026-05-19 23:25:14.110|#
148|5630|2025-01-01 00:00:00.000|72.08000000000000000000|Invoice 107010|2026-05-19 23:25:14.110|#
149|5410|2025-01-01 00:00:00.000|-360.38000000000000000000|Invoice 107010|2026-05-19 23:25:14.117|#
150|9340|2025-01-01 00:00:00.000|0.00000000000000000000|Residual caused by rounding of Additional-Currency Amount|2026-05-19 23:25:14.117|#
151|2910|2025-01-01 00:00:00.000|-360.38000000000000000000|Invoice 107010|2026-05-19 23:25:14.133|#
152|5410|2025-01-01 00:00:00.000|360.38000000000000000000|Invoice 107010|2026-05-19 23:25:14.133|#
153|2110|2025-01-01 00:00:00.000|480.50000000000000000000|Direct Cost 10000 on 01/01/25|2026-05-19 23:25:14.213|#
154|7170|2025-01-01 00:00:00.000|-480.50000000000000000000|Direct Cost 10000 on 01/01/25|2026-05-19 23:25:14.213|#
155|7130|2025-01-01 00:00:00.000|480.50000000000000000000|Invoice 107011|2026-05-19 23:25:14.220|#
156|5420|2025-01-01 00:00:00.000|-480.50000000000000000000|Invoice 107011|2026-05-19 23:25:14.223|#
157|2910|2025-01-01 00:00:00.000|-480.50000000000000000000|Invoice 107011|2026-05-19 23:25:14.237|#
158|5420|2025-01-01 00:00:00.000|480.50000000000000000000|Invoice 107011|2026-05-19 23:25:14.237|#
159|2110|2025-11-01 00:00:00.000|3536.00000000000000000000|Direct Cost 50000 on 11/01/25|2026-05-19 23:25:14.317|#
160|7170|2025-11-01 00:00:00.000|-3536.00000000000000000000|Direct Cost 50000 on 11/01/25|2026-05-19 23:25:14.317|#
161|7110|2025-11-01 00:00:00.000|3536.00000000000000000000|Invoice 107012|2026-05-19 23:25:14.323|#
162|5630|2025-11-01 00:00:00.000|884.00000000000000000000|Invoice 107012|2026-05-19 23:25:14.323|#
163|5410|2025-11-01 00:00:00.000|-4420.00000000000000000000|Invoice 107012|2026-05-19 23:25:14.327|#
164|2910|2025-11-01 00:00:00.000|-4420.00000000000000000000|Invoice 107012|2026-05-19 23:25:14.340|#
165|5410|2025-11-01 00:00:00.000|4420.00000000000000000000|Invoice 107012|2026-05-19 23:25:14.340|#
166|2110|2025-09-01 00:00:00.000|3280.00000000000000000000|Direct Cost 40000 on 09/01/25|2026-05-19 23:25:14.420|#
167|7170|2025-09-01 00:00:00.000|-3280.00000000000000000000|Direct Cost 40000 on 09/01/25|2026-05-19 23:25:14.423|#
168|7110|2025-09-01 00:00:00.000|3280.00000000000000000000|Invoice 107013|2026-05-19 23:25:14.427|#
169|5630|2025-09-01 00:00:00.000|820.00000000000000000000|Invoice 107013|2026-05-19 23:25:14.427|#
170|5410|2025-09-01 00:00:00.000|-4100.00000000000000000000|Invoice 107013|2026-05-19 23:25:14.433|#
171|2910|2025-09-01 00:00:00.000|-4100.00000000000000000000|Invoice 107013|2026-05-19 23:25:14.447|#
172|5410|2025-09-01 00:00:00.000|4100.00000000000000000000|Invoice 107013|2026-05-19 23:25:14.447|#
173|2110|2025-12-01 00:00:00.000|8775.00000000000000000000|Direct Cost 40000 on 12/01/25|2026-05-19 23:25:14.527|#
174|7170|2025-12-01 00:00:00.000|-8775.00000000000000000000|Direct Cost 40000 on 12/01/25|2026-05-19 23:25:14.527|#
175|7110|2025-12-01 00:00:00.000|8775.00000000000000000000|Invoice 107014|2026-05-19 23:25:14.533|#
176|5630|2025-12-01 00:00:00.000|2193.75000000000000000000|Invoice 107014|2026-05-19 23:25:14.533|#
177|5410|2025-12-01 00:00:00.000|-10968.75000000000000000000|Invoice 107014|2026-05-19 23:25:14.540|#
178|2910|2025-12-01 00:00:00.000|-10968.75000000000000000000|Invoice 107014|2026-05-19 23:25:14.553|#
179|5410|2025-12-01 00:00:00.000|10968.75000000000000000000|Invoice 107014|2026-05-19 23:25:14.553|#
180|2110|2025-12-01 00:00:00.000|2690.80000000000000000000|Direct Cost 40000 on 12/01/25|2026-05-19 23:25:14.633|#
181|7170|2025-12-01 00:00:00.000|-2690.80000000000000000000|Direct Cost 40000 on 12/01/25|2026-05-19 23:25:14.637|#
182|7110|2025-12-01 00:00:00.000|2690.80000000000000000000|Invoice 107015|2026-05-19 23:25:14.640|#
183|5630|2025-12-01 00:00:00.000|672.70000000000000000000|Invoice 107015|2026-05-19 23:25:14.640|#
184|5410|2025-12-01 00:00:00.000|-3363.50000000000000000000|Invoice 107015|2026-05-19 23:25:14.647|#
185|2910|2025-12-01 00:00:00.000|-3363.50000000000000000000|Invoice 107015|2026-05-19 23:25:14.660|#
186|5410|2025-12-01 00:00:00.000|3363.50000000000000000000|Invoice 107015|2026-05-19 23:25:14.660|#
187|2110|2025-12-01 00:00:00.000|3536.00000000000000000000|Direct Cost 30000 on 12/01/25|2026-05-19 23:25:14.733|#
188|7170|2025-12-01 00:00:00.000|-3536.00000000000000000000|Direct Cost 30000 on 12/01/25|2026-05-19 23:25:14.737|#
189|7120|2025-12-01 00:00:00.000|3536.00000000000000000000|Invoice 107016|2026-05-19 23:25:14.740|#
190|5630|2025-12-01 00:00:00.000|884.00000000000000000000|Invoice 107016|2026-05-19 23:25:14.740|#
191|5620|2025-12-01 00:00:00.000|-884.00000000000000000000|Invoice 107016|2026-05-19 23:25:14.740|#
192|5420|2025-12-01 00:00:00.000|-3536.00000000000000000000|Invoice 107016|2026-05-19 23:25:14.750|#
193|2910|2025-12-01 00:00:00.000|-3536.00000000000000000000|Invoice 107016|2026-05-19 23:25:14.773|#
194|5420|2025-12-01 00:00:00.000|3536.00000000000000000000|Invoice 107016|2026-05-19 23:25:14.773|#
195|2110|2025-01-04 00:00:00.000|480.50000000000000000000|Direct Cost 20000 on 01/04/25|2026-05-19 23:25:14.890|#
196|7170|2025-01-04 00:00:00.000|-480.50000000000000000000|Direct Cost 20000 on 01/04/25|2026-05-19 23:25:14.893|#
197|2110|2025-01-04 00:00:00.000|487.50000000000000000000|Direct Cost 20000 on 01/04/25|2026-05-19 23:25:14.897|#
198|7170|2025-01-04 00:00:00.000|-487.50000000000000000000|Direct Cost 20000 on 01/04/25|2026-05-19 23:25:14.900|#
199|7110|2025-01-04 00:00:00.000|968.00000000000000000000|Invoice 107017|2026-05-19 23:25:14.903|#
200|5630|2025-01-04 00:00:00.000|242.00000000000000000000|Invoice 107017|2026-05-19 23:25:14.903|#
201|5410|2025-01-04 00:00:00.000|-1210.00000000000000000000|Invoice 107017|2026-05-19 23:25:14.910|#
202|2910|2025-01-04 00:00:00.000|-1210.00000000000000000000|Invoice 107017|2026-05-19 23:25:14.927|#
203|5410|2025-01-04 00:00:00.000|1210.00000000000000000000|Invoice 107017|2026-05-19 23:25:14.927|#
204|2110|2025-01-04 00:00:00.000|1640.00000000000000000000|Direct Cost 40000 on 01/04/25|2026-05-19 23:25:15.033|#
205|7170|2025-01-04 00:00:00.000|-1640.00000000000000000000|Direct Cost 40000 on 01/04/25|2026-05-19 23:25:15.037|#
206|7110|2025-01-04 00:00:00.000|1640.00000000000000000000|Invoice 107018|2026-05-19 23:25:15.043|#
207|5630|2025-01-04 00:00:00.000|410.00000000000000000000|Invoice 107018|2026-05-19 23:25:15.043|#
208|5410|2025-01-04 00:00:00.000|-2050.00000000000000000000|Invoice 107018|2026-05-19 23:25:15.047|#
209|2910|2025-01-04 00:00:00.000|-2050.00000000000000000000|Invoice 107018|2026-05-19 23:25:15.063|#
210|5410|2025-01-04 00:00:00.000|2050.00000000000000000000|Invoice 107018|2026-05-19 23:25:15.063|#
211|2110|2025-01-05 00:00:00.000|672.70000000000000000000|Direct Cost 30000 on 01/05/25|2026-05-19 23:25:15.137|#
212|7170|2025-01-05 00:00:00.000|-672.70000000000000000000|Direct Cost 30000 on 01/05/25|2026-05-19 23:25:15.140|#
213|7120|2025-01-05 00:00:00.000|672.70000000000000000000|Invoice 107019|2026-05-19 23:25:15.143|#
214|5630|2025-01-05 00:00:00.000|168.18000000000000000000|Invoice 107019|2026-05-19 23:25:15.143|#
215|5620|2025-01-05 00:00:00.000|-168.18000000000000000000|Invoice 107019|2026-05-19 23:25:15.143|#
216|5420|2025-01-05 00:00:00.000|-672.70000000000000000000|Invoice 107019|2026-05-19 23:25:15.150|#
217|2910|2025-01-05 00:00:00.000|-672.70000000000000000000|Invoice 107019|2026-05-19 23:25:15.167|#
218|5420|2025-01-05 00:00:00.000|672.70000000000000000000|Invoice 107019|2026-05-19 23:25:15.167|#
219|2110|2025-01-06 00:00:00.000|576.60000000000000000000|Direct Cost 20000 on 01/06/25|2026-05-19 23:25:15.240|#
220|7170|2025-01-06 00:00:00.000|-576.60000000000000000000|Direct Cost 20000 on 01/06/25|2026-05-19 23:25:15.243|#
221|7110|2025-01-06 00:00:00.000|576.60000000000000000000|Invoice 107020|2026-05-19 23:25:15.247|#
222|5630|2025-01-06 00:00:00.000|144.15000000000000000000|Invoice 107020|2026-05-19 23:25:15.247|#
223|5410|2025-01-06 00:00:00.000|-720.75000000000000000000|Invoice 107020|2026-05-19 23:25:15.253|#
224|2910|2025-01-06 00:00:00.000|-720.75000000000000000000|Invoice 107020|2026-05-19 23:25:15.267|#
225|5410|2025-01-06 00:00:00.000|720.75000000000000000000|Invoice 107020|2026-05-19 23:25:15.267|#
226|2110|2025-01-07 00:00:00.000|780.00000000000000000000|Direct Cost 50000 on 01/07/25|2026-05-19 23:25:15.360|#
227|7170|2025-01-07 00:00:00.000|-780.00000000000000000000|Direct Cost 50000 on 01/07/25|2026-05-19 23:25:15.363|#
228|2110|2025-01-07 00:00:00.000|384.40000000000000000000|Direct Cost 50000 on 01/07/25|2026-05-19 23:25:15.367|#
229|7170|2025-01-07 00:00:00.000|-384.40000000000000000000|Direct Cost 50000 on 01/07/25|2026-05-19 23:25:15.370|#
230|7110|2025-01-07 00:00:00.000|1164.40000000000000000000|Invoice 107021|2026-05-19 23:25:15.373|#
231|5630|2025-01-07 00:00:00.000|291.10000000000000000000|Invoice 107021|2026-05-19 23:25:15.373|#
232|5410|2025-01-07 00:00:00.000|-1455.50000000000000000000|Invoice 107021|2026-05-19 23:25:15.380|#
233|2910|2025-01-07 00:00:00.000|-1455.50000000000000000000|Invoice 107021|2026-05-19 23:25:15.393|#
234|5410|2025-01-07 00:00:00.000|1455.50000000000000000000|Invoice 107021|2026-05-19 23:25:15.393|#
235|2110|2025-01-07 00:00:00.000|780.00000000000000000000|Direct Cost 10000 on 01/07/25|2026-05-19 23:25:15.470|#
236|7170|2025-01-07 00:00:00.000|-780.00000000000000000000|Direct Cost 10000 on 01/07/25|2026-05-19 23:25:15.473|#
237|7130|2025-01-07 00:00:00.000|780.00000000000000000000|Invoice 107022|2026-05-19 23:25:15.477|#
238|5420|2025-01-07 00:00:00.000|-780.00000000000000000000|Invoice 107022|2026-05-19 23:25:15.483|#
239|2910|2025-01-07 00:00:00.000|-780.00000000000000000000|Invoice 107022|2026-05-19 23:25:15.497|#
240|5420|2025-01-07 00:00:00.000|780.00000000000000000000|Invoice 107022|2026-05-19 23:25:15.497|#
241|2110|2025-01-08 00:00:00.000|4559.40000000000000000000|Direct Cost 50000 on 01/08/25|2026-05-19 23:25:15.583|#
242|7170|2025-01-08 00:00:00.000|-4559.40000000000000000000|Direct Cost 50000 on 01/08/25|2026-05-19 23:25:15.587|#
243|7110|2025-01-08 00:00:00.000|4559.40000000000000000000|Invoice 107023|2026-05-19 23:25:15.590|#
244|5630|2025-01-08 00:00:00.000|1139.85000000000000000000|Invoice 107023|2026-05-19 23:25:15.590|#
245|5410|2025-01-08 00:00:00.000|-5699.25000000000000000000|Invoice 107023|2026-05-19 23:25:15.593|#
246|2910|2025-01-08 00:00:00.000|-5699.25000000000000000000|Invoice 107023|2026-05-19 23:25:15.607|#
247|5410|2025-01-08 00:00:00.000|5699.25000000000000000000|Invoice 107023|2026-05-19 23:25:15.607|#
248|2110|2025-01-09 00:00:00.000|682.50000000000000000000|Direct Cost 20000 on 01/09/25|2026-05-19 23:25:15.680|#
249|7170|2025-01-09 00:00:00.000|-682.50000000000000000000|Direct Cost 20000 on 01/09/25|2026-05-19 23:25:15.683|#
250|7110|2025-01-09 00:00:00.000|682.50000000000000000000|Invoice 107024|2026-05-19 23:25:15.687|#
251|5630|2025-01-09 00:00:00.000|170.63000000000000000000|Invoice 107024|2026-05-19 23:25:15.687|#
252|5410|2025-01-09 00:00:00.000|-853.13000000000000000000|Invoice 107024|2026-05-19 23:25:15.693|#
253|2910|2025-01-09 00:00:00.000|-853.13000000000000000000|Invoice 107024|2026-05-19 23:25:15.707|#
254|5410|2025-01-09 00:00:00.000|853.13000000000000000000|Invoice 107024|2026-05-19 23:25:15.707|#
255|2110|2025-01-10 00:00:00.000|278.00000000000000000000|Direct Cost 30000 on 01/10/25|2026-05-19 23:25:15.777|#
256|7170|2025-01-10 00:00:00.000|-278.00000000000000000000|Direct Cost 30000 on 01/10/25|2026-05-19 23:25:15.780|#
257|7120|2025-01-10 00:00:00.000|278.00000000000000000000|Invoice 107025|2026-05-19 23:25:15.787|#
258|5630|2025-01-10 00:00:00.000|69.50000000000000000000|Invoice 107025|2026-05-19 23:25:15.787|#
259|5620|2025-01-10 00:00:00.000|-69.50000000000000000000|Invoice 107025|2026-05-19 23:25:15.787|#
260|5420|2025-01-10 00:00:00.000|-278.00000000000000000000|Invoice 107025|2026-05-19 23:25:15.790|#
261|2910|2025-01-10 00:00:00.000|-278.00000000000000000000|Invoice 107025|2026-05-19 23:25:15.803|#
262|5420|2025-01-10 00:00:00.000|278.00000000000000000000|Invoice 107025|2026-05-19 23:25:15.803|#
263|2110|2025-01-10 00:00:00.000|4950.40000000000000000000|Direct Cost 40000 on 01/10/25|2026-05-19 23:25:15.877|#
264|7170|2025-01-10 00:00:00.000|-4950.40000000000000000000|Direct Cost 40000 on 01/10/25|2026-05-19 23:25:15.880|#
265|7110|2025-01-10 00:00:00.000|4950.40000000000000000000|Invoice 107026|2026-05-19 23:25:15.887|#
266|5630|2025-01-10 00:00:00.000|1237.60000000000000000000|Invoice 107026|2026-05-19 23:25:15.887|#
267|5410|2025-01-10 00:00:00.000|-6188.00000000000000000000|Invoice 107026|2026-05-19 23:25:15.893|#
268|2910|2025-01-10 00:00:00.000|-6188.00000000000000000000|Invoice 107026|2026-05-19 23:25:15.907|#
269|5410|2025-01-10 00:00:00.000|6188.00000000000000000000|Invoice 107026|2026-05-19 23:25:15.907|#
270|2110|2025-01-11 00:00:00.000|487.50000000000000000000|Direct Cost 40000 on 01/11/25|2026-05-19 23:25:15.980|#
271|7170|2025-01-11 00:00:00.000|-487.50000000000000000000|Direct Cost 40000 on 01/11/25|2026-05-19 23:25:15.983|#
272|7110|2025-01-11 00:00:00.000|487.50000000000000000000|Invoice 107027|2026-05-19 23:25:15.987|#
273|5630|2025-01-11 00:00:00.000|121.88000000000000000000|Invoice 107027|2026-05-19 23:25:15.987|#
274|5410|2025-01-11 00:00:00.000|-609.38000000000000000000|Invoice 107027|2026-05-19 23:25:15.993|#
275|9330|2025-01-11 00:00:00.000|0.00000000000000000000|Residual caused by rounding of Additional-Currency Amount|2026-05-19 23:25:15.993|#
276|2910|2025-01-11 00:00:00.000|-609.38000000000000000000|Invoice 107027|2026-05-19 23:25:16.013|#
277|5410|2025-01-11 00:00:00.000|609.38000000000000000000|Invoice 107027|2026-05-19 23:25:16.013|#
278|2110|2025-01-11 00:00:00.000|480.50000000000000000000|Direct Cost 30000 on 01/11/25|2026-05-19 23:25:16.090|#
279|7170|2025-01-11 00:00:00.000|-480.50000000000000000000|Direct Cost 30000 on 01/11/25|2026-05-19 23:25:16.093|#
280|7120|2025-01-11 00:00:00.000|480.50000000000000000000|Invoice 107028|2026-05-19 23:25:16.097|#
281|5630|2025-01-11 00:00:00.000|120.13000000000000000000|Invoice 107028|2026-05-19 23:25:16.097|#
282|5620|2025-01-11 00:00:00.000|-120.13000000000000000000|Invoice 107028|2026-05-19 23:25:16.097|#
283|5420|2025-01-11 00:00:00.000|-480.50000000000000000000|Invoice 107028|2026-05-19 23:25:16.107|#
284|2910|2025-01-11 00:00:00.000|-480.50000000000000000000|Invoice 107028|2026-05-19 23:25:16.120|#
285|5420|2025-01-11 00:00:00.000|480.50000000000000000000|Invoice 107028|2026-05-19 23:25:16.120|#
286|2110|2025-01-12 00:00:00.000|1317.00000000000000000000|Direct Cost 30000 on 01/12/25|2026-05-19 23:25:16.200|#
287|7170|2025-01-12 00:00:00.000|-1317.00000000000000000000|Direct Cost 30000 on 01/12/25|2026-05-19 23:25:16.210|#
288|7120|2025-01-12 00:00:00.000|1317.00000000000000000000|Invoice 107029|2026-05-19 23:25:16.217|#
289|5630|2025-01-12 00:00:00.000|329.25000000000000000000|Invoice 107029|2026-05-19 23:25:16.217|#
290|5620|2025-01-12 00:00:00.000|-329.25000000000000000000|Invoice 107029|2026-05-19 23:25:16.217|#
291|5420|2025-01-12 00:00:00.000|-1317.00000000000000000000|Invoice 107029|2026-05-19 23:25:16.223|#
292|2910|2025-01-12 00:00:00.000|-1317.00000000000000000000|Invoice 107029|2026-05-19 23:25:16.237|#
293|5420|2025-01-12 00:00:00.000|1317.00000000000000000000|Invoice 107029|2026-05-19 23:25:16.237|#
294|2110|2025-02-04 00:00:00.000|480.50000000000000000000|Direct Cost 20000 on 02/04/25|2026-05-19 23:25:16.347|#
295|7170|2025-02-04 00:00:00.000|-480.50000000000000000000|Direct Cost 20000 on 02/04/25|2026-05-19 23:25:16.350|#
296|2110|2025-02-04 00:00:00.000|487.50000000000000000000|Direct Cost 20000 on 02/04/25|2026-05-19 23:25:16.353|#
297|7170|2025-02-04 00:00:00.000|-487.50000000000000000000|Direct Cost 20000 on 02/04/25|2026-05-19 23:25:16.357|#
298|7110|2025-02-04 00:00:00.000|968.00000000000000000000|Invoice 107030|2026-05-19 23:25:16.360|#
299|5630|2025-02-04 00:00:00.000|242.00000000000000000000|Invoice 107030|2026-05-19 23:25:16.360|#
300|5410|2025-02-04 00:00:00.000|-1210.00000000000000000000|Invoice 107030|2026-05-19 23:25:16.367|#
301|2910|2025-02-04 00:00:00.000|-1210.00000000000000000000|Invoice 107030|2026-05-19 23:25:16.380|#
302|5410|2025-02-04 00:00:00.000|1210.00000000000000000000|Invoice 107030|2026-05-19 23:25:16.380|#
303|2110|2025-02-04 00:00:00.000|1312.00000000000000000000|Direct Cost 40000 on 02/04/25|2026-05-19 23:25:16.477|#
304|7170|2025-02-04 00:00:00.000|-1312.00000000000000000000|Direct Cost 40000 on 02/04/25|2026-05-19 23:25:16.480|#
305|7110|2025-02-04 00:00:00.000|1312.00000000000000000000|Invoice 107031|2026-05-19 23:25:16.487|#
306|5630|2025-02-04 00:00:00.000|328.00000000000000000000|Invoice 107031|2026-05-19 23:25:16.487|#
307|5410|2025-02-04 00:00:00.000|-1640.00000000000000000000|Invoice 107031|2026-05-19 23:25:16.493|#
308|2910|2025-02-04 00:00:00.000|-1640.00000000000000000000|Invoice 107031|2026-05-19 23:25:16.510|#
309|5410|2025-02-04 00:00:00.000|1640.00000000000000000000|Invoice 107031|2026-05-19 23:25:16.510|#
310|2110|2025-02-05 00:00:00.000|672.70000000000000000000|Direct Cost 30000 on 02/05/25|2026-05-19 23:25:16.583|#
311|7170|2025-02-05 00:00:00.000|-672.70000000000000000000|Direct Cost 30000 on 02/05/25|2026-05-19 23:25:16.587|#
312|7120|2025-02-05 00:00:00.000|672.70000000000000000000|Invoice 107032|2026-05-19 23:25:16.590|#
313|5630|2025-02-05 00:00:00.000|168.18000000000000000000|Invoice 107032|2026-05-19 23:25:16.590|#
314|5620|2025-02-05 00:00:00.000|-168.18000000000000000000|Invoice 107032|2026-05-19 23:25:16.590|#
315|5420|2025-02-05 00:00:00.000|-672.70000000000000000000|Invoice 107032|2026-05-19 23:25:16.597|#
316|2910|2025-02-05 00:00:00.000|-672.70000000000000000000|Invoice 107032|2026-05-19 23:25:16.610|#
317|5420|2025-02-05 00:00:00.000|672.70000000000000000000|Invoice 107032|2026-05-19 23:25:16.610|#
318|2110|2025-02-06 00:00:00.000|975.00000000000000000000|Direct Cost 50000 on 02/06/25|2026-05-19 23:25:16.707|#
319|7170|2025-02-06 00:00:00.000|-975.00000000000000000000|Direct Cost 50000 on 02/06/25|2026-05-19 23:25:16.710|#
320|2110|2025-02-06 00:00:00.000|384.40000000000000000000|Direct Cost 50000 on 02/06/25|2026-05-19 23:25:16.713|#
321|7170|2025-02-06 00:00:00.000|-384.40000000000000000000|Direct Cost 50000 on 02/06/25|2026-05-19 23:25:16.717|#
322|7110|2025-02-06 00:00:00.000|1359.40000000000000000000|Invoice 107033|2026-05-19 23:25:16.720|#
323|5630|2025-02-06 00:00:00.000|339.85000000000000000000|Invoice 107033|2026-05-19 23:25:16.720|#
324|5410|2025-02-06 00:00:00.000|-1699.25000000000000000000|Invoice 107033|2026-05-19 23:25:16.727|#
325|9330|2025-02-06 00:00:00.000|0.00000000000000000000|Residual caused by rounding of Additional-Currency Amount|2026-05-19 23:25:16.727|#
326|2910|2025-02-06 00:00:00.000|-1699.25000000000000000000|Invoice 107033|2026-05-19 23:25:16.743|#
327|5410|2025-02-06 00:00:00.000|1699.25000000000000000000|Invoice 107033|2026-05-19 23:25:16.743|#
328|2110|2025-02-06 00:00:00.000|877.50000000000000000000|Direct Cost 10000 on 02/06/25|2026-05-19 23:25:16.820|#
329|7170|2025-02-06 00:00:00.000|-877.50000000000000000000|Direct Cost 10000 on 02/06/25|2026-05-19 23:25:16.823|#
330|7130|2025-02-06 00:00:00.000|877.50000000000000000000|Invoice 107034|2026-05-19 23:25:16.827|#
331|5420|2025-02-06 00:00:00.000|-877.50000000000000000000|Invoice 107034|2026-05-19 23:25:16.833|#
332|2910|2025-02-06 00:00:00.000|-877.50000000000000000000|Invoice 107034|2026-05-19 23:25:16.847|#
333|5420|2025-02-06 00:00:00.000|877.50000000000000000000|Invoice 107034|2026-05-19 23:25:16.847|#
334|2110|2025-02-06 00:00:00.000|576.60000000000000000000|Direct Cost 20000 on 02/06/25|2026-05-19 23:25:16.920|#
335|7170|2025-02-06 00:00:00.000|-576.60000000000000000000|Direct Cost 20000 on 02/06/25|2026-05-19 23:25:16.923|#
336|7110|2025-02-06 00:00:00.000|576.60000000000000000000|Invoice 107035|2026-05-19 23:25:16.927|#
337|5630|2025-02-06 00:00:00.000|144.15000000000000000000|Invoice 107035|2026-05-19 23:25:16.927|#
338|5410|2025-02-06 00:00:00.000|-720.75000000000000000000|Invoice 107035|2026-05-19 23:25:16.933|#
339|2910|2025-02-06 00:00:00.000|-720.75000000000000000000|Invoice 107035|2026-05-19 23:25:16.947|#
340|5410|2025-02-06 00:00:00.000|720.75000000000000000000|Invoice 107035|2026-05-19 23:25:16.947|#
341|2110|2025-02-08 00:00:00.000|6585.80000000000000000000|Direct Cost 50000 on 02/08/25|2026-05-19 23:25:17.023|#
342|7170|2025-02-08 00:00:00.000|-6585.80000000000000000000|Direct Cost 50000 on 02/08/25|2026-05-19 23:25:17.027|#
343|7110|2025-02-08 00:00:00.000|6585.80000000000000000000|Invoice 107036|2026-05-19 23:25:17.030|#
344|5630|2025-02-08 00:00:00.000|1646.45000000000000000000|Invoice 107036|2026-05-19 23:25:17.030|#
345|5410|2025-02-08 00:00:00.000|-8232.25000000000000000000|Invoice 107036|2026-05-19 23:25:17.037|#
346|9340|2025-02-08 00:00:00.000|0.00000000000000000000|Residual caused by rounding of Additional-Currency Amount|2026-05-19 23:25:17.037|#
347|2910|2025-02-08 00:00:00.000|-8232.25000000000000000000|Invoice 107036|2026-05-19 23:25:17.050|#
348|5410|2025-02-08 00:00:00.000|8232.25000000000000000000|Invoice 107036|2026-05-19 23:25:17.050|#
349|2110|2025-02-08 00:00:00.000|682.50000000000000000000|Direct Cost 20000 on 02/08/25|2026-05-19 23:25:17.130|#
350|7170|2025-02-08 00:00:00.000|-682.50000000000000000000|Direct Cost 20000 on 02/08/25|2026-05-19 23:25:17.133|#
351|7110|2025-02-08 00:00:00.000|682.50000000000000000000|Invoice 107037|2026-05-19 23:25:17.137|#
352|5630|2025-02-08 00:00:00.000|170.63000000000000000000|Invoice 107037|2026-05-19 23:25:17.137|#
353|5410|2025-02-08 00:00:00.000|-853.13000000000000000000|Invoice 107037|2026-05-19 23:25:17.143|#
354|2910|2025-02-08 00:00:00.000|-853.13000000000000000000|Invoice 107037|2026-05-19 23:25:17.157|#
355|5410|2025-02-08 00:00:00.000|853.13000000000000000000|Invoice 107037|2026-05-19 23:25:17.157|#
356|2110|2025-02-09 00:00:00.000|305.80000000000000000000|Direct Cost 30000 on 02/09/25|2026-05-19 23:25:17.237|#
357|7170|2025-02-09 00:00:00.000|-305.80000000000000000000|Direct Cost 30000 on 02/09/25|2026-05-19 23:25:17.237|#
358|7120|2025-02-09 00:00:00.000|305.80000000000000000000|Invoice 107038|2026-05-19 23:25:17.243|#
359|5630|2025-02-09 00:00:00.000|76.45000000000000000000|Invoice 107038|2026-05-19 23:25:17.243|#
360|5620|2025-02-09 00:00:00.000|-76.45000000000000000000|Invoice 107038|2026-05-19 23:25:17.243|#
361|5420|2025-02-09 00:00:00.000|-305.80000000000000000000|Invoice 107038|2026-05-19 23:25:17.250|#
362|2910|2025-02-09 00:00:00.000|-305.80000000000000000000|Invoice 107038|2026-05-19 23:25:17.263|#
363|5420|2025-02-09 00:00:00.000|305.80000000000000000000|Invoice 107038|2026-05-19 23:25:17.263|#
364|2110|2025-02-09 00:00:00.000|4243.20000000000000000000|Direct Cost 40000 on 02/09/25|2026-05-19 23:25:17.337|#
365|7170|2025-02-09 00:00:00.000|-4243.20000000000000000000|Direct Cost 40000 on 02/09/25|2026-05-19 23:25:17.337|#
366|7110|2025-02-09 00:00:00.000|4243.20000000000000000000|Invoice 107039|2026-05-19 23:25:17.343|#
367|5630|2025-02-09 00:00:00.000|1060.80000000000000000000|Invoice 107039|2026-05-19 23:25:17.343|#
368|5410|2025-02-09 00:00:00.000|-5304.00000000000000000000|Invoice 107039|2026-05-19 23:25:17.347|#
369|2910|2025-02-09 00:00:00.000|-5304.00000000000000000000|Invoice 107039|2026-05-19 23:25:17.363|#
370|5410|2025-02-09 00:00:00.000|5304.00000000000000000000|Invoice 107039|2026-05-19 23:25:17.363|#
371|2110|2025-02-10 00:00:00.000|487.50000000000000000000|Direct Cost 40000 on 02/10/25|2026-05-19 23:25:17.437|#
372|7170|2025-02-10 00:00:00.000|-487.50000000000000000000|Direct Cost 40000 on 02/10/25|2026-05-19 23:25:17.440|#
373|7110|2025-02-10 00:00:00.000|487.50000000000000000000|Invoice 107040|2026-05-19 23:25:17.443|#
374|5630|2025-02-10 00:00:00.000|121.88000000000000000000|Invoice 107040|2026-05-19 23:25:17.443|#
375|5410|2025-02-10 00:00:00.000|-609.38000000000000000000|Invoice 107040|2026-05-19 23:25:17.450|#
376|9330|2025-02-10 00:00:00.000|0.00000000000000000000|Residual caused by rounding of Additional-Currency Amount|2026-05-19 23:25:17.450|#
377|2910|2025-02-10 00:00:00.000|-609.38000000000000000000|Invoice 107040|2026-05-19 23:25:17.463|#
378|5410|2025-02-10 00:00:00.000|609.38000000000000000000|Invoice 107040|2026-05-19 23:25:17.463|#
379|2110|2025-02-10 00:00:00.000|480.50000000000000000000|Direct Cost 30000 on 02/10/25|2026-05-19 23:25:17.540|#
380|7170|2025-02-10 00:00:00.000|-480.50000000000000000000|Direct Cost 30000 on 02/10/25|2026-05-19 23:25:17.540|#
381|7120|2025-02-10 00:00:00.000|480.50000000000000000000|Invoice 107041|2026-05-19 23:25:17.547|#
382|5630|2025-02-10 00:00:00.000|120.13000000000000000000|Invoice 107041|2026-05-19 23:25:17.547|#
383|5620|2025-02-10 00:00:00.000|-120.13000000000000000000|Invoice 107041|2026-05-19 23:25:17.547|#
384|5420|2025-02-10 00:00:00.000|-480.50000000000000000000|Invoice 107041|2026-05-19 23:25:17.553|#
385|2910|2025-02-10 00:00:00.000|-480.50000000000000000000|Invoice 107041|2026-05-19 23:25:17.567|#
386|5420|2025-02-10 00:00:00.000|480.50000000000000000000|Invoice 107041|2026-05-19 23:25:17.567|#
387|2110|2025-02-11 00:00:00.000|1756.00000000000000000000|Direct Cost 30000 on 02/11/25|2026-05-19 23:25:17.637|#
388|7170|2025-02-11 00:00:00.000|-1756.00000000000000000000|Direct Cost 30000 on 02/11/25|2026-05-19 23:25:17.640|#
389|7120|2025-02-11 00:00:00.000|1756.00000000000000000000|Invoice 107042|2026-05-19 23:25:17.647|#
390|5630|2025-02-11 00:00:00.000|439.00000000000000000000|Invoice 107042|2026-05-19 23:25:17.647|#
391|5620|2025-02-11 00:00:00.000|-439.00000000000000000000|Invoice 107042|2026-05-19 23:25:17.647|#
392|5420|2025-02-11 00:00:00.000|-1756.00000000000000000000|Invoice 107042|2026-05-19 23:25:17.650|#
393|2910|2025-02-11 00:00:00.000|-1756.00000000000000000000|Invoice 107042|2026-05-19 23:25:17.667|#
394|5420|2025-02-11 00:00:00.000|1756.00000000000000000000|Invoice 107042|2026-05-19 23:25:17.667|#
395|2110|2025-03-04 00:00:00.000|576.60000000000000000000|Direct Cost 20000 on 03/04/25|2026-05-19 23:25:17.777|#
396|7170|2025-03-04 00:00:00.000|-576.60000000000000000000|Direct Cost 20000 on 03/04/25|2026-05-19 23:25:17.777|#
397|2110|2025-03-04 00:00:00.000|585.00000000000000000000|Direct Cost 20000 on 03/04/25|2026-05-19 23:25:17.780|#
398|7170|2025-03-04 00:00:00.000|-585.00000000000000000000|Direct Cost 20000 on 03/04/25|2026-05-19 23:25:17.783|#
399|7110|2025-03-04 00:00:00.000|1161.60000000000000000000|Invoice 107043|2026-05-19 23:25:17.787|#
400|5630|2025-03-04 00:00:00.000|290.40000000000000000000|Invoice 107043|2026-05-19 23:25:17.787|#
401|5410|2025-03-04 00:00:00.000|-1452.00000000000000000000|Invoice 107043|2026-05-19 23:25:17.793|#
402|2910|2025-03-04 00:00:00.000|-1452.00000000000000000000|Invoice 107043|2026-05-19 23:25:17.807|#
403|5410|2025-03-04 00:00:00.000|1452.00000000000000000000|Invoice 107043|2026-05-19 23:25:17.807|#
404|2110|2025-03-04 00:00:00.000|2296.00000000000000000000|Direct Cost 40000 on 03/04/25|2026-05-19 23:25:17.883|#
405|7170|2025-03-04 00:00:00.000|-2296.00000000000000000000|Direct Cost 40000 on 03/04/25|2026-05-19 23:25:17.887|#
406|7110|2025-03-04 00:00:00.000|2296.00000000000000000000|Invoice 107044|2026-05-19 23:25:17.890|#
407|5630|2025-03-04 00:00:00.000|574.00000000000000000000|Invoice 107044|2026-05-19 23:25:17.890|#
408|5410|2025-03-04 00:00:00.000|-2870.00000000000000000000|Invoice 107044|2026-05-19 23:25:17.897|#
409|2910|2025-03-04 00:00:00.000|-2870.00000000000000000000|Invoice 107044|2026-05-19 23:25:17.907|#
410|5410|2025-03-04 00:00:00.000|2870.00000000000000000000|Invoice 107044|2026-05-19 23:25:17.907|#
411|2110|2025-03-05 00:00:00.000|864.90000000000000000000|Direct Cost 30000 on 03/05/25|2026-05-19 23:25:17.977|#
412|7170|2025-03-05 00:00:00.000|-864.90000000000000000000|Direct Cost 30000 on 03/05/25|2026-05-19 23:25:17.980|#
413|7120|2025-03-05 00:00:00.000|864.90000000000000000000|Invoice 107045|2026-05-19 23:25:17.983|#
414|5630|2025-03-05 00:00:00.000|216.23000000000000000000|Invoice 107045|2026-05-19 23:25:17.983|#
415|5620|2025-03-05 00:00:00.000|-216.23000000000000000000|Invoice 107045|2026-05-19 23:25:17.983|#
416|5420|2025-03-05 00:00:00.000|-864.90000000000000000000|Invoice 107045|2026-05-19 23:25:17.990|#
417|2910|2025-03-05 00:00:00.000|-864.90000000000000000000|Invoice 107045|2026-05-19 23:25:18.003|#
418|5420|2025-03-05 00:00:00.000|864.90000000000000000000|Invoice 107045|2026-05-19 23:25:18.003|#
419|2110|2025-03-06 00:00:00.000|768.80000000000000000000|Direct Cost 20000 on 03/06/25|2026-05-19 23:25:18.073|#
420|7170|2025-03-06 00:00:00.000|-768.80000000000000000000|Direct Cost 20000 on 03/06/25|2026-05-19 23:25:18.077|#
421|7110|2025-03-06 00:00:00.000|768.80000000000000000000|Invoice 107046|2026-05-19 23:25:18.080|#
422|5630|2025-03-06 00:00:00.000|192.20000000000000000000|Invoice 107046|2026-05-19 23:25:18.083|#
423|5410|2025-03-06 00:00:00.000|-961.00000000000000000000|Invoice 107046|2026-05-19 23:25:18.087|#
424|2910|2025-03-06 00:00:00.000|-961.00000000000000000000|Invoice 107046|2026-05-19 23:25:18.100|#
425|5410|2025-03-06 00:00:00.000|961.00000000000000000000|Invoice 107046|2026-05-19 23:25:18.100|#
426|2110|2025-03-07 00:00:00.000|1072.50000000000000000000|Direct Cost 50000 on 03/07/25|2026-05-19 23:25:18.197|#
427|7170|2025-03-07 00:00:00.000|-1072.50000000000000000000|Direct Cost 50000 on 03/07/25|2026-05-19 23:25:18.200|#
428|2110|2025-03-07 00:00:00.000|576.60000000000000000000|Direct Cost 50000 on 03/07/25|2026-05-19 23:25:18.203|#
429|7170|2025-03-07 00:00:00.000|-576.60000000000000000000|Direct Cost 50000 on 03/07/25|2026-05-19 23:25:18.203|#
430|7110|2025-03-07 00:00:00.000|1649.10000000000000000000|Invoice 107047|2026-05-19 23:25:18.210|#
431|5630|2025-03-07 00:00:00.000|412.28000000000000000000|Invoice 107047|2026-05-19 23:25:18.210|#
432|5410|2025-03-07 00:00:00.000|-2061.38000000000000000000|Invoice 107047|2026-05-19 23:25:18.217|#
433|2910|2025-03-07 00:00:00.000|-2061.38000000000000000000|Invoice 107047|2026-05-19 23:25:18.230|#
434|5410|2025-03-07 00:00:00.000|2061.38000000000000000000|Invoice 107047|2026-05-19 23:25:18.230|#
435|2110|2025-03-07 00:00:00.000|975.00000000000000000000|Direct Cost 10000 on 03/07/25|2026-05-19 23:25:18.303|#
436|7170|2025-03-07 00:00:00.000|-975.00000000000000000000|Direct Cost 10000 on 03/07/25|2026-05-19 23:25:18.307|#
437|7130|2025-03-07 00:00:00.000|975.00000000000000000000|Invoice 107048|2026-05-19 23:25:18.313|#
438|5420|2025-03-07 00:00:00.000|-975.00000000000000000000|Invoice 107048|2026-05-19 23:25:18.317|#
439|2910|2025-03-07 00:00:00.000|-975.00000000000000000000|Invoice 107048|2026-05-19 23:25:18.330|#
440|5420|2025-03-07 00:00:00.000|975.00000000000000000000|Invoice 107048|2026-05-19 23:25:18.330|#
441|2110|2025-03-08 00:00:00.000|7599.00000000000000000000|Direct Cost 50000 on 03/08/25|2026-05-19 23:25:18.410|#
442|7170|2025-03-08 00:00:00.000|-7599.00000000000000000000|Direct Cost 50000 on 03/08/25|2026-05-19 23:25:18.413|#
443|7110|2025-03-08 00:00:00.000|7599.00000000000000000000|Invoice 107049|2026-05-19 23:25:18.417|#
444|5630|2025-03-08 00:00:00.000|1899.75000000000000000000|Invoice 107049|2026-05-19 23:25:18.417|#
445|5410|2025-03-08 00:00:00.000|-9498.75000000000000000000|Invoice 107049|2026-05-19 23:25:18.423|#
446|2910|2025-03-08 00:00:00.000|-9498.75000000000000000000|Invoice 107049|2026-05-19 23:25:18.437|#
447|5410|2025-03-08 00:00:00.000|9498.75000000000000000000|Invoice 107049|2026-05-19 23:25:18.437|#
448|2110|2025-03-09 00:00:00.000|877.50000000000000000000|Direct Cost 20000 on 03/09/25|2026-05-19 23:25:18.533|#
449|7170|2025-03-09 00:00:00.000|-877.50000000000000000000|Direct Cost 20000 on 03/09/25|2026-05-19 23:25:18.537|#
450|7110|2025-03-09 00:00:00.000|877.50000000000000000000|Invoice 107050|2026-05-19 23:25:18.543|#
451|5630|2025-03-09 00:00:00.000|219.38000000000000000000|Invoice 107050|2026-05-19 23:25:18.543|#
452|5410|2025-03-09 00:00:00.000|-1096.88000000000000000000|Invoice 107050|2026-05-19 23:25:18.547|#
453|2910|2025-03-09 00:00:00.000|-1096.88000000000000000000|Invoice 107050|2026-05-19 23:25:18.560|#
454|5410|2025-03-09 00:00:00.000|1096.88000000000000000000|Invoice 107050|2026-05-19 23:25:18.560|#
455|2110|2025-03-10 00:00:00.000|361.40000000000000000000|Direct Cost 30000 on 03/10/25|2026-05-19 23:25:18.637|#
456|7170|2025-03-10 00:00:00.000|-361.40000000000000000000|Direct Cost 30000 on 03/10/25|2026-05-19 23:25:18.637|#
457|7120|2025-03-10 00:00:00.000|361.40000000000000000000|Invoice 107051|2026-05-19 23:25:18.643|#
458|5630|2025-03-10 00:00:00.000|90.35000000000000000000|Invoice 107051|2026-05-19 23:25:18.643|#
459|5620|2025-03-10 00:00:00.000|-90.35000000000000000000|Invoice 107051|2026-05-19 23:25:18.643|#
460|5420|2025-03-10 00:00:00.000|-361.40000000000000000000|Invoice 107051|2026-05-19 23:25:18.650|#
461|2910|2025-03-10 00:00:00.000|-361.40000000000000000000|Invoice 107051|2026-05-19 23:25:18.663|#
462|5420|2025-03-10 00:00:00.000|361.40000000000000000000|Invoice 107051|2026-05-19 23:25:18.663|#
463|2110|2025-03-10 00:00:00.000|7072.00000000000000000000|Direct Cost 40000 on 03/10/25|2026-05-19 23:25:18.737|#
464|7170|2025-03-10 00:00:00.000|-7072.00000000000000000000|Direct Cost 40000 on 03/10/25|2026-05-19 23:25:18.740|#
465|7110|2025-03-10 00:00:00.000|7072.00000000000000000000|Invoice 107052|2026-05-19 23:25:18.747|#
466|5630|2025-03-10 00:00:00.000|1768.00000000000000000000|Invoice 107052|2026-05-19 23:25:18.747|#
467|5410|2025-03-10 00:00:00.000|-8840.00000000000000000000|Invoice 107052|2026-05-19 23:25:18.750|#
468|2910|2025-03-10 00:00:00.000|-8840.00000000000000000000|Invoice 107052|2026-05-19 23:25:18.767|#
469|5410|2025-03-10 00:00:00.000|8840.00000000000000000000|Invoice 107052|2026-05-19 23:25:18.767|#
470|2110|2025-03-11 00:00:00.000|585.00000000000000000000|Direct Cost 40000 on 03/11/25|2026-05-19 23:25:18.833|#
471|7170|2025-03-11 00:00:00.000|-585.00000000000000000000|Direct Cost 40000 on 03/11/25|2026-05-19 23:25:18.837|#
472|7110|2025-03-11 00:00:00.000|585.00000000000000000000|Invoice 107053|2026-05-19 23:25:18.840|#
473|5630|2025-03-11 00:00:00.000|146.25000000000000000000|Invoice 107053|2026-05-19 23:25:18.840|#
474|5410|2025-03-11 00:00:00.000|-731.25000000000000000000|Invoice 107053|2026-05-19 23:25:18.847|#
475|9340|2025-03-11 00:00:00.000|0.00000000000000000000|Residual caused by rounding of Additional-Currency Amount|2026-05-19 23:25:18.847|#
476|2910|2025-03-11 00:00:00.000|-731.25000000000000000000|Invoice 107053|2026-05-19 23:25:18.860|#
477|5410|2025-03-11 00:00:00.000|731.25000000000000000000|Invoice 107053|2026-05-19 23:25:18.860|#
478|2110|2025-03-11 00:00:00.000|672.70000000000000000000|Direct Cost 30000 on 03/11/25|2026-05-19 23:25:18.930|#
479|7170|2025-03-11 00:00:00.000|-672.70000000000000000000|Direct Cost 30000 on 03/11/25|2026-05-19 23:25:18.933|#
480|7120|2025-03-11 00:00:00.000|672.70000000000000000000|Invoice 107054|2026-05-19 23:25:18.937|#
481|5630|2025-03-11 00:00:00.000|168.18000000000000000000|Invoice 107054|2026-05-19 23:25:18.937|#
482|5620|2025-03-11 00:00:00.000|-168.18000000000000000000|Invoice 107054|2026-05-19 23:25:18.937|#
483|5420|2025-03-11 00:00:00.000|-672.70000000000000000000|Invoice 107054|2026-05-19 23:25:18.943|#
484|2910|2025-03-11 00:00:00.000|-672.70000000000000000000|Invoice 107054|2026-05-19 23:25:18.957|#
485|5420|2025-03-11 00:00:00.000|672.70000000000000000000|Invoice 107054|2026-05-19 23:25:18.957|#
486|2110|2025-03-12 00:00:00.000|1975.50000000000000000000|Direct Cost 30000 on 03/12/25|2026-05-19 23:25:19.023|#
487|7170|2025-03-12 00:00:00.000|-1975.50000000000000000000|Direct Cost 30000 on 03/12/25|2026-05-19 23:25:19.027|#
488|7120|2025-03-12 00:00:00.000|1975.50000000000000000000|Invoice 107055|2026-05-19 23:25:19.030|#
489|5630|2025-03-12 00:00:00.000|493.88000000000000000000|Invoice 107055|2026-05-19 23:25:19.030|#
490|5620|2025-03-12 00:00:00.000|-493.88000000000000000000|Invoice 107055|2026-05-19 23:25:19.030|#
491|5420|2025-03-12 00:00:00.000|-1975.50000000000000000000|Invoice 107055|2026-05-19 23:25:19.037|#
492|2910|2025-03-12 00:00:00.000|-1975.50000000000000000000|Invoice 107055|2026-05-19 23:25:19.050|#
493|5420|2025-03-12 00:00:00.000|1975.50000000000000000000|Invoice 107055|2026-05-19 23:25:19.050|#
494|2110|2025-04-04 00:00:00.000|576.60000000000000000000|Direct Cost 20000 on 04/04/25|2026-05-19 23:25:19.143|#
495|7170|2025-04-04 00:00:00.000|-576.60000000000000000000|Direct Cost 20000 on 04/04/25|2026-05-19 23:25:19.147|#
496|2110|2025-04-04 00:00:00.000|487.50000000000000000000|Direct Cost 20000 on 04/04/25|2026-05-19 23:25:19.147|#
497|7170|2025-04-04 00:00:00.000|-487.50000000000000000000|Direct Cost 20000 on 04/04/25|2026-05-19 23:25:19.150|#
498|7110|2025-04-04 00:00:00.000|1064.10000000000000000000|Invoice 107056|2026-05-19 23:25:19.157|#
499|5630|2025-04-04 00:00:00.000|266.03000000000000000000|Invoice 107056|2026-05-19 23:25:19.157|#
500|5410|2025-04-04 00:00:00.000|-1330.13000000000000000000|Invoice 107056|2026-05-19 23:25:19.160|#
501|2910|2025-04-04 00:00:00.000|-1330.13000000000000000000|Invoice 107056|2026-05-19 23:25:19.173|#
502|5410|2025-04-04 00:00:00.000|1330.13000000000000000000|Invoice 107056|2026-05-19 23:25:19.173|#
503|2110|2025-04-04 00:00:00.000|1968.00000000000000000000|Direct Cost 40000 on 04/04/25|2026-05-19 23:25:19.247|#
504|7170|2025-04-04 00:00:00.000|-1968.00000000000000000000|Direct Cost 40000 on 04/04/25|2026-05-19 23:25:19.250|#
505|7110|2025-04-04 00:00:00.000|1968.00000000000000000000|Invoice 107057|2026-05-19 23:25:19.253|#
506|5630|2025-04-04 00:00:00.000|492.00000000000000000000|Invoice 107057|2026-05-19 23:25:19.253|#
507|5410|2025-04-04 00:00:00.000|-2460.00000000000000000000|Invoice 107057|2026-05-19 23:25:19.260|#
508|2910|2025-04-04 00:00:00.000|-2460.00000000000000000000|Invoice 107057|2026-05-19 23:25:19.270|#
509|5410|2025-04-04 00:00:00.000|2460.00000000000000000000|Invoice 107057|2026-05-19 23:25:19.270|#
510|2110|2025-04-05 00:00:00.000|961.00000000000000000000|Direct Cost 30000 on 04/05/25|2026-05-19 23:25:19.340|#
511|7170|2025-04-05 00:00:00.000|-961.00000000000000000000|Direct Cost 30000 on 04/05/25|2026-05-19 23:25:19.343|#
512|7120|2025-04-05 00:00:00.000|961.00000000000000000000|Invoice 107058|2026-05-19 23:25:19.347|#
513|5630|2025-04-05 00:00:00.000|240.25000000000000000000|Invoice 107058|2026-05-19 23:25:19.347|#
514|5620|2025-04-05 00:00:00.000|-240.25000000000000000000|Invoice 107058|2026-05-19 23:25:19.347|#
515|5420|2025-04-05 00:00:00.000|-961.00000000000000000000|Invoice 107058|2026-05-19 23:25:19.353|#
516|2910|2025-04-05 00:00:00.000|-961.00000000000000000000|Invoice 107058|2026-05-19 23:25:19.363|#
517|5420|2025-04-05 00:00:00.000|961.00000000000000000000|Invoice 107058|2026-05-19 23:25:19.363|#
518|2110|2025-04-06 00:00:00.000|1072.50000000000000000000|Direct Cost 50000 on 04/06/25|2026-05-19 23:25:19.453|#
519|7170|2025-04-06 00:00:00.000|-1072.50000000000000000000|Direct Cost 50000 on 04/06/25|2026-05-19 23:25:19.457|#
520|2110|2025-04-06 00:00:00.000|480.50000000000000000000|Direct Cost 50000 on 04/06/25|2026-05-19 23:25:19.460|#
521|7170|2025-04-06 00:00:00.000|-480.50000000000000000000|Direct Cost 50000 on 04/06/25|2026-05-19 23:25:19.463|#
522|7110|2025-04-06 00:00:00.000|1553.00000000000000000000|Invoice 107059|2026-05-19 23:25:19.467|#
523|5630|2025-04-06 00:00:00.000|388.25000000000000000000|Invoice 107059|2026-05-19 23:25:19.467|#
524|5410|2025-04-06 00:00:00.000|-1941.25000000000000000000|Invoice 107059|2026-05-19 23:25:19.473|#
525|2910|2025-04-06 00:00:00.000|-1941.25000000000000000000|Invoice 107059|2026-05-19 23:25:19.487|#
526|5410|2025-04-06 00:00:00.000|1941.25000000000000000000|Invoice 107059|2026-05-19 23:25:19.487|#
527|2110|2025-04-06 00:00:00.000|864.90000000000000000000|Direct Cost 20000 on 04/06/25|2026-05-19 23:25:19.560|#
528|7170|2025-04-06 00:00:00.000|-864.90000000000000000000|Direct Cost 20000 on 04/06/25|2026-05-19 23:25:19.560|#
529|7110|2025-04-06 00:00:00.000|864.90000000000000000000|Invoice 107060|2026-05-19 23:25:19.567|#
530|5630|2025-04-06 00:00:00.000|216.23000000000000000000|Invoice 107060|2026-05-19 23:25:19.567|#
531|5410|2025-04-06 00:00:00.000|-1081.13000000000000000000|Invoice 107060|2026-05-19 23:25:19.570|#
532|9330|2025-04-06 00:00:00.000|0.00000000000000000000|Residual caused by rounding of Additional-Currency Amount|2026-05-19 23:25:19.570|#
533|2910|2025-04-06 00:00:00.000|-1081.13000000000000000000|Invoice 107060|2026-05-19 23:25:19.583|#
534|5410|2025-04-06 00:00:00.000|1081.13000000000000000000|Invoice 107060|2026-05-19 23:25:19.583|#
535|2110|2025-04-07 00:00:00.000|1072.50000000000000000000|Direct Cost 10000 on 04/07/25|2026-05-19 23:25:19.647|#
536|7170|2025-04-07 00:00:00.000|-1072.50000000000000000000|Direct Cost 10000 on 04/07/25|2026-05-19 23:25:19.650|#
537|7130|2025-04-07 00:00:00.000|1072.50000000000000000000|Invoice 107061|2026-05-19 23:25:19.653|#
538|5420|2025-04-07 00:00:00.000|-1072.50000000000000000000|Invoice 107061|2026-05-19 23:25:19.660|#
539|2910|2025-04-07 00:00:00.000|-1072.50000000000000000000|Invoice 107061|2026-05-19 23:25:19.670|#
540|5420|2025-04-07 00:00:00.000|1072.50000000000000000000|Invoice 107061|2026-05-19 23:25:19.670|#
541|2110|2025-04-08 00:00:00.000|9118.80000000000000000000|Direct Cost 50000 on 04/08/25|2026-05-19 23:25:19.737|#
542|7170|2025-04-08 00:00:00.000|-9118.80000000000000000000|Direct Cost 50000 on 04/08/25|2026-05-19 23:25:19.740|#
543|7110|2025-04-08 00:00:00.000|9118.80000000000000000000|Invoice 107062|2026-05-19 23:25:19.743|#
544|5630|2025-04-08 00:00:00.000|2279.70000000000000000000|Invoice 107062|2026-05-19 23:25:19.743|#
545|5410|2025-04-08 00:00:00.000|-11398.50000000000000000000|Invoice 107062|2026-05-19 23:25:19.750|#
546|2910|2025-04-08 00:00:00.000|-11398.50000000000000000000|Invoice 107062|2026-05-19 23:25:19.763|#
547|5410|2025-04-08 00:00:00.000|11398.50000000000000000000|Invoice 107062|2026-05-19 23:25:19.763|#
548|2110|2025-04-09 00:00:00.000|361.40000000000000000000|Direct Cost 30000 on 04/09/25|2026-05-19 23:25:19.827|#
549|7170|2025-04-09 00:00:00.000|-361.40000000000000000000|Direct Cost 30000 on 04/09/25|2026-05-19 23:25:19.830|#
550|7120|2025-04-09 00:00:00.000|361.40000000000000000000|Invoice 107063|2026-05-19 23:25:19.837|#
551|5630|2025-04-09 00:00:00.000|90.35000000000000000000|Invoice 107063|2026-05-19 23:25:19.837|#
552|5620|2025-04-09 00:00:00.000|-90.35000000000000000000|Invoice 107063|2026-05-19 23:25:19.837|#
553|5420|2025-04-09 00:00:00.000|-361.40000000000000000000|Invoice 107063|2026-05-19 23:25:19.840|#
554|2910|2025-04-09 00:00:00.000|-361.40000000000000000000|Invoice 107063|2026-05-19 23:25:19.853|#
555|5420|2025-04-09 00:00:00.000|361.40000000000000000000|Invoice 107063|2026-05-19 23:25:19.853|#
556|2110|2025-04-09 00:00:00.000|877.50000000000000000000|Direct Cost 20000 on 04/09/25|2026-05-19 23:25:19.920|#
557|7170|2025-04-09 00:00:00.000|-877.50000000000000000000|Direct Cost 20000 on 04/09/25|2026-05-19 23:25:19.923|#
558|7110|2025-04-09 00:00:00.000|877.50000000000000000000|Invoice 107064|2026-05-19 23:25:19.927|#
559|5630|2025-04-09 00:00:00.000|219.38000000000000000000|Invoice 107064|2026-05-19 23:25:19.927|#
560|5410|2025-04-09 00:00:00.000|-1096.88000000000000000000|Invoice 107064|2026-05-19 23:25:19.933|#
561|2910|2025-04-09 00:00:00.000|-1096.88000000000000000000|Invoice 107064|2026-05-19 23:25:19.943|#
562|5410|2025-04-09 00:00:00.000|1096.88000000000000000000|Invoice 107064|2026-05-19 23:25:19.943|#
563|2110|2025-04-09 00:00:00.000|7072.00000000000000000000|Direct Cost 40000 on 04/09/25|2026-05-19 23:25:20.010|#
564|7170|2025-04-09 00:00:00.000|-7072.00000000000000000000|Direct Cost 40000 on 04/09/25|2026-05-19 23:25:20.013|#
565|7110|2025-04-09 00:00:00.000|7072.00000000000000000000|Invoice 107065|2026-05-19 23:25:20.017|#
566|5630|2025-04-09 00:00:00.000|1768.00000000000000000000|Invoice 107065|2026-05-19 23:25:20.017|#
567|5410|2025-04-09 00:00:00.000|-8840.00000000000000000000|Invoice 107065|2026-05-19 23:25:20.023|#
568|2910|2025-04-09 00:00:00.000|-8840.00000000000000000000|Invoice 107065|2026-05-19 23:25:20.037|#
569|5410|2025-04-09 00:00:00.000|8840.00000000000000000000|Invoice 107065|2026-05-19 23:25:20.037|#
570|2110|2025-04-10 00:00:00.000|585.00000000000000000000|Direct Cost 40000 on 04/10/25|2026-05-19 23:25:20.123|#
571|7170|2025-04-10 00:00:00.000|-585.00000000000000000000|Direct Cost 40000 on 04/10/25|2026-05-19 23:25:20.127|#
572|7110|2025-04-10 00:00:00.000|585.00000000000000000000|Invoice 107066|2026-05-19 23:25:20.130|#
573|5630|2025-04-10 00:00:00.000|146.25000000000000000000|Invoice 107066|2026-05-19 23:25:20.130|#
574|5410|2025-04-10 00:00:00.000|-731.25000000000000000000|Invoice 107066|2026-05-19 23:25:20.137|#
575|9340|2025-04-10 00:00:00.000|0.00000000000000000000|Residual caused by rounding of Additional-Currency Amount|2026-05-19 23:25:20.137|#
576|2910|2025-04-10 00:00:00.000|-731.25000000000000000000|Invoice 107066|2026-05-19 23:25:20.150|#
577|5410|2025-04-10 00:00:00.000|731.25000000000000000000|Invoice 107066|2026-05-19 23:25:20.150|#
578|2110|2025-04-11 00:00:00.000|1975.50000000000000000000|Direct Cost 30000 on 04/11/25|2026-05-19 23:25:20.240|#
579|7170|2025-04-11 00:00:00.000|-1975.50000000000000000000|Direct Cost 30000 on 04/11/25|2026-05-19 23:25:20.240|#
580|2110|2025-04-11 00:00:00.000|768.80000000000000000000|Direct Cost 30000 on 04/11/25|2026-05-19 23:25:20.243|#
581|7170|2025-04-11 00:00:00.000|-768.80000000000000000000|Direct Cost 30000 on 04/11/25|2026-05-19 23:25:20.247|#
582|7120|2025-04-11 00:00:00.000|2744.30000000000000000000|Invoice 107067|2026-05-19 23:25:20.250|#
583|5630|2025-04-11 00:00:00.000|686.08000000000000000000|Invoice 107067|2026-05-19 23:25:20.250|#
584|5620|2025-04-11 00:00:00.000|-686.08000000000000000000|Invoice 107067|2026-05-19 23:25:20.250|#
585|5420|2025-04-11 00:00:00.000|-2744.30000000000000000000|Invoice 107067|2026-05-19 23:25:20.257|#
586|2910|2025-04-11 00:00:00.000|-2744.30000000000000000000|Invoice 107067|2026-05-19 23:25:20.267|#
587|5420|2025-04-11 00:00:00.000|2744.30000000000000000000|Invoice 107067|2026-05-19 23:25:20.267|#
588|2110|2025-05-04 00:00:00.000|480.50000000000000000000|Direct Cost 20000 on 05/04/25|2026-05-19 23:25:20.363|#
589|7170|2025-05-04 00:00:00.000|-480.50000000000000000000|Direct Cost 20000 on 05/04/25|2026-05-19 23:25:20.367|#
590|2110|2025-05-04 00:00:00.000|585.00000000000000000000|Direct Cost 20000 on 05/04/25|2026-05-19 23:25:20.377|#
591|7170|2025-05-04 00:00:00.000|-585.00000000000000000000|Direct Cost 20000 on 05/04/25|2026-05-19 23:25:20.377|#
592|7110|2025-05-04 00:00:00.000|1065.50000000000000000000|Invoice 107068|2026-05-19 23:25:20.383|#
593|5630|2025-05-04 00:00:00.000|266.38000000000000000000|Invoice 107068|2026-05-19 23:25:20.383|#
594|5410|2025-05-04 00:00:00.000|-1331.88000000000000000000|Invoice 107068|2026-05-19 23:25:20.390|#
595|2910|2025-05-04 00:00:00.000|-1331.88000000000000000000|Invoice 107068|2026-05-19 23:25:20.400|#
596|5410|2025-05-04 00:00:00.000|1331.88000000000000000000|Invoice 107068|2026-05-19 23:25:20.400|#
597|2110|2025-05-04 00:00:00.000|2296.00000000000000000000|Direct Cost 40000 on 05/04/25|2026-05-19 23:25:20.477|#
598|7170|2025-05-04 00:00:00.000|-2296.00000000000000000000|Direct Cost 40000 on 05/04/25|2026-05-19 23:25:20.480|#
599|7110|2025-05-04 00:00:00.000|2296.00000000000000000000|Invoice 107069|2026-05-19 23:25:20.483|#
600|5630|2025-05-04 00:00:00.000|574.00000000000000000000|Invoice 107069|2026-05-19 23:25:20.483|#
601|5410|2025-05-04 00:00:00.000|-2870.00000000000000000000|Invoice 107069|2026-05-19 23:25:20.490|#
602|2910|2025-05-04 00:00:00.000|-2870.00000000000000000000|Invoice 107069|2026-05-19 23:25:20.500|#
603|5410|2025-05-04 00:00:00.000|2870.00000000000000000000|Invoice 107069|2026-05-19 23:25:20.500|#
604|2110|2025-05-05 00:00:00.000|864.90000000000000000000|Direct Cost 30000 on 05/05/25|2026-05-19 23:25:20.573|#
605|7170|2025-05-05 00:00:00.000|-864.90000000000000000000|Direct Cost 30000 on 05/05/25|2026-05-19 23:25:20.573|#
606|7120|2025-05-05 00:00:00.000|864.90000000000000000000|Invoice 107070|2026-05-19 23:25:20.577|#
607|5630|2025-05-05 00:00:00.000|216.23000000000000000000|Invoice 107070|2026-05-19 23:25:20.577|#
608|5620|2025-05-05 00:00:00.000|-216.23000000000000000000|Invoice 107070|2026-05-19 23:25:20.577|#
609|5420|2025-05-05 00:00:00.000|-864.90000000000000000000|Invoice 107070|2026-05-19 23:25:20.583|#
610|2910|2025-05-05 00:00:00.000|-864.90000000000000000000|Invoice 107070|2026-05-19 23:25:20.597|#
611|5420|2025-05-05 00:00:00.000|864.90000000000000000000|Invoice 107070|2026-05-19 23:25:20.597|#
612|2110|2025-05-06 00:00:00.000|768.80000000000000000000|Direct Cost 20000 on 05/06/25|2026-05-19 23:25:20.667|#
613|7170|2025-05-06 00:00:00.000|-768.80000000000000000000|Direct Cost 20000 on 05/06/25|2026-05-19 23:25:20.670|#
614|7110|2025-05-06 00:00:00.000|768.80000000000000000000|Invoice 107071|2026-05-19 23:25:20.673|#
615|5630|2025-05-06 00:00:00.000|192.20000000000000000000|Invoice 107071|2026-05-19 23:25:20.673|#
616|5410|2025-05-06 00:00:00.000|-961.00000000000000000000|Invoice 107071|2026-05-19 23:25:20.680|#
617|2910|2025-05-06 00:00:00.000|-961.00000000000000000000|Invoice 107071|2026-05-19 23:25:20.690|#
618|5410|2025-05-06 00:00:00.000|961.00000000000000000000|Invoice 107071|2026-05-19 23:25:20.690|#
619|2110|2025-05-07 00:00:00.000|682.50000000000000000000|Direct Cost 50000 on 05/07/25|2026-05-19 23:25:20.777|#
620|7170|2025-05-07 00:00:00.000|-682.50000000000000000000|Direct Cost 50000 on 05/07/25|2026-05-19 23:25:20.780|#
621|2110|2025-05-07 00:00:00.000|480.50000000000000000000|Direct Cost 50000 on 05/07/25|2026-05-19 23:25:20.783|#
622|7170|2025-05-07 00:00:00.000|-480.50000000000000000000|Direct Cost 50000 on 05/07/25|2026-05-19 23:25:20.787|#
623|7110|2025-05-07 00:00:00.000|1163.00000000000000000000|Invoice 107072|2026-05-19 23:25:20.790|#
624|5630|2025-05-07 00:00:00.000|290.75000000000000000000|Invoice 107072|2026-05-19 23:25:20.790|#
625|5410|2025-05-07 00:00:00.000|-1453.75000000000000000000|Invoice 107072|2026-05-19 23:25:20.797|#
626|9330|2025-05-07 00:00:00.000|0.00000000000000000000|Residual caused by rounding of Additional-Currency Amount|2026-05-19 23:25:20.797|#
627|2910|2025-05-07 00:00:00.000|-1453.75000000000000000000|Invoice 107072|2026-05-19 23:25:20.807|#
628|5410|2025-05-07 00:00:00.000|1453.75000000000000000000|Invoice 107072|2026-05-19 23:25:20.807|#
629|2110|2025-05-07 00:00:00.000|877.50000000000000000000|Direct Cost 10000 on 05/07/25|2026-05-19 23:25:20.887|#
630|7170|2025-05-07 00:00:00.000|-877.50000000000000000000|Direct Cost 10000 on 05/07/25|2026-05-19 23:25:20.890|#
631|7130|2025-05-07 00:00:00.000|877.50000000000000000000|Invoice 107073|2026-05-19 23:25:20.893|#
632|5420|2025-05-07 00:00:00.000|-877.50000000000000000000|Invoice 107073|2026-05-19 23:25:20.897|#
633|2910|2025-05-07 00:00:00.000|-877.50000000000000000000|Invoice 107073|2026-05-19 23:25:20.910|#
634|5420|2025-05-07 00:00:00.000|877.50000000000000000000|Invoice 107073|2026-05-19 23:25:20.910|#
635|2110|2025-05-08 00:00:00.000|7092.40000000000000000000|Direct Cost 50000 on 05/08/25|2026-05-19 23:25:20.980|#
636|7170|2025-05-08 00:00:00.000|-7092.40000000000000000000|Direct Cost 50000 on 05/08/25|2026-05-19 23:25:20.983|#
637|7110|2025-05-08 00:00:00.000|7092.40000000000000000000|Invoice 107074|2026-05-19 23:25:20.987|#
638|5630|2025-05-08 00:00:00.000|1773.10000000000000000000|Invoice 107074|2026-05-19 23:25:20.987|#
639|5410|2025-05-08 00:00:00.000|-8865.50000000000000000000|Invoice 107074|2026-05-19 23:25:20.993|#
640|9330|2025-05-08 00:00:00.000|0.00000000000000000000|Residual caused by rounding of Additional-Currency Amount|2026-05-19 23:25:20.993|#
641|2910|2025-05-08 00:00:00.000|-8865.50000000000000000000|Invoice 107074|2026-05-19 23:25:21.007|#
642|5410|2025-05-08 00:00:00.000|8865.50000000000000000000|Invoice 107074|2026-05-19 23:25:21.007|#
643|2110|2025-05-09 00:00:00.000|780.00000000000000000000|Direct Cost 20000 on 05/09/25|2026-05-19 23:25:21.080|#
644|7170|2025-05-09 00:00:00.000|-780.00000000000000000000|Direct Cost 20000 on 05/09/25|2026-05-19 23:25:21.080|#
645|7110|2025-05-09 00:00:00.000|780.00000000000000000000|Invoice 107075|2026-05-19 23:25:21.087|#
646|5630|2025-05-09 00:00:00.000|195.00000000000000000000|Invoice 107075|2026-05-19 23:25:21.087|#
647|5410|2025-05-09 00:00:00.000|-975.00000000000000000000|Invoice 107075|2026-05-19 23:25:21.090|#
648|9340|2025-05-09 00:00:00.000|0.00000000000000000000|Residual caused by rounding of Additional-Currency Amount|2026-05-19 23:25:21.090|#
649|2910|2025-05-09 00:00:00.000|-975.00000000000000000000|Invoice 107075|2026-05-19 23:25:21.103|#
650|5410|2025-05-09 00:00:00.000|975.00000000000000000000|Invoice 107075|2026-05-19 23:25:21.103|#
651|2110|2025-05-10 00:00:00.000|305.80000000000000000000|Direct Cost 30000 on 05/10/25|2026-05-19 23:25:21.173|#
652|7170|2025-05-10 00:00:00.000|-305.80000000000000000000|Direct Cost 30000 on 05/10/25|2026-05-19 23:25:21.173|#
653|7120|2025-05-10 00:00:00.000|305.80000000000000000000|Invoice 107076|2026-05-19 23:25:21.180|#
654|5630|2025-05-10 00:00:00.000|76.45000000000000000000|Invoice 107076|2026-05-19 23:25:21.180|#
655|5620|2025-05-10 00:00:00.000|-76.45000000000000000000|Invoice 107076|2026-05-19 23:25:21.180|#
656|5420|2025-05-10 00:00:00.000|-305.80000000000000000000|Invoice 107076|2026-05-19 23:25:21.183|#
657|2910|2025-05-10 00:00:00.000|-305.80000000000000000000|Invoice 107076|2026-05-19 23:25:21.197|#
658|5420|2025-05-10 00:00:00.000|305.80000000000000000000|Invoice 107076|2026-05-19 23:25:21.197|#
659|2110|2025-05-10 00:00:00.000|6364.80000000000000000000|Direct Cost 40000 on 05/10/25|2026-05-19 23:25:21.267|#
660|7170|2025-05-10 00:00:00.000|-6364.80000000000000000000|Direct Cost 40000 on 05/10/25|2026-05-19 23:25:21.267|#
661|7110|2025-05-10 00:00:00.000|6364.80000000000000000000|Invoice 107077|2026-05-19 23:25:21.273|#
662|5630|2025-05-10 00:00:00.000|1591.20000000000000000000|Invoice 107077|2026-05-19 23:25:21.273|#
663|5410|2025-05-10 00:00:00.000|-7956.00000000000000000000|Invoice 107077|2026-05-19 23:25:21.277|#
664|2910|2025-05-10 00:00:00.000|-7956.00000000000000000000|Invoice 107077|2026-05-19 23:25:21.290|#
665|5410|2025-05-10 00:00:00.000|7956.00000000000000000000|Invoice 107077|2026-05-19 23:25:21.290|#
666|2110|2025-05-11 00:00:00.000|487.50000000000000000000|Direct Cost 40000 on 05/11/25|2026-05-19 23:25:21.360|#
667|7170|2025-05-11 00:00:00.000|-487.50000000000000000000|Direct Cost 40000 on 05/11/25|2026-05-19 23:25:21.360|#
668|7110|2025-05-11 00:00:00.000|487.50000000000000000000|Invoice 107078|2026-05-19 23:25:21.367|#
669|5630|2025-05-11 00:00:00.000|121.88000000000000000000|Invoice 107078|2026-05-19 23:25:21.367|#
670|5410|2025-05-11 00:00:00.000|-609.38000000000000000000|Invoice 107078|2026-05-19 23:25:21.370|#
671|9330|2025-05-11 00:00:00.000|0.00000000000000000000|Residual caused by rounding of Additional-Currency Amount|2026-05-19 23:25:21.370|#
672|2910|2025-05-11 00:00:00.000|-609.38000000000000000000|Invoice 107078|2026-05-19 23:25:21.383|#
673|5410|2025-05-11 00:00:00.000|609.38000000000000000000|Invoice 107078|2026-05-19 23:25:21.383|#
674|2110|2025-05-11 00:00:00.000|672.70000000000000000000|Direct Cost 30000 on 05/11/25|2026-05-19 23:25:21.453|#
675|7170|2025-05-11 00:00:00.000|-672.70000000000000000000|Direct Cost 30000 on 05/11/25|2026-05-19 23:25:21.457|#
676|7120|2025-05-11 00:00:00.000|672.70000000000000000000|Invoice 107079|2026-05-19 23:25:21.460|#
677|5630|2025-05-11 00:00:00.000|168.18000000000000000000|Invoice 107079|2026-05-19 23:25:21.460|#
678|5620|2025-05-11 00:00:00.000|-168.18000000000000000000|Invoice 107079|2026-05-19 23:25:21.460|#
679|5420|2025-05-11 00:00:00.000|-672.70000000000000000000|Invoice 107079|2026-05-19 23:25:21.467|#
680|2910|2025-05-11 00:00:00.000|-672.70000000000000000000|Invoice 107079|2026-05-19 23:25:21.480|#
681|5420|2025-05-11 00:00:00.000|672.70000000000000000000|Invoice 107079|2026-05-19 23:25:21.480|#
682|2110|2025-05-12 00:00:00.000|1317.00000000000000000000|Direct Cost 30000 on 05/12/25|2026-05-19 23:25:21.550|#
683|7170|2025-05-12 00:00:00.000|-1317.00000000000000000000|Direct Cost 30000 on 05/12/25|2026-05-19 23:25:21.553|#
684|7120|2025-05-12 00:00:00.000|1317.00000000000000000000|Invoice 107080|2026-05-19 23:25:21.557|#
685|5630|2025-05-12 00:00:00.000|329.25000000000000000000|Invoice 107080|2026-05-19 23:25:21.557|#
686|5620|2025-05-12 00:00:00.000|-329.25000000000000000000|Invoice 107080|2026-05-19 23:25:21.557|#
687|5420|2025-05-12 00:00:00.000|-1317.00000000000000000000|Invoice 107080|2026-05-19 23:25:21.563|#
688|2910|2025-05-12 00:00:00.000|-1317.00000000000000000000|Invoice 107080|2026-05-19 23:25:21.577|#
689|5420|2025-05-12 00:00:00.000|1317.00000000000000000000|Invoice 107080|2026-05-19 23:25:21.577|#
690|2110|2025-06-04 00:00:00.000|480.50000000000000000000|Direct Cost 20000 on 06/04/25|2026-05-19 23:25:21.670|#
691|7170|2025-06-04 00:00:00.000|-480.50000000000000000000|Direct Cost 20000 on 06/04/25|2026-05-19 23:25:21.670|#
692|2110|2025-06-04 00:00:00.000|585.00000000000000000000|Direct Cost 20000 on 06/04/25|2026-05-19 23:25:21.673|#
693|7170|2025-06-04 00:00:00.000|-585.00000000000000000000|Direct Cost 20000 on 06/04/25|2026-05-19 23:25:21.677|#
694|7110|2025-06-04 00:00:00.000|1065.50000000000000000000|Invoice 107081|2026-05-19 23:25:21.680|#
695|5630|2025-06-04 00:00:00.000|266.38000000000000000000|Invoice 107081|2026-05-19 23:25:21.680|#
696|5410|2025-06-04 00:00:00.000|-1331.88000000000000000000|Invoice 107081|2026-05-19 23:25:21.687|#
697|2910|2025-06-04 00:00:00.000|-1331.88000000000000000000|Invoice 107081|2026-05-19 23:25:21.700|#
698|5410|2025-06-04 00:00:00.000|1331.88000000000000000000|Invoice 107081|2026-05-19 23:25:21.700|#
699|2110|2025-06-04 00:00:00.000|1640.00000000000000000000|Direct Cost 40000 on 06/04/25|2026-05-19 23:25:21.773|#
700|7170|2025-06-04 00:00:00.000|-1640.00000000000000000000|Direct Cost 40000 on 06/04/25|2026-05-19 23:25:21.777|#
701|7110|2025-06-04 00:00:00.000|1640.00000000000000000000|Invoice 107082|2026-05-19 23:25:21.780|#
702|5630|2025-06-04 00:00:00.000|410.00000000000000000000|Invoice 107082|2026-05-19 23:25:21.780|#
703|5410|2025-06-04 00:00:00.000|-2050.00000000000000000000|Invoice 107082|2026-05-19 23:25:21.787|#
704|2910|2025-06-04 00:00:00.000|-2050.00000000000000000000|Invoice 107082|2026-05-19 23:25:21.800|#
705|5410|2025-06-04 00:00:00.000|2050.00000000000000000000|Invoice 107082|2026-05-19 23:25:21.800|#
706|2110|2025-06-05 00:00:00.000|961.00000000000000000000|Direct Cost 30000 on 06/05/25|2026-05-19 23:25:21.867|#
707|7170|2025-06-05 00:00:00.000|-961.00000000000000000000|Direct Cost 30000 on 06/05/25|2026-05-19 23:25:21.870|#
708|7120|2025-06-05 00:00:00.000|961.00000000000000000000|Invoice 107083|2026-05-19 23:25:21.877|#
709|5630|2025-06-05 00:00:00.000|240.25000000000000000000|Invoice 107083|2026-05-19 23:25:21.877|#
710|5620|2025-06-05 00:00:00.000|-240.25000000000000000000|Invoice 107083|2026-05-19 23:25:21.877|#
711|5420|2025-06-05 00:00:00.000|-961.00000000000000000000|Invoice 107083|2026-05-19 23:25:21.880|#
712|2910|2025-06-05 00:00:00.000|-961.00000000000000000000|Invoice 107083|2026-05-19 23:25:21.893|#
713|5420|2025-06-05 00:00:00.000|961.00000000000000000000|Invoice 107083|2026-05-19 23:25:21.893|#
714|2110|2025-06-06 00:00:00.000|682.50000000000000000000|Direct Cost 50000 on 06/06/25|2026-05-19 23:25:21.980|#
715|7170|2025-06-06 00:00:00.000|-682.50000000000000000000|Direct Cost 50000 on 06/06/25|2026-05-19 23:25:21.983|#
716|2110|2025-06-06 00:00:00.000|480.50000000000000000000|Direct Cost 50000 on 06/06/25|2026-05-19 23:25:21.987|#
717|7170|2025-06-06 00:00:00.000|-480.50000000000000000000|Direct Cost 50000 on 06/06/25|2026-05-19 23:25:21.987|#
718|7110|2025-06-06 00:00:00.000|1163.00000000000000000000|Invoice 107084|2026-05-19 23:25:21.993|#
719|5630|2025-06-06 00:00:00.000|290.75000000000000000000|Invoice 107084|2026-05-19 23:25:21.993|#
720|5410|2025-06-06 00:00:00.000|-1453.75000000000000000000|Invoice 107084|2026-05-19 23:25:21.997|#
721|9330|2025-06-06 00:00:00.000|0.00000000000000000000|Residual caused by rounding of Additional-Currency Amount|2026-05-19 23:25:21.997|#
722|2910|2025-06-06 00:00:00.000|-1453.75000000000000000000|Invoice 107084|2026-05-19 23:25:22.013|#
723|5410|2025-06-06 00:00:00.000|1453.75000000000000000000|Invoice 107084|2026-05-19 23:25:22.013|#
724|2110|2025-06-06 00:00:00.000|768.80000000000000000000|Direct Cost 20000 on 06/06/25|2026-05-19 23:25:22.087|#
725|7170|2025-06-06 00:00:00.000|-768.80000000000000000000|Direct Cost 20000 on 06/06/25|2026-05-19 23:25:22.090|#
726|7110|2025-06-06 00:00:00.000|768.80000000000000000000|Invoice 107085|2026-05-19 23:25:22.097|#
727|5630|2025-06-06 00:00:00.000|192.20000000000000000000|Invoice 107085|2026-05-19 23:25:22.097|#
728|5410|2025-06-06 00:00:00.000|-961.00000000000000000000|Invoice 107085|2026-05-19 23:25:22.100|#
729|2910|2025-06-06 00:00:00.000|-961.00000000000000000000|Invoice 107085|2026-05-19 23:25:22.113|#
730|5410|2025-06-06 00:00:00.000|961.00000000000000000000|Invoice 107085|2026-05-19 23:25:22.113|#
731|2110|2025-06-07 00:00:00.000|975.00000000000000000000|Direct Cost 10000 on 06/07/25|2026-05-19 23:25:22.200|#
732|7170|2025-06-07 00:00:00.000|-975.00000000000000000000|Direct Cost 10000 on 06/07/25|2026-05-19 23:25:22.203|#
733|7130|2025-06-07 00:00:00.000|975.00000000000000000000|Invoice 107086|2026-05-19 23:25:22.207|#
734|5420|2025-06-07 00:00:00.000|-975.00000000000000000000|Invoice 107086|2026-05-19 23:25:22.213|#
735|2910|2025-06-07 00:00:00.000|-975.00000000000000000000|Invoice 107086|2026-05-19 23:25:22.223|#
736|5420|2025-06-07 00:00:00.000|975.00000000000000000000|Invoice 107086|2026-05-19 23:25:22.223|#
737|2110|2025-06-08 00:00:00.000|7599.00000000000000000000|Direct Cost 50000 on 06/08/25|2026-05-19 23:25:22.297|#
738|7170|2025-06-08 00:00:00.000|-7599.00000000000000000000|Direct Cost 50000 on 06/08/25|2026-05-19 23:25:22.300|#
739|7110|2025-06-08 00:00:00.000|7599.00000000000000000000|Invoice 107087|2026-05-19 23:25:22.307|#
740|5630|2025-06-08 00:00:00.000|1899.75000000000000000000|Invoice 107087|2026-05-19 23:25:22.307|#
741|5410|2025-06-08 00:00:00.000|-9498.75000000000000000000|Invoice 107087|2026-05-19 23:25:22.310|#
742|2910|2025-06-08 00:00:00.000|-9498.75000000000000000000|Invoice 107087|2026-05-19 23:25:22.323|#
743|5410|2025-06-08 00:00:00.000|9498.75000000000000000000|Invoice 107087|2026-05-19 23:25:22.323|#
744|2110|2025-06-09 00:00:00.000|361.40000000000000000000|Direct Cost 30000 on 06/09/25|2026-05-19 23:25:22.393|#
745|7170|2025-06-09 00:00:00.000|-361.40000000000000000000|Direct Cost 30000 on 06/09/25|2026-05-19 23:25:22.397|#
746|7120|2025-06-09 00:00:00.000|361.40000000000000000000|Invoice 107088|2026-05-19 23:25:22.400|#
747|5630|2025-06-09 00:00:00.000|90.35000000000000000000|Invoice 107088|2026-05-19 23:25:22.400|#
748|5620|2025-06-09 00:00:00.000|-90.35000000000000000000|Invoice 107088|2026-05-19 23:25:22.400|#
749|5420|2025-06-09 00:00:00.000|-361.40000000000000000000|Invoice 107088|2026-05-19 23:25:22.407|#
750|2910|2025-06-09 00:00:00.000|-361.40000000000000000000|Invoice 107088|2026-05-19 23:25:22.420|#
751|5420|2025-06-09 00:00:00.000|361.40000000000000000000|Invoice 107088|2026-05-19 23:25:22.420|#
752|2110|2025-06-09 00:00:00.000|780.00000000000000000000|Direct Cost 20000 on 06/09/25|2026-05-19 23:25:22.487|#
753|7170|2025-06-09 00:00:00.000|-780.00000000000000000000|Direct Cost 20000 on 06/09/25|2026-05-19 23:25:22.487|#
754|7110|2025-06-09 00:00:00.000|780.00000000000000000000|Invoice 107089|2026-05-19 23:25:22.493|#
755|5630|2025-06-09 00:00:00.000|195.00000000000000000000|Invoice 107089|2026-05-19 23:25:22.493|#
756|5410|2025-06-09 00:00:00.000|-975.00000000000000000000|Invoice 107089|2026-05-19 23:25:22.500|#
757|9340|2025-06-09 00:00:00.000|0.00000000000000000000|Residual caused by rounding of Additional-Currency Amount|2026-05-19 23:25:22.500|#
758|2910|2025-06-09 00:00:00.000|-975.00000000000000000000|Invoice 107089|2026-05-19 23:25:22.510|#
759|5410|2025-06-09 00:00:00.000|975.00000000000000000000|Invoice 107089|2026-05-19 23:25:22.510|#
760|2110|2025-06-09 00:00:00.000|6364.80000000000000000000|Direct Cost 40000 on 06/09/25|2026-05-19 23:25:22.577|#
761|7170|2025-06-09 00:00:00.000|-6364.80000000000000000000|Direct Cost 40000 on 06/09/25|2026-05-19 23:25:22.580|#
762|7110|2025-06-09 00:00:00.000|6364.80000000000000000000|Invoice 107090|2026-05-19 23:25:22.583|#
763|5630|2025-06-09 00:00:00.000|1591.20000000000000000000|Invoice 107090|2026-05-19 23:25:22.583|#
764|5410|2025-06-09 00:00:00.000|-7956.00000000000000000000|Invoice 107090|2026-05-19 23:25:22.590|#
765|2910|2025-06-09 00:00:00.000|-7956.00000000000000000000|Invoice 107090|2026-05-19 23:25:22.600|#
766|5410|2025-06-09 00:00:00.000|7956.00000000000000000000|Invoice 107090|2026-05-19 23:25:22.600|#
767|2110|2025-06-10 00:00:00.000|487.50000000000000000000|Direct Cost 40000 on 06/10/25|2026-05-19 23:25:22.670|#
768|7170|2025-06-10 00:00:00.000|-487.50000000000000000000|Direct Cost 40000 on 06/10/25|2026-05-19 23:25:22.673|#
769|7110|2025-06-10 00:00:00.000|487.50000000000000000000|Invoice 107091|2026-05-19 23:25:22.677|#
770|5630|2025-06-10 00:00:00.000|121.88000000000000000000|Invoice 107091|2026-05-19 23:25:22.677|#
771|5410|2025-06-10 00:00:00.000|-609.38000000000000000000|Invoice 107091|2026-05-19 23:25:22.683|#
772|9330|2025-06-10 00:00:00.000|0.00000000000000000000|Residual caused by rounding of Additional-Currency Amount|2026-05-19 23:25:22.683|#
773|2910|2025-06-10 00:00:00.000|-609.38000000000000000000|Invoice 107091|2026-05-19 23:25:22.697|#
774|5410|2025-06-10 00:00:00.000|609.38000000000000000000|Invoice 107091|2026-05-19 23:25:22.697|#
775|2110|2025-06-11 00:00:00.000|1097.50000000000000000000|Direct Cost 30000 on 06/11/25|2026-05-19 23:25:22.790|#
776|7170|2025-06-11 00:00:00.000|-1097.50000000000000000000|Direct Cost 30000 on 06/11/25|2026-05-19 23:25:22.793|#
777|2110|2025-06-11 00:00:00.000|672.70000000000000000000|Direct Cost 30000 on 06/11/25|2026-05-19 23:25:22.797|#
778|7170|2025-06-11 00:00:00.000|-672.70000000000000000000|Direct Cost 30000 on 06/11/25|2026-05-19 23:25:22.800|#
779|7120|2025-06-11 00:00:00.000|1770.20000000000000000000|Invoice 107092|2026-05-19 23:25:22.803|#
780|5630|2025-06-11 00:00:00.000|442.55000000000000000000|Invoice 107092|2026-05-19 23:25:22.803|#
781|5620|2025-06-11 00:00:00.000|-442.55000000000000000000|Invoice 107092|2026-05-19 23:25:22.803|#
782|5420|2025-06-11 00:00:00.000|-1770.20000000000000000000|Invoice 107092|2026-05-19 23:25:22.810|#
783|2910|2025-06-11 00:00:00.000|-1770.20000000000000000000|Invoice 107092|2026-05-19 23:25:22.823|#
784|5420|2025-06-11 00:00:00.000|1770.20000000000000000000|Invoice 107092|2026-05-19 23:25:22.823|#
785|2110|2025-07-04 00:00:00.000|384.40000000000000000000|Direct Cost 20000 on 07/04/25|2026-05-19 23:25:22.920|#
786|7170|2025-07-04 00:00:00.000|-384.40000000000000000000|Direct Cost 20000 on 07/04/25|2026-05-19 23:25:22.923|#
787|2110|2025-07-04 00:00:00.000|292.50000000000000000000|Direct Cost 20000 on 07/04/25|2026-05-19 23:25:22.927|#
788|7170|2025-07-04 00:00:00.000|-292.50000000000000000000|Direct Cost 20000 on 07/04/25|2026-05-19 23:25:22.930|#
789|7110|2025-07-04 00:00:00.000|676.90000000000000000000|Invoice 107093|2026-05-19 23:25:22.933|#
790|5630|2025-07-04 00:00:00.000|169.23000000000000000000|Invoice 107093|2026-05-19 23:25:22.933|#
791|5410|2025-07-04 00:00:00.000|-846.13000000000000000000|Invoice 107093|2026-05-19 23:25:22.940|#
792|9330|2025-07-04 00:00:00.000|0.00000000000000000000|Residual caused by rounding of Additional-Currency Amount|2026-05-19 23:25:22.940|#
793|2910|2025-07-04 00:00:00.000|-846.13000000000000000000|Invoice 107093|2026-05-19 23:25:22.950|#
794|5410|2025-07-04 00:00:00.000|846.13000000000000000000|Invoice 107093|2026-05-19 23:25:22.950|#
795|2110|2025-07-04 00:00:00.000|1640.00000000000000000000|Direct Cost 40000 on 07/04/25|2026-05-19 23:25:23.030|#
796|7170|2025-07-04 00:00:00.000|-1640.00000000000000000000|Direct Cost 40000 on 07/04/25|2026-05-19 23:25:23.033|#
797|7110|2025-07-04 00:00:00.000|1640.00000000000000000000|Invoice 107094|2026-05-19 23:25:23.037|#
798|5630|2025-07-04 00:00:00.000|410.00000000000000000000|Invoice 107094|2026-05-19 23:25:23.037|#
799|5410|2025-07-04 00:00:00.000|-2050.00000000000000000000|Invoice 107094|2026-05-19 23:25:23.043|#
800|2910|2025-07-04 00:00:00.000|-2050.00000000000000000000|Invoice 107094|2026-05-19 23:25:23.053|#
801|5410|2025-07-04 00:00:00.000|2050.00000000000000000000|Invoice 107094|2026-05-19 23:25:23.053|#
802|2110|2025-07-05 00:00:00.000|576.60000000000000000000|Direct Cost 30000 on 07/05/25|2026-05-19 23:25:23.127|#
803|7170|2025-07-05 00:00:00.000|-576.60000000000000000000|Direct Cost 30000 on 07/05/25|2026-05-19 23:25:23.127|#
804|7120|2025-07-05 00:00:00.000|576.60000000000000000000|Invoice 107095|2026-05-19 23:25:23.133|#
805|5630|2025-07-05 00:00:00.000|144.15000000000000000000|Invoice 107095|2026-05-19 23:25:23.133|#
806|5620|2025-07-05 00:00:00.000|-144.15000000000000000000|Invoice 107095|2026-05-19 23:25:23.133|#
807|5420|2025-07-05 00:00:00.000|-576.60000000000000000000|Invoice 107095|2026-05-19 23:25:23.137|#
808|2910|2025-07-05 00:00:00.000|-576.60000000000000000000|Invoice 107095|2026-05-19 23:25:23.150|#
809|5420|2025-07-05 00:00:00.000|576.60000000000000000000|Invoice 107095|2026-05-19 23:25:23.150|#
810|2110|2025-07-06 00:00:00.000|672.70000000000000000000|Direct Cost 20000 on 07/06/25|2026-05-19 23:25:23.217|#
811|7170|2025-07-06 00:00:00.000|-672.70000000000000000000|Direct Cost 20000 on 07/06/25|2026-05-19 23:25:23.220|#
812|7110|2025-07-06 00:00:00.000|672.70000000000000000000|Invoice 107096|2026-05-19 23:25:23.223|#
813|5630|2025-07-06 00:00:00.000|168.18000000000000000000|Invoice 107096|2026-05-19 23:25:23.223|#
814|5410|2025-07-06 00:00:00.000|-840.88000000000000000000|Invoice 107096|2026-05-19 23:25:23.230|#
815|2910|2025-07-06 00:00:00.000|-840.88000000000000000000|Invoice 107096|2026-05-19 23:25:23.243|#
816|5410|2025-07-06 00:00:00.000|840.88000000000000000000|Invoice 107096|2026-05-19 23:25:23.243|#
817|2110|2025-07-07 00:00:00.000|780.00000000000000000000|Direct Cost 50000 on 07/07/25|2026-05-19 23:25:23.330|#
818|7170|2025-07-07 00:00:00.000|-780.00000000000000000000|Direct Cost 50000 on 07/07/25|2026-05-19 23:25:23.333|#
819|2110|2025-07-07 00:00:00.000|384.40000000000000000000|Direct Cost 50000 on 07/07/25|2026-05-19 23:25:23.337|#
820|7170|2025-07-07 00:00:00.000|-384.40000000000000000000|Direct Cost 50000 on 07/07/25|2026-05-19 23:25:23.340|#
821|7110|2025-07-07 00:00:00.000|1164.40000000000000000000|Invoice 107097|2026-05-19 23:25:23.343|#
822|5630|2025-07-07 00:00:00.000|291.10000000000000000000|Invoice 107097|2026-05-19 23:25:23.343|#
823|5410|2025-07-07 00:00:00.000|-1455.50000000000000000000|Invoice 107097|2026-05-19 23:25:23.350|#
824|2910|2025-07-07 00:00:00.000|-1455.50000000000000000000|Invoice 107097|2026-05-19 23:25:23.363|#
825|5410|2025-07-07 00:00:00.000|1455.50000000000000000000|Invoice 107097|2026-05-19 23:25:23.363|#
826|2110|2025-07-07 00:00:00.000|780.00000000000000000000|Direct Cost 10000 on 07/07/25|2026-05-19 23:25:23.437|#
827|7170|2025-07-07 00:00:00.000|-780.00000000000000000000|Direct Cost 10000 on 07/07/25|2026-05-19 23:25:23.440|#
828|7130|2025-07-07 00:00:00.000|780.00000000000000000000|Invoice 107098|2026-05-19 23:25:23.443|#
829|5420|2025-07-07 00:00:00.000|-780.00000000000000000000|Invoice 107098|2026-05-19 23:25:23.447|#
830|2910|2025-07-07 00:00:00.000|-780.00000000000000000000|Invoice 107098|2026-05-19 23:25:23.460|#
831|5420|2025-07-07 00:00:00.000|780.00000000000000000000|Invoice 107098|2026-05-19 23:25:23.460|#
832|2110|2025-07-08 00:00:00.000|5066.00000000000000000000|Direct Cost 50000 on 07/08/25|2026-05-19 23:25:23.530|#
833|7170|2025-07-08 00:00:00.000|-5066.00000000000000000000|Direct Cost 50000 on 07/08/25|2026-05-19 23:25:23.530|#
834|7110|2025-07-08 00:00:00.000|5066.00000000000000000000|Invoice 107099|2026-05-19 23:25:23.537|#
835|5630|2025-07-08 00:00:00.000|1266.50000000000000000000|Invoice 107099|2026-05-19 23:25:23.537|#
836|5410|2025-07-08 00:00:00.000|-6332.50000000000000000000|Invoice 107099|2026-05-19 23:25:23.543|#
837|9340|2025-07-08 00:00:00.000|0.00000000000000000000|Residual caused by rounding of Additional-Currency Amount|2026-05-19 23:25:23.543|#
838|2910|2025-07-08 00:00:00.000|-6332.50000000000000000000|Invoice 107099|2026-05-19 23:25:23.557|#
839|5410|2025-07-08 00:00:00.000|6332.50000000000000000000|Invoice 107099|2026-05-19 23:25:23.557|#
840|2110|2025-07-09 00:00:00.000|682.50000000000000000000|Direct Cost 20000 on 07/09/25|2026-05-19 23:25:23.623|#
841|7170|2025-07-09 00:00:00.000|-682.50000000000000000000|Direct Cost 20000 on 07/09/25|2026-05-19 23:25:23.627|#
842|7110|2025-07-09 00:00:00.000|682.50000000000000000000|Invoice 107100|2026-05-19 23:25:23.630|#
843|5630|2025-07-09 00:00:00.000|170.63000000000000000000|Invoice 107100|2026-05-19 23:25:23.630|#
844|5410|2025-07-09 00:00:00.000|-853.13000000000000000000|Invoice 107100|2026-05-19 23:25:23.637|#
845|2910|2025-07-09 00:00:00.000|-853.13000000000000000000|Invoice 107100|2026-05-19 23:25:23.647|#
846|5410|2025-07-09 00:00:00.000|853.13000000000000000000|Invoice 107100|2026-05-19 23:25:23.647|#
847|2110|2025-07-10 00:00:00.000|305.80000000000000000000|Direct Cost 30000 on 07/10/25|2026-05-19 23:25:23.717|#
848|7170|2025-07-10 00:00:00.000|-305.80000000000000000000|Direct Cost 30000 on 07/10/25|2026-05-19 23:25:23.717|#
849|7120|2025-07-10 00:00:00.000|305.80000000000000000000|Invoice 107101|2026-05-19 23:25:23.723|#
850|5630|2025-07-10 00:00:00.000|76.45000000000000000000|Invoice 107101|2026-05-19 23:25:23.723|#
851|5620|2025-07-10 00:00:00.000|-76.45000000000000000000|Invoice 107101|2026-05-19 23:25:23.723|#
852|5420|2025-07-10 00:00:00.000|-305.80000000000000000000|Invoice 107101|2026-05-19 23:25:23.730|#
853|2910|2025-07-10 00:00:00.000|-305.80000000000000000000|Invoice 107101|2026-05-19 23:25:23.740|#
854|5420|2025-07-10 00:00:00.000|305.80000000000000000000|Invoice 107101|2026-05-19 23:25:23.743|#
855|2110|2025-07-10 00:00:00.000|4950.40000000000000000000|Direct Cost 40000 on 07/10/25|2026-05-19 23:25:23.810|#
856|7170|2025-07-10 00:00:00.000|-4950.40000000000000000000|Direct Cost 40000 on 07/10/25|2026-05-19 23:25:23.813|#
857|7110|2025-07-10 00:00:00.000|4950.40000000000000000000|Invoice 107102|2026-05-19 23:25:23.817|#
858|5630|2025-07-10 00:00:00.000|1237.60000000000000000000|Invoice 107102|2026-05-19 23:25:23.817|#
859|5410|2025-07-10 00:00:00.000|-6188.00000000000000000000|Invoice 107102|2026-05-19 23:25:23.823|#
860|2910|2025-07-10 00:00:00.000|-6188.00000000000000000000|Invoice 107102|2026-05-19 23:25:23.837|#
861|5410|2025-07-10 00:00:00.000|6188.00000000000000000000|Invoice 107102|2026-05-19 23:25:23.837|#
862|2110|2025-07-11 00:00:00.000|390.00000000000000000000|Direct Cost 40000 on 07/11/25|2026-05-19 23:25:23.907|#
863|7170|2025-07-11 00:00:00.000|-390.00000000000000000000|Direct Cost 40000 on 07/11/25|2026-05-19 23:25:23.907|#
864|7110|2025-07-11 00:00:00.000|390.00000000000000000000|Invoice 107103|2026-05-19 23:25:23.913|#
865|5630|2025-07-11 00:00:00.000|97.50000000000000000000|Invoice 107103|2026-05-19 23:25:23.913|#
866|5410|2025-07-11 00:00:00.000|-487.50000000000000000000|Invoice 107103|2026-05-19 23:25:23.927|#
867|2910|2025-07-11 00:00:00.000|-487.50000000000000000000|Invoice 107103|2026-05-19 23:25:23.937|#
868|5410|2025-07-11 00:00:00.000|487.50000000000000000000|Invoice 107103|2026-05-19 23:25:23.937|#
869|2110|2025-07-11 00:00:00.000|480.50000000000000000000|Direct Cost 30000 on 07/11/25|2026-05-19 23:25:24.010|#
870|7170|2025-07-11 00:00:00.000|-480.50000000000000000000|Direct Cost 30000 on 07/11/25|2026-05-19 23:25:24.013|#
871|7120|2025-07-11 00:00:00.000|480.50000000000000000000|Invoice 107104|2026-05-19 23:25:24.017|#
872|5630|2025-07-11 00:00:00.000|120.13000000000000000000|Invoice 107104|2026-05-19 23:25:24.017|#
873|5620|2025-07-11 00:00:00.000|-120.13000000000000000000|Invoice 107104|2026-05-19 23:25:24.017|#
874|5420|2025-07-11 00:00:00.000|-480.50000000000000000000|Invoice 107104|2026-05-19 23:25:24.023|#
875|2910|2025-07-11 00:00:00.000|-480.50000000000000000000|Invoice 107104|2026-05-19 23:25:24.037|#
876|5420|2025-07-11 00:00:00.000|480.50000000000000000000|Invoice 107104|2026-05-19 23:25:24.037|#
877|2110|2025-07-12 00:00:00.000|1536.50000000000000000000|Direct Cost 30000 on 07/12/25|2026-05-19 23:25:24.103|#
878|7170|2025-07-12 00:00:00.000|-1536.50000000000000000000|Direct Cost 30000 on 07/12/25|2026-05-19 23:25:24.107|#
879|7120|2025-07-12 00:00:00.000|1536.50000000000000000000|Invoice 107105|2026-05-19 23:25:24.110|#
880|5630|2025-07-12 00:00:00.000|384.13000000000000000000|Invoice 107105|2026-05-19 23:25:24.110|#
881|5620|2025-07-12 00:00:00.000|-384.13000000000000000000|Invoice 107105|2026-05-19 23:25:24.110|#
882|5420|2025-07-12 00:00:00.000|-1536.50000000000000000000|Invoice 107105|2026-05-19 23:25:24.117|#
883|2910|2025-07-12 00:00:00.000|-1536.50000000000000000000|Invoice 107105|2026-05-19 23:25:24.130|#
884|5420|2025-07-12 00:00:00.000|1536.50000000000000000000|Invoice 107105|2026-05-19 23:25:24.130|#
885|2110|2025-08-04 00:00:00.000|576.60000000000000000000|Direct Cost 20000 on 08/04/25|2026-05-19 23:25:24.217|#
886|7170|2025-08-04 00:00:00.000|-576.60000000000000000000|Direct Cost 20000 on 08/04/25|2026-05-19 23:25:24.217|#
887|2110|2025-08-04 00:00:00.000|390.00000000000000000000|Direct Cost 20000 on 08/04/25|2026-05-19 23:25:24.220|#
888|7170|2025-08-04 00:00:00.000|-390.00000000000000000000|Direct Cost 20000 on 08/04/25|2026-05-19 23:25:24.223|#
889|7110|2025-08-04 00:00:00.000|966.60000000000000000000|Invoice 107106|2026-05-19 23:25:24.227|#
890|5630|2025-08-04 00:00:00.000|241.65000000000000000000|Invoice 107106|2026-05-19 23:25:24.227|#
891|5410|2025-08-04 00:00:00.000|-1208.25000000000000000000|Invoice 107106|2026-05-19 23:25:24.233|#
892|2910|2025-08-04 00:00:00.000|-1208.25000000000000000000|Invoice 107106|2026-05-19 23:25:24.247|#
893|5410|2025-08-04 00:00:00.000|1208.25000000000000000000|Invoice 107106|2026-05-19 23:25:24.247|#
894|2110|2025-08-04 00:00:00.000|1968.00000000000000000000|Direct Cost 40000 on 08/04/25|2026-05-19 23:25:24.317|#
895|7170|2025-08-04 00:00:00.000|-1968.00000000000000000000|Direct Cost 40000 on 08/04/25|2026-05-19 23:25:24.317|#
896|7110|2025-08-04 00:00:00.000|1968.00000000000000000000|Invoice 107107|2026-05-19 23:25:24.320|#
897|5630|2025-08-04 00:00:00.000|492.00000000000000000000|Invoice 107107|2026-05-19 23:25:24.320|#
898|5410|2025-08-04 00:00:00.000|-2460.00000000000000000000|Invoice 107107|2026-05-19 23:25:24.327|#
899|2910|2025-08-04 00:00:00.000|-2460.00000000000000000000|Invoice 107107|2026-05-19 23:25:24.337|#
900|5410|2025-08-04 00:00:00.000|2460.00000000000000000000|Invoice 107107|2026-05-19 23:25:24.337|#
901|2110|2025-08-05 00:00:00.000|576.60000000000000000000|Direct Cost 30000 on 08/05/25|2026-05-19 23:25:24.403|#
902|7170|2025-08-05 00:00:00.000|-576.60000000000000000000|Direct Cost 30000 on 08/05/25|2026-05-19 23:25:24.407|#
903|7120|2025-08-05 00:00:00.000|576.60000000000000000000|Invoice 107108|2026-05-19 23:25:24.410|#
904|5630|2025-08-05 00:00:00.000|144.15000000000000000000|Invoice 107108|2026-05-19 23:25:24.410|#
905|5620|2025-08-05 00:00:00.000|-144.15000000000000000000|Invoice 107108|2026-05-19 23:25:24.410|#
906|5420|2025-08-05 00:00:00.000|-576.60000000000000000000|Invoice 107108|2026-05-19 23:25:24.420|#
907|2910|2025-08-05 00:00:00.000|-576.60000000000000000000|Invoice 107108|2026-05-19 23:25:24.433|#
908|5420|2025-08-05 00:00:00.000|576.60000000000000000000|Invoice 107108|2026-05-19 23:25:24.433|#
909|2110|2025-08-06 00:00:00.000|768.80000000000000000000|Direct Cost 20000 on 08/06/25|2026-05-19 23:25:24.500|#
910|7170|2025-08-06 00:00:00.000|-768.80000000000000000000|Direct Cost 20000 on 08/06/25|2026-05-19 23:25:24.503|#
911|7110|2025-08-06 00:00:00.000|768.80000000000000000000|Invoice 107109|2026-05-19 23:25:24.507|#
912|5630|2025-08-06 00:00:00.000|192.20000000000000000000|Invoice 107109|2026-05-19 23:25:24.507|#
913|5410|2025-08-06 00:00:00.000|-961.00000000000000000000|Invoice 107109|2026-05-19 23:25:24.513|#
914|2910|2025-08-06 00:00:00.000|-961.00000000000000000000|Invoice 107109|2026-05-19 23:25:24.523|#
915|5410|2025-08-06 00:00:00.000|961.00000000000000000000|Invoice 107109|2026-05-19 23:25:24.527|#
916|2110|2025-08-07 00:00:00.000|780.00000000000000000000|Direct Cost 50000 on 08/07/25|2026-05-19 23:25:24.607|#
917|7170|2025-08-07 00:00:00.000|-780.00000000000000000000|Direct Cost 50000 on 08/07/25|2026-05-19 23:25:24.610|#
918|2110|2025-08-07 00:00:00.000|384.40000000000000000000|Direct Cost 50000 on 08/07/25|2026-05-19 23:25:24.613|#
919|7170|2025-08-07 00:00:00.000|-384.40000000000000000000|Direct Cost 50000 on 08/07/25|2026-05-19 23:25:24.617|#
920|7110|2025-08-07 00:00:00.000|1164.40000000000000000000|Invoice 107110|2026-05-19 23:25:24.620|#
921|5630|2025-08-07 00:00:00.000|291.10000000000000000000|Invoice 107110|2026-05-19 23:25:24.620|#
922|5410|2025-08-07 00:00:00.000|-1455.50000000000000000000|Invoice 107110|2026-05-19 23:25:24.627|#
923|2910|2025-08-07 00:00:00.000|-1455.50000000000000000000|Invoice 107110|2026-05-19 23:25:24.640|#
924|5410|2025-08-07 00:00:00.000|1455.50000000000000000000|Invoice 107110|2026-05-19 23:25:24.640|#
925|2110|2025-08-07 00:00:00.000|877.50000000000000000000|Direct Cost 10000 on 08/07/25|2026-05-19 23:25:24.713|#
926|7170|2025-08-07 00:00:00.000|-877.50000000000000000000|Direct Cost 10000 on 08/07/25|2026-05-19 23:25:24.717|#
927|7130|2025-08-07 00:00:00.000|877.50000000000000000000|Invoice 107111|2026-05-19 23:25:24.720|#
928|5420|2025-08-07 00:00:00.000|-877.50000000000000000000|Invoice 107111|2026-05-19 23:25:24.723|#
929|2910|2025-08-07 00:00:00.000|-877.50000000000000000000|Invoice 107111|2026-05-19 23:25:24.737|#
930|5420|2025-08-07 00:00:00.000|877.50000000000000000000|Invoice 107111|2026-05-19 23:25:24.737|#
931|2110|2025-08-08 00:00:00.000|5572.60000000000000000000|Direct Cost 50000 on 08/08/25|2026-05-19 23:25:24.807|#
932|7170|2025-08-08 00:00:00.000|-5572.60000000000000000000|Direct Cost 50000 on 08/08/25|2026-05-19 23:25:24.807|#
933|7110|2025-08-08 00:00:00.000|5572.60000000000000000000|Invoice 107112|2026-05-19 23:25:24.813|#
934|5630|2025-08-08 00:00:00.000|1393.15000000000000000000|Invoice 107112|2026-05-19 23:25:24.813|#
935|5410|2025-08-08 00:00:00.000|-6965.75000000000000000000|Invoice 107112|2026-05-19 23:25:24.817|#
936|9330|2025-08-08 00:00:00.000|0.00000000000000000000|Residual caused by rounding of Additional-Currency Amount|2026-05-19 23:25:24.817|#
937|2910|2025-08-08 00:00:00.000|-6965.75000000000000000000|Invoice 107112|2026-05-19 23:25:24.830|#
938|5410|2025-08-08 00:00:00.000|6965.75000000000000000000|Invoice 107112|2026-05-19 23:25:24.830|#
939|2110|2025-08-09 00:00:00.000|682.50000000000000000000|Direct Cost 20000 on 08/09/25|2026-05-19 23:25:24.900|#
940|7170|2025-08-09 00:00:00.000|-682.50000000000000000000|Direct Cost 20000 on 08/09/25|2026-05-19 23:25:24.903|#
941|7110|2025-08-09 00:00:00.000|682.50000000000000000000|Invoice 107113|2026-05-19 23:25:24.907|#
942|5630|2025-08-09 00:00:00.000|170.63000000000000000000|Invoice 107113|2026-05-19 23:25:24.907|#
943|5410|2025-08-09 00:00:00.000|-853.13000000000000000000|Invoice 107113|2026-05-19 23:25:24.913|#
944|2910|2025-08-09 00:00:00.000|-853.13000000000000000000|Invoice 107113|2026-05-19 23:25:24.923|#
945|5410|2025-08-09 00:00:00.000|853.13000000000000000000|Invoice 107113|2026-05-19 23:25:24.923|#
946|2110|2025-08-10 00:00:00.000|278.00000000000000000000|Direct Cost 30000 on 08/10/25|2026-05-19 23:25:24.997|#
947|7170|2025-08-10 00:00:00.000|-278.00000000000000000000|Direct Cost 30000 on 08/10/25|2026-05-19 23:25:25.000|#
948|7120|2025-08-10 00:00:00.000|278.00000000000000000000|Invoice 107114|2026-05-19 23:25:25.007|#
949|5630|2025-08-10 00:00:00.000|69.50000000000000000000|Invoice 107114|2026-05-19 23:25:25.007|#
950|5620|2025-08-10 00:00:00.000|-69.50000000000000000000|Invoice 107114|2026-05-19 23:25:25.007|#
951|5420|2025-08-10 00:00:00.000|-278.00000000000000000000|Invoice 107114|2026-05-19 23:25:25.017|#
952|2910|2025-08-10 00:00:00.000|-278.00000000000000000000|Invoice 107114|2026-05-19 23:25:25.030|#
953|5420|2025-08-10 00:00:00.000|278.00000000000000000000|Invoice 107114|2026-05-19 23:25:25.030|#
954|2110|2025-08-10 00:00:00.000|6364.80000000000000000000|Direct Cost 40000 on 08/10/25|2026-05-19 23:25:25.100|#
955|7170|2025-08-10 00:00:00.000|-6364.80000000000000000000|Direct Cost 40000 on 08/10/25|2026-05-19 23:25:25.103|#
956|7110|2025-08-10 00:00:00.000|6364.80000000000000000000|Invoice 107115|2026-05-19 23:25:25.107|#
957|5630|2025-08-10 00:00:00.000|1591.20000000000000000000|Invoice 107115|2026-05-19 23:25:25.107|#
958|5410|2025-08-10 00:00:00.000|-7956.00000000000000000000|Invoice 107115|2026-05-19 23:25:25.113|#
959|2910|2025-08-10 00:00:00.000|-7956.00000000000000000000|Invoice 107115|2026-05-19 23:25:25.123|#
960|5410|2025-08-10 00:00:00.000|7956.00000000000000000000|Invoice 107115|2026-05-19 23:25:25.123|#
961|2110|2025-08-11 00:00:00.000|585.00000000000000000000|Direct Cost 40000 on 08/11/25|2026-05-19 23:25:25.193|#
962|7170|2025-08-11 00:00:00.000|-585.00000000000000000000|Direct Cost 40000 on 08/11/25|2026-05-19 23:25:25.197|#
963|7110|2025-08-11 00:00:00.000|585.00000000000000000000|Invoice 107116|2026-05-19 23:25:25.200|#
964|5630|2025-08-11 00:00:00.000|146.25000000000000000000|Invoice 107116|2026-05-19 23:25:25.200|#
965|5410|2025-08-11 00:00:00.000|-731.25000000000000000000|Invoice 107116|2026-05-19 23:25:25.207|#
966|9340|2025-08-11 00:00:00.000|0.00000000000000000000|Residual caused by rounding of Additional-Currency Amount|2026-05-19 23:25:25.207|#
967|2910|2025-08-11 00:00:00.000|-731.25000000000000000000|Invoice 107116|2026-05-19 23:25:25.220|#
968|5410|2025-08-11 00:00:00.000|731.25000000000000000000|Invoice 107116|2026-05-19 23:25:25.220|#
969|2110|2025-08-11 00:00:00.000|672.70000000000000000000|Direct Cost 30000 on 08/11/25|2026-05-19 23:25:25.290|#
970|7170|2025-08-11 00:00:00.000|-672.70000000000000000000|Direct Cost 30000 on 08/11/25|2026-05-19 23:25:25.293|#
971|7120|2025-08-11 00:00:00.000|672.70000000000000000000|Invoice 107117|2026-05-19 23:25:25.297|#
972|5630|2025-08-11 00:00:00.000|168.18000000000000000000|Invoice 107117|2026-05-19 23:25:25.297|#
973|5620|2025-08-11 00:00:00.000|-168.18000000000000000000|Invoice 107117|2026-05-19 23:25:25.297|#
974|5420|2025-08-11 00:00:00.000|-672.70000000000000000000|Invoice 107117|2026-05-19 23:25:25.307|#
975|2910|2025-08-11 00:00:00.000|-672.70000000000000000000|Invoice 107117|2026-05-19 23:25:25.317|#
976|5420|2025-08-11 00:00:00.000|672.70000000000000000000|Invoice 107117|2026-05-19 23:25:25.317|#
977|2110|2025-08-12 00:00:00.000|1536.50000000000000000000|Direct Cost 30000 on 08/12/25|2026-05-19 23:25:25.387|#
978|7170|2025-08-12 00:00:00.000|-1536.50000000000000000000|Direct Cost 30000 on 08/12/25|2026-05-19 23:25:25.387|#
979|7120|2025-08-12 00:00:00.000|1536.50000000000000000000|Invoice 107118|2026-05-19 23:25:25.393|#
980|5630|2025-08-12 00:00:00.000|384.13000000000000000000|Invoice 107118|2026-05-19 23:25:25.393|#
981|5620|2025-08-12 00:00:00.000|-384.13000000000000000000|Invoice 107118|2026-05-19 23:25:25.393|#
982|5420|2025-08-12 00:00:00.000|-1536.50000000000000000000|Invoice 107118|2026-05-19 23:25:25.400|#
983|2910|2025-08-12 00:00:00.000|-1536.50000000000000000000|Invoice 107118|2026-05-19 23:25:25.413|#
984|5420|2025-08-12 00:00:00.000|1536.50000000000000000000|Invoice 107118|2026-05-19 23:25:25.413|#
985|2110|2025-09-04 00:00:00.000|384.40000000000000000000|Direct Cost 20000 on 09/04/25|2026-05-19 23:25:25.500|#
986|7170|2025-09-04 00:00:00.000|-384.40000000000000000000|Direct Cost 20000 on 09/04/25|2026-05-19 23:25:25.503|#
987|2110|2025-09-04 00:00:00.000|390.00000000000000000000|Direct Cost 20000 on 09/04/25|2026-05-19 23:25:25.507|#
988|7170|2025-09-04 00:00:00.000|-390.00000000000000000000|Direct Cost 20000 on 09/04/25|2026-05-19 23:25:25.507|#
989|7110|2025-09-04 00:00:00.000|774.40000000000000000000|Invoice 107119|2026-05-19 23:25:25.513|#
990|5630|2025-09-04 00:00:00.000|193.60000000000000000000|Invoice 107119|2026-05-19 23:25:25.513|#
991|5410|2025-09-04 00:00:00.000|-968.00000000000000000000|Invoice 107119|2026-05-19 23:25:25.517|#
992|9340|2025-09-04 00:00:00.000|0.00000000000000000000|Residual caused by rounding of Additional-Currency Amount|2026-05-19 23:25:25.517|#
993|2910|2025-09-04 00:00:00.000|-968.00000000000000000000|Invoice 107119|2026-05-19 23:25:25.533|#
994|5410|2025-09-04 00:00:00.000|968.00000000000000000000|Invoice 107119|2026-05-19 23:25:25.533|#
995|2110|2025-09-04 00:00:00.000|1312.00000000000000000000|Direct Cost 40000 on 09/04/25|2026-05-19 23:25:25.607|#
996|7170|2025-09-04 00:00:00.000|-1312.00000000000000000000|Direct Cost 40000 on 09/04/25|2026-05-19 23:25:25.610|#
997|7110|2025-09-04 00:00:00.000|1312.00000000000000000000|Invoice 107120|2026-05-19 23:25:25.613|#
998|5630|2025-09-04 00:00:00.000|328.00000000000000000000|Invoice 107120|2026-05-19 23:25:25.613|#
999|5410|2025-09-04 00:00:00.000|-1640.00000000000000000000|Invoice 107120|2026-05-19 23:25:25.620|#
1000|2910|2025-09-04 00:00:00.000|-1640.00000000000000000000|Invoice 107120|2026-05-19 23:25:25.633|#
1001|5410|2025-09-04 00:00:00.000|1640.00000000000000000000|Invoice 107120|2026-05-19 23:25:25.633|#
1002|2110|2025-09-05 00:00:00.000|480.50000000000000000000|Direct Cost 30000 on 09/05/25|2026-05-19 23:25:25.700|#
1003|7170|2025-09-05 00:00:00.000|-480.50000000000000000000|Direct Cost 30000 on 09/05/25|2026-05-19 23:25:25.703|#
1004|7120|2025-09-05 00:00:00.000|480.50000000000000000000|Invoice 107121|2026-05-19 23:25:25.707|#
1005|5630|2025-09-05 00:00:00.000|120.13000000000000000000|Invoice 107121|2026-05-19 23:25:25.707|#
1006|5620|2025-09-05 00:00:00.000|-120.13000000000000000000|Invoice 107121|2026-05-19 23:25:25.707|#
1007|5420|2025-09-05 00:00:00.000|-480.50000000000000000000|Invoice 107121|2026-05-19 23:25:25.713|#
1008|2910|2025-09-05 00:00:00.000|-480.50000000000000000000|Invoice 107121|2026-05-19 23:25:25.727|#
1009|5420|2025-09-05 00:00:00.000|480.50000000000000000000|Invoice 107121|2026-05-19 23:25:25.727|#
1010|2110|2025-09-06 00:00:00.000|390.00000000000000000000|Direct Cost 50000 on 09/06/25|2026-05-19 23:25:25.823|#
1011|7170|2025-09-06 00:00:00.000|-390.00000000000000000000|Direct Cost 50000 on 09/06/25|2026-05-19 23:25:25.827|#
1012|2110|2025-09-06 00:00:00.000|288.30000000000000000000|Direct Cost 50000 on 09/06/25|2026-05-19 23:25:25.830|#
1013|7170|2025-09-06 00:00:00.000|-288.30000000000000000000|Direct Cost 50000 on 09/06/25|2026-05-19 23:25:25.830|#
1014|7110|2025-09-06 00:00:00.000|678.30000000000000000000|Invoice 107122|2026-05-19 23:25:25.837|#
1015|5630|2025-09-06 00:00:00.000|169.58000000000000000000|Invoice 107122|2026-05-19 23:25:25.837|#
1016|5410|2025-09-06 00:00:00.000|-847.88000000000000000000|Invoice 107122|2026-05-19 23:25:25.847|#
1017|9330|2025-09-06 00:00:00.000|0.00000000000000000000|Residual caused by rounding of Additional-Currency Amount|2026-05-19 23:25:25.847|#
1018|2910|2025-09-06 00:00:00.000|-847.88000000000000000000|Invoice 107122|2026-05-19 23:25:25.860|#
1019|5410|2025-09-06 00:00:00.000|847.88000000000000000000|Invoice 107122|2026-05-19 23:25:25.860|#
1020|2110|2025-09-06 00:00:00.000|480.50000000000000000000|Direct Cost 20000 on 09/06/25|2026-05-19 23:25:25.947|#
1021|7170|2025-09-06 00:00:00.000|-480.50000000000000000000|Direct Cost 20000 on 09/06/25|2026-05-19 23:25:25.947|#
1022|7110|2025-09-06 00:00:00.000|480.50000000000000000000|Invoice 107123|2026-05-19 23:25:25.950|#
1023|5630|2025-09-06 00:00:00.000|120.13000000000000000000|Invoice 107123|2026-05-19 23:25:25.950|#
1024|5410|2025-09-06 00:00:00.000|-600.63000000000000000000|Invoice 107123|2026-05-19 23:25:25.957|#
1025|2910|2025-09-06 00:00:00.000|-600.63000000000000000000|Invoice 107123|2026-05-19 23:25:25.970|#
1026|5410|2025-09-06 00:00:00.000|600.63000000000000000000|Invoice 107123|2026-05-19 23:25:25.970|#
1027|2110|2025-09-07 00:00:00.000|682.50000000000000000000|Direct Cost 10000 on 09/07/25|2026-05-19 23:25:26.037|#
1028|7170|2025-09-07 00:00:00.000|-682.50000000000000000000|Direct Cost 10000 on 09/07/25|2026-05-19 23:25:26.040|#
1029|7130|2025-09-07 00:00:00.000|682.50000000000000000000|Invoice 107124|2026-05-19 23:25:26.043|#
1030|5420|2025-09-07 00:00:00.000|-682.50000000000000000000|Invoice 107124|2026-05-19 23:25:26.050|#
1031|2910|2025-09-07 00:00:00.000|-682.50000000000000000000|Invoice 107124|2026-05-19 23:25:26.063|#
1032|5420|2025-09-07 00:00:00.000|682.50000000000000000000|Invoice 107124|2026-05-19 23:25:26.063|#
1033|2110|2025-09-08 00:00:00.000|4559.40000000000000000000|Direct Cost 50000 on 09/08/25|2026-05-19 23:25:26.130|#
1034|7170|2025-09-08 00:00:00.000|-4559.40000000000000000000|Direct Cost 50000 on 09/08/25|2026-05-19 23:25:26.133|#
1035|7110|2025-09-08 00:00:00.000|4559.40000000000000000000|Invoice 107125|2026-05-19 23:25:26.137|#
1036|5630|2025-09-08 00:00:00.000|1139.85000000000000000000|Invoice 107125|2026-05-19 23:25:26.137|#
1037|5410|2025-09-08 00:00:00.000|-5699.25000000000000000000|Invoice 107125|2026-05-19 23:25:26.143|#
1038|2910|2025-09-08 00:00:00.000|-5699.25000000000000000000|Invoice 107125|2026-05-19 23:25:26.157|#
1039|5410|2025-09-08 00:00:00.000|5699.25000000000000000000|Invoice 107125|2026-05-19 23:25:26.157|#
1040|2110|2025-09-09 00:00:00.000|250.20000000000000000000|Direct Cost 30000 on 09/09/25|2026-05-19 23:25:26.230|#
1041|7170|2025-09-09 00:00:00.000|-250.20000000000000000000|Direct Cost 30000 on 09/09/25|2026-05-19 23:25:26.230|#
1042|7120|2025-09-09 00:00:00.000|250.20000000000000000000|Invoice 107126|2026-05-19 23:25:26.237|#
1043|5630|2025-09-09 00:00:00.000|62.55000000000000000000|Invoice 107126|2026-05-19 23:25:26.237|#
1044|5620|2025-09-09 00:00:00.000|-62.55000000000000000000|Invoice 107126|2026-05-19 23:25:26.237|#
1045|5420|2025-09-09 00:00:00.000|-250.20000000000000000000|Invoice 107126|2026-05-19 23:25:26.243|#
1046|2910|2025-09-09 00:00:00.000|-250.20000000000000000000|Invoice 107126|2026-05-19 23:25:26.257|#
1047|5420|2025-09-09 00:00:00.000|250.20000000000000000000|Invoice 107126|2026-05-19 23:25:26.257|#
1048|2110|2025-09-09 00:00:00.000|487.50000000000000000000|Direct Cost 20000 on 09/09/25|2026-05-19 23:25:26.323|#
1049|7170|2025-09-09 00:00:00.000|-487.50000000000000000000|Direct Cost 20000 on 09/09/25|2026-05-19 23:25:26.327|#
1050|7110|2025-09-09 00:00:00.000|487.50000000000000000000|Invoice 107127|2026-05-19 23:25:26.330|#
1051|5630|2025-09-09 00:00:00.000|121.88000000000000000000|Invoice 107127|2026-05-19 23:25:26.330|#
1052|5410|2025-09-09 00:00:00.000|-609.38000000000000000000|Invoice 107127|2026-05-19 23:25:26.337|#
1053|9330|2025-09-09 00:00:00.000|0.00000000000000000000|Residual caused by rounding of Additional-Currency Amount|2026-05-19 23:25:26.337|#
1054|2910|2025-09-09 00:00:00.000|-609.38000000000000000000|Invoice 107127|2026-05-19 23:25:26.350|#
1055|5410|2025-09-09 00:00:00.000|609.38000000000000000000|Invoice 107127|2026-05-19 23:25:26.350|#
1056|2110|2025-09-09 00:00:00.000|4950.40000000000000000000|Direct Cost 40000 on 09/09/25|2026-05-19 23:25:26.420|#
1057|7170|2025-09-09 00:00:00.000|-4950.40000000000000000000|Direct Cost 40000 on 09/09/25|2026-05-19 23:25:26.420|#
1058|7110|2025-09-09 00:00:00.000|4950.40000000000000000000|Invoice 107128|2026-05-19 23:25:26.427|#
1059|5630|2025-09-09 00:00:00.000|1237.60000000000000000000|Invoice 107128|2026-05-19 23:25:26.427|#
1060|5410|2025-09-09 00:00:00.000|-6188.00000000000000000000|Invoice 107128|2026-05-19 23:25:26.433|#
1061|2910|2025-09-09 00:00:00.000|-6188.00000000000000000000|Invoice 107128|2026-05-19 23:25:26.447|#
1062|5410|2025-09-09 00:00:00.000|6188.00000000000000000000|Invoice 107128|2026-05-19 23:25:26.447|#
1063|2110|2025-09-10 00:00:00.000|390.00000000000000000000|Direct Cost 40000 on 09/10/25|2026-05-19 23:25:26.517|#
1064|7170|2025-09-10 00:00:00.000|-390.00000000000000000000|Direct Cost 40000 on 09/10/25|2026-05-19 23:25:26.517|#
1065|7110|2025-09-10 00:00:00.000|390.00000000000000000000|Invoice 107129|2026-05-19 23:25:26.523|#
1066|5630|2025-09-10 00:00:00.000|97.50000000000000000000|Invoice 107129|2026-05-19 23:25:26.523|#
1067|5410|2025-09-10 00:00:00.000|-487.50000000000000000000|Invoice 107129|2026-05-19 23:25:26.530|#
1068|2910|2025-09-10 00:00:00.000|-487.50000000000000000000|Invoice 107129|2026-05-19 23:25:26.543|#
1069|5410|2025-09-10 00:00:00.000|487.50000000000000000000|Invoice 107129|2026-05-19 23:25:26.543|#
1070|2110|2025-09-11 00:00:00.000|658.50000000000000000000|Direct Cost 30000 on 09/11/25|2026-05-19 23:25:26.633|#
1071|7170|2025-09-11 00:00:00.000|-658.50000000000000000000|Direct Cost 30000 on 09/11/25|2026-05-19 23:25:26.633|#
1072|2110|2025-09-11 00:00:00.000|480.50000000000000000000|Direct Cost 30000 on 09/11/25|2026-05-19 23:25:26.637|#
1073|7170|2025-09-11 00:00:00.000|-480.50000000000000000000|Direct Cost 30000 on 09/11/25|2026-05-19 23:25:26.640|#
1074|7120|2025-09-11 00:00:00.000|1139.00000000000000000000|Invoice 107130|2026-05-19 23:25:26.647|#
1075|5630|2025-09-11 00:00:00.000|284.75000000000000000000|Invoice 107130|2026-05-19 23:25:26.647|#
1076|5620|2025-09-11 00:00:00.000|-284.75000000000000000000|Invoice 107130|2026-05-19 23:25:26.647|#
1077|5420|2025-09-11 00:00:00.000|-1139.00000000000000000000|Invoice 107130|2026-05-19 23:25:26.650|#
1078|2910|2025-09-11 00:00:00.000|-1139.00000000000000000000|Invoice 107130|2026-05-19 23:25:26.663|#
1079|5420|2025-09-11 00:00:00.000|1139.00000000000000000000|Invoice 107130|2026-05-19 23:25:26.663|#
1080|2110|2025-10-04 00:00:00.000|384.40000000000000000000|Direct Cost 20000 on 10/04/25|2026-05-19 23:25:26.760|#
1081|7170|2025-10-04 00:00:00.000|-384.40000000000000000000|Direct Cost 20000 on 10/04/25|2026-05-19 23:25:26.760|#
1082|2110|2025-10-04 00:00:00.000|487.50000000000000000000|Direct Cost 20000 on 10/04/25|2026-05-19 23:25:26.763|#
1083|7170|2025-10-04 00:00:00.000|-487.50000000000000000000|Direct Cost 20000 on 10/04/25|2026-05-19 23:25:26.767|#
1084|7110|2025-10-04 00:00:00.000|871.90000000000000000000|Invoice 107131|2026-05-19 23:25:26.773|#
1085|5630|2025-10-04 00:00:00.000|217.98000000000000000000|Invoice 107131|2026-05-19 23:25:26.773|#
1086|5410|2025-10-04 00:00:00.000|-1089.88000000000000000000|Invoice 107131|2026-05-19 23:25:26.777|#
1087|2910|2025-10-04 00:00:00.000|-1089.88000000000000000000|Invoice 107131|2026-05-19 23:25:26.790|#
1088|5410|2025-10-04 00:00:00.000|1089.88000000000000000000|Invoice 107131|2026-05-19 23:25:26.790|#
1089|2110|2025-10-04 00:00:00.000|1312.00000000000000000000|Direct Cost 40000 on 10/04/25|2026-05-19 23:25:26.867|#
1090|7170|2025-10-04 00:00:00.000|-1312.00000000000000000000|Direct Cost 40000 on 10/04/25|2026-05-19 23:25:26.867|#
1091|7110|2025-10-04 00:00:00.000|1312.00000000000000000000|Invoice 107132|2026-05-19 23:25:26.873|#
1092|5630|2025-10-04 00:00:00.000|328.00000000000000000000|Invoice 107132|2026-05-19 23:25:26.873|#
1093|5410|2025-10-04 00:00:00.000|-1640.00000000000000000000|Invoice 107132|2026-05-19 23:25:26.877|#
1094|2910|2025-10-04 00:00:00.000|-1640.00000000000000000000|Invoice 107132|2026-05-19 23:25:26.890|#
1095|5410|2025-10-04 00:00:00.000|1640.00000000000000000000|Invoice 107132|2026-05-19 23:25:26.890|#
1096|2110|2025-10-05 00:00:00.000|672.70000000000000000000|Direct Cost 30000 on 10/05/25|2026-05-19 23:25:26.960|#
1097|7170|2025-10-05 00:00:00.000|-672.70000000000000000000|Direct Cost 30000 on 10/05/25|2026-05-19 23:25:26.963|#
1098|7120|2025-10-05 00:00:00.000|672.70000000000000000000|Invoice 107133|2026-05-19 23:25:26.967|#
1099|5630|2025-10-05 00:00:00.000|168.18000000000000000000|Invoice 107133|2026-05-19 23:25:26.967|#
1100|5620|2025-10-05 00:00:00.000|-168.18000000000000000000|Invoice 107133|2026-05-19 23:25:26.967|#
1101|5420|2025-10-05 00:00:00.000|-672.70000000000000000000|Invoice 107133|2026-05-19 23:25:26.973|#
1102|2910|2025-10-05 00:00:00.000|-672.70000000000000000000|Invoice 107133|2026-05-19 23:25:26.987|#
1103|5420|2025-10-05 00:00:00.000|672.70000000000000000000|Invoice 107133|2026-05-19 23:25:26.987|#
1104|2110|2025-10-06 00:00:00.000|864.90000000000000000000|Direct Cost 20000 on 10/06/25|2026-05-19 23:25:27.057|#
1105|7170|2025-10-06 00:00:00.000|-864.90000000000000000000|Direct Cost 20000 on 10/06/25|2026-05-19 23:25:27.060|#
1106|7110|2025-10-06 00:00:00.000|864.90000000000000000000|Invoice 107134|2026-05-19 23:25:27.067|#
1107|5630|2025-10-06 00:00:00.000|216.23000000000000000000|Invoice 107134|2026-05-19 23:25:27.067|#
1108|5410|2025-10-06 00:00:00.000|-1081.13000000000000000000|Invoice 107134|2026-05-19 23:25:27.070|#
1109|9330|2025-10-06 00:00:00.000|0.00000000000000000000|Residual caused by rounding of Additional-Currency Amount|2026-05-19 23:25:27.070|#
1110|2910|2025-10-06 00:00:00.000|-1081.13000000000000000000|Invoice 107134|2026-05-19 23:25:27.083|#
1111|5410|2025-10-06 00:00:00.000|1081.13000000000000000000|Invoice 107134|2026-05-19 23:25:27.083|#
1112|2110|2025-10-07 00:00:00.000|585.00000000000000000000|Direct Cost 50000 on 10/07/25|2026-05-19 23:25:27.173|#
1113|7170|2025-10-07 00:00:00.000|-585.00000000000000000000|Direct Cost 50000 on 10/07/25|2026-05-19 23:25:27.177|#
1114|2110|2025-10-07 00:00:00.000|288.30000000000000000000|Direct Cost 50000 on 10/07/25|2026-05-19 23:25:27.180|#
1115|7170|2025-10-07 00:00:00.000|-288.30000000000000000000|Direct Cost 50000 on 10/07/25|2026-05-19 23:25:27.180|#
1116|7110|2025-10-07 00:00:00.000|873.30000000000000000000|Invoice 107135|2026-05-19 23:25:27.187|#
1117|5630|2025-10-07 00:00:00.000|218.33000000000000000000|Invoice 107135|2026-05-19 23:25:27.187|#
1118|5410|2025-10-07 00:00:00.000|-1091.63000000000000000000|Invoice 107135|2026-05-19 23:25:27.190|#
1119|9330|2025-10-07 00:00:00.000|0.00000000000000000000|Residual caused by rounding of Additional-Currency Amount|2026-05-19 23:25:27.190|#
1120|2910|2025-10-07 00:00:00.000|-1091.63000000000000000000|Invoice 107135|2026-05-19 23:25:27.203|#
1121|5410|2025-10-07 00:00:00.000|1091.63000000000000000000|Invoice 107135|2026-05-19 23:25:27.203|#
1122|2110|2025-10-07 00:00:00.000|877.50000000000000000000|Direct Cost 10000 on 10/07/25|2026-05-19 23:25:27.280|#
1123|7170|2025-10-07 00:00:00.000|-877.50000000000000000000|Direct Cost 10000 on 10/07/25|2026-05-19 23:25:27.283|#
1124|7130|2025-10-07 00:00:00.000|877.50000000000000000000|Invoice 107136|2026-05-19 23:25:27.287|#
1125|5420|2025-10-07 00:00:00.000|-877.50000000000000000000|Invoice 107136|2026-05-19 23:25:27.290|#
1126|2910|2025-10-07 00:00:00.000|-877.50000000000000000000|Invoice 107136|2026-05-19 23:25:27.303|#
1127|5420|2025-10-07 00:00:00.000|877.50000000000000000000|Invoice 107136|2026-05-19 23:25:27.307|#
1128|2110|2025-10-08 00:00:00.000|4559.40000000000000000000|Direct Cost 50000 on 10/08/25|2026-05-19 23:25:27.373|#
1129|7170|2025-10-08 00:00:00.000|-4559.40000000000000000000|Direct Cost 50000 on 10/08/25|2026-05-19 23:25:27.377|#
1130|7110|2025-10-08 00:00:00.000|4559.40000000000000000000|Invoice 107137|2026-05-19 23:25:27.380|#
1131|5630|2025-10-08 00:00:00.000|1139.85000000000000000000|Invoice 107137|2026-05-19 23:25:27.380|#
1132|5410|2025-10-08 00:00:00.000|-5699.25000000000000000000|Invoice 107137|2026-05-19 23:25:27.387|#
1133|2910|2025-10-08 00:00:00.000|-5699.25000000000000000000|Invoice 107137|2026-05-19 23:25:27.397|#
1134|5410|2025-10-08 00:00:00.000|5699.25000000000000000000|Invoice 107137|2026-05-19 23:25:27.397|#
1135|2110|2025-10-09 00:00:00.000|585.00000000000000000000|Direct Cost 20000 on 10/09/25|2026-05-19 23:25:27.467|#
1136|7170|2025-10-09 00:00:00.000|-585.00000000000000000000|Direct Cost 20000 on 10/09/25|2026-05-19 23:25:27.470|#
1137|7110|2025-10-09 00:00:00.000|585.00000000000000000000|Invoice 107138|2026-05-19 23:25:27.477|#
1138|5630|2025-10-09 00:00:00.000|146.25000000000000000000|Invoice 107138|2026-05-19 23:25:27.477|#
1139|5410|2025-10-09 00:00:00.000|-731.25000000000000000000|Invoice 107138|2026-05-19 23:25:27.480|#
1140|9340|2025-10-09 00:00:00.000|0.00000000000000000000|Residual caused by rounding of Additional-Currency Amount|2026-05-19 23:25:27.480|#
1141|2910|2025-10-09 00:00:00.000|-731.25000000000000000000|Invoice 107138|2026-05-19 23:25:27.493|#
1142|5410|2025-10-09 00:00:00.000|731.25000000000000000000|Invoice 107138|2026-05-19 23:25:27.493|#
1143|2110|2025-10-10 00:00:00.000|278.00000000000000000000|Direct Cost 30000 on 10/10/25|2026-05-19 23:25:27.570|#
1144|7170|2025-10-10 00:00:00.000|-278.00000000000000000000|Direct Cost 30000 on 10/10/25|2026-05-19 23:25:27.573|#
1145|7120|2025-10-10 00:00:00.000|278.00000000000000000000|Invoice 107139|2026-05-19 23:25:27.577|#
1146|5630|2025-10-10 00:00:00.000|69.50000000000000000000|Invoice 107139|2026-05-19 23:25:27.577|#
1147|5620|2025-10-10 00:00:00.000|-69.50000000000000000000|Invoice 107139|2026-05-19 23:25:27.577|#
1148|5420|2025-10-10 00:00:00.000|-278.00000000000000000000|Invoice 107139|2026-05-19 23:25:27.583|#
1149|2910|2025-10-10 00:00:00.000|-278.00000000000000000000|Invoice 107139|2026-05-19 23:25:27.593|#
1150|5420|2025-10-10 00:00:00.000|278.00000000000000000000|Invoice 107139|2026-05-19 23:25:27.593|#
1151|2110|2025-10-10 00:00:00.000|4950.40000000000000000000|Direct Cost 40000 on 10/10/25|2026-05-19 23:25:27.677|#
1152|7170|2025-10-10 00:00:00.000|-4950.40000000000000000000|Direct Cost 40000 on 10/10/25|2026-05-19 23:25:27.680|#
1153|7110|2025-10-10 00:00:00.000|4950.40000000000000000000|Invoice 107140|2026-05-19 23:25:27.683|#
1154|5630|2025-10-10 00:00:00.000|1237.60000000000000000000|Invoice 107140|2026-05-19 23:25:27.683|#
1155|5410|2025-10-10 00:00:00.000|-6188.00000000000000000000|Invoice 107140|2026-05-19 23:25:27.690|#
1156|2910|2025-10-10 00:00:00.000|-6188.00000000000000000000|Invoice 107140|2026-05-19 23:25:27.703|#
1157|5410|2025-10-10 00:00:00.000|6188.00000000000000000000|Invoice 107140|2026-05-19 23:25:27.703|#
1158|2110|2025-10-11 00:00:00.000|390.00000000000000000000|Direct Cost 40000 on 10/11/25|2026-05-19 23:25:27.767|#
1159|7170|2025-10-11 00:00:00.000|-390.00000000000000000000|Direct Cost 40000 on 10/11/25|2026-05-19 23:25:27.770|#
1160|7110|2025-10-11 00:00:00.000|390.00000000000000000000|Invoice 107141|2026-05-19 23:25:27.773|#
1161|5630|2025-10-11 00:00:00.000|97.50000000000000000000|Invoice 107141|2026-05-19 23:25:27.773|#
1162|5410|2025-10-11 00:00:00.000|-487.50000000000000000000|Invoice 107141|2026-05-19 23:25:27.780|#
1163|2910|2025-10-11 00:00:00.000|-487.50000000000000000000|Invoice 107141|2026-05-19 23:25:27.790|#
1164|5410|2025-10-11 00:00:00.000|487.50000000000000000000|Invoice 107141|2026-05-19 23:25:27.790|#
1165|2110|2025-10-11 00:00:00.000|576.60000000000000000000|Direct Cost 30000 on 10/11/25|2026-05-19 23:25:27.853|#
1166|7170|2025-10-11 00:00:00.000|-576.60000000000000000000|Direct Cost 30000 on 10/11/25|2026-05-19 23:25:27.853|#
1167|7120|2025-10-11 00:00:00.000|576.60000000000000000000|Invoice 107142|2026-05-19 23:25:27.857|#
1168|5630|2025-10-11 00:00:00.000|144.15000000000000000000|Invoice 107142|2026-05-19 23:25:27.857|#
1169|5620|2025-10-11 00:00:00.000|-144.15000000000000000000|Invoice 107142|2026-05-19 23:25:27.857|#
1170|5420|2025-10-11 00:00:00.000|-576.60000000000000000000|Invoice 107142|2026-05-19 23:25:27.863|#
1171|2910|2025-10-11 00:00:00.000|-576.60000000000000000000|Invoice 107142|2026-05-19 23:25:27.873|#
1172|5420|2025-10-11 00:00:00.000|576.60000000000000000000|Invoice 107142|2026-05-19 23:25:27.873|#
1173|2110|2025-10-12 00:00:00.000|2195.00000000000000000000|Direct Cost 30000 on 10/12/25|2026-05-19 23:25:27.937|#
1174|7170|2025-10-12 00:00:00.000|-2195.00000000000000000000|Direct Cost 30000 on 10/12/25|2026-05-19 23:25:27.940|#
1175|7120|2025-10-12 00:00:00.000|2195.00000000000000000000|Invoice 107143|2026-05-19 23:25:27.943|#
1176|5630|2025-10-12 00:00:00.000|548.75000000000000000000|Invoice 107143|2026-05-19 23:25:27.947|#
1177|5620|2025-10-12 00:00:00.000|-548.75000000000000000000|Invoice 107143|2026-05-19 23:25:27.947|#
1178|5420|2025-10-12 00:00:00.000|-2195.00000000000000000000|Invoice 107143|2026-05-19 23:25:27.950|#
1179|2910|2025-10-12 00:00:00.000|-2195.00000000000000000000|Invoice 107143|2026-05-19 23:25:27.960|#
1180|5420|2025-10-12 00:00:00.000|2195.00000000000000000000|Invoice 107143|2026-05-19 23:25:27.960|#
1181|2110|2025-11-04 00:00:00.000|384.40000000000000000000|Direct Cost 20000 on 11/04/25|2026-05-19 23:25:28.040|#
1182|7170|2025-11-04 00:00:00.000|-384.40000000000000000000|Direct Cost 20000 on 11/04/25|2026-05-19 23:25:28.043|#
1183|2110|2025-11-04 00:00:00.000|487.50000000000000000000|Direct Cost 20000 on 11/04/25|2026-05-19 23:25:28.047|#
1184|7170|2025-11-04 00:00:00.000|-487.50000000000000000000|Direct Cost 20000 on 11/04/25|2026-05-19 23:25:28.047|#
1185|7110|2025-11-04 00:00:00.000|871.90000000000000000000|Invoice 107144|2026-05-19 23:25:28.053|#
1186|5630|2025-11-04 00:00:00.000|217.98000000000000000000|Invoice 107144|2026-05-19 23:25:28.053|#
1187|5410|2025-11-04 00:00:00.000|-1089.88000000000000000000|Invoice 107144|2026-05-19 23:25:28.057|#
1188|2910|2025-11-04 00:00:00.000|-1089.88000000000000000000|Invoice 107144|2026-05-19 23:25:28.070|#
1189|5410|2025-11-04 00:00:00.000|1089.88000000000000000000|Invoice 107144|2026-05-19 23:25:28.070|#
1190|2110|2025-11-04 00:00:00.000|1312.00000000000000000000|Direct Cost 40000 on 11/04/25|2026-05-19 23:25:28.140|#
1191|7170|2025-11-04 00:00:00.000|-1312.00000000000000000000|Direct Cost 40000 on 11/04/25|2026-05-19 23:25:28.143|#
1192|7110|2025-11-04 00:00:00.000|1312.00000000000000000000|Invoice 107145|2026-05-19 23:25:28.147|#
1193|5630|2025-11-04 00:00:00.000|328.00000000000000000000|Invoice 107145|2026-05-19 23:25:28.147|#
1194|5410|2025-11-04 00:00:00.000|-1640.00000000000000000000|Invoice 107145|2026-05-19 23:25:28.150|#
1195|2910|2025-11-04 00:00:00.000|-1640.00000000000000000000|Invoice 107145|2026-05-19 23:25:28.163|#
1196|5410|2025-11-04 00:00:00.000|1640.00000000000000000000|Invoice 107145|2026-05-19 23:25:28.163|#
1197|2110|2025-11-05 00:00:00.000|480.50000000000000000000|Direct Cost 30000 on 11/05/25|2026-05-19 23:25:28.440|#
1198|7170|2025-11-05 00:00:00.000|-480.50000000000000000000|Direct Cost 30000 on 11/05/25|2026-05-19 23:25:28.443|#
1199|7120|2025-11-05 00:00:00.000|480.50000000000000000000|Invoice 107146|2026-05-19 23:25:28.447|#
1200|5630|2025-11-05 00:00:00.000|120.13000000000000000000|Invoice 107146|2026-05-19 23:25:28.447|#
1201|5620|2025-11-05 00:00:00.000|-120.13000000000000000000|Invoice 107146|2026-05-19 23:25:28.447|#
1202|5420|2025-11-05 00:00:00.000|-480.50000000000000000000|Invoice 107146|2026-05-19 23:25:28.453|#
1203|2910|2025-11-05 00:00:00.000|-480.50000000000000000000|Invoice 107146|2026-05-19 23:25:28.463|#
1204|5420|2025-11-05 00:00:00.000|480.50000000000000000000|Invoice 107146|2026-05-19 23:25:28.463|#
1205|2110|2025-11-06 00:00:00.000|682.50000000000000000000|Direct Cost 50000 on 11/06/25|2026-05-19 23:25:28.553|#
1206|7170|2025-11-06 00:00:00.000|-682.50000000000000000000|Direct Cost 50000 on 11/06/25|2026-05-19 23:25:28.557|#
1207|2110|2025-11-06 00:00:00.000|288.30000000000000000000|Direct Cost 50000 on 11/06/25|2026-05-19 23:25:28.560|#
1208|7170|2025-11-06 00:00:00.000|-288.30000000000000000000|Direct Cost 50000 on 11/06/25|2026-05-19 23:25:28.560|#
1209|7110|2025-11-06 00:00:00.000|970.80000000000000000000|Invoice 107147|2026-05-19 23:25:28.567|#
1210|5630|2025-11-06 00:00:00.000|242.70000000000000000000|Invoice 107147|2026-05-19 23:25:28.567|#
1211|5410|2025-11-06 00:00:00.000|-1213.50000000000000000000|Invoice 107147|2026-05-19 23:25:28.570|#
1212|2910|2025-11-06 00:00:00.000|-1213.50000000000000000000|Invoice 107147|2026-05-19 23:25:28.583|#
1213|5410|2025-11-06 00:00:00.000|1213.50000000000000000000|Invoice 107147|2026-05-19 23:25:28.583|#
1214|2110|2025-11-06 00:00:00.000|576.60000000000000000000|Direct Cost 20000 on 11/06/25|2026-05-19 23:25:28.653|#
1215|7170|2025-11-06 00:00:00.000|-576.60000000000000000000|Direct Cost 20000 on 11/06/25|2026-05-19 23:25:28.657|#
1216|7110|2025-11-06 00:00:00.000|576.60000000000000000000|Invoice 107148|2026-05-19 23:25:28.660|#
1217|5630|2025-11-06 00:00:00.000|144.15000000000000000000|Invoice 107148|2026-05-19 23:25:28.660|#
1218|5410|2025-11-06 00:00:00.000|-720.75000000000000000000|Invoice 107148|2026-05-19 23:25:28.667|#
1219|2910|2025-11-06 00:00:00.000|-720.75000000000000000000|Invoice 107148|2026-05-19 23:25:28.677|#
1220|5410|2025-11-06 00:00:00.000|720.75000000000000000000|Invoice 107148|2026-05-19 23:25:28.677|#
1221|2110|2025-11-07 00:00:00.000|682.50000000000000000000|Direct Cost 10000 on 11/07/25|2026-05-19 23:25:28.747|#
1222|7170|2025-11-07 00:00:00.000|-682.50000000000000000000|Direct Cost 10000 on 11/07/25|2026-05-19 23:25:28.747|#
1223|7130|2025-11-07 00:00:00.000|682.50000000000000000000|Invoice 107149|2026-05-19 23:25:28.753|#
1224|5420|2025-11-07 00:00:00.000|-682.50000000000000000000|Invoice 107149|2026-05-19 23:25:28.757|#
1225|2910|2025-11-07 00:00:00.000|-682.50000000000000000000|Invoice 107149|2026-05-19 23:25:28.770|#
1226|5420|2025-11-07 00:00:00.000|682.50000000000000000000|Invoice 107149|2026-05-19 23:25:28.770|#
1227|2110|2025-11-08 00:00:00.000|4052.80000000000000000000|Direct Cost 50000 on 11/08/25|2026-05-19 23:25:28.833|#
1228|7170|2025-11-08 00:00:00.000|-4052.80000000000000000000|Direct Cost 50000 on 11/08/25|2026-05-19 23:25:28.837|#
1229|7110|2025-11-08 00:00:00.000|4052.80000000000000000000|Invoice 107150|2026-05-19 23:25:28.840|#
1230|5630|2025-11-08 00:00:00.000|1013.20000000000000000000|Invoice 107150|2026-05-19 23:25:28.840|#
1231|5410|2025-11-08 00:00:00.000|-5066.00000000000000000000|Invoice 107150|2026-05-19 23:25:28.847|#
1232|9330|2025-11-08 00:00:00.000|0.00000000000000000000|Residual caused by rounding of Additional-Currency Amount|2026-05-19 23:25:28.847|#
1233|2910|2025-11-08 00:00:00.000|-5066.00000000000000000000|Invoice 107150|2026-05-19 23:25:28.857|#
1234|5410|2025-11-08 00:00:00.000|5066.00000000000000000000|Invoice 107150|2026-05-19 23:25:28.857|#
1235|2110|2025-11-09 00:00:00.000|250.20000000000000000000|Direct Cost 30000 on 11/09/25|2026-05-19 23:25:28.923|#
1236|7170|2025-11-09 00:00:00.000|-250.20000000000000000000|Direct Cost 30000 on 11/09/25|2026-05-19 23:25:28.927|#
1237|7120|2025-11-09 00:00:00.000|250.20000000000000000000|Invoice 107151|2026-05-19 23:25:28.930|#
1238|5630|2025-11-09 00:00:00.000|62.55000000000000000000|Invoice 107151|2026-05-19 23:25:28.930|#
1239|5620|2025-11-09 00:00:00.000|-62.55000000000000000000|Invoice 107151|2026-05-19 23:25:28.930|#
1240|5420|2025-11-09 00:00:00.000|-250.20000000000000000000|Invoice 107151|2026-05-19 23:25:28.937|#
1241|2910|2025-11-09 00:00:00.000|-250.20000000000000000000|Invoice 107151|2026-05-19 23:25:28.950|#
1242|5420|2025-11-09 00:00:00.000|250.20000000000000000000|Invoice 107151|2026-05-19 23:25:28.950|#
1243|2110|2025-11-09 00:00:00.000|585.00000000000000000000|Direct Cost 20000 on 11/09/25|2026-05-19 23:25:29.020|#
1244|7170|2025-11-09 00:00:00.000|-585.00000000000000000000|Direct Cost 20000 on 11/09/25|2026-05-19 23:25:29.023|#
1245|7110|2025-11-09 00:00:00.000|585.00000000000000000000|Invoice 107152|2026-05-19 23:25:29.027|#
1246|5630|2025-11-09 00:00:00.000|146.25000000000000000000|Invoice 107152|2026-05-19 23:25:29.027|#
1247|5410|2025-11-09 00:00:00.000|-731.25000000000000000000|Invoice 107152|2026-05-19 23:25:29.033|#
1248|9340|2025-11-09 00:00:00.000|0.00000000000000000000|Residual caused by rounding of Additional-Currency Amount|2026-05-19 23:25:29.033|#
1249|2910|2025-11-09 00:00:00.000|-731.25000000000000000000|Invoice 107152|2026-05-19 23:25:29.047|#
1250|5410|2025-11-09 00:00:00.000|731.25000000000000000000|Invoice 107152|2026-05-19 23:25:29.047|#
1251|2110|2025-11-09 00:00:00.000|4243.20000000000000000000|Direct Cost 40000 on 11/09/25|2026-05-19 23:25:29.120|#
1252|7170|2025-11-09 00:00:00.000|-4243.20000000000000000000|Direct Cost 40000 on 11/09/25|2026-05-19 23:25:29.123|#
1253|7110|2025-11-09 00:00:00.000|4243.20000000000000000000|Invoice 107153|2026-05-19 23:25:29.127|#
1254|5630|2025-11-09 00:00:00.000|1060.80000000000000000000|Invoice 107153|2026-05-19 23:25:29.127|#
1255|5410|2025-11-09 00:00:00.000|-5304.00000000000000000000|Invoice 107153|2026-05-19 23:25:29.133|#
1256|2910|2025-11-09 00:00:00.000|-5304.00000000000000000000|Invoice 107153|2026-05-19 23:25:29.147|#
1257|5410|2025-11-09 00:00:00.000|5304.00000000000000000000|Invoice 107153|2026-05-19 23:25:29.147|#
1258|2110|2025-11-10 00:00:00.000|390.00000000000000000000|Direct Cost 40000 on 11/10/25|2026-05-19 23:25:29.207|#
1259|7170|2025-11-10 00:00:00.000|-390.00000000000000000000|Direct Cost 40000 on 11/10/25|2026-05-19 23:25:29.210|#
1260|7110|2025-11-10 00:00:00.000|390.00000000000000000000|Invoice 107154|2026-05-19 23:25:29.213|#
1261|5630|2025-11-10 00:00:00.000|97.50000000000000000000|Invoice 107154|2026-05-19 23:25:29.213|#
1262|5410|2025-11-10 00:00:00.000|-487.50000000000000000000|Invoice 107154|2026-05-19 23:25:29.220|#
1263|2910|2025-11-10 00:00:00.000|-487.50000000000000000000|Invoice 107154|2026-05-19 23:25:29.230|#
1264|5410|2025-11-10 00:00:00.000|487.50000000000000000000|Invoice 107154|2026-05-19 23:25:29.230|#
1265|2110|2025-11-11 00:00:00.000|1317.00000000000000000000|Direct Cost 30000 on 11/11/25|2026-05-19 23:25:29.313|#
1266|7170|2025-11-11 00:00:00.000|-1317.00000000000000000000|Direct Cost 30000 on 11/11/25|2026-05-19 23:25:29.317|#
1267|2110|2025-11-11 00:00:00.000|480.50000000000000000000|Direct Cost 30000 on 11/11/25|2026-05-19 23:25:29.317|#
1268|7170|2025-11-11 00:00:00.000|-480.50000000000000000000|Direct Cost 30000 on 11/11/25|2026-05-19 23:25:29.320|#
1269|7120|2025-11-11 00:00:00.000|1797.50000000000000000000|Invoice 107155|2026-05-19 23:25:29.327|#
1270|5630|2025-11-11 00:00:00.000|449.38000000000000000000|Invoice 107155|2026-05-19 23:25:29.327|#
1271|5620|2025-11-11 00:00:00.000|-449.38000000000000000000|Invoice 107155|2026-05-19 23:25:29.327|#
1272|5420|2025-11-11 00:00:00.000|-1797.50000000000000000000|Invoice 107155|2026-05-19 23:25:29.333|#
1273|2910|2025-11-11 00:00:00.000|-1797.50000000000000000000|Invoice 107155|2026-05-19 23:25:29.343|#
1274|5420|2025-11-11 00:00:00.000|1797.50000000000000000000|Invoice 107155|2026-05-19 23:25:29.343|#
1275|2110|2025-12-04 00:00:00.000|288.30000000000000000000|Direct Cost 20000 on 12/04/25|2026-05-19 23:25:29.413|#
1276|7170|2025-12-04 00:00:00.000|-288.30000000000000000000|Direct Cost 20000 on 12/04/25|2026-05-19 23:25:29.417|#
1277|7110|2025-12-04 00:00:00.000|288.30000000000000000000|Invoice 107156|2026-05-19 23:25:29.420|#
1278|5630|2025-12-04 00:00:00.000|72.08000000000000000000|Invoice 107156|2026-05-19 23:25:29.420|#
1279|5410|2025-12-04 00:00:00.000|-360.38000000000000000000|Invoice 107156|2026-05-19 23:25:29.427|#
1280|9340|2025-12-04 00:00:00.000|0.00000000000000000000|Residual caused by rounding of Additional-Currency Amount|2026-05-19 23:25:29.427|#
1281|2910|2025-12-04 00:00:00.000|-360.38000000000000000000|Invoice 107156|2026-05-19 23:25:29.437|#
1282|5410|2025-12-04 00:00:00.000|360.38000000000000000000|Invoice 107156|2026-05-19 23:25:29.437|#
1283|2110|2025-12-04 00:00:00.000|656.00000000000000000000|Direct Cost 40000 on 12/04/25|2026-05-19 23:25:29.650|#
1284|7170|2025-12-04 00:00:00.000|-656.00000000000000000000|Direct Cost 40000 on 12/04/25|2026-05-19 23:25:29.650|#
1285|7110|2025-12-04 00:00:00.000|656.00000000000000000000|Invoice 107157|2026-05-19 23:25:29.657|#
1286|5630|2025-12-04 00:00:00.000|164.00000000000000000000|Invoice 107157|2026-05-19 23:25:29.657|#
1287|5410|2025-12-04 00:00:00.000|-820.00000000000000000000|Invoice 107157|2026-05-19 23:25:29.660|#
1288|2910|2025-12-04 00:00:00.000|-820.00000000000000000000|Invoice 107157|2026-05-19 23:25:29.673|#
1289|5410|2025-12-04 00:00:00.000|820.00000000000000000000|Invoice 107157|2026-05-19 23:25:29.673|#
1290|2110|2025-12-05 00:00:00.000|288.30000000000000000000|Direct Cost 30000 on 12/05/25|2026-05-19 23:25:29.737|#
1291|7170|2025-12-05 00:00:00.000|-288.30000000000000000000|Direct Cost 30000 on 12/05/25|2026-05-19 23:25:29.740|#
1292|7120|2025-12-05 00:00:00.000|288.30000000000000000000|Invoice 107158|2026-05-19 23:25:29.743|#
1293|5630|2025-12-05 00:00:00.000|72.08000000000000000000|Invoice 107158|2026-05-19 23:25:29.743|#
1294|5620|2025-12-05 00:00:00.000|-72.08000000000000000000|Invoice 107158|2026-05-19 23:25:29.743|#
1295|5420|2025-12-05 00:00:00.000|-288.30000000000000000000|Invoice 107158|2026-05-19 23:25:29.750|#
1296|2910|2025-12-05 00:00:00.000|-288.30000000000000000000|Invoice 107158|2026-05-19 23:25:29.760|#
1297|5420|2025-12-05 00:00:00.000|288.30000000000000000000|Invoice 107158|2026-05-19 23:25:29.760|#
1298|2110|2025-12-05 00:00:00.000|292.50000000000000000000|Direct Cost 40000 on 12/05/25|2026-05-19 23:25:29.833|#
1299|7170|2025-12-05 00:00:00.000|-292.50000000000000000000|Direct Cost 40000 on 12/05/25|2026-05-19 23:25:29.837|#
1300|7110|2025-12-05 00:00:00.000|292.50000000000000000000|Invoice 107159|2026-05-19 23:25:29.840|#
1301|5630|2025-12-05 00:00:00.000|73.13000000000000000000|Invoice 107159|2026-05-19 23:25:29.840|#
1302|5410|2025-12-05 00:00:00.000|-365.63000000000000000000|Invoice 107159|2026-05-19 23:25:29.847|#
1303|2910|2025-12-05 00:00:00.000|-365.63000000000000000000|Invoice 107159|2026-05-19 23:25:29.857|#
1304|5410|2025-12-05 00:00:00.000|365.63000000000000000000|Invoice 107159|2026-05-19 23:25:29.857|#
1305|2110|2025-12-06 00:00:00.000|384.40000000000000000000|Direct Cost 20000 on 12/06/25|2026-05-19 23:25:29.923|#
1306|7170|2025-12-06 00:00:00.000|-384.40000000000000000000|Direct Cost 20000 on 12/06/25|2026-05-19 23:25:29.927|#
1307|7110|2025-12-06 00:00:00.000|384.40000000000000000000|Invoice 107160|2026-05-19 23:25:29.930|#
1308|5630|2025-12-06 00:00:00.000|96.10000000000000000000|Invoice 107160|2026-05-19 23:25:29.930|#
1309|5410|2025-12-06 00:00:00.000|-480.50000000000000000000|Invoice 107160|2026-05-19 23:25:29.933|#
1310|2910|2025-12-06 00:00:00.000|-480.50000000000000000000|Invoice 107160|2026-05-19 23:25:29.947|#
1311|5410|2025-12-06 00:00:00.000|480.50000000000000000000|Invoice 107160|2026-05-19 23:25:29.947|#
1312|2110|2025-12-07 00:00:00.000|292.50000000000000000000|Direct Cost 50000 on 12/07/25|2026-05-19 23:25:30.013|#
1313|7170|2025-12-07 00:00:00.000|-292.50000000000000000000|Direct Cost 50000 on 12/07/25|2026-05-19 23:25:30.017|#
1314|7110|2025-12-07 00:00:00.000|292.50000000000000000000|Invoice 107161|2026-05-19 23:25:30.020|#
1315|5630|2025-12-07 00:00:00.000|73.13000000000000000000|Invoice 107161|2026-05-19 23:25:30.020|#
1316|5410|2025-12-07 00:00:00.000|-365.63000000000000000000|Invoice 107161|2026-05-19 23:25:30.023|#
1317|2910|2025-12-07 00:00:00.000|-365.63000000000000000000|Invoice 107161|2026-05-19 23:25:30.037|#
1318|5410|2025-12-07 00:00:00.000|365.63000000000000000000|Invoice 107161|2026-05-19 23:25:30.037|#
1319|2110|2025-12-07 00:00:00.000|487.50000000000000000000|Direct Cost 10000 on 12/07/25|2026-05-19 23:25:30.100|#
1320|7170|2025-12-07 00:00:00.000|-487.50000000000000000000|Direct Cost 10000 on 12/07/25|2026-05-19 23:25:30.103|#
1321|7130|2025-12-07 00:00:00.000|487.50000000000000000000|Invoice 107162|2026-05-19 23:25:30.107|#
1322|5420|2025-12-07 00:00:00.000|-487.50000000000000000000|Invoice 107162|2026-05-19 23:25:30.113|#
1323|2910|2025-12-07 00:00:00.000|-487.50000000000000000000|Invoice 107162|2026-05-19 23:25:30.127|#
1324|5420|2025-12-07 00:00:00.000|487.50000000000000000000|Invoice 107162|2026-05-19 23:25:30.127|#
1325|2110|2025-12-08 00:00:00.000|3039.60000000000000000000|Direct Cost 50000 on 12/08/25|2026-05-19 23:25:30.207|#
1326|7170|2025-12-08 00:00:00.000|-3039.60000000000000000000|Direct Cost 50000 on 12/08/25|2026-05-19 23:25:30.210|#
1327|2110|2025-12-08 00:00:00.000|192.20000000000000000000|Direct Cost 50000 on 12/08/25|2026-05-19 23:25:30.213|#
1328|7170|2025-12-08 00:00:00.000|-192.20000000000000000000|Direct Cost 50000 on 12/08/25|2026-05-19 23:25:30.217|#
1329|7110|2025-12-08 00:00:00.000|3231.80000000000000000000|Invoice 107163|2026-05-19 23:25:30.220|#
1330|5630|2025-12-08 00:00:00.000|807.95000000000000000000|Invoice 107163|2026-05-19 23:25:30.220|#
1331|5410|2025-12-08 00:00:00.000|-4039.75000000000000000000|Invoice 107163|2026-05-19 23:25:30.223|#
1332|2910|2025-12-08 00:00:00.000|-4039.75000000000000000000|Invoice 107163|2026-05-19 23:25:30.237|#
1333|5410|2025-12-08 00:00:00.000|4039.75000000000000000000|Invoice 107163|2026-05-19 23:25:30.237|#
1334|2110|2025-12-08 00:00:00.000|288.30000000000000000000|Direct Cost 30000 on 12/08/25|2026-05-19 23:25:30.307|#
1335|7170|2025-12-08 00:00:00.000|-288.30000000000000000000|Direct Cost 30000 on 12/08/25|2026-05-19 23:25:30.310|#
1336|7120|2025-12-08 00:00:00.000|288.30000000000000000000|Invoice 107164|2026-05-19 23:25:30.313|#
1337|5630|2025-12-08 00:00:00.000|72.08000000000000000000|Invoice 107164|2026-05-19 23:25:30.313|#
1338|5620|2025-12-08 00:00:00.000|-72.08000000000000000000|Invoice 107164|2026-05-19 23:25:30.313|#
1339|5420|2025-12-08 00:00:00.000|-288.30000000000000000000|Invoice 107164|2026-05-19 23:25:30.320|#
1340|2910|2025-12-08 00:00:00.000|-288.30000000000000000000|Invoice 107164|2026-05-19 23:25:30.330|#
1341|5420|2025-12-08 00:00:00.000|288.30000000000000000000|Invoice 107164|2026-05-19 23:25:30.330|#
1342|2110|2025-12-09 00:00:00.000|390.00000000000000000000|Direct Cost 20000 on 12/09/25|2026-05-19 23:25:30.397|#
1343|7170|2025-12-09 00:00:00.000|-390.00000000000000000000|Direct Cost 20000 on 12/09/25|2026-05-19 23:25:30.400|#
1344|7110|2025-12-09 00:00:00.000|390.00000000000000000000|Invoice 107165|2026-05-19 23:25:30.407|#
1345|5630|2025-12-09 00:00:00.000|97.50000000000000000000|Invoice 107165|2026-05-19 23:25:30.407|#
1346|5410|2025-12-09 00:00:00.000|-487.50000000000000000000|Invoice 107165|2026-05-19 23:25:30.410|#
1347|2910|2025-12-09 00:00:00.000|-487.50000000000000000000|Invoice 107165|2026-05-19 23:25:30.423|#
1348|5410|2025-12-09 00:00:00.000|487.50000000000000000000|Invoice 107165|2026-05-19 23:25:30.423|#
1349|2110|2025-12-10 00:00:00.000|166.80000000000000000000|Direct Cost 30000 on 12/10/25|2026-05-19 23:25:30.500|#
1350|7170|2025-12-10 00:00:00.000|-166.80000000000000000000|Direct Cost 30000 on 12/10/25|2026-05-19 23:25:30.503|#
1351|7120|2025-12-10 00:00:00.000|166.80000000000000000000|Invoice 107166|2026-05-19 23:25:30.507|#
1352|5630|2025-12-10 00:00:00.000|41.70000000000000000000|Invoice 107166|2026-05-19 23:25:30.507|#
1353|5620|2025-12-10 00:00:00.000|-41.70000000000000000000|Invoice 107166|2026-05-19 23:25:30.507|#
1354|5420|2025-12-10 00:00:00.000|-166.80000000000000000000|Invoice 107166|2026-05-19 23:25:30.513|#
1355|2910|2025-12-10 00:00:00.000|-166.80000000000000000000|Invoice 107166|2026-05-19 23:25:30.527|#
1356|5420|2025-12-10 00:00:00.000|166.80000000000000000000|Invoice 107166|2026-05-19 23:25:30.527|#
1357|2110|2025-12-10 00:00:00.000|2828.80000000000000000000|Direct Cost 50000 on 12/10/25|2026-05-19 23:25:30.593|#
1358|7170|2025-12-10 00:00:00.000|-2828.80000000000000000000|Direct Cost 50000 on 12/10/25|2026-05-19 23:25:30.597|#
1359|7110|2025-12-10 00:00:00.000|2828.80000000000000000000|Invoice 107167|2026-05-19 23:25:30.600|#
1360|5630|2025-12-10 00:00:00.000|707.20000000000000000000|Invoice 107167|2026-05-19 23:25:30.600|#
1361|5410|2025-12-10 00:00:00.000|-3536.00000000000000000000|Invoice 107167|2026-05-19 23:25:30.607|#
1362|2910|2025-12-10 00:00:00.000|-3536.00000000000000000000|Invoice 107167|2026-05-19 23:25:30.620|#
1363|5410|2025-12-10 00:00:00.000|3536.00000000000000000000|Invoice 107167|2026-05-19 23:25:30.620|#
1364|2110|2025-12-11 00:00:00.000|195.00000000000000000000|Direct Cost 40000 on 12/11/25|2026-05-19 23:25:30.687|#
1365|7170|2025-12-11 00:00:00.000|-195.00000000000000000000|Direct Cost 40000 on 12/11/25|2026-05-19 23:25:30.687|#
1366|7110|2025-12-11 00:00:00.000|195.00000000000000000000|Invoice 107168|2026-05-19 23:25:30.693|#
1367|5630|2025-12-11 00:00:00.000|48.75000000000000000000|Invoice 107168|2026-05-19 23:25:30.693|#
1368|5410|2025-12-11 00:00:00.000|-243.75000000000000000000|Invoice 107168|2026-05-19 23:25:30.710|#
1369|2910|2025-12-11 00:00:00.000|-243.75000000000000000000|Invoice 107168|2026-05-19 23:25:30.733|#
1370|5410|2025-12-11 00:00:00.000|243.75000000000000000000|Invoice 107168|2026-05-19 23:25:30.733|#
1371|2110|2025-12-12 00:00:00.000|439.00000000000000000000|Direct Cost 30000 on 12/12/25|2026-05-19 23:25:30.807|#
1372|7170|2025-12-12 00:00:00.000|-439.00000000000000000000|Direct Cost 30000 on 12/12/25|2026-05-19 23:25:30.810|#
1373|7120|2025-12-12 00:00:00.000|439.00000000000000000000|Invoice 107169|2026-05-19 23:25:30.817|#
1374|5630|2025-12-12 00:00:00.000|109.75000000000000000000|Invoice 107169|2026-05-19 23:25:30.817|#
1375|5620|2025-12-12 00:00:00.000|-109.75000000000000000000|Invoice 107169|2026-05-19 23:25:30.817|#
1376|5420|2025-12-12 00:00:00.000|-439.00000000000000000000|Invoice 107169|2026-05-19 23:25:30.820|#
1377|2910|2025-12-12 00:00:00.000|-439.00000000000000000000|Invoice 107169|2026-05-19 23:25:30.833|#
1378|5420|2025-12-12 00:00:00.000|439.00000000000000000000|Invoice 107169|2026-05-19 23:25:30.833|#
1379|2110|2026-01-04 00:00:00.000|480.50000000000000000000|Direct Cost 20000 on 01/04/26|2026-05-19 23:25:30.920|#
1380|7170|2026-01-04 00:00:00.000|-480.50000000000000000000|Direct Cost 20000 on 01/04/26|2026-05-19 23:25:30.923|#
1381|2110|2026-01-04 00:00:00.000|487.50000000000000000000|Direct Cost 20000 on 01/04/26|2026-05-19 23:25:30.927|#
1382|7170|2026-01-04 00:00:00.000|-487.50000000000000000000|Direct Cost 20000 on 01/04/26|2026-05-19 23:25:30.927|#
1383|7110|2026-01-04 00:00:00.000|968.00000000000000000000|Invoice 107170|2026-05-19 23:25:30.933|#
1384|5630|2026-01-04 00:00:00.000|242.00000000000000000000|Invoice 107170|2026-05-19 23:25:30.933|#
1385|5410|2026-01-04 00:00:00.000|-1210.00000000000000000000|Invoice 107170|2026-05-19 23:25:30.937|#
1386|2910|2026-01-04 00:00:00.000|-1210.00000000000000000000|Invoice 107170|2026-05-19 23:25:30.950|#
1387|5410|2026-01-04 00:00:00.000|1210.00000000000000000000|Invoice 107170|2026-05-19 23:25:30.950|#
1388|2110|2026-01-04 00:00:00.000|1968.00000000000000000000|Direct Cost 40000 on 01/04/26|2026-05-19 23:25:31.027|#
1389|7170|2026-01-04 00:00:00.000|-1968.00000000000000000000|Direct Cost 40000 on 01/04/26|2026-05-19 23:25:31.027|#
1390|7110|2026-01-04 00:00:00.000|1968.00000000000000000000|Invoice 107171|2026-05-19 23:25:31.033|#
1391|5630|2026-01-04 00:00:00.000|492.00000000000000000000|Invoice 107171|2026-05-19 23:25:31.033|#
1392|5410|2026-01-04 00:00:00.000|-2460.00000000000000000000|Invoice 107171|2026-05-19 23:25:31.040|#
1393|2910|2026-01-04 00:00:00.000|-2460.00000000000000000000|Invoice 107171|2026-05-19 23:25:31.053|#
1394|5410|2026-01-04 00:00:00.000|2460.00000000000000000000|Invoice 107171|2026-05-19 23:25:31.053|#
1395|2110|2026-01-05 00:00:00.000|576.60000000000000000000|Direct Cost 30000 on 01/05/26|2026-05-19 23:25:31.120|#
1396|7170|2026-01-05 00:00:00.000|-576.60000000000000000000|Direct Cost 30000 on 01/05/26|2026-05-19 23:25:31.123|#
1397|7120|2026-01-05 00:00:00.000|576.60000000000000000000|Invoice 107172|2026-05-19 23:25:31.127|#
1398|5630|2026-01-05 00:00:00.000|144.15000000000000000000|Invoice 107172|2026-05-19 23:25:31.127|#
1399|5620|2026-01-05 00:00:00.000|-144.15000000000000000000|Invoice 107172|2026-05-19 23:25:31.127|#
1400|5420|2026-01-05 00:00:00.000|-576.60000000000000000000|Invoice 107172|2026-05-19 23:25:31.133|#
1401|2910|2026-01-05 00:00:00.000|-576.60000000000000000000|Invoice 107172|2026-05-19 23:25:31.147|#
1402|5420|2026-01-05 00:00:00.000|576.60000000000000000000|Invoice 107172|2026-05-19 23:25:31.147|#
1403|2110|2026-01-06 00:00:00.000|672.70000000000000000000|Direct Cost 20000 on 01/06/26|2026-05-19 23:25:31.217|#
1404|7170|2026-01-06 00:00:00.000|-672.70000000000000000000|Direct Cost 20000 on 01/06/26|2026-05-19 23:25:31.220|#
1405|7110|2026-01-06 00:00:00.000|672.70000000000000000000|Invoice 107173|2026-05-19 23:25:31.223|#
1406|5630|2026-01-06 00:00:00.000|168.18000000000000000000|Invoice 107173|2026-05-19 23:25:31.223|#
1407|5410|2026-01-06 00:00:00.000|-840.88000000000000000000|Invoice 107173|2026-05-19 23:25:31.230|#
1408|2910|2026-01-06 00:00:00.000|-840.88000000000000000000|Invoice 107173|2026-05-19 23:25:31.243|#
1409|5410|2026-01-06 00:00:00.000|840.88000000000000000000|Invoice 107173|2026-05-19 23:25:31.243|#
1410|2110|2026-01-07 00:00:00.000|780.00000000000000000000|Direct Cost 50000 on 01/07/26|2026-05-19 23:25:31.330|#
1411|7170|2026-01-07 00:00:00.000|-780.00000000000000000000|Direct Cost 50000 on 01/07/26|2026-05-19 23:25:31.333|#
1412|2110|2026-01-07 00:00:00.000|384.40000000000000000000|Direct Cost 50000 on 01/07/26|2026-05-19 23:25:31.337|#
1413|7170|2026-01-07 00:00:00.000|-384.40000000000000000000|Direct Cost 50000 on 01/07/26|2026-05-19 23:25:31.337|#
1414|7110|2026-01-07 00:00:00.000|1164.40000000000000000000|Invoice 107174|2026-05-19 23:25:31.343|#
1415|5630|2026-01-07 00:00:00.000|291.10000000000000000000|Invoice 107174|2026-05-19 23:25:31.343|#
1416|5410|2026-01-07 00:00:00.000|-1455.50000000000000000000|Invoice 107174|2026-05-19 23:25:31.350|#
1417|2910|2026-01-07 00:00:00.000|-1455.50000000000000000000|Invoice 107174|2026-05-19 23:25:31.363|#
1418|5410|2026-01-07 00:00:00.000|1455.50000000000000000000|Invoice 107174|2026-05-19 23:25:31.363|#
1419|2110|2026-01-07 00:00:00.000|877.50000000000000000000|Direct Cost 10000 on 01/07/26|2026-05-19 23:25:31.437|#
1420|7170|2026-01-07 00:00:00.000|-877.50000000000000000000|Direct Cost 10000 on 01/07/26|2026-05-19 23:25:31.437|#
1421|7130|2026-01-07 00:00:00.000|877.50000000000000000000|Invoice 107175|2026-05-19 23:25:31.443|#
1422|5420|2026-01-07 00:00:00.000|-877.50000000000000000000|Invoice 107175|2026-05-19 23:25:31.447|#
1423|2910|2026-01-07 00:00:00.000|-877.50000000000000000000|Invoice 107175|2026-05-19 23:25:31.460|#
1424|5420|2026-01-07 00:00:00.000|877.50000000000000000000|Invoice 107175|2026-05-19 23:25:31.460|#
1425|2110|2026-01-08 00:00:00.000|5066.00000000000000000000|Direct Cost 50000 on 01/08/26|2026-05-19 23:25:31.543|#
1426|7170|2026-01-08 00:00:00.000|-5066.00000000000000000000|Direct Cost 50000 on 01/08/26|2026-05-19 23:25:31.547|#
1427|7110|2026-01-08 00:00:00.000|5066.00000000000000000000|Invoice 107176|2026-05-19 23:25:31.550|#
1428|5630|2026-01-08 00:00:00.000|1266.50000000000000000000|Invoice 107176|2026-05-19 23:25:31.550|#
1429|5410|2026-01-08 00:00:00.000|-6332.50000000000000000000|Invoice 107176|2026-05-19 23:25:31.557|#
1430|9340|2026-01-08 00:00:00.000|0.00000000000000000000|Residual caused by rounding of Additional-Currency Amount|2026-05-19 23:25:31.557|#
1431|2910|2026-01-08 00:00:00.000|-6332.50000000000000000000|Invoice 107176|2026-05-19 23:25:31.567|#
1432|5410|2026-01-08 00:00:00.000|6332.50000000000000000000|Invoice 107176|2026-05-19 23:25:31.567|#
1433|2110|2026-01-09 00:00:00.000|682.50000000000000000000|Direct Cost 20000 on 01/09/26|2026-05-19 23:25:31.640|#
1434|7170|2026-01-09 00:00:00.000|-682.50000000000000000000|Direct Cost 20000 on 01/09/26|2026-05-19 23:25:31.640|#
1435|7110|2026-01-09 00:00:00.000|682.50000000000000000000|Invoice 107177|2026-05-19 23:25:31.647|#
1436|5630|2026-01-09 00:00:00.000|170.63000000000000000000|Invoice 107177|2026-05-19 23:25:31.647|#
1437|5410|2026-01-09 00:00:00.000|-853.13000000000000000000|Invoice 107177|2026-05-19 23:25:31.650|#
1438|2910|2026-01-09 00:00:00.000|-853.13000000000000000000|Invoice 107177|2026-05-19 23:25:31.663|#
1439|5410|2026-01-09 00:00:00.000|853.13000000000000000000|Invoice 107177|2026-05-19 23:25:31.663|#
1440|2110|2026-01-10 00:00:00.000|305.80000000000000000000|Direct Cost 30000 on 01/10/26|2026-05-19 23:25:32.087|#
1441|7170|2026-01-10 00:00:00.000|-305.80000000000000000000|Direct Cost 30000 on 01/10/26|2026-05-19 23:25:32.090|#
1442|7120|2026-01-10 00:00:00.000|305.80000000000000000000|Invoice 107178|2026-05-19 23:25:32.097|#
1443|5630|2026-01-10 00:00:00.000|76.45000000000000000000|Invoice 107178|2026-05-19 23:25:32.097|#
1444|5620|2026-01-10 00:00:00.000|-76.45000000000000000000|Invoice 107178|2026-05-19 23:25:32.097|#
1445|5420|2026-01-10 00:00:00.000|-305.80000000000000000000|Invoice 107178|2026-05-19 23:25:32.103|#
1446|2910|2026-01-10 00:00:00.000|-305.80000000000000000000|Invoice 107178|2026-05-19 23:25:32.117|#
1447|5420|2026-01-10 00:00:00.000|305.80000000000000000000|Invoice 107178|2026-05-19 23:25:32.117|#
1448|2110|2026-01-10 00:00:00.000|4950.40000000000000000000|Direct Cost 40000 on 01/10/26|2026-05-19 23:25:32.200|#
1449|7170|2026-01-10 00:00:00.000|-4950.40000000000000000000|Direct Cost 40000 on 01/10/26|2026-05-19 23:25:32.203|#
1450|7110|2026-01-10 00:00:00.000|4950.40000000000000000000|Invoice 107179|2026-05-19 23:25:32.207|#
1451|5630|2026-01-10 00:00:00.000|1237.60000000000000000000|Invoice 107179|2026-05-19 23:25:32.207|#
1452|5410|2026-01-10 00:00:00.000|-6188.00000000000000000000|Invoice 107179|2026-05-19 23:25:32.213|#
1453|2910|2026-01-10 00:00:00.000|-6188.00000000000000000000|Invoice 107179|2026-05-19 23:25:32.227|#
1454|5410|2026-01-10 00:00:00.000|6188.00000000000000000000|Invoice 107179|2026-05-19 23:25:32.227|#
1455|2110|2026-01-11 00:00:00.000|585.00000000000000000000|Direct Cost 40000 on 01/11/26|2026-05-19 23:25:32.297|#
1456|7170|2026-01-11 00:00:00.000|-585.00000000000000000000|Direct Cost 40000 on 01/11/26|2026-05-19 23:25:32.300|#
1457|7110|2026-01-11 00:00:00.000|585.00000000000000000000|Invoice 107180|2026-05-19 23:25:32.303|#
1458|5630|2026-01-11 00:00:00.000|146.25000000000000000000|Invoice 107180|2026-05-19 23:25:32.303|#
1459|5410|2026-01-11 00:00:00.000|-731.25000000000000000000|Invoice 107180|2026-05-19 23:25:32.310|#
1460|9340|2026-01-11 00:00:00.000|0.00000000000000000000|Residual caused by rounding of Additional-Currency Amount|2026-05-19 23:25:32.310|#
1461|2910|2026-01-11 00:00:00.000|-731.25000000000000000000|Invoice 107180|2026-05-19 23:25:32.323|#
1462|5410|2026-01-11 00:00:00.000|731.25000000000000000000|Invoice 107180|2026-05-19 23:25:32.323|#
1463|2110|2026-01-11 00:00:00.000|480.50000000000000000000|Direct Cost 30000 on 01/11/26|2026-05-19 23:25:32.390|#
1464|7170|2026-01-11 00:00:00.000|-480.50000000000000000000|Direct Cost 30000 on 01/11/26|2026-05-19 23:25:32.393|#
1465|7120|2026-01-11 00:00:00.000|480.50000000000000000000|Invoice 107181|2026-05-19 23:25:32.397|#
1466|5630|2026-01-11 00:00:00.000|120.13000000000000000000|Invoice 107181|2026-05-19 23:25:32.397|#
1467|5620|2026-01-11 00:00:00.000|-120.13000000000000000000|Invoice 107181|2026-05-19 23:25:32.397|#
1468|5420|2026-01-11 00:00:00.000|-480.50000000000000000000|Invoice 107181|2026-05-19 23:25:32.403|#
1469|2910|2026-01-11 00:00:00.000|-480.50000000000000000000|Invoice 107181|2026-05-19 23:25:32.417|#
1470|5420|2026-01-11 00:00:00.000|480.50000000000000000000|Invoice 107181|2026-05-19 23:25:32.417|#
1471|2110|2026-01-12 00:00:00.000|1317.00000000000000000000|Direct Cost 30000 on 01/12/26|2026-05-19 23:25:32.483|#
1472|7170|2026-01-12 00:00:00.000|-1317.00000000000000000000|Direct Cost 30000 on 01/12/26|2026-05-19 23:25:32.483|#
1473|7120|2026-01-12 00:00:00.000|1317.00000000000000000000|Invoice 107182|2026-05-19 23:25:32.487|#
1474|5630|2026-01-12 00:00:00.000|329.25000000000000000000|Invoice 107182|2026-05-19 23:25:32.487|#
1475|5620|2026-01-12 00:00:00.000|-329.25000000000000000000|Invoice 107182|2026-05-19 23:25:32.487|#
1476|5420|2026-01-12 00:00:00.000|-1317.00000000000000000000|Invoice 107182|2026-05-19 23:25:32.493|#
1477|2910|2026-01-12 00:00:00.000|-1317.00000000000000000000|Invoice 107182|2026-05-19 23:25:32.507|#
1478|5420|2026-01-12 00:00:00.000|1317.00000000000000000000|Invoice 107182|2026-05-19 23:25:32.507|#
1479|2110|2026-02-04 00:00:00.000|576.60000000000000000000|Direct Cost 20000 on 02/04/26|2026-05-19 23:25:32.597|#
1480|7170|2026-02-04 00:00:00.000|-576.60000000000000000000|Direct Cost 20000 on 02/04/26|2026-05-19 23:25:32.597|#
1481|2110|2026-02-04 00:00:00.000|585.00000000000000000000|Direct Cost 20000 on 02/04/26|2026-05-19 23:25:32.600|#
1482|7170|2026-02-04 00:00:00.000|-585.00000000000000000000|Direct Cost 20000 on 02/04/26|2026-05-19 23:25:32.603|#
1483|7110|2026-02-04 00:00:00.000|1161.60000000000000000000|Invoice 107183|2026-05-19 23:25:32.607|#
1484|5630|2026-02-04 00:00:00.000|290.40000000000000000000|Invoice 107183|2026-05-19 23:25:32.607|#
1485|5410|2026-02-04 00:00:00.000|-1452.00000000000000000000|Invoice 107183|2026-05-19 23:25:32.613|#
1486|2910|2026-02-04 00:00:00.000|-1452.00000000000000000000|Invoice 107183|2026-05-19 23:25:32.623|#
1487|5410|2026-02-04 00:00:00.000|1452.00000000000000000000|Invoice 107183|2026-05-19 23:25:32.623|#
1488|2110|2026-02-04 00:00:00.000|1968.00000000000000000000|Direct Cost 40000 on 02/04/26|2026-05-19 23:25:32.710|#
1489|7170|2026-02-04 00:00:00.000|-1968.00000000000000000000|Direct Cost 40000 on 02/04/26|2026-05-19 23:25:32.713|#
1490|7110|2026-02-04 00:00:00.000|1968.00000000000000000000|Invoice 107184|2026-05-19 23:25:32.717|#
1491|5630|2026-02-04 00:00:00.000|492.00000000000000000000|Invoice 107184|2026-05-19 23:25:32.717|#
1492|5410|2026-02-04 00:00:00.000|-2460.00000000000000000000|Invoice 107184|2026-05-19 23:25:32.723|#
1493|2910|2026-02-04 00:00:00.000|-2460.00000000000000000000|Invoice 107184|2026-05-19 23:25:32.737|#
1494|5410|2026-02-04 00:00:00.000|2460.00000000000000000000|Invoice 107184|2026-05-19 23:25:32.737|#
1495|2110|2026-02-05 00:00:00.000|672.70000000000000000000|Direct Cost 30000 on 02/05/26|2026-05-19 23:25:32.807|#
1496|7170|2026-02-05 00:00:00.000|-672.70000000000000000000|Direct Cost 30000 on 02/05/26|2026-05-19 23:25:32.810|#
1497|7120|2026-02-05 00:00:00.000|672.70000000000000000000|Invoice 107185|2026-05-19 23:25:32.813|#
1498|5630|2026-02-05 00:00:00.000|168.18000000000000000000|Invoice 107185|2026-05-19 23:25:32.813|#
1499|5620|2026-02-05 00:00:00.000|-168.18000000000000000000|Invoice 107185|2026-05-19 23:25:32.813|#
1500|5420|2026-02-05 00:00:00.000|-672.70000000000000000000|Invoice 107185|2026-05-19 23:25:32.820|#
1501|2910|2026-02-05 00:00:00.000|-672.70000000000000000000|Invoice 107185|2026-05-19 23:25:32.837|#
1502|5420|2026-02-05 00:00:00.000|672.70000000000000000000|Invoice 107185|2026-05-19 23:25:32.837|#
1503|2110|2026-02-06 00:00:00.000|1170.00000000000000000000|Direct Cost 50000 on 02/06/26|2026-05-19 23:25:32.927|#
1504|7170|2026-02-06 00:00:00.000|-1170.00000000000000000000|Direct Cost 50000 on 02/06/26|2026-05-19 23:25:32.930|#
1505|2110|2026-02-06 00:00:00.000|384.40000000000000000000|Direct Cost 50000 on 02/06/26|2026-05-19 23:25:32.933|#
1506|7170|2026-02-06 00:00:00.000|-384.40000000000000000000|Direct Cost 50000 on 02/06/26|2026-05-19 23:25:32.937|#
1507|7110|2026-02-06 00:00:00.000|1554.40000000000000000000|Invoice 107186|2026-05-19 23:25:32.940|#
1508|5630|2026-02-06 00:00:00.000|388.60000000000000000000|Invoice 107186|2026-05-19 23:25:32.940|#
1509|5410|2026-02-06 00:00:00.000|-1943.00000000000000000000|Invoice 107186|2026-05-19 23:25:32.947|#
1510|2910|2026-02-06 00:00:00.000|-1943.00000000000000000000|Invoice 107186|2026-05-19 23:25:32.957|#
1511|5410|2026-02-06 00:00:00.000|1943.00000000000000000000|Invoice 107186|2026-05-19 23:25:32.957|#
1512|2110|2026-02-06 00:00:00.000|1072.50000000000000000000|Direct Cost 10000 on 02/06/26|2026-05-19 23:25:33.033|#
1513|7170|2026-02-06 00:00:00.000|-1072.50000000000000000000|Direct Cost 10000 on 02/06/26|2026-05-19 23:25:33.033|#
1514|7130|2026-02-06 00:00:00.000|1072.50000000000000000000|Invoice 107187|2026-05-19 23:25:33.037|#
1515|5420|2026-02-06 00:00:00.000|-1072.50000000000000000000|Invoice 107187|2026-05-19 23:25:33.043|#
1516|2910|2026-02-06 00:00:00.000|-1072.50000000000000000000|Invoice 107187|2026-05-19 23:25:33.057|#
1517|5420|2026-02-06 00:00:00.000|1072.50000000000000000000|Invoice 107187|2026-05-19 23:25:33.057|#
1518|2110|2026-02-06 00:00:00.000|576.60000000000000000000|Direct Cost 20000 on 02/06/26|2026-05-19 23:25:33.127|#
1519|7170|2026-02-06 00:00:00.000|-576.60000000000000000000|Direct Cost 20000 on 02/06/26|2026-05-19 23:25:33.130|#
1520|7110|2026-02-06 00:00:00.000|576.60000000000000000000|Invoice 107188|2026-05-19 23:25:33.133|#
1521|5630|2026-02-06 00:00:00.000|144.15000000000000000000|Invoice 107188|2026-05-19 23:25:33.133|#
1522|5410|2026-02-06 00:00:00.000|-720.75000000000000000000|Invoice 107188|2026-05-19 23:25:33.140|#
1523|2910|2026-02-06 00:00:00.000|-720.75000000000000000000|Invoice 107188|2026-05-19 23:25:33.153|#
1524|5410|2026-02-06 00:00:00.000|720.75000000000000000000|Invoice 107188|2026-05-19 23:25:33.153|#
1525|2110|2026-02-08 00:00:00.000|7599.00000000000000000000|Direct Cost 50000 on 02/08/26|2026-05-19 23:25:33.223|#
1526|7170|2026-02-08 00:00:00.000|-7599.00000000000000000000|Direct Cost 50000 on 02/08/26|2026-05-19 23:25:33.227|#
1527|7110|2026-02-08 00:00:00.000|7599.00000000000000000000|Invoice 107189|2026-05-19 23:25:33.230|#
1528|5630|2026-02-08 00:00:00.000|1899.75000000000000000000|Invoice 107189|2026-05-19 23:25:33.230|#
1529|5410|2026-02-08 00:00:00.000|-9498.75000000000000000000|Invoice 107189|2026-05-19 23:25:33.237|#
1530|2910|2026-02-08 00:00:00.000|-9498.75000000000000000000|Invoice 107189|2026-05-19 23:25:33.250|#
1531|5410|2026-02-08 00:00:00.000|9498.75000000000000000000|Invoice 107189|2026-05-19 23:25:33.250|#
1532|2110|2026-02-08 00:00:00.000|780.00000000000000000000|Direct Cost 20000 on 02/08/26|2026-05-19 23:25:33.320|#
1533|7170|2026-02-08 00:00:00.000|-780.00000000000000000000|Direct Cost 20000 on 02/08/26|2026-05-19 23:25:33.323|#
1534|7110|2026-02-08 00:00:00.000|780.00000000000000000000|Invoice 107190|2026-05-19 23:25:33.327|#
1535|5630|2026-02-08 00:00:00.000|195.00000000000000000000|Invoice 107190|2026-05-19 23:25:33.327|#
1536|5410|2026-02-08 00:00:00.000|-975.00000000000000000000|Invoice 107190|2026-05-19 23:25:33.333|#
1537|9340|2026-02-08 00:00:00.000|0.00000000000000000000|Residual caused by rounding of Additional-Currency Amount|2026-05-19 23:25:33.333|#
1538|2910|2026-02-08 00:00:00.000|-975.00000000000000000000|Invoice 107190|2026-05-19 23:25:33.347|#
1539|5410|2026-02-08 00:00:00.000|975.00000000000000000000|Invoice 107190|2026-05-19 23:25:33.347|#
1540|2110|2026-02-09 00:00:00.000|361.40000000000000000000|Direct Cost 30000 on 02/09/26|2026-05-19 23:25:33.417|#
1541|7170|2026-02-09 00:00:00.000|-361.40000000000000000000|Direct Cost 30000 on 02/09/26|2026-05-19 23:25:33.420|#
1542|7120|2026-02-09 00:00:00.000|361.40000000000000000000|Invoice 107191|2026-05-19 23:25:33.423|#
1543|5630|2026-02-09 00:00:00.000|90.35000000000000000000|Invoice 107191|2026-05-19 23:25:33.423|#
1544|5620|2026-02-09 00:00:00.000|-90.35000000000000000000|Invoice 107191|2026-05-19 23:25:33.423|#
1545|5420|2026-02-09 00:00:00.000|-361.40000000000000000000|Invoice 107191|2026-05-19 23:25:33.430|#
1546|2910|2026-02-09 00:00:00.000|-361.40000000000000000000|Invoice 107191|2026-05-19 23:25:33.440|#
1547|5420|2026-02-09 00:00:00.000|361.40000000000000000000|Invoice 107191|2026-05-19 23:25:33.440|#
1548|2110|2026-02-09 00:00:00.000|7072.00000000000000000000|Direct Cost 40000 on 02/09/26|2026-05-19 23:25:33.510|#
1549|7170|2026-02-09 00:00:00.000|-7072.00000000000000000000|Direct Cost 40000 on 02/09/26|2026-05-19 23:25:33.510|#
1550|7110|2026-02-09 00:00:00.000|7072.00000000000000000000|Invoice 107192|2026-05-19 23:25:33.517|#
1551|5630|2026-02-09 00:00:00.000|1768.00000000000000000000|Invoice 107192|2026-05-19 23:25:33.517|#
1552|5410|2026-02-09 00:00:00.000|-8840.00000000000000000000|Invoice 107192|2026-05-19 23:25:33.523|#
1553|2910|2026-02-09 00:00:00.000|-8840.00000000000000000000|Invoice 107192|2026-05-19 23:25:33.533|#
1554|5410|2026-02-09 00:00:00.000|8840.00000000000000000000|Invoice 107192|2026-05-19 23:25:33.533|#
1555|2110|2026-02-10 00:00:00.000|487.50000000000000000000|Direct Cost 40000 on 02/10/26|2026-05-19 23:25:33.603|#
1556|7170|2026-02-10 00:00:00.000|-487.50000000000000000000|Direct Cost 40000 on 02/10/26|2026-05-19 23:25:33.607|#
1557|7110|2026-02-10 00:00:00.000|487.50000000000000000000|Invoice 107193|2026-05-19 23:25:33.610|#
1558|5630|2026-02-10 00:00:00.000|121.88000000000000000000|Invoice 107193|2026-05-19 23:25:33.610|#
1559|5410|2026-02-10 00:00:00.000|-609.38000000000000000000|Invoice 107193|2026-05-19 23:25:33.617|#
1560|9330|2026-02-10 00:00:00.000|0.00000000000000000000|Residual caused by rounding of Additional-Currency Amount|2026-05-19 23:25:33.617|#
1561|2910|2026-02-10 00:00:00.000|-609.38000000000000000000|Invoice 107193|2026-05-19 23:25:33.627|#
1562|5410|2026-02-10 00:00:00.000|609.38000000000000000000|Invoice 107193|2026-05-19 23:25:33.627|#
1563|2110|2026-02-10 00:00:00.000|672.70000000000000000000|Direct Cost 30000 on 02/10/26|2026-05-19 23:25:33.693|#
1564|7170|2026-02-10 00:00:00.000|-672.70000000000000000000|Direct Cost 30000 on 02/10/26|2026-05-19 23:25:33.697|#
1565|7120|2026-02-10 00:00:00.000|672.70000000000000000000|Invoice 107194|2026-05-19 23:25:33.707|#
1566|5630|2026-02-10 00:00:00.000|168.18000000000000000000|Invoice 107194|2026-05-19 23:25:33.707|#
1567|5620|2026-02-10 00:00:00.000|-168.18000000000000000000|Invoice 107194|2026-05-19 23:25:33.707|#
1568|5420|2026-02-10 00:00:00.000|-672.70000000000000000000|Invoice 107194|2026-05-19 23:25:33.713|#
1569|2910|2026-02-10 00:00:00.000|-672.70000000000000000000|Invoice 107194|2026-05-19 23:25:33.727|#
1570|5420|2026-02-10 00:00:00.000|672.70000000000000000000|Invoice 107194|2026-05-19 23:25:33.727|#
1571|2110|2026-02-11 00:00:00.000|2195.00000000000000000000|Direct Cost 30000 on 02/11/26|2026-05-19 23:25:33.803|#
1572|7170|2026-02-11 00:00:00.000|-2195.00000000000000000000|Direct Cost 30000 on 02/11/26|2026-05-19 23:25:33.807|#
1573|7120|2026-02-11 00:00:00.000|2195.00000000000000000000|Invoice 107195|2026-05-19 23:25:33.810|#
1574|5630|2026-02-11 00:00:00.000|548.75000000000000000000|Invoice 107195|2026-05-19 23:25:33.810|#
1575|5620|2026-02-11 00:00:00.000|-548.75000000000000000000|Invoice 107195|2026-05-19 23:25:33.810|#
1576|5420|2026-02-11 00:00:00.000|-2195.00000000000000000000|Invoice 107195|2026-05-19 23:25:33.817|#
1577|2910|2026-02-11 00:00:00.000|-2195.00000000000000000000|Invoice 107195|2026-05-19 23:25:33.830|#
1578|5420|2026-02-11 00:00:00.000|2195.00000000000000000000|Invoice 107195|2026-05-19 23:25:33.830|#
1579|2110|2026-03-03 00:00:00.000|672.70000000000000000000|Direct Cost 20000 on 03/03/26|2026-05-19 23:25:33.917|#
1580|7170|2026-03-03 00:00:00.000|-672.70000000000000000000|Direct Cost 20000 on 03/03/26|2026-05-19 23:25:33.917|#
1581|2110|2026-03-03 00:00:00.000|682.50000000000000000000|Direct Cost 20000 on 03/03/26|2026-05-19 23:25:33.920|#
1582|7170|2026-03-03 00:00:00.000|-682.50000000000000000000|Direct Cost 20000 on 03/03/26|2026-05-19 23:25:33.923|#
1583|7110|2026-03-03 00:00:00.000|1355.20000000000000000000|Invoice 107196|2026-05-19 23:25:33.927|#
1584|5630|2026-03-03 00:00:00.000|338.80000000000000000000|Invoice 107196|2026-05-19 23:25:33.927|#
1585|5410|2026-03-03 00:00:00.000|-1694.00000000000000000000|Invoice 107196|2026-05-19 23:25:33.933|#
1586|2110|2026-03-03 00:00:00.000|1968.00000000000000000000|Direct Cost 40000 on 03/03/26|2026-05-19 23:25:34.007|#
1587|7170|2026-03-03 00:00:00.000|-1968.00000000000000000000|Direct Cost 40000 on 03/03/26|2026-05-19 23:25:34.007|#
1588|7110|2026-03-03 00:00:00.000|1968.00000000000000000000|Invoice 107197|2026-05-19 23:25:34.013|#
1589|5630|2026-03-03 00:00:00.000|492.00000000000000000000|Invoice 107197|2026-05-19 23:25:34.013|#
1590|5410|2026-03-03 00:00:00.000|-2460.00000000000000000000|Invoice 107197|2026-05-19 23:25:34.017|#
1591|2110|2026-03-04 00:00:00.000|864.90000000000000000000|Direct Cost 30000 on 03/04/26|2026-05-19 23:25:34.083|#
1592|7170|2026-03-04 00:00:00.000|-864.90000000000000000000|Direct Cost 30000 on 03/04/26|2026-05-19 23:25:34.087|#
1593|7120|2026-03-04 00:00:00.000|864.90000000000000000000|Invoice 107198|2026-05-19 23:25:34.090|#
1594|5630|2026-03-04 00:00:00.000|216.23000000000000000000|Invoice 107198|2026-05-19 23:25:34.090|#
1595|5620|2026-03-04 00:00:00.000|-216.23000000000000000000|Invoice 107198|2026-05-19 23:25:34.090|#
1596|5420|2026-03-04 00:00:00.000|-864.90000000000000000000|Invoice 107198|2026-05-19 23:25:34.097|#
1597|2110|2026-03-05 00:00:00.000|768.80000000000000000000|Direct Cost 20000 on 03/05/26|2026-05-19 23:25:34.163|#
1598|7170|2026-03-05 00:00:00.000|-768.80000000000000000000|Direct Cost 20000 on 03/05/26|2026-05-19 23:25:34.167|#
1599|7110|2026-03-05 00:00:00.000|768.80000000000000000000|Invoice 107199|2026-05-19 23:25:34.170|#
1600|5630|2026-03-05 00:00:00.000|192.20000000000000000000|Invoice 107199|2026-05-19 23:25:34.170|#
1601|5410|2026-03-05 00:00:00.000|-961.00000000000000000000|Invoice 107199|2026-05-19 23:25:34.177|#
1602|2110|2026-03-06 00:00:00.000|975.00000000000000000000|Direct Cost 50000 on 03/06/26|2026-05-19 23:25:34.260|#
1603|7170|2026-03-06 00:00:00.000|-975.00000000000000000000|Direct Cost 50000 on 03/06/26|2026-05-19 23:25:34.263|#
1604|2110|2026-03-06 00:00:00.000|480.50000000000000000000|Direct Cost 50000 on 03/06/26|2026-05-19 23:25:34.267|#
1605|7170|2026-03-06 00:00:00.000|-480.50000000000000000000|Direct Cost 50000 on 03/06/26|2026-05-19 23:25:34.267|#
1606|7110|2026-03-06 00:00:00.000|1455.50000000000000000000|Invoice 107200|2026-05-19 23:25:34.273|#
1607|5630|2026-03-06 00:00:00.000|363.88000000000000000000|Invoice 107200|2026-05-19 23:25:34.273|#
1608|5410|2026-03-06 00:00:00.000|-1819.38000000000000000000|Invoice 107200|2026-05-19 23:25:34.277|#
1609|2110|2026-03-06 00:00:00.000|1267.50000000000000000000|Direct Cost 10000 on 03/06/26|2026-05-19 23:25:34.360|#
1610|7170|2026-03-06 00:00:00.000|-1267.50000000000000000000|Direct Cost 10000 on 03/06/26|2026-05-19 23:25:34.363|#
1611|7130|2026-03-06 00:00:00.000|1267.50000000000000000000|Invoice 107201|2026-05-19 23:25:34.367|#
1612|5420|2026-03-06 00:00:00.000|-1267.50000000000000000000|Invoice 107201|2026-05-19 23:25:34.373|#
1613|2110|2026-03-07 00:00:00.000|9118.80000000000000000000|Direct Cost 50000 on 03/07/26|2026-05-19 23:25:34.437|#
1614|7170|2026-03-07 00:00:00.000|-9118.80000000000000000000|Direct Cost 50000 on 03/07/26|2026-05-19 23:25:34.440|#
1615|7110|2026-03-07 00:00:00.000|9118.80000000000000000000|Invoice 107202|2026-05-19 23:25:34.443|#
1616|5630|2026-03-07 00:00:00.000|2279.70000000000000000000|Invoice 107202|2026-05-19 23:25:34.443|#
1617|5410|2026-03-07 00:00:00.000|-11398.50000000000000000000|Invoice 107202|2026-05-19 23:25:34.450|#
1618|2110|2026-03-08 00:00:00.000|877.50000000000000000000|Direct Cost 20000 on 03/08/26|2026-05-19 23:25:34.517|#
1619|7170|2026-03-08 00:00:00.000|-877.50000000000000000000|Direct Cost 20000 on 03/08/26|2026-05-19 23:25:34.517|#
1620|7110|2026-03-08 00:00:00.000|877.50000000000000000000|Invoice 107203|2026-05-19 23:25:34.523|#
1621|5630|2026-03-08 00:00:00.000|219.38000000000000000000|Invoice 107203|2026-05-19 23:25:34.523|#
1622|5410|2026-03-08 00:00:00.000|-1096.88000000000000000000|Invoice 107203|2026-05-19 23:25:34.527|#
1623|2110|2026-03-09 00:00:00.000|444.80000000000000000000|Direct Cost 30000 on 03/09/26|2026-05-19 23:25:34.597|#
1624|7170|2026-03-09 00:00:00.000|-444.80000000000000000000|Direct Cost 30000 on 03/09/26|2026-05-19 23:25:34.597|#
1625|7120|2026-03-09 00:00:00.000|444.80000000000000000000|Invoice 107204|2026-05-19 23:25:34.603|#
1626|5630|2026-03-09 00:00:00.000|111.20000000000000000000|Invoice 107204|2026-05-19 23:25:34.603|#
1627|5620|2026-03-09 00:00:00.000|-111.20000000000000000000|Invoice 107204|2026-05-19 23:25:34.603|#
1628|5420|2026-03-09 00:00:00.000|-444.80000000000000000000|Invoice 107204|2026-05-19 23:25:34.610|#
1629|2110|2026-03-09 00:00:00.000|8486.40000000000000000000|Direct Cost 40000 on 03/09/26|2026-05-19 23:25:34.677|#
1630|7170|2026-03-09 00:00:00.000|-8486.40000000000000000000|Direct Cost 40000 on 03/09/26|2026-05-19 23:25:34.677|#
1631|7110|2026-03-09 00:00:00.000|8486.40000000000000000000|Invoice 107205|2026-05-19 23:25:34.683|#
1632|5630|2026-03-09 00:00:00.000|2121.60000000000000000000|Invoice 107205|2026-05-19 23:25:34.683|#
1633|5410|2026-03-09 00:00:00.000|-10608.00000000000000000000|Invoice 107205|2026-05-19 23:25:34.687|#
1634|2110|2026-03-10 00:00:00.000|682.50000000000000000000|Direct Cost 40000 on 03/10/26|2026-05-19 23:25:34.757|#
1635|7170|2026-03-10 00:00:00.000|-682.50000000000000000000|Direct Cost 40000 on 03/10/26|2026-05-19 23:25:34.757|#
1636|7110|2026-03-10 00:00:00.000|682.50000000000000000000|Invoice 107206|2026-05-19 23:25:34.760|#
1637|5630|2026-03-10 00:00:00.000|170.63000000000000000000|Invoice 107206|2026-05-19 23:25:34.760|#
1638|5410|2026-03-10 00:00:00.000|-853.13000000000000000000|Invoice 107206|2026-05-19 23:25:34.767|#
1639|2110|2026-03-10 00:00:00.000|768.80000000000000000000|Direct Cost 30000 on 03/10/26|2026-05-19 23:25:34.833|#
1640|7170|2026-03-10 00:00:00.000|-768.80000000000000000000|Direct Cost 30000 on 03/10/26|2026-05-19 23:25:34.837|#
1641|7120|2026-03-10 00:00:00.000|768.80000000000000000000|Invoice 107207|2026-05-19 23:25:34.840|#
1642|5630|2026-03-10 00:00:00.000|192.20000000000000000000|Invoice 107207|2026-05-19 23:25:34.840|#
1643|5620|2026-03-10 00:00:00.000|-192.20000000000000000000|Invoice 107207|2026-05-19 23:25:34.840|#
1644|5420|2026-03-10 00:00:00.000|-768.80000000000000000000|Invoice 107207|2026-05-19 23:25:34.847|#
1645|2110|2026-03-11 00:00:00.000|2195.00000000000000000000|Direct Cost 30000 on 03/11/26|2026-05-19 23:25:34.913|#
1646|7170|2026-03-11 00:00:00.000|-2195.00000000000000000000|Direct Cost 30000 on 03/11/26|2026-05-19 23:25:34.917|#
1647|7120|2026-03-11 00:00:00.000|2195.00000000000000000000|Invoice 107208|2026-05-19 23:25:34.920|#
1648|5630|2026-03-11 00:00:00.000|548.75000000000000000000|Invoice 107208|2026-05-19 23:25:34.920|#
1649|5620|2026-03-11 00:00:00.000|-548.75000000000000000000|Invoice 107208|2026-05-19 23:25:34.920|#
1650|5420|2026-03-11 00:00:00.000|-2195.00000000000000000000|Invoice 107208|2026-05-19 23:25:34.927|#
1651|2110|2026-04-01 00:00:00.000|-96.10000000000000000000|Direct Cost  on 04/01/26|2026-05-19 23:25:35.097|#
1652|7170|2026-04-01 00:00:00.000|96.10000000000000000000|Direct Cost  on 04/01/26|2026-05-19 23:25:35.100|#
1653|2110|2026-04-01 00:00:00.000|96.10000000000000000000|Direct Cost  on 04/01/26|2026-05-19 23:25:35.103|#
1654|7170|2026-04-01 00:00:00.000|-96.10000000000000000000|Direct Cost  on 04/01/26|2026-05-19 23:25:35.107|#
1655|2110|2026-04-01 00:00:00.000|-96.10000000000000000000|Direct Cost  on 04/01/26|2026-05-19 23:25:35.270|#
1656|7170|2026-04-01 00:00:00.000|96.10000000000000000000|Direct Cost  on 04/01/26|2026-05-19 23:25:35.273|#
1657|2110|2026-04-01 00:00:00.000|96.10000000000000000000|Direct Cost  on 04/01/26|2026-05-19 23:25:35.277|#
1658|7170|2026-04-01 00:00:00.000|-96.10000000000000000000|Direct Cost  on 04/01/26|2026-05-19 23:25:35.277|#
1659|2110|2025-01-13 00:00:00.000|-83.40000000000000000000|Direct Cost 20000 on 01/13/25|2026-05-19 23:25:35.543|#
1660|7190|2025-01-13 00:00:00.000|83.40000000000000000000|Direct Cost 20000 on 01/13/25|2026-05-19 23:25:35.547|#
1661|6110|2025-01-13 00:00:00.000|-106.80000000000000000000|Invoice 102001|2026-05-19 23:25:35.550|#
1662|5610|2025-01-13 00:00:00.000|-26.70000000000000000000|Invoice 102001|2026-05-19 23:25:35.550|#
1663|2310|2025-01-13 00:00:00.000|133.50000000000000000000|Invoice 102001|2026-05-19 23:25:35.597|#
1664|2910|2025-01-13 00:00:00.000|133.50000000000000000000|Invoice 102001|2026-05-19 23:25:35.720|#
1665|2310|2025-01-13 00:00:00.000|-133.50000000000000000000|Invoice 102001|2026-05-19 23:25:35.720|#
1666|2110|2025-01-14 00:00:00.000|-390.00000000000000000000|Direct Cost 10000 on 01/14/25|2026-05-19 23:25:35.867|#
1667|7190|2025-01-14 00:00:00.000|390.00000000000000000000|Direct Cost 10000 on 01/14/25|2026-05-19 23:25:35.870|#
1668|6110|2025-01-14 00:00:00.000|-500.40000000000000000000|Invoice 102002|2026-05-19 23:25:35.877|#
1669|5610|2025-01-14 00:00:00.000|-125.10000000000000000000|Invoice 102002|2026-05-19 23:25:35.877|#
1670|2310|2025-01-14 00:00:00.000|625.50000000000000000000|Invoice 102002|2026-05-19 23:25:35.893|#
1671|9330|2025-01-14 00:00:00.000|0.00000000000000000000|Residual caused by rounding of Additional-Currency Amount|2026-05-19 23:25:35.893|#
1672|2910|2025-01-14 00:00:00.000|625.50000000000000000000|Invoice 102002|2026-05-19 23:25:35.907|#
1673|2310|2025-01-14 00:00:00.000|-625.50000000000000000000|Invoice 102002|2026-05-19 23:25:35.907|#
1674|2110|2025-01-15 00:00:00.000|-97.50000000000000000000|Direct Cost 30000 on 01/15/25|2026-05-19 23:25:35.997|#
1675|7190|2025-01-15 00:00:00.000|97.50000000000000000000|Direct Cost 30000 on 01/15/25|2026-05-19 23:25:35.997|#
1676|6130|2025-01-15 00:00:00.000|-125.10000000000000000000|Invoice 102003|2026-05-19 23:25:36.003|#
1677|2320|2025-01-15 00:00:00.000|125.10000000000000000000|Invoice 102003|2026-05-19 23:25:36.007|#
1678|2910|2025-01-15 00:00:00.000|125.10000000000000000000|Invoice 102003|2026-05-19 23:25:36.030|#
1679|2320|2025-01-15 00:00:00.000|-125.10000000000000000000|Invoice 102003|2026-05-19 23:25:36.030|#
1680|2110|2025-01-16 00:00:00.000|-192.20000000000000000000|Direct Cost 50000 on 01/16/25|2026-05-19 23:25:36.140|#
1681|7190|2025-01-16 00:00:00.000|192.20000000000000000000|Direct Cost 50000 on 01/16/25|2026-05-19 23:25:36.143|#
1682|6110|2025-01-16 00:00:00.000|-246.60000000000000000000|Invoice 102004|2026-05-19 23:25:36.147|#
1683|5610|2025-01-16 00:00:00.000|-61.65000000000000000000|Invoice 102004|2026-05-19 23:25:36.147|#
1684|2310|2025-01-16 00:00:00.000|308.25000000000000000000|Invoice 102004|2026-05-19 23:25:36.150|#
1685|2910|2025-01-16 00:00:00.000|308.25000000000000000000|Invoice 102004|2026-05-19 23:25:36.167|#
1686|2310|2025-01-16 00:00:00.000|-308.25000000000000000000|Invoice 102004|2026-05-19 23:25:36.167|#
1687|2110|2025-01-17 00:00:00.000|-195.00000000000000000000|Direct Cost 40000 on 01/17/25|2026-05-19 23:25:36.253|#
1688|7190|2025-01-17 00:00:00.000|195.00000000000000000000|Direct Cost 40000 on 01/17/25|2026-05-19 23:25:36.257|#
1689|6120|2025-01-17 00:00:00.000|-250.20000000000000000000|Invoice 102005|2026-05-19 23:25:36.260|#
1690|2320|2025-01-17 00:00:00.000|250.20000000000000000000|Invoice 102005|2026-05-19 23:25:36.267|#
1691|2910|2025-01-17 00:00:00.000|250.20000000000000000000|Invoice 102005|2026-05-19 23:25:36.277|#
1692|2320|2025-01-17 00:00:00.000|-250.20000000000000000000|Invoice 102005|2026-05-19 23:25:36.277|#
1693|2110|2025-01-18 00:00:00.000|-390.00000000000000000000|Direct Cost 20000 on 01/18/25|2026-05-19 23:25:36.427|#
1694|7190|2025-01-18 00:00:00.000|390.00000000000000000000|Direct Cost 20000 on 01/18/25|2026-05-19 23:25:36.427|#
1695|2110|2025-01-18 00:00:00.000|-487.50000000000000000000|Direct Cost 20000 on 01/18/25|2026-05-19 23:25:36.430|#
1696|7190|2025-01-18 00:00:00.000|487.50000000000000000000|Direct Cost 20000 on 01/18/25|2026-05-19 23:25:36.433|#
1697|2110|2025-01-18 00:00:00.000|-288.30000000000000000000|Direct Cost 20000 on 01/18/25|2026-05-19 23:25:36.437|#
1698|7190|2025-01-18 00:00:00.000|288.30000000000000000000|Direct Cost 20000 on 01/18/25|2026-05-19 23:25:36.437|#
1699|6110|2025-01-18 00:00:00.000|-1495.80000000000000000000|Invoice 102006|2026-05-19 23:25:36.440|#
1700|5610|2025-01-18 00:00:00.000|-373.95000000000000000000|Invoice 102006|2026-05-19 23:25:36.440|#
1701|2310|2025-01-18 00:00:00.000|1869.75000000000000000000|Invoice 102006|2026-05-19 23:25:36.447|#
1702|2910|2025-01-18 00:00:00.000|1869.75000000000000000000|Invoice 102006|2026-05-19 23:25:36.467|#
1703|2310|2025-01-18 00:00:00.000|-1869.75000000000000000000|Invoice 102006|2026-05-19 23:25:36.467|#
1704|2110|2025-01-18 00:00:00.000|-2533.00000000000000000000|Direct Cost 10000 on 01/18/25|2026-05-19 23:25:36.640|#
1705|7190|2025-01-18 00:00:00.000|2533.00000000000000000000|Direct Cost 10000 on 01/18/25|2026-05-19 23:25:36.643|#
1706|2110|2025-01-18 00:00:00.000|-192.20000000000000000000|Direct Cost 10000 on 01/18/25|2026-05-19 23:25:36.647|#
1707|7190|2025-01-18 00:00:00.000|192.20000000000000000000|Direct Cost 10000 on 01/18/25|2026-05-19 23:25:36.650|#
1708|2110|2025-01-18 00:00:00.000|-2828.80000000000000000000|Direct Cost 10000 on 01/18/25|2026-05-19 23:25:36.653|#
1709|7190|2025-01-18 00:00:00.000|2828.80000000000000000000|Direct Cost 10000 on 01/18/25|2026-05-19 23:25:36.657|#
1710|6110|2025-01-18 00:00:00.000|-7120.40000000000000000000|Invoice 102007|2026-05-19 23:25:36.660|#
1711|5610|2025-01-18 00:00:00.000|-1780.10000000000000000000|Invoice 102007|2026-05-19 23:25:36.660|#
1712|2310|2025-01-18 00:00:00.000|8900.50000000000000000000|Invoice 102007|2026-05-19 23:25:36.667|#
1713|2910|2025-01-18 00:00:00.000|8900.50000000000000000000|Invoice 102007|2026-05-19 23:25:36.680|#
1714|2310|2025-01-18 00:00:00.000|-8900.50000000000000000000|Invoice 102007|2026-05-19 23:25:36.680|#
1715|2110|2025-01-18 00:00:00.000|0.00000000000000000000|Direct Cost 10000 on 01/18/25|2026-05-19 23:25:36.743|#
1716|7190|2025-01-18 00:00:00.000|0.00000000000000000000|Direct Cost 10000 on 01/18/25|2026-05-19 23:25:36.743|#
1717|2110|2025-01-18 00:00:00.000|0.00000000000000000000|Direct Cost 10000 on 01/18/25|2026-05-19 23:25:36.763|#
1718|7190|2025-01-18 00:00:00.000|0.00000000000000000000|Direct Cost 10000 on 01/18/25|2026-05-19 23:25:36.767|#
1719|2110|2025-01-20 00:00:00.000|-1317.00000000000000000000|Direct Cost 50000 on 01/20/25|2026-05-19 23:25:36.847|#
1720|7190|2025-01-20 00:00:00.000|1317.00000000000000000000|Direct Cost 50000 on 01/20/25|2026-05-19 23:25:36.847|#
1721|6110|2025-01-20 00:00:00.000|-1688.40000000000000000000|Invoice 102008|2026-05-19 23:25:36.850|#
1722|5610|2025-01-20 00:00:00.000|-422.10000000000000000000|Invoice 102008|2026-05-19 23:25:36.850|#
1723|2310|2025-01-20 00:00:00.000|2110.50000000000000000000|Invoice 102008|2026-05-19 23:25:36.857|#
1724|2910|2025-01-20 00:00:00.000|2110.50000000000000000000|Invoice 102008|2026-05-19 23:25:36.870|#
1725|2310|2025-01-20 00:00:00.000|-2110.50000000000000000000|Invoice 102008|2026-05-19 23:25:36.870|#
1726|2110|2025-01-21 00:00:00.000|-194.60000000000000000000|Direct Cost 30000 on 01/21/25|2026-05-19 23:25:36.957|#
1727|7190|2025-01-21 00:00:00.000|194.60000000000000000000|Direct Cost 30000 on 01/21/25|2026-05-19 23:25:36.960|#
1728|6130|2025-01-21 00:00:00.000|-249.20000000000000000000|Invoice 102009|2026-05-19 23:25:36.967|#
1729|2320|2025-01-21 00:00:00.000|249.20000000000000000000|Invoice 102009|2026-05-19 23:25:36.970|#
1730|2910|2025-01-21 00:00:00.000|249.20000000000000000000|Invoice 102009|2026-05-19 23:25:36.983|#
1731|2320|2025-01-21 00:00:00.000|-249.20000000000000000000|Invoice 102009|2026-05-19 23:25:36.983|#
1732|2110|2025-01-21 00:00:00.000|-480.50000000000000000000|Direct Cost 40000 on 01/21/25|2026-05-19 23:25:37.163|#
1733|7190|2025-01-21 00:00:00.000|480.50000000000000000000|Direct Cost 40000 on 01/21/25|2026-05-19 23:25:37.167|#
1734|2110|2025-01-21 00:00:00.000|-984.00000000000000000000|Direct Cost 40000 on 01/21/25|2026-05-19 23:25:37.170|#
1735|7190|2025-01-21 00:00:00.000|984.00000000000000000000|Direct Cost 40000 on 01/21/25|2026-05-19 23:25:37.173|#
1736|2110|2025-01-21 00:00:00.000|-384.40000000000000000000|Direct Cost 40000 on 01/21/25|2026-05-19 23:25:37.177|#
1737|7190|2025-01-21 00:00:00.000|384.40000000000000000000|Direct Cost 40000 on 01/21/25|2026-05-19 23:25:37.177|#
1738|2110|2025-01-21 00:00:00.000|-96.10000000000000000000|Direct Cost 40000 on 01/21/25|2026-05-19 23:25:37.180|#
1739|7190|2025-01-21 00:00:00.000|96.10000000000000000000|Direct Cost 40000 on 01/21/25|2026-05-19 23:25:37.183|#
1740|6120|2025-01-21 00:00:00.000|-2494.20000000000000000000|Invoice 102010|2026-05-19 23:25:37.187|#
1741|2320|2025-01-21 00:00:00.000|2494.20000000000000000000|Invoice 102010|2026-05-19 23:25:37.193|#
1742|2910|2025-01-21 00:00:00.000|2494.20000000000000000000|Invoice 102010|2026-05-19 23:25:37.207|#
1743|2320|2025-01-21 00:00:00.000|-2494.20000000000000000000|Invoice 102010|2026-05-19 23:25:37.207|#
1744|2110|2025-01-23 00:00:00.000|-390.00000000000000000000|Direct Cost 20000 on 01/23/25|2026-05-19 23:25:37.347|#
1745|7190|2025-01-23 00:00:00.000|390.00000000000000000000|Direct Cost 20000 on 01/23/25|2026-05-19 23:25:37.347|#
1746|6110|2025-01-23 00:00:00.000|-500.40000000000000000000|Invoice 102011|2026-05-19 23:25:37.353|#
1747|5610|2025-01-23 00:00:00.000|-125.10000000000000000000|Invoice 102011|2026-05-19 23:25:37.353|#
1748|2310|2025-01-23 00:00:00.000|625.50000000000000000000|Invoice 102011|2026-05-19 23:25:37.357|#
1749|9330|2025-01-23 00:00:00.000|0.00000000000000000000|Residual caused by rounding of Additional-Currency Amount|2026-05-19 23:25:37.357|#
1750|2910|2025-01-23 00:00:00.000|625.50000000000000000000|Invoice 102011|2026-05-19 23:25:37.370|#
1751|2310|2025-01-23 00:00:00.000|-625.50000000000000000000|Invoice 102011|2026-05-19 23:25:37.370|#
1752|2110|2025-01-24 00:00:00.000|-2026.40000000000000000000|Direct Cost 30000 on 01/24/25|2026-05-19 23:25:37.523|#
1753|7190|2025-01-24 00:00:00.000|2026.40000000000000000000|Direct Cost 30000 on 01/24/25|2026-05-19 23:25:37.527|#
1754|2110|2025-01-24 00:00:00.000|-780.00000000000000000000|Direct Cost 30000 on 01/24/25|2026-05-19 23:25:37.527|#
1755|7190|2025-01-24 00:00:00.000|780.00000000000000000000|Direct Cost 30000 on 01/24/25|2026-05-19 23:25:37.530|#
1756|2110|2025-01-24 00:00:00.000|-480.50000000000000000000|Direct Cost 30000 on 01/24/25|2026-05-19 23:25:37.533|#
1757|7190|2025-01-24 00:00:00.000|480.50000000000000000000|Direct Cost 30000 on 01/24/25|2026-05-19 23:25:37.537|#
1758|2110|2025-01-24 00:00:00.000|-2121.60000000000000000000|Direct Cost 30000 on 01/24/25|2026-05-19 23:25:37.540|#
1759|7190|2025-01-24 00:00:00.000|2121.60000000000000000000|Direct Cost 30000 on 01/24/25|2026-05-19 23:25:37.540|#
1760|6130|2025-01-24 00:00:00.000|-6935.00000000000000000000|Invoice 102012|2026-05-19 23:25:37.547|#
1761|2320|2025-01-24 00:00:00.000|6935.00000000000000000000|Invoice 102012|2026-05-19 23:25:37.550|#
1762|2910|2025-01-24 00:00:00.000|6935.00000000000000000000|Invoice 102012|2026-05-19 23:25:37.570|#
1763|2320|2025-01-24 00:00:00.000|-6935.00000000000000000000|Invoice 102012|2026-05-19 23:25:37.570|#
1764|2110|2025-01-31 00:00:00.000|-656.00000000000000000000|Direct Cost 50000 on 01/31/25|2026-05-19 23:25:37.733|#
1765|7190|2025-01-31 00:00:00.000|656.00000000000000000000|Direct Cost 50000 on 01/31/25|2026-05-19 23:25:37.737|#
1766|2110|2025-01-31 00:00:00.000|-390.00000000000000000000|Direct Cost 50000 on 01/31/25|2026-05-19 23:25:37.740|#
1767|7190|2025-01-31 00:00:00.000|390.00000000000000000000|Direct Cost 50000 on 01/31/25|2026-05-19 23:25:37.743|#
1768|6110|2025-01-31 00:00:00.000|-1341.20000000000000000000|Invoice 102013|2026-05-19 23:25:37.747|#
1769|5610|2025-01-31 00:00:00.000|-335.30000000000000000000|Invoice 102013|2026-05-19 23:25:37.747|#
1770|2310|2025-01-31 00:00:00.000|1676.50000000000000000000|Invoice 102013|2026-05-19 23:25:37.753|#
1771|2910|2025-01-31 00:00:00.000|1676.50000000000000000000|Invoice 102013|2026-05-19 23:25:37.767|#
1772|2310|2025-01-31 00:00:00.000|-1676.50000000000000000000|Invoice 102013|2026-05-19 23:25:37.767|#
1773|2110|2025-01-31 00:00:00.000|0.00000000000000000000|Direct Cost 50000 on 01/31/25|2026-05-19 23:25:37.797|#
1774|7190|2025-01-31 00:00:00.000|0.00000000000000000000|Direct Cost 50000 on 01/31/25|2026-05-19 23:25:37.797|#
1775|2110|2025-02-01 00:00:00.000|-97.50000000000000000000|Direct Cost 30000 on 02/01/25|2026-05-19 23:25:37.920|#
1776|7190|2025-02-01 00:00:00.000|97.50000000000000000000|Direct Cost 30000 on 02/01/25|2026-05-19 23:25:37.923|#
1777|2110|2025-02-01 00:00:00.000|-480.50000000000000000000|Direct Cost 30000 on 02/01/25|2026-05-19 23:25:37.927|#
1778|7190|2025-02-01 00:00:00.000|480.50000000000000000000|Direct Cost 30000 on 02/01/25|2026-05-19 23:25:37.930|#
1779|6130|2025-02-01 00:00:00.000|-741.60000000000000000000|Invoice 102014|2026-05-19 23:25:37.933|#
1780|2320|2025-02-01 00:00:00.000|741.60000000000000000000|Invoice 102014|2026-05-19 23:25:37.940|#
1781|2910|2025-02-01 00:00:00.000|741.60000000000000000000|Invoice 102014|2026-05-19 23:25:37.960|#
1782|2320|2025-02-01 00:00:00.000|-741.60000000000000000000|Invoice 102014|2026-05-19 23:25:37.960|#
1783|2110|2025-02-12 00:00:00.000|-83.40000000000000000000|Direct Cost 20000 on 02/12/25|2026-05-19 23:25:38.067|#
1784|7190|2025-02-12 00:00:00.000|83.40000000000000000000|Direct Cost 20000 on 02/12/25|2026-05-19 23:25:38.067|#
1785|6110|2025-02-12 00:00:00.000|-106.80000000000000000000|Invoice 102015|2026-05-19 23:25:38.070|#
1786|5610|2025-02-12 00:00:00.000|-26.70000000000000000000|Invoice 102015|2026-05-19 23:25:38.070|#
1787|2310|2025-02-12 00:00:00.000|133.50000000000000000000|Invoice 102015|2026-05-19 23:25:38.077|#
1788|2910|2025-02-12 00:00:00.000|133.50000000000000000000|Invoice 102015|2026-05-19 23:25:38.090|#
1789|2310|2025-02-12 00:00:00.000|-133.50000000000000000000|Invoice 102015|2026-05-19 23:25:38.090|#
1790|2110|2025-02-12 00:00:00.000|-390.00000000000000000000|Direct Cost 10000 on 02/12/25|2026-05-19 23:25:38.197|#
1791|7190|2025-02-12 00:00:00.000|390.00000000000000000000|Direct Cost 10000 on 02/12/25|2026-05-19 23:25:38.197|#
1792|6110|2025-02-12 00:00:00.000|-500.40000000000000000000|Invoice 102016|2026-05-19 23:25:38.200|#
1793|5610|2025-02-12 00:00:00.000|-125.10000000000000000000|Invoice 102016|2026-05-19 23:25:38.203|#
1794|2310|2025-02-12 00:00:00.000|625.50000000000000000000|Invoice 102016|2026-05-19 23:25:38.207|#
1795|9330|2025-02-12 00:00:00.000|0.00000000000000000000|Residual caused by rounding of Additional-Currency Amount|2026-05-19 23:25:38.207|#
1796|2910|2025-02-12 00:00:00.000|625.50000000000000000000|Invoice 102016|2026-05-19 23:25:38.227|#
1797|2310|2025-02-12 00:00:00.000|-625.50000000000000000000|Invoice 102016|2026-05-19 23:25:38.227|#
1798|2110|2025-02-14 00:00:00.000|-97.50000000000000000000|Direct Cost 30000 on 02/14/25|2026-05-19 23:25:38.343|#
1799|7190|2025-02-14 00:00:00.000|97.50000000000000000000|Direct Cost 30000 on 02/14/25|2026-05-19 23:25:38.343|#
1800|6130|2025-02-14 00:00:00.000|-125.10000000000000000000|Invoice 102017|2026-05-19 23:25:38.347|#
1801|2320|2025-02-14 00:00:00.000|125.10000000000000000000|Invoice 102017|2026-05-19 23:25:38.353|#
1802|2910|2025-02-14 00:00:00.000|125.10000000000000000000|Invoice 102017|2026-05-19 23:25:38.363|#
1803|2320|2025-02-14 00:00:00.000|-125.10000000000000000000|Invoice 102017|2026-05-19 23:25:38.363|#
1804|2110|2025-02-15 00:00:00.000|-195.00000000000000000000|Direct Cost 40000 on 02/15/25|2026-05-19 23:25:38.437|#
1805|7190|2025-02-15 00:00:00.000|195.00000000000000000000|Direct Cost 40000 on 02/15/25|2026-05-19 23:25:38.440|#
1806|6120|2025-02-15 00:00:00.000|-250.20000000000000000000|Invoice 102018|2026-05-19 23:25:38.443|#
1807|2320|2025-02-15 00:00:00.000|250.20000000000000000000|Invoice 102018|2026-05-19 23:25:38.447|#
1808|2910|2025-02-15 00:00:00.000|250.20000000000000000000|Invoice 102018|2026-05-19 23:25:38.463|#
1809|2320|2025-02-15 00:00:00.000|-250.20000000000000000000|Invoice 102018|2026-05-19 23:25:38.463|#
1810|2110|2025-02-16 00:00:00.000|-487.50000000000000000000|Direct Cost 20000 on 02/16/25|2026-05-19 23:25:38.600|#
1811|7190|2025-02-16 00:00:00.000|487.50000000000000000000|Direct Cost 20000 on 02/16/25|2026-05-19 23:25:38.603|#
1812|2110|2025-02-16 00:00:00.000|-487.50000000000000000000|Direct Cost 20000 on 02/16/25|2026-05-19 23:25:38.607|#
1813|7190|2025-02-16 00:00:00.000|487.50000000000000000000|Direct Cost 20000 on 02/16/25|2026-05-19 23:25:38.607|#
1814|2110|2025-02-16 00:00:00.000|-288.30000000000000000000|Direct Cost 20000 on 02/16/25|2026-05-19 23:25:38.610|#
1815|7190|2025-02-16 00:00:00.000|288.30000000000000000000|Direct Cost 20000 on 02/16/25|2026-05-19 23:25:38.613|#
1816|6110|2025-02-16 00:00:00.000|-1620.90000000000000000000|Invoice 102019|2026-05-19 23:25:38.617|#
1817|5610|2025-02-16 00:00:00.000|-405.23000000000000000000|Invoice 102019|2026-05-19 23:25:38.617|#
1818|2310|2025-02-16 00:00:00.000|2026.13000000000000000000|Invoice 102019|2026-05-19 23:25:38.623|#
1819|2910|2025-02-16 00:00:00.000|2026.13000000000000000000|Invoice 102019|2026-05-19 23:25:38.637|#
1820|2310|2025-02-16 00:00:00.000|-2026.13000000000000000000|Invoice 102019|2026-05-19 23:25:38.637|#
1821|2110|2025-02-16 00:00:00.000|-3546.20000000000000000000|Direct Cost 10000 on 02/16/25|2026-05-19 23:25:38.797|#
1822|7190|2025-02-16 00:00:00.000|3546.20000000000000000000|Direct Cost 10000 on 02/16/25|2026-05-19 23:25:38.800|#
1823|2110|2025-02-16 00:00:00.000|-192.20000000000000000000|Direct Cost 10000 on 02/16/25|2026-05-19 23:25:38.803|#
1824|7190|2025-02-16 00:00:00.000|192.20000000000000000000|Direct Cost 10000 on 02/16/25|2026-05-19 23:25:38.803|#
1825|2110|2025-02-16 00:00:00.000|-2828.80000000000000000000|Direct Cost 10000 on 02/16/25|2026-05-19 23:25:38.807|#
1826|7190|2025-02-16 00:00:00.000|2828.80000000000000000000|Direct Cost 10000 on 02/16/25|2026-05-19 23:25:38.810|#
1827|6110|2025-02-16 00:00:00.000|-8419.20000000000000000000|Invoice 102020|2026-05-19 23:25:38.813|#
1828|5610|2025-02-16 00:00:00.000|-2104.80000000000000000000|Invoice 102020|2026-05-19 23:25:38.813|#
1829|2310|2025-02-16 00:00:00.000|10524.00000000000000000000|Invoice 102020|2026-05-19 23:25:38.817|#
1830|9330|2025-02-16 00:00:00.000|0.00000000000000000000|Residual caused by rounding of Additional-Currency Amount|2026-05-19 23:25:38.817|#
1831|2910|2025-02-16 00:00:00.000|10524.00000000000000000000|Invoice 102020|2026-05-19 23:25:38.833|#
1832|2310|2025-02-16 00:00:00.000|-10524.00000000000000000000|Invoice 102020|2026-05-19 23:25:38.833|#
1833|2110|2025-01-08 00:00:00.000|0.00000000000000000000|Rounding 50000 on 01/08/25|2026-05-19 23:25:38.867|#
1834|7170|2025-01-08 00:00:00.000|0.00000000000000000000|Rounding 50000 on 01/08/25|2026-05-19 23:25:38.870|#
1835|2110|2025-02-16 00:00:00.000|0.00000000000000000000|Direct Cost 10000 on 02/16/25|2026-05-19 23:25:38.897|#
1836|7190|2025-02-16 00:00:00.000|0.00000000000000000000|Direct Cost 10000 on 02/16/25|2026-05-19 23:25:38.900|#
1837|2110|2025-02-16 00:00:00.000|0.00000000000000000000|Direct Cost 10000 on 02/16/25|2026-05-19 23:25:38.917|#
1838|7190|2025-02-16 00:00:00.000|0.00000000000000000000|Direct Cost 10000 on 02/16/25|2026-05-19 23:25:38.920|#
1839|2110|2025-02-17 00:00:00.000|-1756.00000000000000000000|Direct Cost 50000 on 02/17/25|2026-05-19 23:25:39.033|#
1840|7190|2025-02-17 00:00:00.000|1756.00000000000000000000|Direct Cost 50000 on 02/17/25|2026-05-19 23:25:39.033|#
1841|2110|2025-02-17 00:00:00.000|-192.20000000000000000000|Direct Cost 50000 on 02/17/25|2026-05-19 23:25:39.037|#
1842|7190|2025-02-17 00:00:00.000|192.20000000000000000000|Direct Cost 50000 on 02/17/25|2026-05-19 23:25:39.037|#
1843|6110|2025-02-17 00:00:00.000|-2497.80000000000000000000|Invoice 102021|2026-05-19 23:25:39.043|#
1844|5610|2025-02-17 00:00:00.000|-624.45000000000000000000|Invoice 102021|2026-05-19 23:25:39.043|#
1845|2310|2025-02-17 00:00:00.000|3122.25000000000000000000|Invoice 102021|2026-05-19 23:25:39.047|#
1846|2910|2025-02-17 00:00:00.000|3122.25000000000000000000|Invoice 102021|2026-05-19 23:25:39.060|#
1847|2310|2025-02-17 00:00:00.000|-3122.25000000000000000000|Invoice 102021|2026-05-19 23:25:39.060|#
1848|2110|2025-02-19 00:00:00.000|-480.50000000000000000000|Direct Cost 40000 on 02/19/25|2026-05-19 23:25:39.230|#
1849|7190|2025-02-19 00:00:00.000|480.50000000000000000000|Direct Cost 40000 on 02/19/25|2026-05-19 23:25:39.230|#
1850|2110|2025-02-19 00:00:00.000|-656.00000000000000000000|Direct Cost 40000 on 02/19/25|2026-05-19 23:25:39.233|#
1851|7190|2025-02-19 00:00:00.000|656.00000000000000000000|Direct Cost 40000 on 02/19/25|2026-05-19 23:25:39.237|#
1852|2110|2025-02-19 00:00:00.000|-384.40000000000000000000|Direct Cost 40000 on 02/19/25|2026-05-19 23:25:39.240|#
1853|7190|2025-02-19 00:00:00.000|384.40000000000000000000|Direct Cost 40000 on 02/19/25|2026-05-19 23:25:39.240|#
1854|2110|2025-02-19 00:00:00.000|-96.10000000000000000000|Direct Cost 40000 on 02/19/25|2026-05-19 23:25:39.243|#
1855|7190|2025-02-19 00:00:00.000|96.10000000000000000000|Direct Cost 40000 on 02/19/25|2026-05-19 23:25:39.247|#
1856|6120|2025-02-19 00:00:00.000|-2073.80000000000000000000|Invoice 102022|2026-05-19 23:25:39.250|#
1857|2320|2025-02-19 00:00:00.000|2073.80000000000000000000|Invoice 102022|2026-05-19 23:25:39.257|#
1858|2910|2025-02-19 00:00:00.000|2073.80000000000000000000|Invoice 102022|2026-05-19 23:25:39.270|#
1859|2320|2025-02-19 00:00:00.000|-2073.80000000000000000000|Invoice 102022|2026-05-19 23:25:39.270|#
1860|2110|2025-02-19 00:00:00.000|0.00000000000000000000|Direct Cost 40000 on 02/19/25|2026-05-19 23:25:39.293|#
1861|7190|2025-02-19 00:00:00.000|0.00000000000000000000|Direct Cost 40000 on 02/19/25|2026-05-19 23:25:39.293|#
1862|2110|2025-02-20 00:00:00.000|-487.50000000000000000000|Direct Cost 20000 on 02/20/25|2026-05-19 23:25:39.427|#
1863|7190|2025-02-20 00:00:00.000|487.50000000000000000000|Direct Cost 20000 on 02/20/25|2026-05-19 23:25:39.427|#
1864|6110|2025-02-20 00:00:00.000|-625.50000000000000000000|Invoice 102023|2026-05-19 23:25:39.433|#
1865|5610|2025-02-20 00:00:00.000|-156.38000000000000000000|Invoice 102023|2026-05-19 23:25:39.433|#
1866|2310|2025-02-20 00:00:00.000|781.88000000000000000000|Invoice 102023|2026-05-19 23:25:39.437|#
1867|2910|2025-02-20 00:00:00.000|781.88000000000000000000|Invoice 102023|2026-05-19 23:25:39.453|#
1868|2310|2025-02-20 00:00:00.000|-781.88000000000000000000|Invoice 102023|2026-05-19 23:25:39.453|#
1869|2110|2025-02-20 00:00:00.000|-3039.60000000000000000000|Direct Cost 30000 on 02/20/25|2026-05-19 23:25:39.610|#
1870|7190|2025-02-20 00:00:00.000|3039.60000000000000000000|Direct Cost 30000 on 02/20/25|2026-05-19 23:25:39.613|#
1871|2110|2025-02-20 00:00:00.000|-222.40000000000000000000|Direct Cost 30000 on 02/20/25|2026-05-19 23:25:39.617|#
1872|7190|2025-02-20 00:00:00.000|222.40000000000000000000|Direct Cost 30000 on 02/20/25|2026-05-19 23:25:39.617|#
1873|2110|2025-02-20 00:00:00.000|-877.50000000000000000000|Direct Cost 30000 on 02/20/25|2026-05-19 23:25:39.623|#
1874|7190|2025-02-20 00:00:00.000|877.50000000000000000000|Direct Cost 30000 on 02/20/25|2026-05-19 23:25:39.623|#
1875|2110|2025-02-20 00:00:00.000|-1414.40000000000000000000|Direct Cost 30000 on 02/20/25|2026-05-19 23:25:39.627|#
1876|7190|2025-02-20 00:00:00.000|1414.40000000000000000000|Direct Cost 30000 on 02/20/25|2026-05-19 23:25:39.630|#
1877|6130|2025-02-20 00:00:00.000|-7120.50000000000000000000|Invoice 102024|2026-05-19 23:25:39.637|#
1878|2320|2025-02-20 00:00:00.000|7120.50000000000000000000|Invoice 102024|2026-05-19 23:25:39.640|#
1879|2910|2025-02-20 00:00:00.000|7120.50000000000000000000|Invoice 102024|2026-05-19 23:25:39.657|#
1880|2320|2025-02-20 00:00:00.000|-7120.50000000000000000000|Invoice 102024|2026-05-19 23:25:39.657|#
1881|2110|2025-02-28 00:00:00.000|-97.50000000000000000000|Direct Cost 30000 on 02/28/25|2026-05-19 23:25:39.857|#
1882|7190|2025-02-28 00:00:00.000|97.50000000000000000000|Direct Cost 30000 on 02/28/25|2026-05-19 23:25:39.860|#
1883|2110|2025-02-28 00:00:00.000|-480.50000000000000000000|Direct Cost 30000 on 02/28/25|2026-05-19 23:25:39.863|#
1884|7190|2025-02-28 00:00:00.000|480.50000000000000000000|Direct Cost 30000 on 02/28/25|2026-05-19 23:25:39.863|#
1885|2110|2025-02-28 00:00:00.000|-480.50000000000000000000|Direct Cost 30000 on 02/28/25|2026-05-19 23:25:39.867|#
1886|7190|2025-02-28 00:00:00.000|480.50000000000000000000|Direct Cost 30000 on 02/28/25|2026-05-19 23:25:39.870|#
1887|6130|2025-02-28 00:00:00.000|-1358.10000000000000000000|Invoice 102025|2026-05-19 23:25:39.877|#
1888|2320|2025-02-28 00:00:00.000|1358.10000000000000000000|Invoice 102025|2026-05-19 23:25:39.880|#
1889|2910|2025-02-28 00:00:00.000|1358.10000000000000000000|Invoice 102025|2026-05-19 23:25:39.897|#
1890|2320|2025-02-28 00:00:00.000|-1358.10000000000000000000|Invoice 102025|2026-05-19 23:25:39.897|#
1891|2110|2025-02-28 00:00:00.000|-656.00000000000000000000|Direct Cost 50000 on 02/28/25|2026-05-19 23:25:40.040|#
1892|7190|2025-02-28 00:00:00.000|656.00000000000000000000|Direct Cost 50000 on 02/28/25|2026-05-19 23:25:40.040|#
1893|2110|2025-02-28 00:00:00.000|-390.00000000000000000000|Direct Cost 50000 on 02/28/25|2026-05-19 23:25:40.043|#
1894|7190|2025-02-28 00:00:00.000|390.00000000000000000000|Direct Cost 50000 on 02/28/25|2026-05-19 23:25:40.047|#
1895|6110|2025-02-28 00:00:00.000|-1341.20000000000000000000|Invoice 102026|2026-05-19 23:25:40.050|#
1896|5610|2025-02-28 00:00:00.000|-335.30000000000000000000|Invoice 102026|2026-05-19 23:25:40.050|#
1897|2310|2025-02-28 00:00:00.000|1676.50000000000000000000|Invoice 102026|2026-05-19 23:25:40.057|#
1898|2910|2025-02-28 00:00:00.000|1676.50000000000000000000|Invoice 102026|2026-05-19 23:25:40.077|#
1899|2310|2025-02-28 00:00:00.000|-1676.50000000000000000000|Invoice 102026|2026-05-19 23:25:40.077|#
1900|2110|2025-02-04 00:00:00.000|0.00000000000000000000|Rounding 40000 on 02/04/25|2026-05-19 23:25:40.100|#
1901|7170|2025-02-04 00:00:00.000|0.00000000000000000000|Rounding 40000 on 02/04/25|2026-05-19 23:25:40.103|#
1902|2110|2025-02-28 00:00:00.000|0.00000000000000000000|Direct Cost 50000 on 02/28/25|2026-05-19 23:25:40.113|#
1903|7190|2025-02-28 00:00:00.000|0.00000000000000000000|Direct Cost 50000 on 02/28/25|2026-05-19 23:25:40.117|#
1904|2110|2025-03-13 00:00:00.000|-83.40000000000000000000|Direct Cost 20000 on 03/13/25|2026-05-19 23:25:40.210|#
1905|7190|2025-03-13 00:00:00.000|83.40000000000000000000|Direct Cost 20000 on 03/13/25|2026-05-19 23:25:40.213|#
1906|6110|2025-03-13 00:00:00.000|-106.80000000000000000000|Invoice 102027|2026-05-19 23:25:40.217|#
1907|5610|2025-03-13 00:00:00.000|-26.70000000000000000000|Invoice 102027|2026-05-19 23:25:40.217|#
1908|2310|2025-03-13 00:00:00.000|133.50000000000000000000|Invoice 102027|2026-05-19 23:25:40.223|#
1909|2910|2025-03-13 00:00:00.000|133.50000000000000000000|Invoice 102027|2026-05-19 23:25:40.237|#
1910|2310|2025-03-13 00:00:00.000|-133.50000000000000000000|Invoice 102027|2026-05-19 23:25:40.237|#
1911|2110|2025-03-14 00:00:00.000|-487.50000000000000000000|Direct Cost 10000 on 03/14/25|2026-05-19 23:25:40.343|#
1912|7190|2025-03-14 00:00:00.000|487.50000000000000000000|Direct Cost 10000 on 03/14/25|2026-05-19 23:25:40.347|#
1913|6110|2025-03-14 00:00:00.000|-625.50000000000000000000|Invoice 102028|2026-05-19 23:25:40.350|#
1914|5610|2025-03-14 00:00:00.000|-156.38000000000000000000|Invoice 102028|2026-05-19 23:25:40.350|#
1915|2310|2025-03-14 00:00:00.000|781.88000000000000000000|Invoice 102028|2026-05-19 23:25:40.357|#
1916|2910|2025-03-14 00:00:00.000|781.88000000000000000000|Invoice 102028|2026-05-19 23:25:40.373|#
1917|2310|2025-03-14 00:00:00.000|-781.88000000000000000000|Invoice 102028|2026-05-19 23:25:40.373|#
1918|2110|2025-03-15 00:00:00.000|-195.00000000000000000000|Direct Cost 30000 on 03/15/25|2026-05-19 23:25:40.477|#
1919|7190|2025-03-15 00:00:00.000|195.00000000000000000000|Direct Cost 30000 on 03/15/25|2026-05-19 23:25:40.480|#
1920|6130|2025-03-15 00:00:00.000|-250.20000000000000000000|Invoice 102029|2026-05-19 23:25:40.483|#
1921|2320|2025-03-15 00:00:00.000|250.20000000000000000000|Invoice 102029|2026-05-19 23:25:40.490|#
1922|2910|2025-03-15 00:00:00.000|250.20000000000000000000|Invoice 102029|2026-05-19 23:25:40.507|#
1923|2320|2025-03-15 00:00:00.000|-250.20000000000000000000|Invoice 102029|2026-05-19 23:25:40.507|#
1924|2110|2025-03-16 00:00:00.000|-192.20000000000000000000|Direct Cost 50000 on 03/16/25|2026-05-19 23:25:40.587|#
1925|7190|2025-03-16 00:00:00.000|192.20000000000000000000|Direct Cost 50000 on 03/16/25|2026-05-19 23:25:40.587|#
1926|6110|2025-03-16 00:00:00.000|-246.60000000000000000000|Invoice 102030|2026-05-19 23:25:40.593|#
1927|5610|2025-03-16 00:00:00.000|-61.65000000000000000000|Invoice 102030|2026-05-19 23:25:40.593|#
1928|2310|2025-03-16 00:00:00.000|308.25000000000000000000|Invoice 102030|2026-05-19 23:25:40.597|#
1929|2910|2025-03-16 00:00:00.000|308.25000000000000000000|Invoice 102030|2026-05-19 23:25:40.617|#
1930|2310|2025-03-16 00:00:00.000|-308.25000000000000000000|Invoice 102030|2026-05-19 23:25:40.617|#
1931|2110|2025-03-17 00:00:00.000|-195.00000000000000000000|Direct Cost 40000 on 03/17/25|2026-05-19 23:25:40.700|#
1932|7190|2025-03-17 00:00:00.000|195.00000000000000000000|Direct Cost 40000 on 03/17/25|2026-05-19 23:25:40.703|#
1933|6120|2025-03-17 00:00:00.000|-250.20000000000000000000|Invoice 102031|2026-05-19 23:25:40.707|#
1934|2320|2025-03-17 00:00:00.000|250.20000000000000000000|Invoice 102031|2026-05-19 23:25:40.713|#
1935|2910|2025-03-17 00:00:00.000|250.20000000000000000000|Invoice 102031|2026-05-19 23:25:40.727|#
1936|2320|2025-03-17 00:00:00.000|-250.20000000000000000000|Invoice 102031|2026-05-19 23:25:40.727|#
1937|2110|2025-03-18 00:00:00.000|-487.50000000000000000000|Direct Cost 20000 on 03/18/25|2026-05-19 23:25:40.863|#
1938|7190|2025-03-18 00:00:00.000|487.50000000000000000000|Direct Cost 20000 on 03/18/25|2026-05-19 23:25:40.867|#
1939|2110|2025-03-18 00:00:00.000|-585.00000000000000000000|Direct Cost 20000 on 03/18/25|2026-05-19 23:25:40.870|#
1940|7190|2025-03-18 00:00:00.000|585.00000000000000000000|Direct Cost 20000 on 03/18/25|2026-05-19 23:25:40.873|#
1941|2110|2025-03-18 00:00:00.000|-480.50000000000000000000|Direct Cost 20000 on 03/18/25|2026-05-19 23:25:40.877|#
1942|7190|2025-03-18 00:00:00.000|480.50000000000000000000|Direct Cost 20000 on 03/18/25|2026-05-19 23:25:40.877|#
1943|6110|2025-03-18 00:00:00.000|-1992.60000000000000000000|Invoice 102032|2026-05-19 23:25:40.883|#
1944|5610|2025-03-18 00:00:00.000|-498.15000000000000000000|Invoice 102032|2026-05-19 23:25:40.883|#
1945|2310|2025-03-18 00:00:00.000|2490.75000000000000000000|Invoice 102032|2026-05-19 23:25:40.887|#
1946|9340|2025-03-18 00:00:00.000|0.00000000000000000000|Residual caused by rounding of Additional-Currency Amount|2026-05-19 23:25:40.887|#
1947|2910|2025-03-18 00:00:00.000|2490.75000000000000000000|Invoice 102032|2026-05-19 23:25:40.903|#
1948|2310|2025-03-18 00:00:00.000|-2490.75000000000000000000|Invoice 102032|2026-05-19 23:25:40.903|#
1949|2110|2025-03-18 00:00:00.000|0.00000000000000000000|Direct Cost 20000 on 03/18/25|2026-05-19 23:25:40.947|#
1950|7190|2025-03-18 00:00:00.000|0.00000000000000000000|Direct Cost 20000 on 03/18/25|2026-05-19 23:25:40.947|#
1951|2110|2025-03-18 00:00:00.000|-4052.80000000000000000000|Direct Cost 10000 on 03/18/25|2026-05-19 23:25:41.100|#
1952|7190|2025-03-18 00:00:00.000|4052.80000000000000000000|Direct Cost 10000 on 03/18/25|2026-05-19 23:25:41.103|#
1953|2110|2025-03-18 00:00:00.000|-288.30000000000000000000|Direct Cost 10000 on 03/18/25|2026-05-19 23:25:41.107|#
1954|7190|2025-03-18 00:00:00.000|288.30000000000000000000|Direct Cost 10000 on 03/18/25|2026-05-19 23:25:41.107|#
1955|2110|2025-03-18 00:00:00.000|-4243.20000000000000000000|Direct Cost 10000 on 03/18/25|2026-05-19 23:25:41.113|#
1956|7190|2025-03-18 00:00:00.000|4243.20000000000000000000|Direct Cost 10000 on 03/18/25|2026-05-19 23:25:41.117|#
1957|6110|2025-03-18 00:00:00.000|-11005.30000000000000000000|Invoice 102033|2026-05-19 23:25:41.120|#
1958|5610|2025-03-18 00:00:00.000|-2751.33000000000000000000|Invoice 102033|2026-05-19 23:25:41.120|#
1959|2310|2025-03-18 00:00:00.000|13756.63000000000000000000|Invoice 102033|2026-05-19 23:25:41.127|#
1960|9330|2025-03-18 00:00:00.000|0.00000000000000000000|Residual caused by rounding of Additional-Currency Amount|2026-05-19 23:25:41.127|#
1961|2910|2025-03-18 00:00:00.000|13756.63000000000000000000|Invoice 102033|2026-05-19 23:25:41.140|#
1962|2310|2025-03-18 00:00:00.000|-13756.63000000000000000000|Invoice 102033|2026-05-19 23:25:41.140|#
1963|2110|2025-03-20 00:00:00.000|-1975.50000000000000000000|Direct Cost 50000 on 03/20/25|2026-05-19 23:25:41.297|#
1964|7190|2025-03-20 00:00:00.000|1975.50000000000000000000|Direct Cost 50000 on 03/20/25|2026-05-19 23:25:41.297|#
1965|6110|2025-03-20 00:00:00.000|-2532.60000000000000000000|Invoice 102034|2026-05-19 23:25:41.303|#
1966|5610|2025-03-20 00:00:00.000|-633.15000000000000000000|Invoice 102034|2026-05-19 23:25:41.303|#
1967|2310|2025-03-20 00:00:00.000|3165.75000000000000000000|Invoice 102034|2026-05-19 23:25:41.307|#
1968|2910|2025-03-20 00:00:00.000|3165.75000000000000000000|Invoice 102034|2026-05-19 23:25:41.323|#
1969|2310|2025-03-20 00:00:00.000|-3165.75000000000000000000|Invoice 102034|2026-05-19 23:25:41.323|#
1970|2110|2025-03-21 00:00:00.000|-278.00000000000000000000|Direct Cost 30000 on 03/21/25|2026-05-19 23:25:41.423|#
1971|7190|2025-03-21 00:00:00.000|278.00000000000000000000|Direct Cost 30000 on 03/21/25|2026-05-19 23:25:41.427|#
1972|6130|2025-03-21 00:00:00.000|-356.00000000000000000000|Invoice 102035|2026-05-19 23:25:41.430|#
1973|2320|2025-03-21 00:00:00.000|356.00000000000000000000|Invoice 102035|2026-05-19 23:25:41.433|#
1974|2910|2025-03-21 00:00:00.000|356.00000000000000000000|Invoice 102035|2026-05-19 23:25:41.450|#
1975|2320|2025-03-21 00:00:00.000|-356.00000000000000000000|Invoice 102035|2026-05-19 23:25:41.450|#
1976|2110|2025-03-21 00:00:00.000|0.00000000000000000000|Direct Cost 30000 on 03/21/25|2026-05-19 23:25:41.497|#
1977|7190|2025-03-21 00:00:00.000|0.00000000000000000000|Direct Cost 30000 on 03/21/25|2026-05-19 23:25:41.500|#
1978|2110|2025-03-21 00:00:00.000|-576.60000000000000000000|Direct Cost 40000 on 03/21/25|2026-05-19 23:25:41.643|#
1979|7190|2025-03-21 00:00:00.000|576.60000000000000000000|Direct Cost 40000 on 03/21/25|2026-05-19 23:25:41.647|#
1980|2110|2025-03-21 00:00:00.000|-1312.00000000000000000000|Direct Cost 40000 on 03/21/25|2026-05-19 23:25:41.650|#
1981|7190|2025-03-21 00:00:00.000|1312.00000000000000000000|Direct Cost 40000 on 03/21/25|2026-05-19 23:25:41.650|#
1982|2110|2025-03-21 00:00:00.000|-576.60000000000000000000|Direct Cost 40000 on 03/21/25|2026-05-19 23:25:41.657|#
1983|7190|2025-03-21 00:00:00.000|576.60000000000000000000|Direct Cost 40000 on 03/21/25|2026-05-19 23:25:41.657|#
1984|2110|2025-03-21 00:00:00.000|-96.10000000000000000000|Direct Cost 40000 on 03/21/25|2026-05-19 23:25:41.660|#
1985|7190|2025-03-21 00:00:00.000|96.10000000000000000000|Direct Cost 40000 on 03/21/25|2026-05-19 23:25:41.663|#
1986|6120|2025-03-21 00:00:00.000|-3284.50000000000000000000|Invoice 102036|2026-05-19 23:25:41.667|#
1987|2320|2025-03-21 00:00:00.000|3284.50000000000000000000|Invoice 102036|2026-05-19 23:25:41.673|#
1988|2910|2025-03-21 00:00:00.000|3284.50000000000000000000|Invoice 102036|2026-05-19 23:25:41.687|#
1989|2320|2025-03-21 00:00:00.000|-3284.50000000000000000000|Invoice 102036|2026-05-19 23:25:41.687|#
1990|2110|2025-03-06 00:00:00.000|0.00000000000000000000|Rounding 20000 on 03/06/25|2026-05-19 23:25:41.727|#
1991|7170|2025-03-06 00:00:00.000|0.00000000000000000000|Rounding 20000 on 03/06/25|2026-05-19 23:25:41.730|#
1992|2110|2025-03-23 00:00:00.000|-585.00000000000000000000|Direct Cost 20000 on 03/23/25|2026-05-19 23:25:41.843|#
1993|7190|2025-03-23 00:00:00.000|585.00000000000000000000|Direct Cost 20000 on 03/23/25|2026-05-19 23:25:41.847|#
1994|6110|2025-03-23 00:00:00.000|-750.60000000000000000000|Invoice 102037|2026-05-19 23:25:41.850|#
1995|5610|2025-03-23 00:00:00.000|-187.65000000000000000000|Invoice 102037|2026-05-19 23:25:41.850|#
1996|2310|2025-03-23 00:00:00.000|938.25000000000000000000|Invoice 102037|2026-05-19 23:25:41.857|#
1997|2910|2025-03-23 00:00:00.000|938.25000000000000000000|Invoice 102037|2026-05-19 23:25:41.873|#
1998|2310|2025-03-23 00:00:00.000|-938.25000000000000000000|Invoice 102037|2026-05-19 23:25:41.873|#
1999|2110|2025-03-23 00:00:00.000|0.00000000000000000000|Direct Cost 20000 on 03/23/25|2026-05-19 23:25:41.897|#
2000|7190|2025-03-23 00:00:00.000|0.00000000000000000000|Direct Cost 20000 on 03/23/25|2026-05-19 23:25:41.900|#
2001|2110|2025-03-24 00:00:00.000|-3546.20000000000000000000|Direct Cost 30000 on 03/24/25|2026-05-19 23:25:42.217|#
2002|7190|2025-03-24 00:00:00.000|3546.20000000000000000000|Direct Cost 30000 on 03/24/25|2026-05-19 23:25:42.220|#
2003|2110|2025-03-24 00:00:00.000|-975.00000000000000000000|Direct Cost 30000 on 03/24/25|2026-05-19 23:25:42.223|#
2004|7190|2025-03-24 00:00:00.000|975.00000000000000000000|Direct Cost 30000 on 03/24/25|2026-05-19 23:25:42.223|#
2005|2110|2025-03-24 00:00:00.000|-576.60000000000000000000|Direct Cost 30000 on 03/24/25|2026-05-19 23:25:42.227|#
2006|7190|2025-03-24 00:00:00.000|576.60000000000000000000|Direct Cost 30000 on 03/24/25|2026-05-19 23:25:42.230|#
2007|2110|2025-03-24 00:00:00.000|-2828.80000000000000000000|Direct Cost 30000 on 03/24/25|2026-05-19 23:25:42.233|#
2008|7190|2025-03-24 00:00:00.000|2828.80000000000000000000|Direct Cost 30000 on 03/24/25|2026-05-19 23:25:42.237|#
2009|6130|2025-03-24 00:00:00.000|-10163.40000000000000000000|Invoice 102038|2026-05-19 23:25:42.240|#
2010|2320|2025-03-24 00:00:00.000|10163.40000000000000000000|Invoice 102038|2026-05-19 23:25:42.247|#
2011|2910|2025-03-24 00:00:00.000|10163.40000000000000000000|Invoice 102038|2026-05-19 23:25:42.260|#
2012|2320|2025-03-24 00:00:00.000|-10163.40000000000000000000|Invoice 102038|2026-05-19 23:25:42.260|#
2013|2110|2025-01-07 00:00:00.000|0.00000000000000000000|Rounding 10000 on 01/07/25|2026-05-19 23:25:42.303|#
2014|7170|2025-01-07 00:00:00.000|0.00000000000000000000|Rounding 10000 on 01/07/25|2026-05-19 23:25:42.307|#
2015|2110|2025-03-31 00:00:00.000|-984.00000000000000000000|Direct Cost 50000 on 03/31/25|2026-05-19 23:25:42.450|#
2016|7190|2025-03-31 00:00:00.000|984.00000000000000000000|Direct Cost 50000 on 03/31/25|2026-05-19 23:25:42.453|#
2017|2110|2025-03-31 00:00:00.000|-390.00000000000000000000|Direct Cost 50000 on 03/31/25|2026-05-19 23:25:42.457|#
2018|7190|2025-03-31 00:00:00.000|390.00000000000000000000|Direct Cost 50000 on 03/31/25|2026-05-19 23:25:42.460|#
2019|6110|2025-03-31 00:00:00.000|-1761.60000000000000000000|Invoice 102039|2026-05-19 23:25:42.463|#
2020|5610|2025-03-31 00:00:00.000|-440.40000000000000000000|Invoice 102039|2026-05-19 23:25:42.463|#
2021|2310|2025-03-31 00:00:00.000|2202.00000000000000000000|Invoice 102039|2026-05-19 23:25:42.470|#
2022|2910|2025-03-31 00:00:00.000|2202.00000000000000000000|Invoice 102039|2026-05-19 23:25:42.483|#
2023|2310|2025-03-31 00:00:00.000|-2202.00000000000000000000|Invoice 102039|2026-05-19 23:25:42.483|#
2024|2110|2025-04-01 00:00:00.000|-195.00000000000000000000|Direct Cost 30000 on 04/01/25|2026-05-19 23:25:42.627|#
2025|7190|2025-04-01 00:00:00.000|195.00000000000000000000|Direct Cost 30000 on 04/01/25|2026-05-19 23:25:42.630|#
2026|2110|2025-04-01 00:00:00.000|-672.70000000000000000000|Direct Cost 30000 on 04/01/25|2026-05-19 23:25:42.633|#
2027|7190|2025-04-01 00:00:00.000|672.70000000000000000000|Direct Cost 30000 on 04/01/25|2026-05-19 23:25:42.637|#
2028|6130|2025-04-01 00:00:00.000|-1113.30000000000000000000|Invoice 102040|2026-05-19 23:25:42.640|#
2029|2320|2025-04-01 00:00:00.000|1113.30000000000000000000|Invoice 102040|2026-05-19 23:25:42.643|#
2030|2910|2025-04-01 00:00:00.000|1113.30000000000000000000|Invoice 102040|2026-05-19 23:25:42.657|#
2031|2320|2025-04-01 00:00:00.000|-1113.30000000000000000000|Invoice 102040|2026-05-19 23:25:42.657|#
2032|2110|2025-04-12 00:00:00.000|-83.40000000000000000000|Direct Cost 20000 on 04/12/25|2026-05-19 23:25:42.760|#
2033|7190|2025-04-12 00:00:00.000|83.40000000000000000000|Direct Cost 20000 on 04/12/25|2026-05-19 23:25:42.763|#
2034|6110|2025-04-12 00:00:00.000|-106.80000000000000000000|Invoice 102041|2026-05-19 23:25:42.767|#
2035|5610|2025-04-12 00:00:00.000|-26.70000000000000000000|Invoice 102041|2026-05-19 23:25:42.767|#
2036|2310|2025-04-12 00:00:00.000|133.50000000000000000000|Invoice 102041|2026-05-19 23:25:42.770|#
2037|2910|2025-04-12 00:00:00.000|133.50000000000000000000|Invoice 102041|2026-05-19 23:25:42.787|#
2038|2310|2025-04-12 00:00:00.000|-133.50000000000000000000|Invoice 102041|2026-05-19 23:25:42.787|#
2039|2110|2025-04-14 00:00:00.000|-97.50000000000000000000|Direct Cost 30000 on 04/14/25|2026-05-19 23:25:42.867|#
2040|7190|2025-04-14 00:00:00.000|97.50000000000000000000|Direct Cost 30000 on 04/14/25|2026-05-19 23:25:42.867|#
2041|6130|2025-04-14 00:00:00.000|-125.10000000000000000000|Invoice 102042|2026-05-19 23:25:42.870|#
2042|2320|2025-04-14 00:00:00.000|125.10000000000000000000|Invoice 102042|2026-05-19 23:25:42.877|#
2043|2910|2025-04-14 00:00:00.000|125.10000000000000000000|Invoice 102042|2026-05-19 23:25:42.890|#
2044|2320|2025-04-14 00:00:00.000|-125.10000000000000000000|Invoice 102042|2026-05-19 23:25:42.890|#
2045|2110|2025-04-15 00:00:00.000|-192.20000000000000000000|Direct Cost 50000 on 04/15/25|2026-05-19 23:25:42.960|#
2046|7190|2025-04-15 00:00:00.000|192.20000000000000000000|Direct Cost 50000 on 04/15/25|2026-05-19 23:25:42.963|#
2047|6110|2025-04-15 00:00:00.000|-246.60000000000000000000|Invoice 102043|2026-05-19 23:25:42.967|#
2048|5610|2025-04-15 00:00:00.000|-61.65000000000000000000|Invoice 102043|2026-05-19 23:25:42.967|#
2049|2310|2025-04-15 00:00:00.000|308.25000000000000000000|Invoice 102043|2026-05-19 23:25:42.970|#
2050|2910|2025-04-15 00:00:00.000|308.25000000000000000000|Invoice 102043|2026-05-19 23:25:42.983|#
2051|2310|2025-04-15 00:00:00.000|-308.25000000000000000000|Invoice 102043|2026-05-19 23:25:42.983|#
2052|2110|2025-04-16 00:00:00.000|-5066.00000000000000000000|Direct Cost 10000 on 04/16/25|2026-05-19 23:25:43.117|#
2053|7190|2025-04-16 00:00:00.000|5066.00000000000000000000|Direct Cost 10000 on 04/16/25|2026-05-19 23:25:43.120|#
2054|2110|2025-04-16 00:00:00.000|-487.50000000000000000000|Direct Cost 10000 on 04/16/25|2026-05-19 23:25:43.123|#
2055|7190|2025-04-16 00:00:00.000|487.50000000000000000000|Direct Cost 10000 on 04/16/25|2026-05-19 23:25:43.127|#
2056|2110|2025-04-16 00:00:00.000|-288.30000000000000000000|Direct Cost 10000 on 04/16/25|2026-05-19 23:25:43.127|#
2057|7190|2025-04-16 00:00:00.000|288.30000000000000000000|Direct Cost 10000 on 04/16/25|2026-05-19 23:25:43.130|#
2058|2110|2025-04-16 00:00:00.000|-4243.20000000000000000000|Direct Cost 10000 on 04/16/25|2026-05-19 23:25:43.133|#
2059|7190|2025-04-16 00:00:00.000|4243.20000000000000000000|Direct Cost 10000 on 04/16/25|2026-05-19 23:25:43.133|#
2060|6110|2025-04-16 00:00:00.000|-12929.60000000000000000000|Invoice 102044|2026-05-19 23:25:43.137|#
2061|5610|2025-04-16 00:00:00.000|-3232.40000000000000000000|Invoice 102044|2026-05-19 23:25:43.137|#
2062|2310|2025-04-16 00:00:00.000|16162.00000000000000000000|Invoice 102044|2026-05-19 23:25:43.143|#
2063|2910|2025-04-16 00:00:00.000|16162.00000000000000000000|Invoice 102044|2026-05-19 23:25:43.157|#
2064|2310|2025-04-16 00:00:00.000|-16162.00000000000000000000|Invoice 102044|2026-05-19 23:25:43.157|#
2065|2110|2025-03-08 00:00:00.000|0.00000000000000000000|Rounding 50000 on 03/08/25|2026-05-19 23:25:43.210|#
2066|7170|2025-03-08 00:00:00.000|0.00000000000000000000|Rounding 50000 on 03/08/25|2026-05-19 23:25:43.213|#
2067|2110|2025-04-17 00:00:00.000|-487.50000000000000000000|Direct Cost 20000 on 04/17/25|2026-05-19 23:25:43.353|#
2068|7190|2025-04-17 00:00:00.000|487.50000000000000000000|Direct Cost 20000 on 04/17/25|2026-05-19 23:25:43.357|#
2069|2110|2025-04-17 00:00:00.000|-585.00000000000000000000|Direct Cost 20000 on 04/17/25|2026-05-19 23:25:43.357|#
2070|7190|2025-04-17 00:00:00.000|585.00000000000000000000|Direct Cost 20000 on 04/17/25|2026-05-19 23:25:43.360|#
2071|2110|2025-04-17 00:00:00.000|-384.40000000000000000000|Direct Cost 20000 on 04/17/25|2026-05-19 23:25:43.363|#
2072|7190|2025-04-17 00:00:00.000|384.40000000000000000000|Direct Cost 20000 on 04/17/25|2026-05-19 23:25:43.367|#
2073|6110|2025-04-17 00:00:00.000|-1869.30000000000000000000|Invoice 102045|2026-05-19 23:25:43.370|#
2074|5610|2025-04-17 00:00:00.000|-467.33000000000000000000|Invoice 102045|2026-05-19 23:25:43.370|#
2075|2310|2025-04-17 00:00:00.000|2336.63000000000000000000|Invoice 102045|2026-05-19 23:25:43.377|#
2076|9340|2025-04-17 00:00:00.000|0.00000000000000000000|Residual caused by rounding of Additional-Currency Amount|2026-05-19 23:25:43.377|#
2077|2910|2025-04-17 00:00:00.000|2336.63000000000000000000|Invoice 102045|2026-05-19 23:25:43.390|#
2078|2310|2025-04-17 00:00:00.000|-2336.63000000000000000000|Invoice 102045|2026-05-19 23:25:43.390|#
2079|2110|2025-04-17 00:00:00.000|0.00000000000000000000|Direct Cost 20000 on 04/17/25|2026-05-19 23:25:43.430|#
2080|7190|2025-04-17 00:00:00.000|0.00000000000000000000|Direct Cost 20000 on 04/17/25|2026-05-19 23:25:43.433|#
2081|2110|2025-04-19 00:00:00.000|-1975.50000000000000000000|Direct Cost 50000 on 04/19/25|2026-05-19 23:25:43.513|#
2082|7190|2025-04-19 00:00:00.000|1975.50000000000000000000|Direct Cost 50000 on 04/19/25|2026-05-19 23:25:43.517|#
2083|6110|2025-04-19 00:00:00.000|-2532.60000000000000000000|Invoice 102046|2026-05-19 23:25:43.517|#
2084|5610|2025-04-19 00:00:00.000|-633.15000000000000000000|Invoice 102046|2026-05-19 23:25:43.517|#
2085|2310|2025-04-19 00:00:00.000|3165.75000000000000000000|Invoice 102046|2026-05-19 23:25:43.523|#
2086|2910|2025-04-19 00:00:00.000|3165.75000000000000000000|Invoice 102046|2026-05-19 23:25:43.537|#
2087|2310|2025-04-19 00:00:00.000|-3165.75000000000000000000|Invoice 102046|2026-05-19 23:25:43.537|#
2088|2110|2025-04-19 00:00:00.000|-576.60000000000000000000|Direct Cost 40000 on 04/19/25|2026-05-19 23:25:43.697|#
2089|7190|2025-04-19 00:00:00.000|576.60000000000000000000|Direct Cost 40000 on 04/19/25|2026-05-19 23:25:43.700|#
2090|2110|2025-04-19 00:00:00.000|-984.00000000000000000000|Direct Cost 40000 on 04/19/25|2026-05-19 23:25:43.703|#
2091|7190|2025-04-19 00:00:00.000|984.00000000000000000000|Direct Cost 40000 on 04/19/25|2026-05-19 23:25:43.707|#
2092|2110|2025-04-19 00:00:00.000|-195.00000000000000000000|Direct Cost 40000 on 04/19/25|2026-05-19 23:25:43.707|#
2093|7190|2025-04-19 00:00:00.000|195.00000000000000000000|Direct Cost 40000 on 04/19/25|2026-05-19 23:25:43.710|#
2094|2110|2025-04-19 00:00:00.000|-672.70000000000000000000|Direct Cost 40000 on 04/19/25|2026-05-19 23:25:43.713|#
2095|7190|2025-04-19 00:00:00.000|672.70000000000000000000|Direct Cost 40000 on 04/19/25|2026-05-19 23:25:43.717|#
2096|2110|2025-04-19 00:00:00.000|-96.10000000000000000000|Direct Cost 40000 on 04/19/25|2026-05-19 23:25:43.717|#
2097|7190|2025-04-19 00:00:00.000|96.10000000000000000000|Direct Cost 40000 on 04/19/25|2026-05-19 23:25:43.720|#
2098|6120|2025-04-19 00:00:00.000|-3237.60000000000000000000|Invoice 102047|2026-05-19 23:25:43.723|#
2099|2320|2025-04-19 00:00:00.000|3237.60000000000000000000|Invoice 102047|2026-05-19 23:25:43.727|#
2100|2910|2025-04-19 00:00:00.000|3237.60000000000000000000|Invoice 102047|2026-05-19 23:25:43.740|#
2101|2320|2025-04-19 00:00:00.000|-3237.60000000000000000000|Invoice 102047|2026-05-19 23:25:43.740|#
2102|2110|2025-04-19 00:00:00.000|0.00000000000000000000|Direct Cost 40000 on 04/19/25|2026-05-19 23:25:43.790|#
2103|7190|2025-04-19 00:00:00.000|0.00000000000000000000|Direct Cost 40000 on 04/19/25|2026-05-19 23:25:43.793|#
2104|2110|2025-03-04 00:00:00.000|0.00000000000000000000|Rounding 20000 on 03/04/25|2026-05-19 23:25:43.817|#
2105|7170|2025-03-04 00:00:00.000|0.00000000000000000000|Rounding 20000 on 03/04/25|2026-05-19 23:25:43.817|#
2106|2110|2025-04-19 00:00:00.000|0.00000000000000000000|Direct Cost 40000 on 04/19/25|2026-05-19 23:25:43.830|#
2107|7190|2025-04-19 00:00:00.000|0.00000000000000000000|Direct Cost 40000 on 04/19/25|2026-05-19 23:25:43.833|#
2108|2110|2025-04-20 00:00:00.000|-585.00000000000000000000|Direct Cost 20000 on 04/20/25|2026-05-19 23:25:43.913|#
2109|7190|2025-04-20 00:00:00.000|585.00000000000000000000|Direct Cost 20000 on 04/20/25|2026-05-19 23:25:43.917|#
2110|6110|2025-04-20 00:00:00.000|-750.60000000000000000000|Invoice 102048|2026-05-19 23:25:43.920|#
2111|5610|2025-04-20 00:00:00.000|-187.65000000000000000000|Invoice 102048|2026-05-19 23:25:43.920|#
2112|2310|2025-04-20 00:00:00.000|938.25000000000000000000|Invoice 102048|2026-05-19 23:25:43.923|#
2113|2910|2025-04-20 00:00:00.000|938.25000000000000000000|Invoice 102048|2026-05-19 23:25:43.937|#
2114|2310|2025-04-20 00:00:00.000|-938.25000000000000000000|Invoice 102048|2026-05-19 23:25:43.937|#
2115|2110|2025-04-20 00:00:00.000|0.00000000000000000000|Direct Cost 20000 on 04/20/25|2026-05-19 23:25:43.960|#
2116|7190|2025-04-20 00:00:00.000|0.00000000000000000000|Direct Cost 20000 on 04/20/25|2026-05-19 23:25:43.963|#
2117|2110|2025-04-20 00:00:00.000|-4052.80000000000000000000|Direct Cost 30000 on 04/20/25|2026-05-19 23:25:44.067|#
2118|7190|2025-04-20 00:00:00.000|4052.80000000000000000000|Direct Cost 30000 on 04/20/25|2026-05-19 23:25:44.067|#
2119|2110|2025-04-20 00:00:00.000|-278.00000000000000000000|Direct Cost 30000 on 04/20/25|2026-05-19 23:25:44.070|#
2120|7190|2025-04-20 00:00:00.000|278.00000000000000000000|Direct Cost 30000 on 04/20/25|2026-05-19 23:25:44.073|#
2121|2110|2025-04-20 00:00:00.000|-2828.80000000000000000000|Direct Cost 30000 on 04/20/25|2026-05-19 23:25:44.077|#
2122|7190|2025-04-20 00:00:00.000|2828.80000000000000000000|Direct Cost 30000 on 04/20/25|2026-05-19 23:25:44.077|#
2123|6130|2025-04-20 00:00:00.000|-9178.00000000000000000000|Invoice 102049|2026-05-19 23:25:44.080|#
2124|2320|2025-04-20 00:00:00.000|9178.00000000000000000000|Invoice 102049|2026-05-19 23:25:44.087|#
2125|2910|2025-04-20 00:00:00.000|9178.00000000000000000000|Invoice 102049|2026-05-19 23:25:44.097|#
2126|2320|2025-04-20 00:00:00.000|-9178.00000000000000000000|Invoice 102049|2026-05-19 23:25:44.097|#
2127|2110|2025-04-20 00:00:00.000|0.00000000000000000000|Direct Cost 30000 on 04/20/25|2026-05-19 23:25:44.123|#
2128|7190|2025-04-20 00:00:00.000|0.00000000000000000000|Direct Cost 30000 on 04/20/25|2026-05-19 23:25:44.127|#
2129|2110|2025-04-20 00:00:00.000|0.00000000000000000000|Direct Cost 30000 on 04/20/25|2026-05-19 23:25:44.157|#
2130|7190|2025-04-20 00:00:00.000|0.00000000000000000000|Direct Cost 30000 on 04/20/25|2026-05-19 23:25:44.160|#
2131|2110|2025-04-23 00:00:00.000|-984.00000000000000000000|Direct Cost 50000 on 04/23/25|2026-05-19 23:25:44.277|#
2132|7190|2025-04-23 00:00:00.000|984.00000000000000000000|Direct Cost 50000 on 04/23/25|2026-05-19 23:25:44.280|#
2133|2110|2025-04-23 00:00:00.000|-390.00000000000000000000|Direct Cost 50000 on 04/23/25|2026-05-19 23:25:44.283|#
2134|7190|2025-04-23 00:00:00.000|390.00000000000000000000|Direct Cost 50000 on 04/23/25|2026-05-19 23:25:44.283|#
2135|6110|2025-04-23 00:00:00.000|-1761.60000000000000000000|Invoice 102050|2026-05-19 23:25:44.290|#
2136|5610|2025-04-23 00:00:00.000|-440.40000000000000000000|Invoice 102050|2026-05-19 23:25:44.290|#
2137|2310|2025-04-23 00:00:00.000|2202.00000000000000000000|Invoice 102050|2026-05-19 23:25:44.293|#
2138|2910|2025-04-23 00:00:00.000|2202.00000000000000000000|Invoice 102050|2026-05-19 23:25:44.307|#
2139|2310|2025-04-23 00:00:00.000|-2202.00000000000000000000|Invoice 102050|2026-05-19 23:25:44.307|#
2140|2110|2025-04-23 00:00:00.000|-1072.50000000000000000000|Direct Cost 30000 on 04/23/25|2026-05-19 23:25:44.453|#
2141|7190|2025-04-23 00:00:00.000|1072.50000000000000000000|Direct Cost 30000 on 04/23/25|2026-05-19 23:25:44.457|#
2142|2110|2025-04-23 00:00:00.000|-672.70000000000000000000|Direct Cost 30000 on 04/23/25|2026-05-19 23:25:44.460|#
2143|7190|2025-04-23 00:00:00.000|672.70000000000000000000|Direct Cost 30000 on 04/23/25|2026-05-19 23:25:44.460|#
2144|2110|2025-04-23 00:00:00.000|-768.80000000000000000000|Direct Cost 30000 on 04/23/25|2026-05-19 23:25:44.463|#
2145|7190|2025-04-23 00:00:00.000|768.80000000000000000000|Direct Cost 30000 on 04/23/25|2026-05-19 23:25:44.467|#
2146|6130|2025-04-23 00:00:00.000|-3225.60000000000000000000|Invoice 102051|2026-05-19 23:25:44.470|#
2147|2320|2025-04-23 00:00:00.000|3225.60000000000000000000|Invoice 102051|2026-05-19 23:25:44.473|#
2148|2910|2025-04-23 00:00:00.000|3225.60000000000000000000|Invoice 102051|2026-05-19 23:25:44.487|#
2149|2320|2025-04-23 00:00:00.000|-3225.60000000000000000000|Invoice 102051|2026-05-19 23:25:44.487|#
2150|2110|2025-05-01 00:00:00.000|-195.00000000000000000000|Direct Cost 30000 on 05/01/25|2026-05-19 23:25:44.603|#
2151|7190|2025-05-01 00:00:00.000|195.00000000000000000000|Direct Cost 30000 on 05/01/25|2026-05-19 23:25:44.607|#
2152|6130|2025-05-01 00:00:00.000|-250.20000000000000000000|Invoice 102052|2026-05-19 23:25:44.610|#
2153|2320|2025-05-01 00:00:00.000|250.20000000000000000000|Invoice 102052|2026-05-19 23:25:44.613|#
2154|2910|2025-05-01 00:00:00.000|250.20000000000000000000|Invoice 102052|2026-05-19 23:25:44.627|#
2155|2320|2025-05-01 00:00:00.000|-250.20000000000000000000|Invoice 102052|2026-05-19 23:25:44.627|#
2156|2110|2025-05-13 00:00:00.000|-83.40000000000000000000|Direct Cost 20000 on 05/13/25|2026-05-19 23:25:44.703|#
2157|7190|2025-05-13 00:00:00.000|83.40000000000000000000|Direct Cost 20000 on 05/13/25|2026-05-19 23:25:44.707|#
2158|6110|2025-05-13 00:00:00.000|-106.80000000000000000000|Invoice 102053|2026-05-19 23:25:44.710|#
2159|5610|2025-05-13 00:00:00.000|-26.70000000000000000000|Invoice 102053|2026-05-19 23:25:44.710|#
2160|2310|2025-05-13 00:00:00.000|133.50000000000000000000|Invoice 102053|2026-05-19 23:25:44.713|#
2161|2910|2025-05-13 00:00:00.000|133.50000000000000000000|Invoice 102053|2026-05-19 23:25:44.727|#
2162|2310|2025-05-13 00:00:00.000|-133.50000000000000000000|Invoice 102053|2026-05-19 23:25:44.727|#
2163|2110|2025-05-14 00:00:00.000|-390.00000000000000000000|Direct Cost 10000 on 05/14/25|2026-05-19 23:25:44.807|#
2164|7190|2025-05-14 00:00:00.000|390.00000000000000000000|Direct Cost 10000 on 05/14/25|2026-05-19 23:25:44.807|#
2165|6110|2025-05-14 00:00:00.000|-500.40000000000000000000|Invoice 102054|2026-05-19 23:25:44.810|#
2166|5610|2025-05-14 00:00:00.000|-125.10000000000000000000|Invoice 102054|2026-05-19 23:25:44.810|#
2167|2310|2025-05-14 00:00:00.000|625.50000000000000000000|Invoice 102054|2026-05-19 23:25:44.817|#
2168|9330|2025-05-14 00:00:00.000|0.00000000000000000000|Residual caused by rounding of Additional-Currency Amount|2026-05-19 23:25:44.817|#
2169|2910|2025-05-14 00:00:00.000|625.50000000000000000000|Invoice 102054|2026-05-19 23:25:44.830|#
2170|2310|2025-05-14 00:00:00.000|-625.50000000000000000000|Invoice 102054|2026-05-19 23:25:44.830|#
2171|2110|2025-05-15 00:00:00.000|-195.00000000000000000000|Direct Cost 30000 on 05/15/25|2026-05-19 23:25:44.920|#
2172|7190|2025-05-15 00:00:00.000|195.00000000000000000000|Direct Cost 30000 on 05/15/25|2026-05-19 23:25:44.920|#
2173|6130|2025-05-15 00:00:00.000|-250.20000000000000000000|Invoice 102055|2026-05-19 23:25:44.923|#
2174|2320|2025-05-15 00:00:00.000|250.20000000000000000000|Invoice 102055|2026-05-19 23:25:44.930|#
2175|2910|2025-05-15 00:00:00.000|250.20000000000000000000|Invoice 102055|2026-05-19 23:25:44.943|#
2176|2320|2025-05-15 00:00:00.000|-250.20000000000000000000|Invoice 102055|2026-05-19 23:25:44.943|#
2177|2110|2025-05-16 00:00:00.000|-192.20000000000000000000|Direct Cost 50000 on 05/16/25|2026-05-19 23:25:45.017|#
2178|7190|2025-05-16 00:00:00.000|192.20000000000000000000|Direct Cost 50000 on 05/16/25|2026-05-19 23:25:45.017|#
2179|6110|2025-05-16 00:00:00.000|-246.60000000000000000000|Invoice 102056|2026-05-19 23:25:45.020|#
2180|5610|2025-05-16 00:00:00.000|-61.65000000000000000000|Invoice 102056|2026-05-19 23:25:45.020|#
2181|2310|2025-05-16 00:00:00.000|308.25000000000000000000|Invoice 102056|2026-05-19 23:25:45.027|#
2182|2910|2025-05-16 00:00:00.000|308.25000000000000000000|Invoice 102056|2026-05-19 23:25:45.037|#
2183|2310|2025-05-16 00:00:00.000|-308.25000000000000000000|Invoice 102056|2026-05-19 23:25:45.037|#
2184|2110|2025-05-17 00:00:00.000|-195.00000000000000000000|Direct Cost 40000 on 05/17/25|2026-05-19 23:25:45.117|#
2185|7190|2025-05-17 00:00:00.000|195.00000000000000000000|Direct Cost 40000 on 05/17/25|2026-05-19 23:25:45.117|#
2186|6120|2025-05-17 00:00:00.000|-250.20000000000000000000|Invoice 102057|2026-05-19 23:25:45.120|#
2187|2320|2025-05-17 00:00:00.000|250.20000000000000000000|Invoice 102057|2026-05-19 23:25:45.127|#
2188|2910|2025-05-17 00:00:00.000|250.20000000000000000000|Invoice 102057|2026-05-19 23:25:45.140|#
2189|2320|2025-05-17 00:00:00.000|-250.20000000000000000000|Invoice 102057|2026-05-19 23:25:45.140|#
2190|2110|2025-05-18 00:00:00.000|-292.50000000000000000000|Direct Cost 20000 on 05/18/25|2026-05-19 23:25:45.267|#
2191|7190|2025-05-18 00:00:00.000|292.50000000000000000000|Direct Cost 20000 on 05/18/25|2026-05-19 23:25:45.270|#
2192|2110|2025-05-18 00:00:00.000|-487.50000000000000000000|Direct Cost 20000 on 05/18/25|2026-05-19 23:25:45.273|#
2193|7190|2025-05-18 00:00:00.000|487.50000000000000000000|Direct Cost 20000 on 05/18/25|2026-05-19 23:25:45.273|#
2194|2110|2025-05-18 00:00:00.000|-384.40000000000000000000|Direct Cost 20000 on 05/18/25|2026-05-19 23:25:45.277|#
2195|7190|2025-05-18 00:00:00.000|384.40000000000000000000|Direct Cost 20000 on 05/18/25|2026-05-19 23:25:45.280|#
2196|6110|2025-05-18 00:00:00.000|-1494.00000000000000000000|Invoice 102058|2026-05-19 23:25:45.283|#
2197|5610|2025-05-18 00:00:00.000|-373.50000000000000000000|Invoice 102058|2026-05-19 23:25:45.283|#
2198|2310|2025-05-18 00:00:00.000|1867.50000000000000000000|Invoice 102058|2026-05-19 23:25:45.287|#
2199|2910|2025-05-18 00:00:00.000|1867.50000000000000000000|Invoice 102058|2026-05-19 23:25:45.300|#
2200|2310|2025-05-18 00:00:00.000|-1867.50000000000000000000|Invoice 102058|2026-05-19 23:25:45.300|#
2201|2110|2025-05-18 00:00:00.000|-4052.80000000000000000000|Direct Cost 10000 on 05/18/25|2026-05-19 23:25:45.457|#
2202|7190|2025-05-18 00:00:00.000|4052.80000000000000000000|Direct Cost 10000 on 05/18/25|2026-05-19 23:25:45.457|#
2203|2110|2025-05-18 00:00:00.000|-288.30000000000000000000|Direct Cost 10000 on 05/18/25|2026-05-19 23:25:45.460|#
2204|7190|2025-05-18 00:00:00.000|288.30000000000000000000|Direct Cost 10000 on 05/18/25|2026-05-19 23:25:45.463|#
2205|2110|2025-05-18 00:00:00.000|-3536.00000000000000000000|Direct Cost 10000 on 05/18/25|2026-05-19 23:25:45.467|#
2206|7190|2025-05-18 00:00:00.000|3536.00000000000000000000|Direct Cost 10000 on 05/18/25|2026-05-19 23:25:45.467|#
2207|6110|2025-05-18 00:00:00.000|-10098.60000000000000000000|Invoice 102059|2026-05-19 23:25:45.470|#
2208|5610|2025-05-18 00:00:00.000|-2524.65000000000000000000|Invoice 102059|2026-05-19 23:25:45.470|#
2209|2310|2025-05-18 00:00:00.000|12623.25000000000000000000|Invoice 102059|2026-05-19 23:25:45.477|#
2210|2910|2025-05-18 00:00:00.000|12623.25000000000000000000|Invoice 102059|2026-05-19 23:25:45.487|#
2211|2310|2025-05-18 00:00:00.000|-12623.25000000000000000000|Invoice 102059|2026-05-19 23:25:45.487|#
2212|2110|2025-05-20 00:00:00.000|-1317.00000000000000000000|Direct Cost 50000 on 05/20/25|2026-05-19 23:25:45.600|#
2213|7190|2025-05-20 00:00:00.000|1317.00000000000000000000|Direct Cost 50000 on 05/20/25|2026-05-19 23:25:45.600|#
2214|6110|2025-05-20 00:00:00.000|-1688.40000000000000000000|Invoice 102060|2026-05-19 23:25:45.607|#
2215|5610|2025-05-20 00:00:00.000|-422.10000000000000000000|Invoice 102060|2026-05-19 23:25:45.607|#
2216|2310|2025-05-20 00:00:00.000|2110.50000000000000000000|Invoice 102060|2026-05-19 23:25:45.610|#
2217|2910|2025-05-20 00:00:00.000|2110.50000000000000000000|Invoice 102060|2026-05-19 23:25:45.623|#
2218|2310|2025-05-20 00:00:00.000|-2110.50000000000000000000|Invoice 102060|2026-05-19 23:25:45.623|#
2219|2110|2025-05-21 00:00:00.000|-222.40000000000000000000|Direct Cost 30000 on 05/21/25|2026-05-19 23:25:45.707|#
2220|7190|2025-05-21 00:00:00.000|222.40000000000000000000|Direct Cost 30000 on 05/21/25|2026-05-19 23:25:45.710|#
2221|6130|2025-05-21 00:00:00.000|-284.80000000000000000000|Invoice 102061|2026-05-19 23:25:45.713|#
2222|2320|2025-05-21 00:00:00.000|284.80000000000000000000|Invoice 102061|2026-05-19 23:25:45.717|#
2223|2910|2025-05-21 00:00:00.000|284.80000000000000000000|Invoice 102061|2026-05-19 23:25:45.730|#
2224|2320|2025-05-21 00:00:00.000|-284.80000000000000000000|Invoice 102061|2026-05-19 23:25:45.730|#
2225|2110|2025-05-21 00:00:00.000|-480.50000000000000000000|Direct Cost 40000 on 05/21/25|2026-05-19 23:25:45.880|#
2226|7190|2025-05-21 00:00:00.000|480.50000000000000000000|Direct Cost 40000 on 05/21/25|2026-05-19 23:25:45.880|#
2227|2110|2025-05-21 00:00:00.000|-1312.00000000000000000000|Direct Cost 40000 on 05/21/25|2026-05-19 23:25:45.883|#
2228|7190|2025-05-21 00:00:00.000|1312.00000000000000000000|Direct Cost 40000 on 05/21/25|2026-05-19 23:25:45.887|#
2229|2110|2025-05-21 00:00:00.000|-576.60000000000000000000|Direct Cost 40000 on 05/21/25|2026-05-19 23:25:45.887|#
2230|7190|2025-05-21 00:00:00.000|576.60000000000000000000|Direct Cost 40000 on 05/21/25|2026-05-19 23:25:45.890|#
2231|2110|2025-05-21 00:00:00.000|-96.10000000000000000000|Direct Cost 40000 on 05/21/25|2026-05-19 23:25:45.893|#
2232|7190|2025-05-21 00:00:00.000|96.10000000000000000000|Direct Cost 40000 on 05/21/25|2026-05-19 23:25:45.893|#
2233|6120|2025-05-21 00:00:00.000|-3161.20000000000000000000|Invoice 102062|2026-05-19 23:25:45.903|#
2234|2320|2025-05-21 00:00:00.000|3161.20000000000000000000|Invoice 102062|2026-05-19 23:25:45.910|#
2235|2910|2025-05-21 00:00:00.000|3161.20000000000000000000|Invoice 102062|2026-05-19 23:25:45.923|#
2236|2320|2025-05-21 00:00:00.000|-3161.20000000000000000000|Invoice 102062|2026-05-19 23:25:45.923|#
2237|2110|2025-05-06 00:00:00.000|0.00000000000000000000|Rounding 20000 on 05/06/25|2026-05-19 23:25:45.957|#
2238|7170|2025-05-06 00:00:00.000|0.00000000000000000000|Rounding 20000 on 05/06/25|2026-05-19 23:25:45.957|#
2239|2110|2025-04-04 00:00:00.000|0.00000000000000000000|Rounding 20000 on 04/04/25|2026-05-19 23:25:45.983|#
2240|7170|2025-04-04 00:00:00.000|0.00000000000000000000|Rounding 20000 on 04/04/25|2026-05-19 23:25:45.983|#
2241|2110|2025-05-21 00:00:00.000|0.00000000000000000000|Direct Cost 40000 on 05/21/25|2026-05-19 23:25:45.997|#
2242|7190|2025-05-21 00:00:00.000|0.00000000000000000000|Direct Cost 40000 on 05/21/25|2026-05-19 23:25:46.000|#
2243|2110|2025-05-23 00:00:00.000|-390.00000000000000000000|Direct Cost 20000 on 05/23/25|2026-05-19 23:25:46.083|#
2244|7190|2025-05-23 00:00:00.000|390.00000000000000000000|Direct Cost 20000 on 05/23/25|2026-05-19 23:25:46.083|#
2245|6110|2025-05-23 00:00:00.000|-500.40000000000000000000|Invoice 102063|2026-05-19 23:25:46.087|#
2246|5610|2025-05-23 00:00:00.000|-125.10000000000000000000|Invoice 102063|2026-05-19 23:25:46.087|#
2247|2310|2025-05-23 00:00:00.000|625.50000000000000000000|Invoice 102063|2026-05-19 23:25:46.093|#
2248|9330|2025-05-23 00:00:00.000|0.00000000000000000000|Residual caused by rounding of Additional-Currency Amount|2026-05-19 23:25:46.093|#
2249|2910|2025-05-23 00:00:00.000|625.50000000000000000000|Invoice 102063|2026-05-19 23:25:46.107|#
2250|2310|2025-05-23 00:00:00.000|-625.50000000000000000000|Invoice 102063|2026-05-19 23:25:46.107|#
2251|2110|2025-05-24 00:00:00.000|-3039.60000000000000000000|Direct Cost 30000 on 05/24/25|2026-05-19 23:25:46.240|#
2252|7190|2025-05-24 00:00:00.000|3039.60000000000000000000|Direct Cost 30000 on 05/24/25|2026-05-19 23:25:46.240|#
2253|2110|2025-05-24 00:00:00.000|-877.50000000000000000000|Direct Cost 30000 on 05/24/25|2026-05-19 23:25:46.243|#
2254|7190|2025-05-24 00:00:00.000|877.50000000000000000000|Direct Cost 30000 on 05/24/25|2026-05-19 23:25:46.247|#
2255|2110|2025-05-24 00:00:00.000|-576.60000000000000000000|Direct Cost 30000 on 05/24/25|2026-05-19 23:25:46.250|#
2256|7190|2025-05-24 00:00:00.000|576.60000000000000000000|Direct Cost 30000 on 05/24/25|2026-05-19 23:25:46.250|#
2257|2110|2025-05-24 00:00:00.000|-2828.80000000000000000000|Direct Cost 30000 on 05/24/25|2026-05-19 23:25:46.253|#
2258|7190|2025-05-24 00:00:00.000|2828.80000000000000000000|Direct Cost 30000 on 05/24/25|2026-05-19 23:25:46.257|#
2259|6130|2025-05-24 00:00:00.000|-9388.90000000000000000000|Invoice 102064|2026-05-19 23:25:46.260|#
2260|2320|2025-05-24 00:00:00.000|9388.90000000000000000000|Invoice 102064|2026-05-19 23:25:46.263|#
2261|2910|2025-05-24 00:00:00.000|9388.90000000000000000000|Invoice 102064|2026-05-19 23:25:46.277|#
2262|2320|2025-05-24 00:00:00.000|-9388.90000000000000000000|Invoice 102064|2026-05-19 23:25:46.277|#
2263|2110|2025-05-31 00:00:00.000|-984.00000000000000000000|Direct Cost 50000 on 05/31/25|2026-05-19 23:25:46.413|#
2264|7190|2025-05-31 00:00:00.000|984.00000000000000000000|Direct Cost 50000 on 05/31/25|2026-05-19 23:25:46.417|#
2265|2110|2025-05-31 00:00:00.000|-390.00000000000000000000|Direct Cost 50000 on 05/31/25|2026-05-19 23:25:46.417|#
2266|7190|2025-05-31 00:00:00.000|390.00000000000000000000|Direct Cost 50000 on 05/31/25|2026-05-19 23:25:46.420|#
2267|6110|2025-05-31 00:00:00.000|-1761.60000000000000000000|Invoice 102065|2026-05-19 23:25:46.423|#
2268|5610|2025-05-31 00:00:00.000|-440.40000000000000000000|Invoice 102065|2026-05-19 23:25:46.423|#
2269|2310|2025-05-31 00:00:00.000|2202.00000000000000000000|Invoice 102065|2026-05-19 23:25:46.427|#
2270|2910|2025-05-31 00:00:00.000|2202.00000000000000000000|Invoice 102065|2026-05-19 23:25:46.440|#
2271|2310|2025-05-31 00:00:00.000|-2202.00000000000000000000|Invoice 102065|2026-05-19 23:25:46.440|#
2272|2110|2025-06-01 00:00:00.000|-195.00000000000000000000|Direct Cost 30000 on 06/01/25|2026-05-19 23:25:46.557|#
2273|7190|2025-06-01 00:00:00.000|195.00000000000000000000|Direct Cost 30000 on 06/01/25|2026-05-19 23:25:46.557|#
2274|2110|2025-06-01 00:00:00.000|-672.70000000000000000000|Direct Cost 30000 on 06/01/25|2026-05-19 23:25:46.560|#
2275|7190|2025-06-01 00:00:00.000|672.70000000000000000000|Direct Cost 30000 on 06/01/25|2026-05-19 23:25:46.560|#
2276|6130|2025-06-01 00:00:00.000|-1113.30000000000000000000|Invoice 102066|2026-05-19 23:25:46.567|#
2277|2320|2025-06-01 00:00:00.000|1113.30000000000000000000|Invoice 102066|2026-05-19 23:25:46.570|#
2278|2910|2025-06-01 00:00:00.000|1113.30000000000000000000|Invoice 102066|2026-05-19 23:25:46.583|#
2279|2320|2025-06-01 00:00:00.000|-1113.30000000000000000000|Invoice 102066|2026-05-19 23:25:46.583|#
2280|2110|2025-06-01 00:00:00.000|0.00000000000000000000|Direct Cost 30000 on 06/01/25|2026-05-19 23:25:46.627|#
2281|7190|2025-06-01 00:00:00.000|0.00000000000000000000|Direct Cost 30000 on 06/01/25|2026-05-19 23:25:46.627|#
2282|2110|2025-06-12 00:00:00.000|-83.40000000000000000000|Direct Cost 20000 on 06/12/25|2026-05-19 23:25:46.697|#
2283|7190|2025-06-12 00:00:00.000|83.40000000000000000000|Direct Cost 20000 on 06/12/25|2026-05-19 23:25:46.700|#
2284|6110|2025-06-12 00:00:00.000|-106.80000000000000000000|Invoice 102067|2026-05-19 23:25:46.703|#
2285|5610|2025-06-12 00:00:00.000|-26.70000000000000000000|Invoice 102067|2026-05-19 23:25:46.703|#
2286|2310|2025-06-12 00:00:00.000|133.50000000000000000000|Invoice 102067|2026-05-19 23:25:46.707|#
2287|2910|2025-06-12 00:00:00.000|133.50000000000000000000|Invoice 102067|2026-05-19 23:25:46.723|#
2288|2310|2025-06-12 00:00:00.000|-133.50000000000000000000|Invoice 102067|2026-05-19 23:25:46.723|#
2289|2110|2025-06-14 00:00:00.000|-195.00000000000000000000|Direct Cost 30000 on 06/14/25|2026-05-19 23:25:46.797|#
2290|7190|2025-06-14 00:00:00.000|195.00000000000000000000|Direct Cost 30000 on 06/14/25|2026-05-19 23:25:46.800|#
2291|6130|2025-06-14 00:00:00.000|-250.20000000000000000000|Invoice 102068|2026-05-19 23:25:46.803|#
2292|2320|2025-06-14 00:00:00.000|250.20000000000000000000|Invoice 102068|2026-05-19 23:25:46.807|#
2293|2910|2025-06-14 00:00:00.000|250.20000000000000000000|Invoice 102068|2026-05-19 23:25:46.820|#
2294|2320|2025-06-14 00:00:00.000|-250.20000000000000000000|Invoice 102068|2026-05-19 23:25:46.820|#
2295|2110|2025-06-15 00:00:00.000|-192.20000000000000000000|Direct Cost 50000 on 06/15/25|2026-05-19 23:25:46.893|#
2296|7190|2025-06-15 00:00:00.000|192.20000000000000000000|Direct Cost 50000 on 06/15/25|2026-05-19 23:25:46.897|#
2297|6110|2025-06-15 00:00:00.000|-246.60000000000000000000|Invoice 102069|2026-05-19 23:25:46.900|#
2298|5610|2025-06-15 00:00:00.000|-61.65000000000000000000|Invoice 102069|2026-05-19 23:25:46.900|#
2299|2310|2025-06-15 00:00:00.000|308.25000000000000000000|Invoice 102069|2026-05-19 23:25:46.903|#
2300|2910|2025-06-15 00:00:00.000|308.25000000000000000000|Invoice 102069|2026-05-19 23:25:46.917|#
2301|2310|2025-06-15 00:00:00.000|-308.25000000000000000000|Invoice 102069|2026-05-19 23:25:46.917|#
2302|2110|2025-06-16 00:00:00.000|-4052.80000000000000000000|Direct Cost 10000 on 06/16/25|2026-05-19 23:25:47.060|#
2303|7190|2025-06-16 00:00:00.000|4052.80000000000000000000|Direct Cost 10000 on 06/16/25|2026-05-19 23:25:47.063|#
2304|2110|2025-06-16 00:00:00.000|-390.00000000000000000000|Direct Cost 10000 on 06/16/25|2026-05-19 23:25:47.067|#
2305|7190|2025-06-16 00:00:00.000|390.00000000000000000000|Direct Cost 10000 on 06/16/25|2026-05-19 23:25:47.067|#
2306|2110|2025-06-16 00:00:00.000|-288.30000000000000000000|Direct Cost 10000 on 06/16/25|2026-05-19 23:25:47.070|#
2307|7190|2025-06-16 00:00:00.000|288.30000000000000000000|Direct Cost 10000 on 06/16/25|2026-05-19 23:25:47.073|#
2308|2110|2025-06-16 00:00:00.000|-3536.00000000000000000000|Direct Cost 10000 on 06/16/25|2026-05-19 23:25:47.077|#
2309|7190|2025-06-16 00:00:00.000|3536.00000000000000000000|Direct Cost 10000 on 06/16/25|2026-05-19 23:25:47.077|#
2310|6110|2025-06-16 00:00:00.000|-10599.00000000000000000000|Invoice 102070|2026-05-19 23:25:47.083|#
2311|5610|2025-06-16 00:00:00.000|-2649.75000000000000000000|Invoice 102070|2026-05-19 23:25:47.083|#
2312|2310|2025-06-16 00:00:00.000|13248.75000000000000000000|Invoice 102070|2026-05-19 23:25:47.087|#
2313|2910|2025-06-16 00:00:00.000|13248.75000000000000000000|Invoice 102070|2026-05-19 23:25:47.100|#
2314|2310|2025-06-16 00:00:00.000|-13248.75000000000000000000|Invoice 102070|2026-05-19 23:25:47.100|#
2315|2110|2025-05-08 00:00:00.000|0.00000000000000000000|Rounding 50000 on 05/08/25|2026-05-19 23:25:47.163|#
2316|7170|2025-05-08 00:00:00.000|0.00000000000000000000|Rounding 50000 on 05/08/25|2026-05-19 23:25:47.163|#
2317|2110|2025-06-17 00:00:00.000|-4052.80000000000000000000|Direct Cost 20000 on 06/17/25|2026-05-19 23:25:47.320|#
2318|7190|2025-06-17 00:00:00.000|4052.80000000000000000000|Direct Cost 20000 on 06/17/25|2026-05-19 23:25:47.323|#
2319|2110|2025-06-17 00:00:00.000|-390.00000000000000000000|Direct Cost 20000 on 06/17/25|2026-05-19 23:25:47.327|#
2320|7190|2025-06-17 00:00:00.000|390.00000000000000000000|Direct Cost 20000 on 06/17/25|2026-05-19 23:25:47.330|#
2321|2110|2025-06-17 00:00:00.000|-288.30000000000000000000|Direct Cost 20000 on 06/17/25|2026-05-19 23:25:47.333|#
2322|7190|2025-06-17 00:00:00.000|288.30000000000000000000|Direct Cost 20000 on 06/17/25|2026-05-19 23:25:47.337|#
2323|2110|2025-06-17 00:00:00.000|-3536.00000000000000000000|Direct Cost 20000 on 06/17/25|2026-05-19 23:25:47.337|#
2324|7190|2025-06-17 00:00:00.000|3536.00000000000000000000|Direct Cost 20000 on 06/17/25|2026-05-19 23:25:47.340|#
2325|6110|2025-06-17 00:00:00.000|-10599.00000000000000000000|Invoice 102071|2026-05-19 23:25:47.343|#
2326|5610|2025-06-17 00:00:00.000|-2649.75000000000000000000|Invoice 102071|2026-05-19 23:25:47.343|#
2327|2310|2025-06-17 00:00:00.000|13248.75000000000000000000|Invoice 102071|2026-05-19 23:25:47.347|#
2328|2910|2025-06-17 00:00:00.000|13248.75000000000000000000|Invoice 102071|2026-05-19 23:25:47.360|#
2329|2310|2025-06-17 00:00:00.000|-13248.75000000000000000000|Invoice 102071|2026-05-19 23:25:47.360|#
2330|2110|2025-06-19 00:00:00.000|-1097.50000000000000000000|Direct Cost 50000 on 06/19/25|2026-05-19 23:25:47.483|#
2331|7190|2025-06-19 00:00:00.000|1097.50000000000000000000|Direct Cost 50000 on 06/19/25|2026-05-19 23:25:47.487|#
2332|6110|2025-06-19 00:00:00.000|-1407.00000000000000000000|Invoice 102072|2026-05-19 23:25:47.490|#
2333|5610|2025-06-19 00:00:00.000|-351.75000000000000000000|Invoice 102072|2026-05-19 23:25:47.490|#
2334|2310|2025-06-19 00:00:00.000|1758.75000000000000000000|Invoice 102072|2026-05-19 23:25:47.493|#
2335|9330|2025-06-19 00:00:00.000|0.00000000000000000000|Residual caused by rounding of Additional-Currency Amount|2026-05-19 23:25:47.493|#
2336|2910|2025-06-19 00:00:00.000|1758.75000000000000000000|Invoice 102072|2026-05-19 23:25:47.507|#
2337|2310|2025-06-19 00:00:00.000|-1758.75000000000000000000|Invoice 102072|2026-05-19 23:25:47.507|#
2338|2110|2025-06-19 00:00:00.000|0.00000000000000000000|Direct Cost 50000 on 06/19/25|2026-05-19 23:25:47.530|#
2339|7190|2025-06-19 00:00:00.000|0.00000000000000000000|Direct Cost 50000 on 06/19/25|2026-05-19 23:25:47.533|#
2340|2110|2025-06-19 00:00:00.000|-480.50000000000000000000|Direct Cost 40000 on 06/19/25|2026-05-19 23:25:47.693|#
2341|7190|2025-06-19 00:00:00.000|480.50000000000000000000|Direct Cost 40000 on 06/19/25|2026-05-19 23:25:47.697|#
2342|2110|2025-06-19 00:00:00.000|-984.00000000000000000000|Direct Cost 40000 on 06/19/25|2026-05-19 23:25:47.697|#
2343|7190|2025-06-19 00:00:00.000|984.00000000000000000000|Direct Cost 40000 on 06/19/25|2026-05-19 23:25:47.700|#
2344|2110|2025-06-19 00:00:00.000|-195.00000000000000000000|Direct Cost 40000 on 06/19/25|2026-05-19 23:25:47.703|#
2345|7190|2025-06-19 00:00:00.000|195.00000000000000000000|Direct Cost 40000 on 06/19/25|2026-05-19 23:25:47.703|#
2346|2110|2025-06-19 00:00:00.000|-576.60000000000000000000|Direct Cost 40000 on 06/19/25|2026-05-19 23:25:47.707|#
2347|7190|2025-06-19 00:00:00.000|576.60000000000000000000|Direct Cost 40000 on 06/19/25|2026-05-19 23:25:47.710|#
2348|2110|2025-06-19 00:00:00.000|-96.10000000000000000000|Direct Cost 40000 on 06/19/25|2026-05-19 23:25:47.710|#
2349|7190|2025-06-19 00:00:00.000|96.10000000000000000000|Direct Cost 40000 on 06/19/25|2026-05-19 23:25:47.713|#
2350|6120|2025-06-19 00:00:00.000|-2991.00000000000000000000|Invoice 102073|2026-05-19 23:25:47.717|#
2351|2320|2025-06-19 00:00:00.000|2991.00000000000000000000|Invoice 102073|2026-05-19 23:25:47.720|#
2352|2910|2025-06-19 00:00:00.000|2991.00000000000000000000|Invoice 102073|2026-05-19 23:25:47.733|#
2353|2320|2025-06-19 00:00:00.000|-2991.00000000000000000000|Invoice 102073|2026-05-19 23:25:47.733|#
2354|2110|2025-06-20 00:00:00.000|-390.00000000000000000000|Direct Cost 20000 on 06/20/25|2026-05-19 23:25:47.860|#
2355|7190|2025-06-20 00:00:00.000|390.00000000000000000000|Direct Cost 20000 on 06/20/25|2026-05-19 23:25:47.863|#
2356|6110|2025-06-20 00:00:00.000|-500.40000000000000000000|Invoice 102074|2026-05-19 23:25:47.867|#
2357|5610|2025-06-20 00:00:00.000|-125.10000000000000000000|Invoice 102074|2026-05-19 23:25:47.867|#
2358|2310|2025-06-20 00:00:00.000|625.50000000000000000000|Invoice 102074|2026-05-19 23:25:47.873|#
2359|9330|2025-06-20 00:00:00.000|0.00000000000000000000|Residual caused by rounding of Additional-Currency Amount|2026-05-19 23:25:47.873|#
2360|2910|2025-06-20 00:00:00.000|625.50000000000000000000|Invoice 102074|2026-05-19 23:25:47.887|#
2361|2310|2025-06-20 00:00:00.000|-625.50000000000000000000|Invoice 102074|2026-05-19 23:25:47.887|#
2362|2110|2025-06-20 00:00:00.000|-3546.20000000000000000000|Direct Cost 30000 on 06/20/25|2026-05-19 23:25:47.997|#
2363|7190|2025-06-20 00:00:00.000|3546.20000000000000000000|Direct Cost 30000 on 06/20/25|2026-05-19 23:25:47.997|#
2364|2110|2025-06-20 00:00:00.000|-278.00000000000000000000|Direct Cost 30000 on 06/20/25|2026-05-19 23:25:48.000|#
2365|7190|2025-06-20 00:00:00.000|278.00000000000000000000|Direct Cost 30000 on 06/20/25|2026-05-19 23:25:48.003|#
2366|2110|2025-06-20 00:00:00.000|-2828.80000000000000000000|Direct Cost 30000 on 06/20/25|2026-05-19 23:25:48.007|#
2367|7190|2025-06-20 00:00:00.000|2828.80000000000000000000|Direct Cost 30000 on 06/20/25|2026-05-19 23:25:48.010|#
2368|6130|2025-06-20 00:00:00.000|-8528.60000000000000000000|Invoice 102075|2026-05-19 23:25:48.013|#
2369|2320|2025-06-20 00:00:00.000|8528.60000000000000000000|Invoice 102075|2026-05-19 23:25:48.017|#
2370|2910|2025-06-20 00:00:00.000|8528.60000000000000000000|Invoice 102075|2026-05-19 23:25:48.030|#
2371|2320|2025-06-20 00:00:00.000|-8528.60000000000000000000|Invoice 102075|2026-05-19 23:25:48.030|#
2372|2110|2025-06-20 00:00:00.000|0.00000000000000000000|Direct Cost 30000 on 06/20/25|2026-05-19 23:25:48.077|#
2373|7190|2025-06-20 00:00:00.000|0.00000000000000000000|Direct Cost 30000 on 06/20/25|2026-05-19 23:25:48.077|#
2374|2110|2025-06-23 00:00:00.000|-656.00000000000000000000|Direct Cost 50000 on 06/23/25|2026-05-19 23:25:48.177|#
2375|7190|2025-06-23 00:00:00.000|656.00000000000000000000|Direct Cost 50000 on 06/23/25|2026-05-19 23:25:48.180|#
2376|2110|2025-06-23 00:00:00.000|-390.00000000000000000000|Direct Cost 50000 on 06/23/25|2026-05-19 23:25:48.183|#
2377|7190|2025-06-23 00:00:00.000|390.00000000000000000000|Direct Cost 50000 on 06/23/25|2026-05-19 23:25:48.187|#
2378|6110|2025-06-23 00:00:00.000|-1341.20000000000000000000|Invoice 102076|2026-05-19 23:25:48.190|#
2379|5610|2025-06-23 00:00:00.000|-335.30000000000000000000|Invoice 102076|2026-05-19 23:25:48.190|#
2380|2310|2025-06-23 00:00:00.000|1676.50000000000000000000|Invoice 102076|2026-05-19 23:25:48.193|#
2381|2910|2025-06-23 00:00:00.000|1676.50000000000000000000|Invoice 102076|2026-05-19 23:25:48.207|#
2382|2310|2025-06-23 00:00:00.000|-1676.50000000000000000000|Invoice 102076|2026-05-19 23:25:48.207|#
2383|2110|2025-06-23 00:00:00.000|-975.00000000000000000000|Direct Cost 30000 on 06/23/25|2026-05-19 23:25:48.347|#
2384|7190|2025-06-23 00:00:00.000|975.00000000000000000000|Direct Cost 30000 on 06/23/25|2026-05-19 23:25:48.347|#
2385|2110|2025-06-23 00:00:00.000|-672.70000000000000000000|Direct Cost 30000 on 06/23/25|2026-05-19 23:25:48.350|#
2386|7190|2025-06-23 00:00:00.000|672.70000000000000000000|Direct Cost 30000 on 06/23/25|2026-05-19 23:25:48.353|#
2387|2110|2025-06-23 00:00:00.000|-672.70000000000000000000|Direct Cost 30000 on 06/23/25|2026-05-19 23:25:48.357|#
2388|7190|2025-06-23 00:00:00.000|672.70000000000000000000|Direct Cost 30000 on 06/23/25|2026-05-19 23:25:48.357|#
2389|6130|2025-06-23 00:00:00.000|-2977.20000000000000000000|Invoice 102077|2026-05-19 23:25:48.363|#
2390|2320|2025-06-23 00:00:00.000|2977.20000000000000000000|Invoice 102077|2026-05-19 23:25:48.367|#
2391|2910|2025-06-23 00:00:00.000|2977.20000000000000000000|Invoice 102077|2026-05-19 23:25:48.380|#
2392|2320|2025-06-23 00:00:00.000|-2977.20000000000000000000|Invoice 102077|2026-05-19 23:25:48.380|#
2393|2110|2025-06-23 00:00:00.000|0.00000000000000000000|Direct Cost 30000 on 06/23/25|2026-05-19 23:25:48.407|#
2394|7190|2025-06-23 00:00:00.000|0.00000000000000000000|Direct Cost 30000 on 06/23/25|2026-05-19 23:25:48.410|#
2395|2110|2025-04-07 00:00:00.000|0.00000000000000000000|Rounding 10000 on 04/07/25|2026-05-19 23:25:48.440|#
2396|7170|2025-04-07 00:00:00.000|0.00000000000000000000|Rounding 10000 on 04/07/25|2026-05-19 23:25:48.440|#
2397|2110|2025-07-01 00:00:00.000|-195.00000000000000000000|Direct Cost 30000 on 07/01/25|2026-05-19 23:25:48.523|#
2398|7190|2025-07-01 00:00:00.000|195.00000000000000000000|Direct Cost 30000 on 07/01/25|2026-05-19 23:25:48.527|#
2399|6130|2025-07-01 00:00:00.000|-250.20000000000000000000|Invoice 102078|2026-05-19 23:25:48.527|#
2400|2320|2025-07-01 00:00:00.000|250.20000000000000000000|Invoice 102078|2026-05-19 23:25:48.533|#
2401|2910|2025-07-01 00:00:00.000|250.20000000000000000000|Invoice 102078|2026-05-19 23:25:48.547|#
2402|2320|2025-07-01 00:00:00.000|-250.20000000000000000000|Invoice 102078|2026-05-19 23:25:48.547|#
2403|2110|2025-07-13 00:00:00.000|-83.40000000000000000000|Direct Cost 20000 on 07/13/25|2026-05-19 23:25:48.623|#
2404|7190|2025-07-13 00:00:00.000|83.40000000000000000000|Direct Cost 20000 on 07/13/25|2026-05-19 23:25:48.623|#
2405|6110|2025-07-13 00:00:00.000|-106.80000000000000000000|Invoice 102079|2026-05-19 23:25:48.630|#
2406|5610|2025-07-13 00:00:00.000|-26.70000000000000000000|Invoice 102079|2026-05-19 23:25:48.630|#
2407|2310|2025-07-13 00:00:00.000|133.50000000000000000000|Invoice 102079|2026-05-19 23:25:48.633|#
2408|2910|2025-07-13 00:00:00.000|133.50000000000000000000|Invoice 102079|2026-05-19 23:25:48.647|#
2409|2310|2025-07-13 00:00:00.000|-133.50000000000000000000|Invoice 102079|2026-05-19 23:25:48.647|#
2410|2110|2025-07-14 00:00:00.000|-390.00000000000000000000|Direct Cost 10000 on 07/14/25|2026-05-19 23:25:48.727|#
2411|7190|2025-07-14 00:00:00.000|390.00000000000000000000|Direct Cost 10000 on 07/14/25|2026-05-19 23:25:48.727|#
2412|6110|2025-07-14 00:00:00.000|-500.40000000000000000000|Invoice 102080|2026-05-19 23:25:48.730|#
2413|5610|2025-07-14 00:00:00.000|-125.10000000000000000000|Invoice 102080|2026-05-19 23:25:48.730|#
2414|2310|2025-07-14 00:00:00.000|625.50000000000000000000|Invoice 102080|2026-05-19 23:25:48.737|#
2415|9330|2025-07-14 00:00:00.000|0.00000000000000000000|Residual caused by rounding of Additional-Currency Amount|2026-05-19 23:25:48.737|#
2416|2910|2025-07-14 00:00:00.000|625.50000000000000000000|Invoice 102080|2026-05-19 23:25:48.750|#
2417|2310|2025-07-14 00:00:00.000|-625.50000000000000000000|Invoice 102080|2026-05-19 23:25:48.750|#
2418|2110|2025-07-15 00:00:00.000|-97.50000000000000000000|Direct Cost 30000 on 07/15/25|2026-05-19 23:25:48.830|#
2419|7190|2025-07-15 00:00:00.000|97.50000000000000000000|Direct Cost 30000 on 07/15/25|2026-05-19 23:25:48.830|#
2420|6130|2025-07-15 00:00:00.000|-125.10000000000000000000|Invoice 102081|2026-05-19 23:25:48.837|#
2421|2320|2025-07-15 00:00:00.000|125.10000000000000000000|Invoice 102081|2026-05-19 23:25:48.840|#
2422|2910|2025-07-15 00:00:00.000|125.10000000000000000000|Invoice 102081|2026-05-19 23:25:48.853|#
2423|2320|2025-07-15 00:00:00.000|-125.10000000000000000000|Invoice 102081|2026-05-19 23:25:48.853|#
2424|2110|2025-07-16 00:00:00.000|-192.20000000000000000000|Direct Cost 50000 on 07/16/25|2026-05-19 23:25:48.933|#
2425|7190|2025-07-16 00:00:00.000|192.20000000000000000000|Direct Cost 50000 on 07/16/25|2026-05-19 23:25:48.937|#
2426|6110|2025-07-16 00:00:00.000|-246.60000000000000000000|Invoice 102082|2026-05-19 23:25:48.940|#
2427|5610|2025-07-16 00:00:00.000|-61.65000000000000000000|Invoice 102082|2026-05-19 23:25:48.940|#
2428|2310|2025-07-16 00:00:00.000|308.25000000000000000000|Invoice 102082|2026-05-19 23:25:48.947|#
2429|2910|2025-07-16 00:00:00.000|308.25000000000000000000|Invoice 102082|2026-05-19 23:25:48.960|#
2430|2310|2025-07-16 00:00:00.000|-308.25000000000000000000|Invoice 102082|2026-05-19 23:25:48.960|#
2431|2110|2025-07-17 00:00:00.000|-195.00000000000000000000|Direct Cost 40000 on 07/17/25|2026-05-19 23:25:49.033|#
2432|7190|2025-07-17 00:00:00.000|195.00000000000000000000|Direct Cost 40000 on 07/17/25|2026-05-19 23:25:49.037|#
2433|6120|2025-07-17 00:00:00.000|-250.20000000000000000000|Invoice 102083|2026-05-19 23:25:49.040|#
2434|2320|2025-07-17 00:00:00.000|250.20000000000000000000|Invoice 102083|2026-05-19 23:25:49.047|#
2435|2910|2025-07-17 00:00:00.000|250.20000000000000000000|Invoice 102083|2026-05-19 23:25:49.060|#
2436|2320|2025-07-17 00:00:00.000|-250.20000000000000000000|Invoice 102083|2026-05-19 23:25:49.060|#
2437|2110|2025-07-18 00:00:00.000|-390.00000000000000000000|Direct Cost 20000 on 07/18/25|2026-05-19 23:25:49.190|#
2438|7190|2025-07-18 00:00:00.000|390.00000000000000000000|Direct Cost 20000 on 07/18/25|2026-05-19 23:25:49.193|#
2439|2110|2025-07-18 00:00:00.000|-390.00000000000000000000|Direct Cost 20000 on 07/18/25|2026-05-19 23:25:49.197|#
2440|7190|2025-07-18 00:00:00.000|390.00000000000000000000|Direct Cost 20000 on 07/18/25|2026-05-19 23:25:49.197|#
2441|2110|2025-07-18 00:00:00.000|-288.30000000000000000000|Direct Cost 20000 on 07/18/25|2026-05-19 23:25:49.200|#
2442|7190|2025-07-18 00:00:00.000|288.30000000000000000000|Direct Cost 20000 on 07/18/25|2026-05-19 23:25:49.203|#
2443|6110|2025-07-18 00:00:00.000|-1370.70000000000000000000|Invoice 102084|2026-05-19 23:25:49.207|#
2444|5610|2025-07-18 00:00:00.000|-342.68000000000000000000|Invoice 102084|2026-05-19 23:25:49.207|#
2445|2310|2025-07-18 00:00:00.000|1713.38000000000000000000|Invoice 102084|2026-05-19 23:25:49.213|#
2446|2910|2025-07-18 00:00:00.000|1713.38000000000000000000|Invoice 102084|2026-05-19 23:25:49.230|#
2447|2310|2025-07-18 00:00:00.000|-1713.38000000000000000000|Invoice 102084|2026-05-19 23:25:49.230|#
2448|2110|2025-07-18 00:00:00.000|-3039.60000000000000000000|Direct Cost 10000 on 07/18/25|2026-05-19 23:25:49.380|#
2449|7190|2025-07-18 00:00:00.000|3039.60000000000000000000|Direct Cost 10000 on 07/18/25|2026-05-19 23:25:49.383|#
2450|2110|2025-07-18 00:00:00.000|-192.20000000000000000000|Direct Cost 10000 on 07/18/25|2026-05-19 23:25:49.387|#
2451|7190|2025-07-18 00:00:00.000|192.20000000000000000000|Direct Cost 10000 on 07/18/25|2026-05-19 23:25:49.387|#
2452|2110|2025-07-18 00:00:00.000|-2828.80000000000000000000|Direct Cost 10000 on 07/18/25|2026-05-19 23:25:49.390|#
2453|7190|2025-07-18 00:00:00.000|2828.80000000000000000000|Direct Cost 10000 on 07/18/25|2026-05-19 23:25:49.393|#
2454|6110|2025-07-18 00:00:00.000|-7769.80000000000000000000|Invoice 102085|2026-05-19 23:25:49.397|#
2455|5610|2025-07-18 00:00:00.000|-1942.45000000000000000000|Invoice 102085|2026-05-19 23:25:49.397|#
2456|2310|2025-07-18 00:00:00.000|9712.25000000000000000000|Invoice 102085|2026-05-19 23:25:49.403|#
2457|2910|2025-07-18 00:00:00.000|9712.25000000000000000000|Invoice 102085|2026-05-19 23:25:49.417|#
2458|2310|2025-07-18 00:00:00.000|-9712.25000000000000000000|Invoice 102085|2026-05-19 23:25:49.417|#
2459|2110|2025-07-20 00:00:00.000|-1536.50000000000000000000|Direct Cost 50000 on 07/20/25|2026-05-19 23:25:49.523|#
2460|7190|2025-07-20 00:00:00.000|1536.50000000000000000000|Direct Cost 50000 on 07/20/25|2026-05-19 23:25:49.527|#
2461|6110|2025-07-20 00:00:00.000|-1969.80000000000000000000|Invoice 102086|2026-05-19 23:25:49.530|#
2462|5610|2025-07-20 00:00:00.000|-492.45000000000000000000|Invoice 102086|2026-05-19 23:25:49.530|#
2463|2310|2025-07-20 00:00:00.000|2462.25000000000000000000|Invoice 102086|2026-05-19 23:25:49.537|#
2464|2910|2025-07-20 00:00:00.000|2462.25000000000000000000|Invoice 102086|2026-05-19 23:25:49.550|#
2465|2310|2025-07-20 00:00:00.000|-2462.25000000000000000000|Invoice 102086|2026-05-19 23:25:49.550|#
2466|2110|2025-07-21 00:00:00.000|-222.40000000000000000000|Direct Cost 30000 on 07/21/25|2026-05-19 23:25:49.627|#
2467|7190|2025-07-21 00:00:00.000|222.40000000000000000000|Direct Cost 30000 on 07/21/25|2026-05-19 23:25:49.627|#
2468|6130|2025-07-21 00:00:00.000|-284.80000000000000000000|Invoice 102087|2026-05-19 23:25:49.633|#
2469|2320|2025-07-21 00:00:00.000|284.80000000000000000000|Invoice 102087|2026-05-19 23:25:49.637|#
2470|2910|2025-07-21 00:00:00.000|284.80000000000000000000|Invoice 102087|2026-05-19 23:25:49.653|#
2471|2320|2025-07-21 00:00:00.000|-284.80000000000000000000|Invoice 102087|2026-05-19 23:25:49.653|#
2472|2110|2025-07-21 00:00:00.000|-384.40000000000000000000|Direct Cost 40000 on 07/21/25|2026-05-19 23:25:49.807|#
2473|7190|2025-07-21 00:00:00.000|384.40000000000000000000|Direct Cost 40000 on 07/21/25|2026-05-19 23:25:49.810|#
2474|2110|2025-07-21 00:00:00.000|-984.00000000000000000000|Direct Cost 40000 on 07/21/25|2026-05-19 23:25:49.813|#
2475|7190|2025-07-21 00:00:00.000|984.00000000000000000000|Direct Cost 40000 on 07/21/25|2026-05-19 23:25:49.817|#
2476|2110|2025-07-21 00:00:00.000|-480.50000000000000000000|Direct Cost 40000 on 07/21/25|2026-05-19 23:25:49.820|#
2477|7190|2025-07-21 00:00:00.000|480.50000000000000000000|Direct Cost 40000 on 07/21/25|2026-05-19 23:25:49.823|#
2478|2110|2025-07-21 00:00:00.000|-96.10000000000000000000|Direct Cost 40000 on 07/21/25|2026-05-19 23:25:49.827|#
2479|7190|2025-07-21 00:00:00.000|96.10000000000000000000|Direct Cost 40000 on 07/21/25|2026-05-19 23:25:49.827|#
2480|6120|2025-07-21 00:00:00.000|-2494.20000000000000000000|Invoice 102088|2026-05-19 23:25:49.830|#
2481|2320|2025-07-21 00:00:00.000|2494.20000000000000000000|Invoice 102088|2026-05-19 23:25:49.837|#
2482|2910|2025-07-21 00:00:00.000|2494.20000000000000000000|Invoice 102088|2026-05-19 23:25:49.850|#
2483|2320|2025-07-21 00:00:00.000|-2494.20000000000000000000|Invoice 102088|2026-05-19 23:25:49.850|#
2484|2110|2025-07-23 00:00:00.000|-390.00000000000000000000|Direct Cost 20000 on 07/23/25|2026-05-19 23:25:49.987|#
2485|7190|2025-07-23 00:00:00.000|390.00000000000000000000|Direct Cost 20000 on 07/23/25|2026-05-19 23:25:49.990|#
2486|6110|2025-07-23 00:00:00.000|-500.40000000000000000000|Invoice 102089|2026-05-19 23:25:49.993|#
2487|5610|2025-07-23 00:00:00.000|-125.10000000000000000000|Invoice 102089|2026-05-19 23:25:49.993|#
2488|2310|2025-07-23 00:00:00.000|625.50000000000000000000|Invoice 102089|2026-05-19 23:25:50.000|#
2489|9330|2025-07-23 00:00:00.000|0.00000000000000000000|Residual caused by rounding of Additional-Currency Amount|2026-05-19 23:25:50.000|#
2490|2910|2025-07-23 00:00:00.000|625.50000000000000000000|Invoice 102089|2026-05-19 23:25:50.013|#
2491|2310|2025-07-23 00:00:00.000|-625.50000000000000000000|Invoice 102089|2026-05-19 23:25:50.013|#
2492|2110|2025-07-24 00:00:00.000|-2026.40000000000000000000|Direct Cost 30000 on 07/24/25|2026-05-19 23:25:50.153|#
2493|7190|2025-07-24 00:00:00.000|2026.40000000000000000000|Direct Cost 30000 on 07/24/25|2026-05-19 23:25:50.153|#
2494|2110|2025-07-24 00:00:00.000|-780.00000000000000000000|Direct Cost 30000 on 07/24/25|2026-05-19 23:25:50.157|#
2495|7190|2025-07-24 00:00:00.000|780.00000000000000000000|Direct Cost 30000 on 07/24/25|2026-05-19 23:25:50.160|#
2496|2110|2025-07-24 00:00:00.000|-384.40000000000000000000|Direct Cost 30000 on 07/24/25|2026-05-19 23:25:50.167|#
2497|7190|2025-07-24 00:00:00.000|384.40000000000000000000|Direct Cost 30000 on 07/24/25|2026-05-19 23:25:50.170|#
2498|2110|2025-07-24 00:00:00.000|-2121.60000000000000000000|Direct Cost 30000 on 07/24/25|2026-05-19 23:25:50.173|#
2499|7190|2025-07-24 00:00:00.000|2121.60000000000000000000|Direct Cost 30000 on 07/24/25|2026-05-19 23:25:50.177|#
2500|6130|2025-07-24 00:00:00.000|-6811.70000000000000000000|Invoice 102090|2026-05-19 23:25:50.180|#
2501|2320|2025-07-24 00:00:00.000|6811.70000000000000000000|Invoice 102090|2026-05-19 23:25:50.187|#
2502|2910|2025-07-24 00:00:00.000|6811.70000000000000000000|Invoice 102090|2026-05-19 23:25:50.200|#
2503|2320|2025-07-24 00:00:00.000|-6811.70000000000000000000|Invoice 102090|2026-05-19 23:25:50.200|#
2504|2110|2025-07-31 00:00:00.000|-656.00000000000000000000|Direct Cost 50000 on 07/31/25|2026-05-19 23:25:50.333|#
2505|7190|2025-07-31 00:00:00.000|656.00000000000000000000|Direct Cost 50000 on 07/31/25|2026-05-19 23:25:50.337|#
2506|2110|2025-07-31 00:00:00.000|-195.00000000000000000000|Direct Cost 50000 on 07/31/25|2026-05-19 23:25:50.340|#
2507|7190|2025-07-31 00:00:00.000|195.00000000000000000000|Direct Cost 50000 on 07/31/25|2026-05-19 23:25:50.340|#
2508|6110|2025-07-31 00:00:00.000|-1091.00000000000000000000|Invoice 102091|2026-05-19 23:25:50.347|#
2509|5610|2025-07-31 00:00:00.000|-272.75000000000000000000|Invoice 102091|2026-05-19 23:25:50.347|#
2510|2310|2025-07-31 00:00:00.000|1363.75000000000000000000|Invoice 102091|2026-05-19 23:25:50.350|#
2511|2910|2025-07-31 00:00:00.000|1363.75000000000000000000|Invoice 102091|2026-05-19 23:25:50.367|#
2512|2310|2025-07-31 00:00:00.000|-1363.75000000000000000000|Invoice 102091|2026-05-19 23:25:50.367|#
2513|2110|2025-08-01 00:00:00.000|-97.50000000000000000000|Direct Cost 30000 on 08/01/25|2026-05-19 23:25:50.483|#
2514|7190|2025-08-01 00:00:00.000|97.50000000000000000000|Direct Cost 30000 on 08/01/25|2026-05-19 23:25:50.487|#
2515|2110|2025-08-01 00:00:00.000|-480.50000000000000000000|Direct Cost 30000 on 08/01/25|2026-05-19 23:25:50.490|#
2516|7190|2025-08-01 00:00:00.000|480.50000000000000000000|Direct Cost 30000 on 08/01/25|2026-05-19 23:25:50.490|#
2517|6130|2025-08-01 00:00:00.000|-741.60000000000000000000|Invoice 102092|2026-05-19 23:25:50.497|#
2518|2320|2025-08-01 00:00:00.000|741.60000000000000000000|Invoice 102092|2026-05-19 23:25:50.500|#
2519|2910|2025-08-01 00:00:00.000|741.60000000000000000000|Invoice 102092|2026-05-19 23:25:50.513|#
2520|2320|2025-08-01 00:00:00.000|-741.60000000000000000000|Invoice 102092|2026-05-19 23:25:50.513|#
2521|2110|2025-08-13 00:00:00.000|-83.40000000000000000000|Direct Cost 20000 on 08/13/25|2026-05-19 23:25:50.620|#
2522|7190|2025-08-13 00:00:00.000|83.40000000000000000000|Direct Cost 20000 on 08/13/25|2026-05-19 23:25:50.620|#
2523|6110|2025-08-13 00:00:00.000|-106.80000000000000000000|Invoice 102093|2026-05-19 23:25:50.627|#
2524|5610|2025-08-13 00:00:00.000|-26.70000000000000000000|Invoice 102093|2026-05-19 23:25:50.627|#
2525|2310|2025-08-13 00:00:00.000|133.50000000000000000000|Invoice 102093|2026-05-19 23:25:50.630|#
2526|2910|2025-08-13 00:00:00.000|133.50000000000000000000|Invoice 102093|2026-05-19 23:25:50.647|#
2527|2310|2025-08-13 00:00:00.000|-133.50000000000000000000|Invoice 102093|2026-05-19 23:25:50.647|#
2528|2110|2025-08-14 00:00:00.000|-390.00000000000000000000|Direct Cost 10000 on 08/14/25|2026-05-19 23:25:50.723|#
2529|7190|2025-08-14 00:00:00.000|390.00000000000000000000|Direct Cost 10000 on 08/14/25|2026-05-19 23:25:50.727|#
2530|6110|2025-08-14 00:00:00.000|-500.40000000000000000000|Invoice 102094|2026-05-19 23:25:50.730|#
2531|5610|2025-08-14 00:00:00.000|-125.10000000000000000000|Invoice 102094|2026-05-19 23:25:50.730|#
2532|2310|2025-08-14 00:00:00.000|625.50000000000000000000|Invoice 102094|2026-05-19 23:25:50.733|#
2533|9330|2025-08-14 00:00:00.000|0.00000000000000000000|Residual caused by rounding of Additional-Currency Amount|2026-05-19 23:25:50.733|#
2534|2910|2025-08-14 00:00:00.000|625.50000000000000000000|Invoice 102094|2026-05-19 23:25:50.747|#
2535|2310|2025-08-14 00:00:00.000|-625.50000000000000000000|Invoice 102094|2026-05-19 23:25:50.747|#
2536|2110|2025-08-15 00:00:00.000|-97.50000000000000000000|Direct Cost 30000 on 08/15/25|2026-05-19 23:25:50.827|#
2537|7190|2025-08-15 00:00:00.000|97.50000000000000000000|Direct Cost 30000 on 08/15/25|2026-05-19 23:25:50.830|#
2538|6130|2025-08-15 00:00:00.000|-125.10000000000000000000|Invoice 102095|2026-05-19 23:25:50.833|#
2539|2320|2025-08-15 00:00:00.000|125.10000000000000000000|Invoice 102095|2026-05-19 23:25:50.837|#
2540|2910|2025-08-15 00:00:00.000|125.10000000000000000000|Invoice 102095|2026-05-19 23:25:50.850|#
2541|2320|2025-08-15 00:00:00.000|-125.10000000000000000000|Invoice 102095|2026-05-19 23:25:50.853|#
2542|2110|2025-08-16 00:00:00.000|-192.20000000000000000000|Direct Cost 50000 on 08/16/25|2026-05-19 23:25:50.927|#
2543|7190|2025-08-16 00:00:00.000|192.20000000000000000000|Direct Cost 50000 on 08/16/25|2026-05-19 23:25:50.927|#
2544|6110|2025-08-16 00:00:00.000|-246.60000000000000000000|Invoice 102096|2026-05-19 23:25:50.933|#
2545|5610|2025-08-16 00:00:00.000|-61.65000000000000000000|Invoice 102096|2026-05-19 23:25:50.933|#
2546|2310|2025-08-16 00:00:00.000|308.25000000000000000000|Invoice 102096|2026-05-19 23:25:50.937|#
2547|2910|2025-08-16 00:00:00.000|308.25000000000000000000|Invoice 102096|2026-05-19 23:25:50.953|#
2548|2310|2025-08-16 00:00:00.000|-308.25000000000000000000|Invoice 102096|2026-05-19 23:25:50.953|#
2549|2110|2025-08-17 00:00:00.000|-195.00000000000000000000|Direct Cost 40000 on 08/17/25|2026-05-19 23:25:51.027|#
2550|7190|2025-08-17 00:00:00.000|195.00000000000000000000|Direct Cost 40000 on 08/17/25|2026-05-19 23:25:51.037|#
2551|6120|2025-08-17 00:00:00.000|-250.20000000000000000000|Invoice 102097|2026-05-19 23:25:51.040|#
2552|2320|2025-08-17 00:00:00.000|250.20000000000000000000|Invoice 102097|2026-05-19 23:25:51.043|#
2553|2910|2025-08-17 00:00:00.000|250.20000000000000000000|Invoice 102097|2026-05-19 23:25:51.057|#
2554|2320|2025-08-17 00:00:00.000|-250.20000000000000000000|Invoice 102097|2026-05-19 23:25:51.057|#
2555|2110|2025-08-18 00:00:00.000|-390.00000000000000000000|Direct Cost 20000 on 08/18/25|2026-05-19 23:25:51.177|#
2556|7190|2025-08-18 00:00:00.000|390.00000000000000000000|Direct Cost 20000 on 08/18/25|2026-05-19 23:25:51.177|#
2557|2110|2025-08-18 00:00:00.000|-585.00000000000000000000|Direct Cost 20000 on 08/18/25|2026-05-19 23:25:51.180|#
2558|7190|2025-08-18 00:00:00.000|585.00000000000000000000|Direct Cost 20000 on 08/18/25|2026-05-19 23:25:51.183|#
2559|2110|2025-08-18 00:00:00.000|-288.30000000000000000000|Direct Cost 20000 on 08/18/25|2026-05-19 23:25:51.187|#
2560|7190|2025-08-18 00:00:00.000|288.30000000000000000000|Direct Cost 20000 on 08/18/25|2026-05-19 23:25:51.187|#
2561|6110|2025-08-18 00:00:00.000|-1620.90000000000000000000|Invoice 102098|2026-05-19 23:25:51.193|#
2562|5610|2025-08-18 00:00:00.000|-405.23000000000000000000|Invoice 102098|2026-05-19 23:25:51.193|#
2563|2310|2025-08-18 00:00:00.000|2026.13000000000000000000|Invoice 102098|2026-05-19 23:25:51.197|#
2564|2910|2025-08-18 00:00:00.000|2026.13000000000000000000|Invoice 102098|2026-05-19 23:25:51.210|#
2565|2310|2025-08-18 00:00:00.000|-2026.13000000000000000000|Invoice 102098|2026-05-19 23:25:51.210|#
2566|2110|2025-08-18 00:00:00.000|-3039.60000000000000000000|Direct Cost 10000 on 08/18/25|2026-05-19 23:25:51.343|#
2567|7190|2025-08-18 00:00:00.000|3039.60000000000000000000|Direct Cost 10000 on 08/18/25|2026-05-19 23:25:51.343|#
2568|2110|2025-08-18 00:00:00.000|-192.20000000000000000000|Direct Cost 10000 on 08/18/25|2026-05-19 23:25:51.347|#
2569|7190|2025-08-18 00:00:00.000|192.20000000000000000000|Direct Cost 10000 on 08/18/25|2026-05-19 23:25:51.350|#
2570|2110|2025-08-18 00:00:00.000|-3536.00000000000000000000|Direct Cost 10000 on 08/18/25|2026-05-19 23:25:51.353|#
2571|7190|2025-08-18 00:00:00.000|3536.00000000000000000000|Direct Cost 10000 on 08/18/25|2026-05-19 23:25:51.353|#
2572|6110|2025-08-18 00:00:00.000|-8676.50000000000000000000|Invoice 102099|2026-05-19 23:25:51.357|#
2573|5610|2025-08-18 00:00:00.000|-2169.13000000000000000000|Invoice 102099|2026-05-19 23:25:51.357|#
2574|2310|2025-08-18 00:00:00.000|10845.63000000000000000000|Invoice 102099|2026-05-19 23:25:51.363|#
2575|2910|2025-08-18 00:00:00.000|10845.63000000000000000000|Invoice 102099|2026-05-19 23:25:51.383|#
2576|2310|2025-08-18 00:00:00.000|-10845.63000000000000000000|Invoice 102099|2026-05-19 23:25:51.383|#
2577|2110|2025-08-20 00:00:00.000|-1536.50000000000000000000|Direct Cost 50000 on 08/20/25|2026-05-19 23:25:51.500|#
2578|7190|2025-08-20 00:00:00.000|1536.50000000000000000000|Direct Cost 50000 on 08/20/25|2026-05-19 23:25:51.500|#
2579|6110|2025-08-20 00:00:00.000|-1969.80000000000000000000|Invoice 102100|2026-05-19 23:25:51.507|#
2580|5610|2025-08-20 00:00:00.000|-492.45000000000000000000|Invoice 102100|2026-05-19 23:25:51.507|#
2581|2310|2025-08-20 00:00:00.000|2462.25000000000000000000|Invoice 102100|2026-05-19 23:25:51.510|#
2582|2910|2025-08-20 00:00:00.000|2462.25000000000000000000|Invoice 102100|2026-05-19 23:25:51.523|#
2583|2310|2025-08-20 00:00:00.000|-2462.25000000000000000000|Invoice 102100|2026-05-19 23:25:51.523|#
2584|2110|2025-08-21 00:00:00.000|-194.60000000000000000000|Direct Cost 30000 on 08/21/25|2026-05-19 23:25:51.597|#
2585|7190|2025-08-21 00:00:00.000|194.60000000000000000000|Direct Cost 30000 on 08/21/25|2026-05-19 23:25:51.597|#
2586|6130|2025-08-21 00:00:00.000|-249.20000000000000000000|Invoice 102101|2026-05-19 23:25:51.600|#
2587|2320|2025-08-21 00:00:00.000|249.20000000000000000000|Invoice 102101|2026-05-19 23:25:51.607|#
2588|2910|2025-08-21 00:00:00.000|249.20000000000000000000|Invoice 102101|2026-05-19 23:25:51.620|#
2589|2320|2025-08-21 00:00:00.000|-249.20000000000000000000|Invoice 102101|2026-05-19 23:25:51.620|#
2590|2110|2025-08-21 00:00:00.000|-576.60000000000000000000|Direct Cost 40000 on 08/21/25|2026-05-19 23:25:51.753|#
2591|7190|2025-08-21 00:00:00.000|576.60000000000000000000|Direct Cost 40000 on 08/21/25|2026-05-19 23:25:51.757|#
2592|2110|2025-08-21 00:00:00.000|-984.00000000000000000000|Direct Cost 40000 on 08/21/25|2026-05-19 23:25:51.757|#
2593|7190|2025-08-21 00:00:00.000|984.00000000000000000000|Direct Cost 40000 on 08/21/25|2026-05-19 23:25:51.760|#
2594|2110|2025-08-21 00:00:00.000|-576.60000000000000000000|Direct Cost 40000 on 08/21/25|2026-05-19 23:25:51.763|#
2595|7190|2025-08-21 00:00:00.000|576.60000000000000000000|Direct Cost 40000 on 08/21/25|2026-05-19 23:25:51.767|#
2596|2110|2025-08-21 00:00:00.000|-96.10000000000000000000|Direct Cost 40000 on 08/21/25|2026-05-19 23:25:51.767|#
2597|7190|2025-08-21 00:00:00.000|96.10000000000000000000|Direct Cost 40000 on 08/21/25|2026-05-19 23:25:51.770|#
2598|6120|2025-08-21 00:00:00.000|-2864.10000000000000000000|Invoice 102102|2026-05-19 23:25:51.773|#
2599|2320|2025-08-21 00:00:00.000|2864.10000000000000000000|Invoice 102102|2026-05-19 23:25:51.777|#
2600|2910|2025-08-21 00:00:00.000|2864.10000000000000000000|Invoice 102102|2026-05-19 23:25:51.793|#
2601|2320|2025-08-21 00:00:00.000|-2864.10000000000000000000|Invoice 102102|2026-05-19 23:25:51.793|#
2602|2110|2025-08-23 00:00:00.000|-390.00000000000000000000|Direct Cost 20000 on 08/23/25|2026-05-19 23:25:51.913|#
2603|7190|2025-08-23 00:00:00.000|390.00000000000000000000|Direct Cost 20000 on 08/23/25|2026-05-19 23:25:51.917|#
2604|6110|2025-08-23 00:00:00.000|-500.40000000000000000000|Invoice 102103|2026-05-19 23:25:51.920|#
2605|5610|2025-08-23 00:00:00.000|-125.10000000000000000000|Invoice 102103|2026-05-19 23:25:51.920|#
2606|2310|2025-08-23 00:00:00.000|625.50000000000000000000|Invoice 102103|2026-05-19 23:25:51.927|#
2607|9330|2025-08-23 00:00:00.000|0.00000000000000000000|Residual caused by rounding of Additional-Currency Amount|2026-05-19 23:25:51.927|#
2608|2910|2025-08-23 00:00:00.000|625.50000000000000000000|Invoice 102103|2026-05-19 23:25:51.940|#
2609|2310|2025-08-23 00:00:00.000|-625.50000000000000000000|Invoice 102103|2026-05-19 23:25:51.940|#
2610|2110|2025-08-24 00:00:00.000|-2533.00000000000000000000|Direct Cost 30000 on 08/24/25|2026-05-19 23:25:52.103|#
2611|7190|2025-08-24 00:00:00.000|2533.00000000000000000000|Direct Cost 30000 on 08/24/25|2026-05-19 23:25:52.107|#
2612|2110|2025-08-24 00:00:00.000|-877.50000000000000000000|Direct Cost 30000 on 08/24/25|2026-05-19 23:25:52.107|#
2613|7190|2025-08-24 00:00:00.000|877.50000000000000000000|Direct Cost 30000 on 08/24/25|2026-05-19 23:25:52.110|#
2614|2110|2025-08-24 00:00:00.000|-384.40000000000000000000|Direct Cost 30000 on 08/24/25|2026-05-19 23:25:52.113|#
2615|7190|2025-08-24 00:00:00.000|384.40000000000000000000|Direct Cost 30000 on 08/24/25|2026-05-19 23:25:52.113|#
2616|2110|2025-08-24 00:00:00.000|-2828.80000000000000000000|Direct Cost 30000 on 08/24/25|2026-05-19 23:25:52.117|#
2617|7190|2025-08-24 00:00:00.000|2828.80000000000000000000|Direct Cost 30000 on 08/24/25|2026-05-19 23:25:52.117|#
2618|6130|2025-08-24 00:00:00.000|-8492.90000000000000000000|Invoice 102104|2026-05-19 23:25:52.123|#
2619|2320|2025-08-24 00:00:00.000|8492.90000000000000000000|Invoice 102104|2026-05-19 23:25:52.127|#
2620|2910|2025-08-24 00:00:00.000|8492.90000000000000000000|Invoice 102104|2026-05-19 23:25:52.140|#
2621|2320|2025-08-24 00:00:00.000|-8492.90000000000000000000|Invoice 102104|2026-05-19 23:25:52.140|#
2622|2110|2025-08-31 00:00:00.000|-984.00000000000000000000|Direct Cost 50000 on 08/31/25|2026-05-19 23:25:52.320|#
2623|7190|2025-08-31 00:00:00.000|984.00000000000000000000|Direct Cost 50000 on 08/31/25|2026-05-19 23:25:52.320|#
2624|2110|2025-08-31 00:00:00.000|-292.50000000000000000000|Direct Cost 50000 on 08/31/25|2026-05-19 23:25:52.323|#
2625|7190|2025-08-31 00:00:00.000|292.50000000000000000000|Direct Cost 50000 on 08/31/25|2026-05-19 23:25:52.327|#
2626|6110|2025-08-31 00:00:00.000|-1636.50000000000000000000|Invoice 102105|2026-05-19 23:25:52.330|#
2627|5610|2025-08-31 00:00:00.000|-409.13000000000000000000|Invoice 102105|2026-05-19 23:25:52.330|#
2628|2310|2025-08-31 00:00:00.000|2045.63000000000000000000|Invoice 102105|2026-05-19 23:25:52.333|#
2629|2910|2025-08-31 00:00:00.000|2045.63000000000000000000|Invoice 102105|2026-05-19 23:25:52.347|#
2630|2310|2025-08-31 00:00:00.000|-2045.63000000000000000000|Invoice 102105|2026-05-19 23:25:52.347|#
2631|2110|2025-09-01 00:00:00.000|-97.50000000000000000000|Direct Cost 30000 on 09/01/25|2026-05-19 23:25:52.453|#
2632|7190|2025-09-01 00:00:00.000|97.50000000000000000000|Direct Cost 30000 on 09/01/25|2026-05-19 23:25:52.457|#
2633|2110|2025-09-01 00:00:00.000|-672.70000000000000000000|Direct Cost 30000 on 09/01/25|2026-05-19 23:25:52.460|#
2634|7190|2025-09-01 00:00:00.000|672.70000000000000000000|Direct Cost 30000 on 09/01/25|2026-05-19 23:25:52.460|#
2635|6130|2025-09-01 00:00:00.000|-988.20000000000000000000|Invoice 102106|2026-05-19 23:25:52.467|#
2636|2320|2025-09-01 00:00:00.000|988.20000000000000000000|Invoice 102106|2026-05-19 23:25:52.470|#
2637|2910|2025-09-01 00:00:00.000|988.20000000000000000000|Invoice 102106|2026-05-19 23:25:52.483|#
2638|2320|2025-09-01 00:00:00.000|-988.20000000000000000000|Invoice 102106|2026-05-19 23:25:52.483|#
2639|2110|2025-09-12 00:00:00.000|-55.60000000000000000000|Direct Cost 20000 on 09/12/25|2026-05-19 23:25:52.620|#
2640|7190|2025-09-12 00:00:00.000|55.60000000000000000000|Direct Cost 20000 on 09/12/25|2026-05-19 23:25:52.623|#
2641|6110|2025-09-12 00:00:00.000|-71.20000000000000000000|Invoice 102107|2026-05-19 23:25:52.627|#
2642|5610|2025-09-12 00:00:00.000|-17.80000000000000000000|Invoice 102107|2026-05-19 23:25:52.627|#
2643|2310|2025-09-12 00:00:00.000|89.00000000000000000000|Invoice 102107|2026-05-19 23:25:52.630|#
2644|2910|2025-09-12 00:00:00.000|89.00000000000000000000|Invoice 102107|2026-05-19 23:25:52.643|#
2645|2310|2025-09-12 00:00:00.000|-89.00000000000000000000|Invoice 102107|2026-05-19 23:25:52.643|#
2646|2110|2025-09-14 00:00:00.000|-97.50000000000000000000|Direct Cost 30000 on 09/14/25|2026-05-19 23:25:52.720|#
2647|7190|2025-09-14 00:00:00.000|97.50000000000000000000|Direct Cost 30000 on 09/14/25|2026-05-19 23:25:52.723|#
2648|6130|2025-09-14 00:00:00.000|-125.10000000000000000000|Invoice 102108|2026-05-19 23:25:52.727|#
2649|2320|2025-09-14 00:00:00.000|125.10000000000000000000|Invoice 102108|2026-05-19 23:25:52.730|#
2650|2910|2025-09-14 00:00:00.000|125.10000000000000000000|Invoice 102108|2026-05-19 23:25:52.747|#
2651|2320|2025-09-14 00:00:00.000|-125.10000000000000000000|Invoice 102108|2026-05-19 23:25:52.747|#
2652|2110|2025-09-15 00:00:00.000|-96.10000000000000000000|Direct Cost 50000 on 09/15/25|2026-05-19 23:25:52.827|#
2653|7190|2025-09-15 00:00:00.000|96.10000000000000000000|Direct Cost 50000 on 09/15/25|2026-05-19 23:25:52.830|#
2654|6110|2025-09-15 00:00:00.000|-123.30000000000000000000|Invoice 102109|2026-05-19 23:25:52.837|#
2655|5610|2025-09-15 00:00:00.000|-30.83000000000000000000|Invoice 102109|2026-05-19 23:25:52.837|#
2656|2310|2025-09-15 00:00:00.000|154.13000000000000000000|Invoice 102109|2026-05-19 23:25:52.840|#
2657|2910|2025-09-15 00:00:00.000|154.13000000000000000000|Invoice 102109|2026-05-19 23:25:52.853|#
2658|2310|2025-09-15 00:00:00.000|-154.13000000000000000000|Invoice 102109|2026-05-19 23:25:52.853|#
2659|2110|2025-09-16 00:00:00.000|-2533.00000000000000000000|Direct Cost 10000 on 09/16/25|2026-05-19 23:25:53.030|#
2660|7190|2025-09-16 00:00:00.000|2533.00000000000000000000|Direct Cost 10000 on 09/16/25|2026-05-19 23:25:53.030|#
2661|2110|2025-09-16 00:00:00.000|-292.50000000000000000000|Direct Cost 10000 on 09/16/25|2026-05-19 23:25:53.033|#
2662|7190|2025-09-16 00:00:00.000|292.50000000000000000000|Direct Cost 10000 on 09/16/25|2026-05-19 23:25:53.037|#
2663|2110|2025-09-16 00:00:00.000|-192.20000000000000000000|Direct Cost 10000 on 09/16/25|2026-05-19 23:25:53.040|#
2664|7190|2025-09-16 00:00:00.000|192.20000000000000000000|Direct Cost 10000 on 09/16/25|2026-05-19 23:25:53.043|#
2665|2110|2025-09-16 00:00:00.000|-2828.80000000000000000000|Direct Cost 10000 on 09/16/25|2026-05-19 23:25:53.043|#
2666|7190|2025-09-16 00:00:00.000|2828.80000000000000000000|Direct Cost 10000 on 09/16/25|2026-05-19 23:25:53.047|#
2667|6110|2025-09-16 00:00:00.000|-7495.70000000000000000000|Invoice 102110|2026-05-19 23:25:53.050|#
2668|5610|2025-09-16 00:00:00.000|-1873.93000000000000000000|Invoice 102110|2026-05-19 23:25:53.050|#
2669|2310|2025-09-16 00:00:00.000|9369.63000000000000000000|Invoice 102110|2026-05-19 23:25:53.053|#
2670|2910|2025-09-16 00:00:00.000|9369.63000000000000000000|Invoice 102110|2026-05-19 23:25:53.067|#
2671|2310|2025-09-16 00:00:00.000|-9369.63000000000000000000|Invoice 102110|2026-05-19 23:25:53.067|#
2672|2110|2025-09-17 00:00:00.000|-195.00000000000000000000|Direct Cost 20000 on 09/17/25|2026-05-19 23:25:53.263|#
2673|7190|2025-09-17 00:00:00.000|195.00000000000000000000|Direct Cost 20000 on 09/17/25|2026-05-19 23:25:53.263|#
2674|2110|2025-09-17 00:00:00.000|-390.00000000000000000000|Direct Cost 20000 on 09/17/25|2026-05-19 23:25:53.267|#
2675|7190|2025-09-17 00:00:00.000|390.00000000000000000000|Direct Cost 20000 on 09/17/25|2026-05-19 23:25:53.270|#
2676|2110|2025-09-17 00:00:00.000|-192.20000000000000000000|Direct Cost 20000 on 09/17/25|2026-05-19 23:25:53.273|#
2677|7190|2025-09-17 00:00:00.000|192.20000000000000000000|Direct Cost 20000 on 09/17/25|2026-05-19 23:25:53.277|#
2678|6110|2025-09-17 00:00:00.000|-997.20000000000000000000|Invoice 102111|2026-05-19 23:25:53.280|#
2679|5610|2025-09-17 00:00:00.000|-249.30000000000000000000|Invoice 102111|2026-05-19 23:25:53.280|#
2680|2310|2025-09-17 00:00:00.000|1246.50000000000000000000|Invoice 102111|2026-05-19 23:25:53.283|#
2681|2910|2025-09-17 00:00:00.000|1246.50000000000000000000|Invoice 102111|2026-05-19 23:25:53.297|#
2682|2310|2025-09-17 00:00:00.000|-1246.50000000000000000000|Invoice 102111|2026-05-19 23:25:53.297|#
2683|2110|2025-09-19 00:00:00.000|-658.50000000000000000000|Direct Cost 50000 on 09/19/25|2026-05-19 23:25:53.437|#
2684|7190|2025-09-19 00:00:00.000|658.50000000000000000000|Direct Cost 50000 on 09/19/25|2026-05-19 23:25:53.440|#
2685|6110|2025-09-19 00:00:00.000|-844.20000000000000000000|Invoice 102112|2026-05-19 23:25:53.443|#
2686|5610|2025-09-19 00:00:00.000|-211.05000000000000000000|Invoice 102112|2026-05-19 23:25:53.443|#
2687|2310|2025-09-19 00:00:00.000|1055.25000000000000000000|Invoice 102112|2026-05-19 23:25:53.447|#
2688|2910|2025-09-19 00:00:00.000|1055.25000000000000000000|Invoice 102112|2026-05-19 23:25:53.460|#
2689|2310|2025-09-19 00:00:00.000|-1055.25000000000000000000|Invoice 102112|2026-05-19 23:25:53.460|#
2690|2110|2025-09-19 00:00:00.000|-384.40000000000000000000|Direct Cost 40000 on 09/19/25|2026-05-19 23:25:53.607|#
2691|7190|2025-09-19 00:00:00.000|384.40000000000000000000|Direct Cost 40000 on 09/19/25|2026-05-19 23:25:53.607|#
2692|2110|2025-09-19 00:00:00.000|-656.00000000000000000000|Direct Cost 40000 on 09/19/25|2026-05-19 23:25:53.610|#
2693|7190|2025-09-19 00:00:00.000|656.00000000000000000000|Direct Cost 40000 on 09/19/25|2026-05-19 23:25:53.613|#
2694|2110|2025-09-19 00:00:00.000|-97.50000000000000000000|Direct Cost 40000 on 09/19/25|2026-05-19 23:25:53.617|#
2695|7190|2025-09-19 00:00:00.000|97.50000000000000000000|Direct Cost 40000 on 09/19/25|2026-05-19 23:25:53.617|#
2696|2110|2025-09-19 00:00:00.000|-384.40000000000000000000|Direct Cost 40000 on 09/19/25|2026-05-19 23:25:53.620|#
2697|7190|2025-09-19 00:00:00.000|384.40000000000000000000|Direct Cost 40000 on 09/19/25|2026-05-19 23:25:53.623|#
2698|2110|2025-09-19 00:00:00.000|-96.10000000000000000000|Direct Cost 40000 on 09/19/25|2026-05-19 23:25:53.627|#
2699|7190|2025-09-19 00:00:00.000|96.10000000000000000000|Direct Cost 40000 on 09/19/25|2026-05-19 23:25:53.627|#
2700|6120|2025-09-19 00:00:00.000|-2075.60000000000000000000|Invoice 102113|2026-05-19 23:25:53.630|#
2701|2320|2025-09-19 00:00:00.000|2075.60000000000000000000|Invoice 102113|2026-05-19 23:25:53.637|#
2702|2910|2025-09-19 00:00:00.000|2075.60000000000000000000|Invoice 102113|2026-05-19 23:25:53.650|#
2703|2320|2025-09-19 00:00:00.000|-2075.60000000000000000000|Invoice 102113|2026-05-19 23:25:53.650|#
2704|2110|2025-09-20 00:00:00.000|-195.00000000000000000000|Direct Cost 20000 on 09/20/25|2026-05-19 23:25:53.777|#
2705|7190|2025-09-20 00:00:00.000|195.00000000000000000000|Direct Cost 20000 on 09/20/25|2026-05-19 23:25:53.780|#
2706|6110|2025-09-20 00:00:00.000|-250.20000000000000000000|Invoice 102114|2026-05-19 23:25:53.783|#
2707|5610|2025-09-20 00:00:00.000|-62.55000000000000000000|Invoice 102114|2026-05-19 23:25:53.783|#
2708|2310|2025-09-20 00:00:00.000|312.75000000000000000000|Invoice 102114|2026-05-19 23:25:53.790|#
2709|9340|2025-09-20 00:00:00.000|0.00000000000000000000|Residual caused by rounding of Additional-Currency Amount|2026-05-19 23:25:53.790|#
2710|2910|2025-09-20 00:00:00.000|312.75000000000000000000|Invoice 102114|2026-05-19 23:25:53.803|#
2711|2310|2025-09-20 00:00:00.000|-312.75000000000000000000|Invoice 102114|2026-05-19 23:25:53.803|#
2712|2110|2025-09-20 00:00:00.000|-2026.40000000000000000000|Direct Cost 30000 on 09/20/25|2026-05-19 23:25:53.923|#
2713|7190|2025-09-20 00:00:00.000|2026.40000000000000000000|Direct Cost 30000 on 09/20/25|2026-05-19 23:25:53.927|#
2714|2110|2025-09-20 00:00:00.000|-194.60000000000000000000|Direct Cost 30000 on 09/20/25|2026-05-19 23:25:53.927|#
2715|7190|2025-09-20 00:00:00.000|194.60000000000000000000|Direct Cost 30000 on 09/20/25|2026-05-19 23:25:53.930|#
2716|2110|2025-09-20 00:00:00.000|-2121.60000000000000000000|Direct Cost 30000 on 09/20/25|2026-05-19 23:25:53.933|#
2717|7190|2025-09-20 00:00:00.000|2121.60000000000000000000|Direct Cost 30000 on 09/20/25|2026-05-19 23:25:53.937|#
2718|6130|2025-09-20 00:00:00.000|-5566.90000000000000000000|Invoice 102115|2026-05-19 23:25:53.940|#
2719|2320|2025-09-20 00:00:00.000|5566.90000000000000000000|Invoice 102115|2026-05-19 23:25:53.943|#
2720|2910|2025-09-20 00:00:00.000|5566.90000000000000000000|Invoice 102115|2026-05-19 23:25:53.957|#
2721|2320|2025-09-20 00:00:00.000|-5566.90000000000000000000|Invoice 102115|2026-05-19 23:25:53.957|#
2722|2110|2025-09-23 00:00:00.000|-656.00000000000000000000|Direct Cost 50000 on 09/23/25|2026-05-19 23:25:54.097|#
2723|7190|2025-09-23 00:00:00.000|656.00000000000000000000|Direct Cost 50000 on 09/23/25|2026-05-19 23:25:54.100|#
2724|2110|2025-09-23 00:00:00.000|-292.50000000000000000000|Direct Cost 50000 on 09/23/25|2026-05-19 23:25:54.103|#
2725|7190|2025-09-23 00:00:00.000|292.50000000000000000000|Direct Cost 50000 on 09/23/25|2026-05-19 23:25:54.107|#
2726|6110|2025-09-23 00:00:00.000|-1216.10000000000000000000|Invoice 102116|2026-05-19 23:25:54.110|#
2727|5610|2025-09-23 00:00:00.000|-304.03000000000000000000|Invoice 102116|2026-05-19 23:25:54.110|#
2728|2310|2025-09-23 00:00:00.000|1520.13000000000000000000|Invoice 102116|2026-05-19 23:25:54.113|#
2729|2910|2025-09-23 00:00:00.000|1520.13000000000000000000|Invoice 102116|2026-05-19 23:25:54.127|#
2730|2310|2025-09-23 00:00:00.000|-1520.13000000000000000000|Invoice 102116|2026-05-19 23:25:54.127|#
2731|2110|2025-09-23 00:00:00.000|-682.50000000000000000000|Direct Cost 30000 on 09/23/25|2026-05-19 23:25:54.257|#
2732|7190|2025-09-23 00:00:00.000|682.50000000000000000000|Direct Cost 30000 on 09/23/25|2026-05-19 23:25:54.257|#
2733|2110|2025-09-23 00:00:00.000|-288.30000000000000000000|Direct Cost 30000 on 09/23/25|2026-05-19 23:25:54.260|#
2734|7190|2025-09-23 00:00:00.000|288.30000000000000000000|Direct Cost 30000 on 09/23/25|2026-05-19 23:25:54.263|#
2735|2110|2025-09-23 00:00:00.000|-480.50000000000000000000|Direct Cost 30000 on 09/23/25|2026-05-19 23:25:54.267|#
2736|7190|2025-09-23 00:00:00.000|480.50000000000000000000|Direct Cost 30000 on 09/23/25|2026-05-19 23:25:54.267|#
2737|6130|2025-09-23 00:00:00.000|-1862.10000000000000000000|Invoice 102117|2026-05-19 23:25:54.270|#
2738|2320|2025-09-23 00:00:00.000|1862.10000000000000000000|Invoice 102117|2026-05-19 23:25:54.277|#
2739|2910|2025-09-23 00:00:00.000|1862.10000000000000000000|Invoice 102117|2026-05-19 23:25:54.287|#
2740|2320|2025-09-23 00:00:00.000|-1862.10000000000000000000|Invoice 102117|2026-05-19 23:25:54.287|#
2741|2110|2025-10-01 00:00:00.000|-97.50000000000000000000|Direct Cost 30000 on 10/01/25|2026-05-19 23:25:54.387|#
2742|7190|2025-10-01 00:00:00.000|97.50000000000000000000|Direct Cost 30000 on 10/01/25|2026-05-19 23:25:54.390|#
2743|6130|2025-10-01 00:00:00.000|-125.10000000000000000000|Invoice 102118|2026-05-19 23:25:54.393|#
2744|2320|2025-10-01 00:00:00.000|125.10000000000000000000|Invoice 102118|2026-05-19 23:25:54.397|#
2745|2910|2025-10-01 00:00:00.000|125.10000000000000000000|Invoice 102118|2026-05-19 23:25:54.410|#
2746|2320|2025-10-01 00:00:00.000|-125.10000000000000000000|Invoice 102118|2026-05-19 23:25:54.410|#
2747|2110|2025-10-13 00:00:00.000|-83.40000000000000000000|Direct Cost 20000 on 10/13/25|2026-05-19 23:25:54.490|#
2748|7190|2025-10-13 00:00:00.000|83.40000000000000000000|Direct Cost 20000 on 10/13/25|2026-05-19 23:25:54.493|#
2749|6110|2025-10-13 00:00:00.000|-106.80000000000000000000|Invoice 102119|2026-05-19 23:25:54.497|#
2750|5610|2025-10-13 00:00:00.000|-26.70000000000000000000|Invoice 102119|2026-05-19 23:25:54.497|#
2751|2310|2025-10-13 00:00:00.000|133.50000000000000000000|Invoice 102119|2026-05-19 23:25:54.500|#
2752|2910|2025-10-13 00:00:00.000|133.50000000000000000000|Invoice 102119|2026-05-19 23:25:54.513|#
2753|2310|2025-10-13 00:00:00.000|-133.50000000000000000000|Invoice 102119|2026-05-19 23:25:54.513|#
2754|2110|2025-10-14 00:00:00.000|-292.50000000000000000000|Direct Cost 10000 on 10/14/25|2026-05-19 23:25:54.590|#
2755|7190|2025-10-14 00:00:00.000|292.50000000000000000000|Direct Cost 10000 on 10/14/25|2026-05-19 23:25:54.593|#
2756|6110|2025-10-14 00:00:00.000|-375.30000000000000000000|Invoice 102120|2026-05-19 23:25:54.597|#
2757|5610|2025-10-14 00:00:00.000|-93.83000000000000000000|Invoice 102120|2026-05-19 23:25:54.597|#
2758|2310|2025-10-14 00:00:00.000|469.13000000000000000000|Invoice 102120|2026-05-19 23:25:54.600|#
2759|2910|2025-10-14 00:00:00.000|469.13000000000000000000|Invoice 102120|2026-05-19 23:25:54.613|#
2760|2310|2025-10-14 00:00:00.000|-469.13000000000000000000|Invoice 102120|2026-05-19 23:25:54.613|#
2761|2110|2025-10-15 00:00:00.000|-97.50000000000000000000|Direct Cost 30000 on 10/15/25|2026-05-19 23:25:54.693|#
2762|7190|2025-10-15 00:00:00.000|97.50000000000000000000|Direct Cost 30000 on 10/15/25|2026-05-19 23:25:54.697|#
2763|6130|2025-10-15 00:00:00.000|-125.10000000000000000000|Invoice 102121|2026-05-19 23:25:54.700|#
2764|2320|2025-10-15 00:00:00.000|125.10000000000000000000|Invoice 102121|2026-05-19 23:25:54.703|#
2765|2910|2025-10-15 00:00:00.000|125.10000000000000000000|Invoice 102121|2026-05-19 23:25:54.717|#
2766|2320|2025-10-15 00:00:00.000|-125.10000000000000000000|Invoice 102121|2026-05-19 23:25:54.717|#
2767|2110|2025-10-16 00:00:00.000|-192.20000000000000000000|Direct Cost 50000 on 10/16/25|2026-05-19 23:25:54.797|#
2768|7190|2025-10-16 00:00:00.000|192.20000000000000000000|Direct Cost 50000 on 10/16/25|2026-05-19 23:25:54.800|#
2769|6110|2025-10-16 00:00:00.000|-246.60000000000000000000|Invoice 102122|2026-05-19 23:25:54.807|#
2770|5610|2025-10-16 00:00:00.000|-61.65000000000000000000|Invoice 102122|2026-05-19 23:25:54.807|#
2771|2310|2025-10-16 00:00:00.000|308.25000000000000000000|Invoice 102122|2026-05-19 23:25:54.810|#
2772|2910|2025-10-16 00:00:00.000|308.25000000000000000000|Invoice 102122|2026-05-19 23:25:54.827|#
2773|2310|2025-10-16 00:00:00.000|-308.25000000000000000000|Invoice 102122|2026-05-19 23:25:54.827|#
2774|2110|2025-10-17 00:00:00.000|-195.00000000000000000000|Direct Cost 40000 on 10/17/25|2026-05-19 23:25:54.900|#
2775|7190|2025-10-17 00:00:00.000|195.00000000000000000000|Direct Cost 40000 on 10/17/25|2026-05-19 23:25:54.900|#
2776|6120|2025-10-17 00:00:00.000|-250.20000000000000000000|Invoice 102123|2026-05-19 23:25:54.903|#
2777|2320|2025-10-17 00:00:00.000|250.20000000000000000000|Invoice 102123|2026-05-19 23:25:54.910|#
2778|2910|2025-10-17 00:00:00.000|250.20000000000000000000|Invoice 102123|2026-05-19 23:25:54.923|#
2779|2320|2025-10-17 00:00:00.000|-250.20000000000000000000|Invoice 102123|2026-05-19 23:25:54.923|#
2780|2110|2025-10-18 00:00:00.000|-292.50000000000000000000|Direct Cost 20000 on 10/18/25|2026-05-19 23:25:55.037|#
2781|7190|2025-10-18 00:00:00.000|292.50000000000000000000|Direct Cost 20000 on 10/18/25|2026-05-19 23:25:55.040|#
2782|2110|2025-10-18 00:00:00.000|-390.00000000000000000000|Direct Cost 20000 on 10/18/25|2026-05-19 23:25:55.043|#
2783|7190|2025-10-18 00:00:00.000|390.00000000000000000000|Direct Cost 20000 on 10/18/25|2026-05-19 23:25:55.043|#
2784|2110|2025-10-18 00:00:00.000|-192.20000000000000000000|Direct Cost 20000 on 10/18/25|2026-05-19 23:25:55.047|#
2785|7190|2025-10-18 00:00:00.000|192.20000000000000000000|Direct Cost 20000 on 10/18/25|2026-05-19 23:25:55.050|#
2786|6110|2025-10-18 00:00:00.000|-1122.30000000000000000000|Invoice 102124|2026-05-19 23:25:55.053|#
2787|5610|2025-10-18 00:00:00.000|-280.58000000000000000000|Invoice 102124|2026-05-19 23:25:55.053|#
2788|2310|2025-10-18 00:00:00.000|1402.88000000000000000000|Invoice 102124|2026-05-19 23:25:55.057|#
2789|2910|2025-10-18 00:00:00.000|1402.88000000000000000000|Invoice 102124|2026-05-19 23:25:55.070|#
2790|2310|2025-10-18 00:00:00.000|-1402.88000000000000000000|Invoice 102124|2026-05-19 23:25:55.070|#
2791|2110|2025-10-18 00:00:00.000|-2533.00000000000000000000|Direct Cost 10000 on 10/18/25|2026-05-19 23:25:55.197|#
2792|7190|2025-10-18 00:00:00.000|2533.00000000000000000000|Direct Cost 10000 on 10/18/25|2026-05-19 23:25:55.200|#
2793|2110|2025-10-18 00:00:00.000|-192.20000000000000000000|Direct Cost 10000 on 10/18/25|2026-05-19 23:25:55.203|#
2794|7190|2025-10-18 00:00:00.000|192.20000000000000000000|Direct Cost 10000 on 10/18/25|2026-05-19 23:25:55.207|#
2795|2110|2025-10-18 00:00:00.000|-2828.80000000000000000000|Direct Cost 10000 on 10/18/25|2026-05-19 23:25:55.210|#
2796|7190|2025-10-18 00:00:00.000|2828.80000000000000000000|Direct Cost 10000 on 10/18/25|2026-05-19 23:25:55.210|#
2797|6110|2025-10-18 00:00:00.000|-7120.40000000000000000000|Invoice 102125|2026-05-19 23:25:55.217|#
2798|5610|2025-10-18 00:00:00.000|-1780.10000000000000000000|Invoice 102125|2026-05-19 23:25:55.217|#
2799|2310|2025-10-18 00:00:00.000|8900.50000000000000000000|Invoice 102125|2026-05-19 23:25:55.220|#
2800|2910|2025-10-18 00:00:00.000|8900.50000000000000000000|Invoice 102125|2026-05-19 23:25:55.233|#
2801|2310|2025-10-18 00:00:00.000|-8900.50000000000000000000|Invoice 102125|2026-05-19 23:25:55.233|#
2802|2110|2025-10-20 00:00:00.000|-2195.00000000000000000000|Direct Cost 50000 on 10/20/25|2026-05-19 23:25:55.337|#
2803|7190|2025-10-20 00:00:00.000|2195.00000000000000000000|Direct Cost 50000 on 10/20/25|2026-05-19 23:25:55.337|#
2804|6110|2025-10-20 00:00:00.000|-2814.00000000000000000000|Invoice 102126|2026-05-19 23:25:55.343|#
2805|5610|2025-10-20 00:00:00.000|-703.50000000000000000000|Invoice 102126|2026-05-19 23:25:55.343|#
2806|2310|2025-10-20 00:00:00.000|3517.50000000000000000000|Invoice 102126|2026-05-19 23:25:55.347|#
2807|9340|2025-10-20 00:00:00.000|0.00000000000000000000|Residual caused by rounding of Additional-Currency Amount|2026-05-19 23:25:55.347|#
2808|2910|2025-10-20 00:00:00.000|3517.50000000000000000000|Invoice 102126|2026-05-19 23:25:55.360|#
2809|2310|2025-10-20 00:00:00.000|-3517.50000000000000000000|Invoice 102126|2026-05-19 23:25:55.363|#
2810|2110|2025-10-21 00:00:00.000|-194.60000000000000000000|Direct Cost 30000 on 10/21/25|2026-05-19 23:25:55.437|#
2811|7190|2025-10-21 00:00:00.000|194.60000000000000000000|Direct Cost 30000 on 10/21/25|2026-05-19 23:25:55.440|#
2812|6130|2025-10-21 00:00:00.000|-249.20000000000000000000|Invoice 102127|2026-05-19 23:25:55.443|#
2813|2320|2025-10-21 00:00:00.000|249.20000000000000000000|Invoice 102127|2026-05-19 23:25:55.447|#
2814|2910|2025-10-21 00:00:00.000|249.20000000000000000000|Invoice 102127|2026-05-19 23:25:55.463|#
2815|2320|2025-10-21 00:00:00.000|-249.20000000000000000000|Invoice 102127|2026-05-19 23:25:55.463|#
2816|2110|2025-10-21 00:00:00.000|-384.40000000000000000000|Direct Cost 40000 on 10/21/25|2026-05-19 23:25:55.597|#
2817|7190|2025-10-21 00:00:00.000|384.40000000000000000000|Direct Cost 40000 on 10/21/25|2026-05-19 23:25:55.600|#
2818|2110|2025-10-21 00:00:00.000|-656.00000000000000000000|Direct Cost 40000 on 10/21/25|2026-05-19 23:25:55.603|#
2819|7190|2025-10-21 00:00:00.000|656.00000000000000000000|Direct Cost 40000 on 10/21/25|2026-05-19 23:25:55.607|#
2820|2110|2025-10-21 00:00:00.000|-672.70000000000000000000|Direct Cost 40000 on 10/21/25|2026-05-19 23:25:55.607|#
2821|7190|2025-10-21 00:00:00.000|672.70000000000000000000|Direct Cost 40000 on 10/21/25|2026-05-19 23:25:55.610|#
2822|2110|2025-10-21 00:00:00.000|-96.10000000000000000000|Direct Cost 40000 on 10/21/25|2026-05-19 23:25:55.613|#
2823|7190|2025-10-21 00:00:00.000|96.10000000000000000000|Direct Cost 40000 on 10/21/25|2026-05-19 23:25:55.617|#
2824|6120|2025-10-21 00:00:00.000|-2320.40000000000000000000|Invoice 102128|2026-05-19 23:25:55.617|#
2825|2320|2025-10-21 00:00:00.000|2320.40000000000000000000|Invoice 102128|2026-05-19 23:25:55.623|#
2826|2910|2025-10-21 00:00:00.000|2320.40000000000000000000|Invoice 102128|2026-05-19 23:25:55.637|#
2827|2320|2025-10-21 00:00:00.000|-2320.40000000000000000000|Invoice 102128|2026-05-19 23:25:55.637|#
2828|2110|2025-10-23 00:00:00.000|-292.50000000000000000000|Direct Cost 20000 on 10/23/25|2026-05-19 23:25:55.767|#
2829|7190|2025-10-23 00:00:00.000|292.50000000000000000000|Direct Cost 20000 on 10/23/25|2026-05-19 23:25:55.767|#
2830|6110|2025-10-23 00:00:00.000|-375.30000000000000000000|Invoice 102129|2026-05-19 23:25:55.770|#
2831|5610|2025-10-23 00:00:00.000|-93.83000000000000000000|Invoice 102129|2026-05-19 23:25:55.770|#
2832|2310|2025-10-23 00:00:00.000|469.13000000000000000000|Invoice 102129|2026-05-19 23:25:55.777|#
2833|2910|2025-10-23 00:00:00.000|469.13000000000000000000|Invoice 102129|2026-05-19 23:25:55.790|#
2834|2310|2025-10-23 00:00:00.000|-469.13000000000000000000|Invoice 102129|2026-05-19 23:25:55.790|#
2835|2110|2025-10-24 00:00:00.000|-2026.40000000000000000000|Direct Cost 30000 on 10/24/25|2026-05-19 23:25:55.917|#
2836|7190|2025-10-24 00:00:00.000|2026.40000000000000000000|Direct Cost 30000 on 10/24/25|2026-05-19 23:25:55.920|#
2837|2110|2025-10-24 00:00:00.000|-877.50000000000000000000|Direct Cost 30000 on 10/24/25|2026-05-19 23:25:55.923|#
2838|7190|2025-10-24 00:00:00.000|877.50000000000000000000|Direct Cost 30000 on 10/24/25|2026-05-19 23:25:55.927|#
2839|2110|2025-10-24 00:00:00.000|-480.50000000000000000000|Direct Cost 30000 on 10/24/25|2026-05-19 23:25:55.927|#
2840|7190|2025-10-24 00:00:00.000|480.50000000000000000000|Direct Cost 30000 on 10/24/25|2026-05-19 23:25:55.930|#
2841|2110|2025-10-24 00:00:00.000|-2121.60000000000000000000|Direct Cost 30000 on 10/24/25|2026-05-19 23:25:55.933|#
2842|7190|2025-10-24 00:00:00.000|2121.60000000000000000000|Direct Cost 30000 on 10/24/25|2026-05-19 23:25:55.937|#
2843|6130|2025-10-24 00:00:00.000|-7060.10000000000000000000|Invoice 102130|2026-05-19 23:25:55.937|#
2844|2320|2025-10-24 00:00:00.000|7060.10000000000000000000|Invoice 102130|2026-05-19 23:25:55.943|#
2845|2910|2025-10-24 00:00:00.000|7060.10000000000000000000|Invoice 102130|2026-05-19 23:25:55.957|#
2846|2320|2025-10-24 00:00:00.000|-7060.10000000000000000000|Invoice 102130|2026-05-19 23:25:55.957|#
2847|2110|2025-10-31 00:00:00.000|-656.00000000000000000000|Direct Cost 50000 on 10/31/25|2026-05-19 23:25:56.087|#
2848|7190|2025-10-31 00:00:00.000|656.00000000000000000000|Direct Cost 50000 on 10/31/25|2026-05-19 23:25:56.087|#
2849|2110|2025-10-31 00:00:00.000|-390.00000000000000000000|Direct Cost 50000 on 10/31/25|2026-05-19 23:25:56.090|#
2850|7190|2025-10-31 00:00:00.000|390.00000000000000000000|Direct Cost 50000 on 10/31/25|2026-05-19 23:25:56.093|#
2851|6110|2025-10-31 00:00:00.000|-1341.20000000000000000000|Invoice 102131|2026-05-19 23:25:56.097|#
2852|5610|2025-10-31 00:00:00.000|-335.30000000000000000000|Invoice 102131|2026-05-19 23:25:56.097|#
2853|2310|2025-10-31 00:00:00.000|1676.50000000000000000000|Invoice 102131|2026-05-19 23:25:56.100|#
2854|2910|2025-10-31 00:00:00.000|1676.50000000000000000000|Invoice 102131|2026-05-19 23:25:56.113|#
2855|2310|2025-10-31 00:00:00.000|-1676.50000000000000000000|Invoice 102131|2026-05-19 23:25:56.113|#
2856|2110|2025-11-01 00:00:00.000|-97.50000000000000000000|Direct Cost 30000 on 11/01/25|2026-05-19 23:25:56.217|#
2857|7190|2025-11-01 00:00:00.000|97.50000000000000000000|Direct Cost 30000 on 11/01/25|2026-05-19 23:25:56.217|#
2858|2110|2025-11-01 00:00:00.000|-576.60000000000000000000|Direct Cost 30000 on 11/01/25|2026-05-19 23:25:56.220|#
2859|7190|2025-11-01 00:00:00.000|576.60000000000000000000|Direct Cost 30000 on 11/01/25|2026-05-19 23:25:56.220|#
2860|6130|2025-11-01 00:00:00.000|-864.90000000000000000000|Invoice 102132|2026-05-19 23:25:56.227|#
2861|2320|2025-11-01 00:00:00.000|864.90000000000000000000|Invoice 102132|2026-05-19 23:25:56.230|#
2862|2910|2025-11-01 00:00:00.000|864.90000000000000000000|Invoice 102132|2026-05-19 23:25:56.243|#
2863|2320|2025-11-01 00:00:00.000|-864.90000000000000000000|Invoice 102132|2026-05-19 23:25:56.243|#
2864|2110|2025-11-12 00:00:00.000|-55.60000000000000000000|Direct Cost 20000 on 11/12/25|2026-05-19 23:25:56.340|#
2865|7190|2025-11-12 00:00:00.000|55.60000000000000000000|Direct Cost 20000 on 11/12/25|2026-05-19 23:25:56.343|#
2866|6110|2025-11-12 00:00:00.000|-71.20000000000000000000|Invoice 102133|2026-05-19 23:25:56.347|#
2867|5610|2025-11-12 00:00:00.000|-17.80000000000000000000|Invoice 102133|2026-05-19 23:25:56.347|#
2868|2310|2025-11-12 00:00:00.000|89.00000000000000000000|Invoice 102133|2026-05-19 23:25:56.353|#
2869|2910|2025-11-12 00:00:00.000|89.00000000000000000000|Invoice 102133|2026-05-19 23:25:56.367|#
2870|2310|2025-11-12 00:00:00.000|-89.00000000000000000000|Invoice 102133|2026-05-19 23:25:56.367|#
2871|2110|2025-11-14 00:00:00.000|-97.50000000000000000000|Direct Cost 30000 on 11/14/25|2026-05-19 23:25:56.443|#
2872|7190|2025-11-14 00:00:00.000|97.50000000000000000000|Direct Cost 30000 on 11/14/25|2026-05-19 23:25:56.447|#
2873|6130|2025-11-14 00:00:00.000|-125.10000000000000000000|Invoice 102134|2026-05-19 23:25:56.450|#
2874|2320|2025-11-14 00:00:00.000|125.10000000000000000000|Invoice 102134|2026-05-19 23:25:56.460|#
2875|2910|2025-11-14 00:00:00.000|125.10000000000000000000|Invoice 102134|2026-05-19 23:25:56.473|#
2876|2320|2025-11-14 00:00:00.000|-125.10000000000000000000|Invoice 102134|2026-05-19 23:25:56.473|#
2877|2110|2025-11-15 00:00:00.000|-192.20000000000000000000|Direct Cost 50000 on 11/15/25|2026-05-19 23:25:56.547|#
2878|7190|2025-11-15 00:00:00.000|192.20000000000000000000|Direct Cost 50000 on 11/15/25|2026-05-19 23:25:56.550|#
2879|6110|2025-11-15 00:00:00.000|-246.60000000000000000000|Invoice 102135|2026-05-19 23:25:56.553|#
2880|5610|2025-11-15 00:00:00.000|-61.65000000000000000000|Invoice 102135|2026-05-19 23:25:56.553|#
2881|2310|2025-11-15 00:00:00.000|308.25000000000000000000|Invoice 102135|2026-05-19 23:25:56.557|#
2882|2910|2025-11-15 00:00:00.000|308.25000000000000000000|Invoice 102135|2026-05-19 23:25:56.570|#
2883|2310|2025-11-15 00:00:00.000|-308.25000000000000000000|Invoice 102135|2026-05-19 23:25:56.570|#
2884|2110|2025-11-16 00:00:00.000|-2026.40000000000000000000|Direct Cost 10000 on 11/16/25|2026-05-19 23:25:56.707|#
2885|7190|2025-11-16 00:00:00.000|2026.40000000000000000000|Direct Cost 10000 on 11/16/25|2026-05-19 23:25:56.710|#
2886|2110|2025-11-16 00:00:00.000|-292.50000000000000000000|Direct Cost 10000 on 11/16/25|2026-05-19 23:25:56.713|#
2887|7190|2025-11-16 00:00:00.000|292.50000000000000000000|Direct Cost 10000 on 11/16/25|2026-05-19 23:25:56.713|#
2888|2110|2025-11-16 00:00:00.000|-192.20000000000000000000|Direct Cost 10000 on 11/16/25|2026-05-19 23:25:56.717|#
2889|7190|2025-11-16 00:00:00.000|192.20000000000000000000|Direct Cost 10000 on 11/16/25|2026-05-19 23:25:56.720|#
2890|2110|2025-11-16 00:00:00.000|-2828.80000000000000000000|Direct Cost 10000 on 11/16/25|2026-05-19 23:25:56.723|#
2891|7190|2025-11-16 00:00:00.000|2828.80000000000000000000|Direct Cost 10000 on 11/16/25|2026-05-19 23:25:56.727|#
2892|6110|2025-11-16 00:00:00.000|-6846.30000000000000000000|Invoice 102136|2026-05-19 23:25:56.730|#
2893|5610|2025-11-16 00:00:00.000|-1711.58000000000000000000|Invoice 102136|2026-05-19 23:25:56.730|#
2894|2310|2025-11-16 00:00:00.000|8557.88000000000000000000|Invoice 102136|2026-05-19 23:25:56.733|#
2895|9340|2025-11-16 00:00:00.000|0.00000000000000000000|Residual caused by rounding of Additional-Currency Amount|2026-05-19 23:25:56.733|#
2896|2910|2025-11-16 00:00:00.000|8557.88000000000000000000|Invoice 102136|2026-05-19 23:25:56.747|#
2897|2310|2025-11-16 00:00:00.000|-8557.88000000000000000000|Invoice 102136|2026-05-19 23:25:56.747|#
2898|2110|2025-11-17 00:00:00.000|-292.50000000000000000000|Direct Cost 20000 on 11/17/25|2026-05-19 23:25:56.903|#
2899|7190|2025-11-17 00:00:00.000|292.50000000000000000000|Direct Cost 20000 on 11/17/25|2026-05-19 23:25:56.907|#
2900|2110|2025-11-17 00:00:00.000|-390.00000000000000000000|Direct Cost 20000 on 11/17/25|2026-05-19 23:25:56.910|#
2901|7190|2025-11-17 00:00:00.000|390.00000000000000000000|Direct Cost 20000 on 11/17/25|2026-05-19 23:25:56.910|#
2902|2110|2025-11-17 00:00:00.000|-192.20000000000000000000|Direct Cost 20000 on 11/17/25|2026-05-19 23:25:56.913|#
2903|7190|2025-11-17 00:00:00.000|192.20000000000000000000|Direct Cost 20000 on 11/17/25|2026-05-19 23:25:56.917|#
2904|6110|2025-11-17 00:00:00.000|-1122.30000000000000000000|Invoice 102137|2026-05-19 23:25:56.920|#
2905|5610|2025-11-17 00:00:00.000|-280.58000000000000000000|Invoice 102137|2026-05-19 23:25:56.920|#
2906|2310|2025-11-17 00:00:00.000|1402.88000000000000000000|Invoice 102137|2026-05-19 23:25:56.923|#
2907|2910|2025-11-17 00:00:00.000|1402.88000000000000000000|Invoice 102137|2026-05-19 23:25:56.937|#
2908|2310|2025-11-17 00:00:00.000|-1402.88000000000000000000|Invoice 102137|2026-05-19 23:25:56.937|#
2909|2110|2025-11-19 00:00:00.000|-1317.00000000000000000000|Direct Cost 50000 on 11/19/25|2026-05-19 23:25:57.027|#
2910|7190|2025-11-19 00:00:00.000|1317.00000000000000000000|Direct Cost 50000 on 11/19/25|2026-05-19 23:25:57.030|#
2911|6110|2025-11-19 00:00:00.000|-1688.40000000000000000000|Invoice 102138|2026-05-19 23:25:57.037|#
2912|5610|2025-11-19 00:00:00.000|-422.10000000000000000000|Invoice 102138|2026-05-19 23:25:57.037|#
2913|2310|2025-11-19 00:00:00.000|2110.50000000000000000000|Invoice 102138|2026-05-19 23:25:57.040|#
2914|2910|2025-11-19 00:00:00.000|2110.50000000000000000000|Invoice 102138|2026-05-19 23:25:57.053|#
2915|2310|2025-11-19 00:00:00.000|-2110.50000000000000000000|Invoice 102138|2026-05-19 23:25:57.053|#
2916|2110|2025-11-19 00:00:00.000|-384.40000000000000000000|Direct Cost 40000 on 11/19/25|2026-05-19 23:25:57.203|#
2917|7190|2025-11-19 00:00:00.000|384.40000000000000000000|Direct Cost 40000 on 11/19/25|2026-05-19 23:25:57.207|#
2918|2110|2025-11-19 00:00:00.000|-656.00000000000000000000|Direct Cost 40000 on 11/19/25|2026-05-19 23:25:57.207|#
2919|7190|2025-11-19 00:00:00.000|656.00000000000000000000|Direct Cost 40000 on 11/19/25|2026-05-19 23:25:57.210|#
2920|2110|2025-11-19 00:00:00.000|-195.00000000000000000000|Direct Cost 40000 on 11/19/25|2026-05-19 23:25:57.213|#
2921|7190|2025-11-19 00:00:00.000|195.00000000000000000000|Direct Cost 40000 on 11/19/25|2026-05-19 23:25:57.213|#
2922|2110|2025-11-19 00:00:00.000|-384.40000000000000000000|Direct Cost 40000 on 11/19/25|2026-05-19 23:25:57.217|#
2923|7190|2025-11-19 00:00:00.000|384.40000000000000000000|Direct Cost 40000 on 11/19/25|2026-05-19 23:25:57.220|#
2924|2110|2025-11-19 00:00:00.000|-96.10000000000000000000|Direct Cost 40000 on 11/19/25|2026-05-19 23:25:57.220|#
2925|7190|2025-11-19 00:00:00.000|96.10000000000000000000|Direct Cost 40000 on 11/19/25|2026-05-19 23:25:57.223|#
2926|6120|2025-11-19 00:00:00.000|-2200.70000000000000000000|Invoice 102139|2026-05-19 23:25:57.227|#
2927|2320|2025-11-19 00:00:00.000|2200.70000000000000000000|Invoice 102139|2026-05-19 23:25:57.230|#
2928|2910|2025-11-19 00:00:00.000|2200.70000000000000000000|Invoice 102139|2026-05-19 23:25:57.243|#
2929|2320|2025-11-19 00:00:00.000|-2200.70000000000000000000|Invoice 102139|2026-05-19 23:25:57.243|#
2930|2110|2025-11-20 00:00:00.000|-390.00000000000000000000|Direct Cost 20000 on 11/20/25|2026-05-19 23:25:57.373|#
2931|7190|2025-11-20 00:00:00.000|390.00000000000000000000|Direct Cost 20000 on 11/20/25|2026-05-19 23:25:57.377|#
2932|6110|2025-11-20 00:00:00.000|-500.40000000000000000000|Invoice 102140|2026-05-19 23:25:57.380|#
2933|5610|2025-11-20 00:00:00.000|-125.10000000000000000000|Invoice 102140|2026-05-19 23:25:57.380|#
2934|2310|2025-11-20 00:00:00.000|625.50000000000000000000|Invoice 102140|2026-05-19 23:25:57.387|#
2935|9330|2025-11-20 00:00:00.000|0.00000000000000000000|Residual caused by rounding of Additional-Currency Amount|2026-05-19 23:25:57.387|#
2936|2910|2025-11-20 00:00:00.000|625.50000000000000000000|Invoice 102140|2026-05-19 23:25:57.400|#
2937|2310|2025-11-20 00:00:00.000|-625.50000000000000000000|Invoice 102140|2026-05-19 23:25:57.400|#
2938|2110|2025-11-20 00:00:00.000|-2026.40000000000000000000|Direct Cost 30000 on 11/20/25|2026-05-19 23:25:57.507|#
2939|7190|2025-11-20 00:00:00.000|2026.40000000000000000000|Direct Cost 30000 on 11/20/25|2026-05-19 23:25:57.510|#
2940|2110|2025-11-20 00:00:00.000|-194.60000000000000000000|Direct Cost 30000 on 11/20/25|2026-05-19 23:25:57.513|#
2941|7190|2025-11-20 00:00:00.000|194.60000000000000000000|Direct Cost 30000 on 11/20/25|2026-05-19 23:25:57.513|#
2942|2110|2025-11-20 00:00:00.000|-1414.40000000000000000000|Direct Cost 30000 on 11/20/25|2026-05-19 23:25:57.517|#
2943|7190|2025-11-20 00:00:00.000|1414.40000000000000000000|Direct Cost 30000 on 11/20/25|2026-05-19 23:25:57.520|#
2944|6130|2025-11-20 00:00:00.000|-4660.20000000000000000000|Invoice 102141|2026-05-19 23:25:57.523|#
2945|2320|2025-11-20 00:00:00.000|4660.20000000000000000000|Invoice 102141|2026-05-19 23:25:57.527|#
2946|2910|2025-11-20 00:00:00.000|4660.20000000000000000000|Invoice 102141|2026-05-19 23:25:57.540|#
2947|2320|2025-11-20 00:00:00.000|-4660.20000000000000000000|Invoice 102141|2026-05-19 23:25:57.540|#
2948|2110|2025-11-23 00:00:00.000|-656.00000000000000000000|Direct Cost 50000 on 11/23/25|2026-05-19 23:25:57.673|#
2949|7190|2025-11-23 00:00:00.000|656.00000000000000000000|Direct Cost 50000 on 11/23/25|2026-05-19 23:25:57.673|#
2950|2110|2025-11-23 00:00:00.000|-390.00000000000000000000|Direct Cost 50000 on 11/23/25|2026-05-19 23:25:57.677|#
2951|7190|2025-11-23 00:00:00.000|390.00000000000000000000|Direct Cost 50000 on 11/23/25|2026-05-19 23:25:57.677|#
2952|6110|2025-11-23 00:00:00.000|-1341.20000000000000000000|Invoice 102142|2026-05-19 23:25:57.683|#
2953|5610|2025-11-23 00:00:00.000|-335.30000000000000000000|Invoice 102142|2026-05-19 23:25:57.683|#
2954|2310|2025-11-23 00:00:00.000|1676.50000000000000000000|Invoice 102142|2026-05-19 23:25:57.687|#
2955|2910|2025-11-23 00:00:00.000|1676.50000000000000000000|Invoice 102142|2026-05-19 23:25:57.700|#
2956|2310|2025-11-23 00:00:00.000|-1676.50000000000000000000|Invoice 102142|2026-05-19 23:25:57.700|#
2957|2110|2025-11-23 00:00:00.000|-682.50000000000000000000|Direct Cost 30000 on 11/23/25|2026-05-19 23:25:57.827|#
2958|7190|2025-11-23 00:00:00.000|682.50000000000000000000|Direct Cost 30000 on 11/23/25|2026-05-19 23:25:57.830|#
2959|2110|2025-11-23 00:00:00.000|-288.30000000000000000000|Direct Cost 30000 on 11/23/25|2026-05-19 23:25:57.833|#
2960|7190|2025-11-23 00:00:00.000|288.30000000000000000000|Direct Cost 30000 on 11/23/25|2026-05-19 23:25:57.833|#
2961|2110|2025-11-23 00:00:00.000|-480.50000000000000000000|Direct Cost 30000 on 11/23/25|2026-05-19 23:25:57.837|#
2962|7190|2025-11-23 00:00:00.000|480.50000000000000000000|Direct Cost 30000 on 11/23/25|2026-05-19 23:25:57.840|#
2963|6130|2025-11-23 00:00:00.000|-1862.10000000000000000000|Invoice 102143|2026-05-19 23:25:57.843|#
2964|2320|2025-11-23 00:00:00.000|1862.10000000000000000000|Invoice 102143|2026-05-19 23:25:57.847|#
2965|2910|2025-11-23 00:00:00.000|1862.10000000000000000000|Invoice 102143|2026-05-19 23:25:57.860|#
2966|2320|2025-11-23 00:00:00.000|-1862.10000000000000000000|Invoice 102143|2026-05-19 23:25:57.860|#
2967|2110|2025-12-01 00:00:00.000|-97.50000000000000000000|Direct Cost 30000 on 12/01/25|2026-05-19 23:25:57.967|#
2968|7190|2025-12-01 00:00:00.000|97.50000000000000000000|Direct Cost 30000 on 12/01/25|2026-05-19 23:25:57.970|#
2969|6130|2025-12-01 00:00:00.000|-125.10000000000000000000|Invoice 102144|2026-05-19 23:25:57.973|#
2970|2320|2025-12-01 00:00:00.000|125.10000000000000000000|Invoice 102144|2026-05-19 23:25:57.977|#
2971|2910|2025-12-01 00:00:00.000|125.10000000000000000000|Invoice 102144|2026-05-19 23:25:57.993|#
2972|2320|2025-12-01 00:00:00.000|-125.10000000000000000000|Invoice 102144|2026-05-19 23:25:57.993|#
2973|2110|2025-12-13 00:00:00.000|-55.60000000000000000000|Direct Cost 20000 on 12/13/25|2026-05-19 23:25:58.090|#
2974|7190|2025-12-13 00:00:00.000|55.60000000000000000000|Direct Cost 20000 on 12/13/25|2026-05-19 23:25:58.093|#
2975|2110|2025-12-13 00:00:00.000|-97.50000000000000000000|Direct Cost 20000 on 12/13/25|2026-05-19 23:25:58.097|#
2976|7190|2025-12-13 00:00:00.000|97.50000000000000000000|Direct Cost 20000 on 12/13/25|2026-05-19 23:25:58.097|#
2977|6110|2025-12-13 00:00:00.000|-196.30000000000000000000|Invoice 102145|2026-05-19 23:25:58.103|#
2978|5610|2025-12-13 00:00:00.000|-49.08000000000000000000|Invoice 102145|2026-05-19 23:25:58.103|#
2979|2310|2025-12-13 00:00:00.000|245.38000000000000000000|Invoice 102145|2026-05-19 23:25:58.107|#
2980|2910|2025-12-13 00:00:00.000|245.38000000000000000000|Invoice 102145|2026-05-19 23:25:58.123|#
2981|2310|2025-12-13 00:00:00.000|-245.38000000000000000000|Invoice 102145|2026-05-19 23:25:58.123|#
2982|2110|2025-12-14 00:00:00.000|-195.00000000000000000000|Direct Cost 10000 on 12/14/25|2026-05-19 23:25:58.227|#
2983|7190|2025-12-14 00:00:00.000|195.00000000000000000000|Direct Cost 10000 on 12/14/25|2026-05-19 23:25:58.230|#
2984|6110|2025-12-14 00:00:00.000|-250.20000000000000000000|Invoice 102146|2026-05-19 23:25:58.233|#
2985|5610|2025-12-14 00:00:00.000|-62.55000000000000000000|Invoice 102146|2026-05-19 23:25:58.233|#
2986|2310|2025-12-14 00:00:00.000|312.75000000000000000000|Invoice 102146|2026-05-19 23:25:58.240|#
2987|9340|2025-12-14 00:00:00.000|0.00000000000000000000|Residual caused by rounding of Additional-Currency Amount|2026-05-19 23:25:58.240|#
2988|2910|2025-12-14 00:00:00.000|312.75000000000000000000|Invoice 102146|2026-05-19 23:25:58.253|#
2989|2310|2025-12-14 00:00:00.000|-312.75000000000000000000|Invoice 102146|2026-05-19 23:25:58.253|#
2990|2110|2025-12-16 00:00:00.000|-96.10000000000000000000|Direct Cost 50000 on 12/16/25|2026-05-19 23:25:58.337|#
2991|7190|2025-12-16 00:00:00.000|96.10000000000000000000|Direct Cost 50000 on 12/16/25|2026-05-19 23:25:58.340|#
2992|6110|2025-12-16 00:00:00.000|-123.30000000000000000000|Invoice 102147|2026-05-19 23:25:58.343|#
2993|5610|2025-12-16 00:00:00.000|-30.83000000000000000000|Invoice 102147|2026-05-19 23:25:58.343|#
2994|2310|2025-12-16 00:00:00.000|154.13000000000000000000|Invoice 102147|2026-05-19 23:25:58.350|#
2995|2910|2025-12-16 00:00:00.000|154.13000000000000000000|Invoice 102147|2026-05-19 23:25:58.363|#
2996|2310|2025-12-16 00:00:00.000|-154.13000000000000000000|Invoice 102147|2026-05-19 23:25:58.363|#
2997|2110|2025-12-17 00:00:00.000|-1519.80000000000000000000|Direct Cost 10000 on 12/17/25|2026-05-19 23:25:58.467|#
2998|7190|2025-12-17 00:00:00.000|1519.80000000000000000000|Direct Cost 10000 on 12/17/25|2026-05-19 23:25:58.467|#
2999|2110|2025-12-17 00:00:00.000|-96.10000000000000000000|Direct Cost 10000 on 12/17/25|2026-05-19 23:25:58.470|#
3000|7190|2025-12-17 00:00:00.000|96.10000000000000000000|Direct Cost 10000 on 12/17/25|2026-05-19 23:25:58.473|#
3001|6110|2025-12-17 00:00:00.000|-2071.50000000000000000000|Invoice 102148|2026-05-19 23:25:58.477|#
3002|5610|2025-12-17 00:00:00.000|-517.88000000000000000000|Invoice 102148|2026-05-19 23:25:58.477|#
3003|2310|2025-12-17 00:00:00.000|2589.38000000000000000000|Invoice 102148|2026-05-19 23:25:58.483|#
3004|2910|2025-12-17 00:00:00.000|2589.38000000000000000000|Invoice 102148|2026-05-19 23:25:58.497|#
3005|2310|2025-12-17 00:00:00.000|-2589.38000000000000000000|Invoice 102148|2026-05-19 23:25:58.497|#
3006|2110|2025-12-18 00:00:00.000|-97.50000000000000000000|Direct Cost 20000 on 12/18/25|2026-05-19 23:25:58.610|#
3007|7190|2025-12-18 00:00:00.000|97.50000000000000000000|Direct Cost 20000 on 12/18/25|2026-05-19 23:25:58.610|#
3008|2110|2025-12-18 00:00:00.000|-195.00000000000000000000|Direct Cost 20000 on 12/18/25|2026-05-19 23:25:58.613|#
3009|7190|2025-12-18 00:00:00.000|195.00000000000000000000|Direct Cost 20000 on 12/18/25|2026-05-19 23:25:58.617|#
3010|6110|2025-12-18 00:00:00.000|-375.30000000000000000000|Invoice 102149|2026-05-19 23:25:58.620|#
3011|5610|2025-12-18 00:00:00.000|-93.83000000000000000000|Invoice 102149|2026-05-19 23:25:58.620|#
3012|2310|2025-12-18 00:00:00.000|469.13000000000000000000|Invoice 102149|2026-05-19 23:25:58.627|#
3013|2910|2025-12-18 00:00:00.000|469.13000000000000000000|Invoice 102149|2026-05-19 23:25:58.637|#
3014|2310|2025-12-18 00:00:00.000|-469.13000000000000000000|Invoice 102149|2026-05-19 23:25:58.637|#
3015|2110|2025-12-18 00:00:00.000|-97.50000000000000000000|Direct Cost 40000 on 12/18/25|2026-05-19 23:25:58.747|#
3016|7190|2025-12-18 00:00:00.000|97.50000000000000000000|Direct Cost 40000 on 12/18/25|2026-05-19 23:25:58.747|#
3017|2110|2025-12-18 00:00:00.000|-1414.40000000000000000000|Direct Cost 40000 on 12/18/25|2026-05-19 23:25:58.750|#
3018|7190|2025-12-18 00:00:00.000|1414.40000000000000000000|Direct Cost 40000 on 12/18/25|2026-05-19 23:25:58.753|#
3019|6120|2025-12-18 00:00:00.000|-1938.50000000000000000000|Invoice 102150|2026-05-19 23:25:58.757|#
3020|2320|2025-12-18 00:00:00.000|1938.50000000000000000000|Invoice 102150|2026-05-19 23:25:58.760|#
3021|2910|2025-12-18 00:00:00.000|1938.50000000000000000000|Invoice 102150|2026-05-19 23:25:58.773|#
3022|2320|2025-12-18 00:00:00.000|-1938.50000000000000000000|Invoice 102150|2026-05-19 23:25:58.773|#
3023|2110|2025-12-20 00:00:00.000|-439.00000000000000000000|Direct Cost 50000 on 12/20/25|2026-05-19 23:25:58.867|#
3024|7190|2025-12-20 00:00:00.000|439.00000000000000000000|Direct Cost 50000 on 12/20/25|2026-05-19 23:25:58.867|#
3025|6110|2025-12-20 00:00:00.000|-562.80000000000000000000|Invoice 102151|2026-05-19 23:25:58.873|#
3026|5610|2025-12-20 00:00:00.000|-140.70000000000000000000|Invoice 102151|2026-05-19 23:25:58.873|#
3027|2310|2025-12-20 00:00:00.000|703.50000000000000000000|Invoice 102151|2026-05-19 23:25:58.877|#
3028|2910|2025-12-20 00:00:00.000|703.50000000000000000000|Invoice 102151|2026-05-19 23:25:58.890|#
3029|2310|2025-12-20 00:00:00.000|-703.50000000000000000000|Invoice 102151|2026-05-19 23:25:58.890|#
3030|2110|2025-12-21 00:00:00.000|-111.20000000000000000000|Direct Cost 30000 on 12/21/25|2026-05-19 23:25:58.967|#
3031|7190|2025-12-21 00:00:00.000|111.20000000000000000000|Direct Cost 30000 on 12/21/25|2026-05-19 23:25:58.967|#
3032|6130|2025-12-21 00:00:00.000|-142.40000000000000000000|Invoice 102152|2026-05-19 23:25:58.970|#
3033|2320|2025-12-21 00:00:00.000|142.40000000000000000000|Invoice 102152|2026-05-19 23:25:58.977|#
3034|2910|2025-12-21 00:00:00.000|142.40000000000000000000|Invoice 102152|2026-05-19 23:25:58.990|#
3035|2320|2025-12-21 00:00:00.000|-142.40000000000000000000|Invoice 102152|2026-05-19 23:25:58.990|#
3036|2110|2025-12-21 00:00:00.000|-288.30000000000000000000|Direct Cost 40000 on 12/21/25|2026-05-19 23:25:59.110|#
3037|7190|2025-12-21 00:00:00.000|288.30000000000000000000|Direct Cost 40000 on 12/21/25|2026-05-19 23:25:59.113|#
3038|2110|2025-12-21 00:00:00.000|-328.00000000000000000000|Direct Cost 40000 on 12/21/25|2026-05-19 23:25:59.117|#
3039|7190|2025-12-21 00:00:00.000|328.00000000000000000000|Direct Cost 40000 on 12/21/25|2026-05-19 23:25:59.117|#
3040|2110|2025-12-21 00:00:00.000|-288.30000000000000000000|Direct Cost 40000 on 12/21/25|2026-05-19 23:25:59.123|#
3041|7190|2025-12-21 00:00:00.000|288.30000000000000000000|Direct Cost 40000 on 12/21/25|2026-05-19 23:25:59.123|#
3042|6120|2025-12-21 00:00:00.000|-1160.20000000000000000000|Invoice 102153|2026-05-19 23:25:59.127|#
3043|2320|2025-12-21 00:00:00.000|1160.20000000000000000000|Invoice 102153|2026-05-19 23:25:59.133|#
3044|2910|2025-12-21 00:00:00.000|1160.20000000000000000000|Invoice 102153|2026-05-19 23:25:59.147|#
3045|2320|2025-12-21 00:00:00.000|-1160.20000000000000000000|Invoice 102153|2026-05-19 23:25:59.147|#
3046|2110|2025-12-24 00:00:00.000|-328.00000000000000000000|Direct Cost 50000 on 12/24/25|2026-05-19 23:25:59.250|#
3047|7190|2025-12-24 00:00:00.000|328.00000000000000000000|Direct Cost 50000 on 12/24/25|2026-05-19 23:25:59.253|#
3048|6110|2025-12-24 00:00:00.000|-420.40000000000000000000|Invoice 102154|2026-05-19 23:25:59.257|#
3049|5610|2025-12-24 00:00:00.000|-105.10000000000000000000|Invoice 102154|2026-05-19 23:25:59.257|#
3050|2310|2025-12-24 00:00:00.000|525.50000000000000000000|Invoice 102154|2026-05-19 23:25:59.263|#
3051|2910|2025-12-24 00:00:00.000|525.50000000000000000000|Invoice 102154|2026-05-19 23:25:59.277|#
3052|2310|2025-12-24 00:00:00.000|-525.50000000000000000000|Invoice 102154|2026-05-19 23:25:59.277|#
3053|2110|2025-12-24 00:00:00.000|-1519.80000000000000000000|Direct Cost 30000 on 12/24/25|2026-05-19 23:25:59.430|#
3054|7190|2025-12-24 00:00:00.000|1519.80000000000000000000|Direct Cost 30000 on 12/24/25|2026-05-19 23:25:59.430|#
3055|2110|2025-12-24 00:00:00.000|-487.50000000000000000000|Direct Cost 30000 on 12/24/25|2026-05-19 23:25:59.433|#
3056|7190|2025-12-24 00:00:00.000|487.50000000000000000000|Direct Cost 30000 on 12/24/25|2026-05-19 23:25:59.437|#
3057|2110|2025-12-24 00:00:00.000|-192.20000000000000000000|Direct Cost 30000 on 12/24/25|2026-05-19 23:25:59.440|#
3058|7190|2025-12-24 00:00:00.000|192.20000000000000000000|Direct Cost 30000 on 12/24/25|2026-05-19 23:25:59.443|#
3059|2110|2025-12-24 00:00:00.000|-195.00000000000000000000|Direct Cost 30000 on 12/24/25|2026-05-19 23:25:59.447|#
3060|7190|2025-12-24 00:00:00.000|195.00000000000000000000|Direct Cost 30000 on 12/24/25|2026-05-19 23:25:59.447|#
3061|2110|2025-12-24 00:00:00.000|-288.30000000000000000000|Direct Cost 30000 on 12/24/25|2026-05-19 23:25:59.453|#
3062|7190|2025-12-24 00:00:00.000|288.30000000000000000000|Direct Cost 30000 on 12/24/25|2026-05-19 23:25:59.453|#
3063|6130|2025-12-24 00:00:00.000|-3440.40000000000000000000|Invoice 102155|2026-05-19 23:25:59.457|#
3064|2320|2025-12-24 00:00:00.000|3440.40000000000000000000|Invoice 102155|2026-05-19 23:25:59.463|#
3065|2910|2025-12-24 00:00:00.000|3440.40000000000000000000|Invoice 102155|2026-05-19 23:25:59.477|#
3066|2320|2025-12-24 00:00:00.000|-3440.40000000000000000000|Invoice 102155|2026-05-19 23:25:59.477|#
3067|2110|2025-12-24 00:00:00.000|-195.00000000000000000000|Direct Cost 20000 on 12/24/25|2026-05-19 23:25:59.630|#
3068|7190|2025-12-24 00:00:00.000|195.00000000000000000000|Direct Cost 20000 on 12/24/25|2026-05-19 23:25:59.633|#
3069|2110|2025-12-24 00:00:00.000|-192.20000000000000000000|Direct Cost 20000 on 12/24/25|2026-05-19 23:25:59.637|#
3070|7190|2025-12-24 00:00:00.000|192.20000000000000000000|Direct Cost 20000 on 12/24/25|2026-05-19 23:25:59.637|#
3071|6110|2025-12-24 00:00:00.000|-496.80000000000000000000|Invoice 102156|2026-05-19 23:25:59.640|#
3072|5610|2025-12-24 00:00:00.000|-124.20000000000000000000|Invoice 102156|2026-05-19 23:25:59.640|#
3073|2310|2025-12-24 00:00:00.000|621.00000000000000000000|Invoice 102156|2026-05-19 23:25:59.647|#
3074|2910|2025-12-24 00:00:00.000|621.00000000000000000000|Invoice 102156|2026-05-19 23:25:59.660|#
3075|2310|2025-12-24 00:00:00.000|-621.00000000000000000000|Invoice 102156|2026-05-19 23:25:59.660|#
3076|2110|2025-12-31 00:00:00.000|-1414.40000000000000000000|Direct Cost 10000 on 12/31/25|2026-05-19 23:25:59.747|#
3077|7190|2025-12-31 00:00:00.000|1414.40000000000000000000|Direct Cost 10000 on 12/31/25|2026-05-19 23:25:59.747|#
3078|6110|2025-12-31 00:00:00.000|-1813.40000000000000000000|Invoice 102157|2026-05-19 23:25:59.753|#
3079|5610|2025-12-31 00:00:00.000|-453.35000000000000000000|Invoice 102157|2026-05-19 23:25:59.753|#
3080|2310|2025-12-31 00:00:00.000|2266.75000000000000000000|Invoice 102157|2026-05-19 23:25:59.757|#
3081|2910|2025-12-31 00:00:00.000|2266.75000000000000000000|Invoice 102157|2026-05-19 23:25:59.770|#
3082|2310|2025-12-31 00:00:00.000|-2266.75000000000000000000|Invoice 102157|2026-05-19 23:25:59.770|#
3083|2110|2026-01-01 00:00:00.000|-97.50000000000000000000|Direct Cost 30000 on 01/01/26|2026-05-19 23:25:59.850|#
3084|7190|2026-01-01 00:00:00.000|97.50000000000000000000|Direct Cost 30000 on 01/01/26|2026-05-19 23:25:59.853|#
3085|6130|2026-01-01 00:00:00.000|-125.10000000000000000000|Invoice 102158|2026-05-19 23:25:59.857|#
3086|2320|2026-01-01 00:00:00.000|125.10000000000000000000|Invoice 102158|2026-05-19 23:25:59.860|#
3087|2910|2026-01-01 00:00:00.000|125.10000000000000000000|Invoice 102158|2026-05-19 23:25:59.873|#
3088|2320|2026-01-01 00:00:00.000|-125.10000000000000000000|Invoice 102158|2026-05-19 23:25:59.873|#
3089|2110|2026-01-13 00:00:00.000|-83.40000000000000000000|Direct Cost 20000 on 01/13/26|2026-05-19 23:25:59.970|#
3090|7190|2026-01-13 00:00:00.000|83.40000000000000000000|Direct Cost 20000 on 01/13/26|2026-05-19 23:25:59.970|#
3091|6110|2026-01-13 00:00:00.000|-106.80000000000000000000|Invoice 102159|2026-05-19 23:25:59.977|#
3092|5610|2026-01-13 00:00:00.000|-26.70000000000000000000|Invoice 102159|2026-05-19 23:25:59.977|#
3093|2310|2026-01-13 00:00:00.000|133.50000000000000000000|Invoice 102159|2026-05-19 23:25:59.980|#
3094|2910|2026-01-13 00:00:00.000|133.50000000000000000000|Invoice 102159|2026-05-19 23:25:59.997|#
3095|2310|2026-01-13 00:00:00.000|-133.50000000000000000000|Invoice 102159|2026-05-19 23:25:59.997|#
3096|2110|2026-01-14 00:00:00.000|-390.00000000000000000000|Direct Cost 10000 on 01/14/26|2026-05-19 23:26:00.080|#
3097|7190|2026-01-14 00:00:00.000|390.00000000000000000000|Direct Cost 10000 on 01/14/26|2026-05-19 23:26:00.080|#
3098|6110|2026-01-14 00:00:00.000|-500.40000000000000000000|Invoice 102160|2026-05-19 23:26:00.087|#
3099|5610|2026-01-14 00:00:00.000|-125.10000000000000000000|Invoice 102160|2026-05-19 23:26:00.087|#
3100|2310|2026-01-14 00:00:00.000|625.50000000000000000000|Invoice 102160|2026-05-19 23:26:00.090|#
3101|9330|2026-01-14 00:00:00.000|0.00000000000000000000|Residual caused by rounding of Additional-Currency Amount|2026-05-19 23:26:00.090|#
3102|2910|2026-01-14 00:00:00.000|625.50000000000000000000|Invoice 102160|2026-05-19 23:26:00.103|#
3103|2310|2026-01-14 00:00:00.000|-625.50000000000000000000|Invoice 102160|2026-05-19 23:26:00.103|#
3104|2110|2026-01-15 00:00:00.000|-97.50000000000000000000|Direct Cost 30000 on 01/15/26|2026-05-19 23:26:00.180|#
3105|7190|2026-01-15 00:00:00.000|97.50000000000000000000|Direct Cost 30000 on 01/15/26|2026-05-19 23:26:00.183|#
3106|6130|2026-01-15 00:00:00.000|-125.10000000000000000000|Invoice 102161|2026-05-19 23:26:00.187|#
3107|2320|2026-01-15 00:00:00.000|125.10000000000000000000|Invoice 102161|2026-05-19 23:26:00.190|#
3108|2910|2026-01-15 00:00:00.000|125.10000000000000000000|Invoice 102161|2026-05-19 23:26:00.207|#
3109|2320|2026-01-15 00:00:00.000|-125.10000000000000000000|Invoice 102161|2026-05-19 23:26:00.207|#
3110|2110|2026-01-16 00:00:00.000|-192.20000000000000000000|Direct Cost 50000 on 01/16/26|2026-05-19 23:26:00.283|#
3111|7190|2026-01-16 00:00:00.000|192.20000000000000000000|Direct Cost 50000 on 01/16/26|2026-05-19 23:26:00.287|#
3112|6110|2026-01-16 00:00:00.000|-246.60000000000000000000|Invoice 102162|2026-05-19 23:26:00.290|#
3113|5610|2026-01-16 00:00:00.000|-61.65000000000000000000|Invoice 102162|2026-05-19 23:26:00.290|#
3114|2310|2026-01-16 00:00:00.000|308.25000000000000000000|Invoice 102162|2026-05-19 23:26:00.297|#
3115|2910|2026-01-16 00:00:00.000|308.25000000000000000000|Invoice 102162|2026-05-19 23:26:00.310|#
3116|2310|2026-01-16 00:00:00.000|-308.25000000000000000000|Invoice 102162|2026-05-19 23:26:00.310|#
3117|2110|2026-01-17 00:00:00.000|-195.00000000000000000000|Direct Cost 40000 on 01/17/26|2026-05-19 23:26:00.383|#
3118|7190|2026-01-17 00:00:00.000|195.00000000000000000000|Direct Cost 40000 on 01/17/26|2026-05-19 23:26:00.387|#
3119|6120|2026-01-17 00:00:00.000|-250.20000000000000000000|Invoice 102163|2026-05-19 23:26:00.390|#
3120|2320|2026-01-17 00:00:00.000|250.20000000000000000000|Invoice 102163|2026-05-19 23:26:00.393|#
3121|2910|2026-01-17 00:00:00.000|250.20000000000000000000|Invoice 102163|2026-05-19 23:26:00.407|#
3122|2320|2026-01-17 00:00:00.000|-250.20000000000000000000|Invoice 102163|2026-05-19 23:26:00.407|#
3123|2110|2026-01-18 00:00:00.000|-390.00000000000000000000|Direct Cost 20000 on 01/18/26|2026-05-19 23:26:00.527|#
3124|7190|2026-01-18 00:00:00.000|390.00000000000000000000|Direct Cost 20000 on 01/18/26|2026-05-19 23:26:00.527|#
3125|2110|2026-01-18 00:00:00.000|-585.00000000000000000000|Direct Cost 20000 on 01/18/26|2026-05-19 23:26:00.530|#
3126|7190|2026-01-18 00:00:00.000|585.00000000000000000000|Direct Cost 20000 on 01/18/26|2026-05-19 23:26:00.533|#
3127|2110|2026-01-18 00:00:00.000|-288.30000000000000000000|Direct Cost 20000 on 01/18/26|2026-05-19 23:26:00.537|#
3128|7190|2026-01-18 00:00:00.000|288.30000000000000000000|Direct Cost 20000 on 01/18/26|2026-05-19 23:26:00.537|#
3129|6110|2026-01-18 00:00:00.000|-1620.90000000000000000000|Invoice 102164|2026-05-19 23:26:00.543|#
3130|5610|2026-01-18 00:00:00.000|-405.23000000000000000000|Invoice 102164|2026-05-19 23:26:00.543|#
3131|2310|2026-01-18 00:00:00.000|2026.13000000000000000000|Invoice 102164|2026-05-19 23:26:00.547|#
3132|2910|2026-01-18 00:00:00.000|2026.13000000000000000000|Invoice 102164|2026-05-19 23:26:00.560|#
3133|2310|2026-01-18 00:00:00.000|-2026.13000000000000000000|Invoice 102164|2026-05-19 23:26:00.560|#
3134|2110|2026-01-18 00:00:00.000|-3039.60000000000000000000|Direct Cost 10000 on 01/18/26|2026-05-19 23:26:00.697|#
3135|7190|2026-01-18 00:00:00.000|3039.60000000000000000000|Direct Cost 10000 on 01/18/26|2026-05-19 23:26:00.697|#
3136|2110|2026-01-18 00:00:00.000|-192.20000000000000000000|Direct Cost 10000 on 01/18/26|2026-05-19 23:26:00.700|#
3137|7190|2026-01-18 00:00:00.000|192.20000000000000000000|Direct Cost 10000 on 01/18/26|2026-05-19 23:26:00.700|#
3138|2110|2026-01-18 00:00:00.000|-2828.80000000000000000000|Direct Cost 10000 on 01/18/26|2026-05-19 23:26:00.703|#
3139|7190|2026-01-18 00:00:00.000|2828.80000000000000000000|Direct Cost 10000 on 01/18/26|2026-05-19 23:26:00.707|#
3140|6110|2026-01-18 00:00:00.000|-7769.80000000000000000000|Invoice 102165|2026-05-19 23:26:00.710|#
3141|5610|2026-01-18 00:00:00.000|-1942.45000000000000000000|Invoice 102165|2026-05-19 23:26:00.710|#
3142|2310|2026-01-18 00:00:00.000|9712.25000000000000000000|Invoice 102165|2026-05-19 23:26:00.717|#
3143|2910|2026-01-18 00:00:00.000|9712.25000000000000000000|Invoice 102165|2026-05-19 23:26:00.727|#
3144|2310|2026-01-18 00:00:00.000|-9712.25000000000000000000|Invoice 102165|2026-05-19 23:26:00.727|#
3145|2110|2026-01-20 00:00:00.000|-1317.00000000000000000000|Direct Cost 50000 on 01/20/26|2026-05-19 23:26:00.827|#
3146|7190|2026-01-20 00:00:00.000|1317.00000000000000000000|Direct Cost 50000 on 01/20/26|2026-05-19 23:26:00.830|#
3147|6110|2026-01-20 00:00:00.000|-1688.40000000000000000000|Invoice 102166|2026-05-19 23:26:00.833|#
3148|5610|2026-01-20 00:00:00.000|-422.10000000000000000000|Invoice 102166|2026-05-19 23:26:00.833|#
3149|2310|2026-01-20 00:00:00.000|2110.50000000000000000000|Invoice 102166|2026-05-19 23:26:00.840|#
3150|2910|2026-01-20 00:00:00.000|2110.50000000000000000000|Invoice 102166|2026-05-19 23:26:00.853|#
3151|2310|2026-01-20 00:00:00.000|-2110.50000000000000000000|Invoice 102166|2026-05-19 23:26:00.853|#
3152|2110|2026-01-21 00:00:00.000|-222.40000000000000000000|Direct Cost 30000 on 01/21/26|2026-05-19 23:26:00.930|#
3153|7190|2026-01-21 00:00:00.000|222.40000000000000000000|Direct Cost 30000 on 01/21/26|2026-05-19 23:26:00.930|#
3154|6130|2026-01-21 00:00:00.000|-284.80000000000000000000|Invoice 102167|2026-05-19 23:26:00.937|#
3155|2320|2026-01-21 00:00:00.000|284.80000000000000000000|Invoice 102167|2026-05-19 23:26:00.940|#
3156|2910|2026-01-21 00:00:00.000|284.80000000000000000000|Invoice 102167|2026-05-19 23:26:00.953|#
3157|2320|2026-01-21 00:00:00.000|-284.80000000000000000000|Invoice 102167|2026-05-19 23:26:00.953|#
3158|2110|2026-01-21 00:00:00.000|-480.50000000000000000000|Direct Cost 40000 on 01/21/26|2026-05-19 23:26:01.083|#
3159|7190|2026-01-21 00:00:00.000|480.50000000000000000000|Direct Cost 40000 on 01/21/26|2026-05-19 23:26:01.087|#
3160|2110|2026-01-21 00:00:00.000|-984.00000000000000000000|Direct Cost 40000 on 01/21/26|2026-05-19 23:26:01.087|#
3161|7190|2026-01-21 00:00:00.000|984.00000000000000000000|Direct Cost 40000 on 01/21/26|2026-05-19 23:26:01.090|#
3162|2110|2026-01-21 00:00:00.000|-480.50000000000000000000|Direct Cost 40000 on 01/21/26|2026-05-19 23:26:01.093|#
3163|7190|2026-01-21 00:00:00.000|480.50000000000000000000|Direct Cost 40000 on 01/21/26|2026-05-19 23:26:01.097|#
3164|2110|2026-01-21 00:00:00.000|-96.10000000000000000000|Direct Cost 40000 on 01/21/26|2026-05-19 23:26:01.097|#
3165|7190|2026-01-21 00:00:00.000|96.10000000000000000000|Direct Cost 40000 on 01/21/26|2026-05-19 23:26:01.100|#
3166|6120|2026-01-21 00:00:00.000|-2617.50000000000000000000|Invoice 102168|2026-05-19 23:26:01.103|#
3167|2320|2026-01-21 00:00:00.000|2617.50000000000000000000|Invoice 102168|2026-05-19 23:26:01.113|#
3168|2910|2026-01-21 00:00:00.000|2617.50000000000000000000|Invoice 102168|2026-05-19 23:26:01.143|#
3169|2320|2026-01-21 00:00:00.000|-2617.50000000000000000000|Invoice 102168|2026-05-19 23:26:01.143|#
3170|2110|2026-01-23 00:00:00.000|-390.00000000000000000000|Direct Cost 20000 on 01/23/26|2026-05-19 23:26:01.270|#
3171|7190|2026-01-23 00:00:00.000|390.00000000000000000000|Direct Cost 20000 on 01/23/26|2026-05-19 23:26:01.273|#
3172|6110|2026-01-23 00:00:00.000|-500.40000000000000000000|Invoice 102169|2026-05-19 23:26:01.280|#
3173|5610|2026-01-23 00:00:00.000|-125.10000000000000000000|Invoice 102169|2026-05-19 23:26:01.280|#
3174|2310|2026-01-23 00:00:00.000|625.50000000000000000000|Invoice 102169|2026-05-19 23:26:01.287|#
3175|9330|2026-01-23 00:00:00.000|0.00000000000000000000|Residual caused by rounding of Additional-Currency Amount|2026-05-19 23:26:01.287|#
3176|2110|2026-01-24 00:00:00.000|-2026.40000000000000000000|Direct Cost 30000 on 01/24/26|2026-05-19 23:26:01.417|#
3177|7190|2026-01-24 00:00:00.000|2026.40000000000000000000|Direct Cost 30000 on 01/24/26|2026-05-19 23:26:01.417|#
3178|2110|2026-01-24 00:00:00.000|-877.50000000000000000000|Direct Cost 30000 on 01/24/26|2026-05-19 23:26:01.420|#
3179|7190|2026-01-24 00:00:00.000|877.50000000000000000000|Direct Cost 30000 on 01/24/26|2026-05-19 23:26:01.423|#
3180|2110|2026-01-24 00:00:00.000|-384.40000000000000000000|Direct Cost 30000 on 01/24/26|2026-05-19 23:26:01.427|#
3181|7190|2026-01-24 00:00:00.000|384.40000000000000000000|Direct Cost 30000 on 01/24/26|2026-05-19 23:26:01.427|#
3182|2110|2026-01-24 00:00:00.000|-2121.60000000000000000000|Direct Cost 30000 on 01/24/26|2026-05-19 23:26:01.430|#
3183|7190|2026-01-24 00:00:00.000|2121.60000000000000000000|Direct Cost 30000 on 01/24/26|2026-05-19 23:26:01.433|#
3184|6130|2026-01-24 00:00:00.000|-6936.80000000000000000000|Invoice 102170|2026-05-19 23:26:01.437|#
3185|2320|2026-01-24 00:00:00.000|6936.80000000000000000000|Invoice 102170|2026-05-19 23:26:01.443|#
3186|2110|2026-01-31 00:00:00.000|-984.00000000000000000000|Direct Cost 50000 on 01/31/26|2026-05-19 23:26:01.570|#
3187|7190|2026-01-31 00:00:00.000|984.00000000000000000000|Direct Cost 50000 on 01/31/26|2026-05-19 23:26:01.570|#
3188|2110|2026-01-31 00:00:00.000|-390.00000000000000000000|Direct Cost 50000 on 01/31/26|2026-05-19 23:26:01.573|#
3189|7190|2026-01-31 00:00:00.000|390.00000000000000000000|Direct Cost 50000 on 01/31/26|2026-05-19 23:26:01.577|#
3190|6110|2026-01-31 00:00:00.000|-1761.60000000000000000000|Invoice 102171|2026-05-19 23:26:01.580|#
3191|5610|2026-01-31 00:00:00.000|-440.40000000000000000000|Invoice 102171|2026-05-19 23:26:01.580|#
3192|2310|2026-01-31 00:00:00.000|2202.00000000000000000000|Invoice 102171|2026-05-19 23:26:01.583|#
3193|2110|2026-02-01 00:00:00.000|-97.50000000000000000000|Direct Cost 30000 on 02/01/26|2026-05-19 23:26:01.690|#
3194|7190|2026-02-01 00:00:00.000|97.50000000000000000000|Direct Cost 30000 on 02/01/26|2026-05-19 23:26:01.693|#
3195|2110|2026-02-01 00:00:00.000|-480.50000000000000000000|Direct Cost 30000 on 02/01/26|2026-05-19 23:26:01.697|#
3196|7190|2026-02-01 00:00:00.000|480.50000000000000000000|Direct Cost 30000 on 02/01/26|2026-05-19 23:26:01.697|#
3197|6130|2026-02-01 00:00:00.000|-741.60000000000000000000|Invoice 102172|2026-05-19 23:26:01.700|#
3198|2320|2026-02-01 00:00:00.000|741.60000000000000000000|Invoice 102172|2026-05-19 23:26:01.707|#
3199|2110|2026-02-12 00:00:00.000|-83.40000000000000000000|Direct Cost 20000 on 02/12/26|2026-05-19 23:26:01.810|#
3200|7190|2026-02-12 00:00:00.000|83.40000000000000000000|Direct Cost 20000 on 02/12/26|2026-05-19 23:26:01.813|#
3201|6110|2026-02-12 00:00:00.000|-106.80000000000000000000|Invoice 102173|2026-05-19 23:26:01.817|#
3202|5610|2026-02-12 00:00:00.000|-26.70000000000000000000|Invoice 102173|2026-05-19 23:26:01.817|#
3203|2310|2026-02-12 00:00:00.000|133.50000000000000000000|Invoice 102173|2026-05-19 23:26:01.823|#
3204|2910|2026-02-12 00:00:00.000|133.50000000000000000000|Invoice 102173|2026-05-19 23:26:01.837|#
3205|2310|2026-02-12 00:00:00.000|-133.50000000000000000000|Invoice 102173|2026-05-19 23:26:01.837|#
3206|2110|2026-02-12 00:00:00.000|-390.00000000000000000000|Direct Cost 10000 on 02/12/26|2026-05-19 23:26:01.913|#
3207|7190|2026-02-12 00:00:00.000|390.00000000000000000000|Direct Cost 10000 on 02/12/26|2026-05-19 23:26:01.917|#
3208|6110|2026-02-12 00:00:00.000|-500.40000000000000000000|Invoice 102174|2026-05-19 23:26:01.920|#
3209|5610|2026-02-12 00:00:00.000|-125.10000000000000000000|Invoice 102174|2026-05-19 23:26:01.920|#
3210|2310|2026-02-12 00:00:00.000|625.50000000000000000000|Invoice 102174|2026-05-19 23:26:01.923|#
3211|9330|2026-02-12 00:00:00.000|0.00000000000000000000|Residual caused by rounding of Additional-Currency Amount|2026-05-19 23:26:01.923|#
3212|2910|2026-02-12 00:00:00.000|625.50000000000000000000|Invoice 102174|2026-05-19 23:26:01.937|#
3213|2310|2026-02-12 00:00:00.000|-625.50000000000000000000|Invoice 102174|2026-05-19 23:26:01.937|#
3214|2110|2026-02-14 00:00:00.000|-195.00000000000000000000|Direct Cost 30000 on 02/14/26|2026-05-19 23:26:02.013|#
3215|7190|2026-02-14 00:00:00.000|195.00000000000000000000|Direct Cost 30000 on 02/14/26|2026-05-19 23:26:02.017|#
3216|6130|2026-02-14 00:00:00.000|-250.20000000000000000000|Invoice 102175|2026-05-19 23:26:02.020|#
3217|2320|2026-02-14 00:00:00.000|250.20000000000000000000|Invoice 102175|2026-05-19 23:26:02.023|#
3218|2910|2026-02-14 00:00:00.000|250.20000000000000000000|Invoice 102175|2026-05-19 23:26:02.040|#
3219|2320|2026-02-14 00:00:00.000|-250.20000000000000000000|Invoice 102175|2026-05-19 23:26:02.040|#
3220|2110|2026-02-15 00:00:00.000|-195.00000000000000000000|Direct Cost 40000 on 02/15/26|2026-05-19 23:26:02.113|#
3221|7190|2026-02-15 00:00:00.000|195.00000000000000000000|Direct Cost 40000 on 02/15/26|2026-05-19 23:26:02.117|#
3222|6120|2026-02-15 00:00:00.000|-250.20000000000000000000|Invoice 102176|2026-05-19 23:26:02.120|#
3223|2320|2026-02-15 00:00:00.000|250.20000000000000000000|Invoice 102176|2026-05-19 23:26:02.123|#
3224|2910|2026-02-15 00:00:00.000|250.20000000000000000000|Invoice 102176|2026-05-19 23:26:02.137|#
3225|2320|2026-02-15 00:00:00.000|-250.20000000000000000000|Invoice 102176|2026-05-19 23:26:02.137|#
3226|2110|2026-02-16 00:00:00.000|-585.00000000000000000000|Direct Cost 20000 on 02/16/26|2026-05-19 23:26:02.257|#
3227|7190|2026-02-16 00:00:00.000|585.00000000000000000000|Direct Cost 20000 on 02/16/26|2026-05-19 23:26:02.260|#
3228|2110|2026-02-16 00:00:00.000|-487.50000000000000000000|Direct Cost 20000 on 02/16/26|2026-05-19 23:26:02.263|#
3229|7190|2026-02-16 00:00:00.000|487.50000000000000000000|Direct Cost 20000 on 02/16/26|2026-05-19 23:26:02.267|#
3230|2110|2026-02-16 00:00:00.000|-288.30000000000000000000|Direct Cost 20000 on 02/16/26|2026-05-19 23:26:02.267|#
3231|7190|2026-02-16 00:00:00.000|288.30000000000000000000|Direct Cost 20000 on 02/16/26|2026-05-19 23:26:02.270|#
3232|6110|2026-02-16 00:00:00.000|-1746.00000000000000000000|Invoice 102177|2026-05-19 23:26:02.273|#
3233|5610|2026-02-16 00:00:00.000|-436.50000000000000000000|Invoice 102177|2026-05-19 23:26:02.273|#
3234|2310|2026-02-16 00:00:00.000|2182.50000000000000000000|Invoice 102177|2026-05-19 23:26:02.280|#
3235|2910|2026-02-16 00:00:00.000|2182.50000000000000000000|Invoice 102177|2026-05-19 23:26:02.293|#
3236|2310|2026-02-16 00:00:00.000|-2182.50000000000000000000|Invoice 102177|2026-05-19 23:26:02.293|#
3237|2110|2026-02-16 00:00:00.000|-4052.80000000000000000000|Direct Cost 10000 on 02/16/26|2026-05-19 23:26:02.427|#
3238|7190|2026-02-16 00:00:00.000|4052.80000000000000000000|Direct Cost 10000 on 02/16/26|2026-05-19 23:26:02.430|#
3239|2110|2026-02-16 00:00:00.000|-192.20000000000000000000|Direct Cost 10000 on 02/16/26|2026-05-19 23:26:02.433|#
3240|7190|2026-02-16 00:00:00.000|192.20000000000000000000|Direct Cost 10000 on 02/16/26|2026-05-19 23:26:02.433|#
3241|2110|2026-02-16 00:00:00.000|-4243.20000000000000000000|Direct Cost 10000 on 02/16/26|2026-05-19 23:26:02.437|#
3242|7190|2026-02-16 00:00:00.000|4243.20000000000000000000|Direct Cost 10000 on 02/16/26|2026-05-19 23:26:02.440|#
3243|6110|2026-02-16 00:00:00.000|-10882.00000000000000000000|Invoice 102178|2026-05-19 23:26:02.443|#
3244|5610|2026-02-16 00:00:00.000|-2720.50000000000000000000|Invoice 102178|2026-05-19 23:26:02.443|#
3245|2310|2026-02-16 00:00:00.000|13602.50000000000000000000|Invoice 102178|2026-05-19 23:26:02.447|#
3246|2910|2026-02-16 00:00:00.000|13602.50000000000000000000|Invoice 102178|2026-05-19 23:26:02.460|#
3247|2310|2026-02-16 00:00:00.000|-13602.50000000000000000000|Invoice 102178|2026-05-19 23:26:02.460|#
3248|2110|2026-02-17 00:00:00.000|-2195.00000000000000000000|Direct Cost 50000 on 02/17/26|2026-05-19 23:26:02.580|#
3249|7190|2026-02-17 00:00:00.000|2195.00000000000000000000|Direct Cost 50000 on 02/17/26|2026-05-19 23:26:02.580|#
3250|2110|2026-02-17 00:00:00.000|-192.20000000000000000000|Direct Cost 50000 on 02/17/26|2026-05-19 23:26:02.583|#
3251|7190|2026-02-17 00:00:00.000|192.20000000000000000000|Direct Cost 50000 on 02/17/26|2026-05-19 23:26:02.587|#
3252|6110|2026-02-17 00:00:00.000|-3060.60000000000000000000|Invoice 102179|2026-05-19 23:26:02.590|#
3253|5610|2026-02-17 00:00:00.000|-765.15000000000000000000|Invoice 102179|2026-05-19 23:26:02.590|#
3254|2310|2026-02-17 00:00:00.000|3825.75000000000000000000|Invoice 102179|2026-05-19 23:26:02.597|#
3255|2910|2026-02-17 00:00:00.000|3825.75000000000000000000|Invoice 102179|2026-05-19 23:26:02.610|#
3256|2310|2026-02-17 00:00:00.000|-3825.75000000000000000000|Invoice 102179|2026-05-19 23:26:02.610|#
3257|2110|2026-02-19 00:00:00.000|-576.60000000000000000000|Direct Cost 40000 on 02/19/26|2026-05-19 23:26:02.750|#
3258|7190|2026-02-19 00:00:00.000|576.60000000000000000000|Direct Cost 40000 on 02/19/26|2026-05-19 23:26:02.750|#
3259|2110|2026-02-19 00:00:00.000|-984.00000000000000000000|Direct Cost 40000 on 02/19/26|2026-05-19 23:26:02.753|#
3260|7190|2026-02-19 00:00:00.000|984.00000000000000000000|Direct Cost 40000 on 02/19/26|2026-05-19 23:26:02.757|#
3261|2110|2026-02-19 00:00:00.000|-384.40000000000000000000|Direct Cost 40000 on 02/19/26|2026-05-19 23:26:02.760|#
3262|7190|2026-02-19 00:00:00.000|384.40000000000000000000|Direct Cost 40000 on 02/19/26|2026-05-19 23:26:02.760|#
3263|2110|2026-02-19 00:00:00.000|-96.10000000000000000000|Direct Cost 40000 on 02/19/26|2026-05-19 23:26:02.763|#
3264|7190|2026-02-19 00:00:00.000|96.10000000000000000000|Direct Cost 40000 on 02/19/26|2026-05-19 23:26:02.767|#
3265|6120|2026-02-19 00:00:00.000|-2617.50000000000000000000|Invoice 102180|2026-05-19 23:26:02.767|#
3266|2320|2026-02-19 00:00:00.000|2617.50000000000000000000|Invoice 102180|2026-05-19 23:26:02.773|#
3267|2110|2026-02-20 00:00:00.000|-585.00000000000000000000|Direct Cost 20000 on 02/20/26|2026-05-19 23:26:02.883|#
3268|7190|2026-02-20 00:00:00.000|585.00000000000000000000|Direct Cost 20000 on 02/20/26|2026-05-19 23:26:02.887|#
3269|6110|2026-02-20 00:00:00.000|-750.60000000000000000000|Invoice 102181|2026-05-19 23:26:02.890|#
3270|5610|2026-02-20 00:00:00.000|-187.65000000000000000000|Invoice 102181|2026-05-19 23:26:02.890|#
3271|2310|2026-02-20 00:00:00.000|938.25000000000000000000|Invoice 102181|2026-05-19 23:26:02.893|#
3272|2110|2026-02-20 00:00:00.000|-3546.20000000000000000000|Direct Cost 30000 on 02/20/26|2026-05-19 23:26:03.027|#
3273|7190|2026-02-20 00:00:00.000|3546.20000000000000000000|Direct Cost 30000 on 02/20/26|2026-05-19 23:26:03.030|#
3274|2110|2026-02-20 00:00:00.000|-278.00000000000000000000|Direct Cost 30000 on 02/20/26|2026-05-19 23:26:03.033|#
3275|7190|2026-02-20 00:00:00.000|278.00000000000000000000|Direct Cost 30000 on 02/20/26|2026-05-19 23:26:03.037|#
3276|2110|2026-02-20 00:00:00.000|-1072.50000000000000000000|Direct Cost 30000 on 02/20/26|2026-05-19 23:26:03.037|#
3277|7190|2026-02-20 00:00:00.000|1072.50000000000000000000|Direct Cost 30000 on 02/20/26|2026-05-19 23:26:03.040|#
3278|2110|2026-02-20 00:00:00.000|-2828.80000000000000000000|Direct Cost 30000 on 02/20/26|2026-05-19 23:26:03.043|#
3279|7190|2026-02-20 00:00:00.000|2828.80000000000000000000|Direct Cost 30000 on 02/20/26|2026-05-19 23:26:03.047|#
3280|6130|2026-02-20 00:00:00.000|-9904.70000000000000000000|Invoice 102182|2026-05-19 23:26:03.047|#
3281|2320|2026-02-20 00:00:00.000|9904.70000000000000000000|Invoice 102182|2026-05-19 23:26:03.053|#
3282|2110|2026-02-28 00:00:00.000|-195.00000000000000000000|Direct Cost 30000 on 02/28/26|2026-05-19 23:26:03.213|#
3283|7190|2026-02-28 00:00:00.000|195.00000000000000000000|Direct Cost 30000 on 02/28/26|2026-05-19 23:26:03.217|#
3284|2110|2026-02-28 00:00:00.000|-480.50000000000000000000|Direct Cost 30000 on 02/28/26|2026-05-19 23:26:03.217|#
3285|7190|2026-02-28 00:00:00.000|480.50000000000000000000|Direct Cost 30000 on 02/28/26|2026-05-19 23:26:03.220|#
3286|2110|2026-02-28 00:00:00.000|-672.70000000000000000000|Direct Cost 30000 on 02/28/26|2026-05-19 23:26:03.223|#
3287|7190|2026-02-28 00:00:00.000|672.70000000000000000000|Direct Cost 30000 on 02/28/26|2026-05-19 23:26:03.227|#
3288|6130|2026-02-28 00:00:00.000|-1729.80000000000000000000|Invoice 102183|2026-05-19 23:26:03.230|#
3289|2320|2026-02-28 00:00:00.000|1729.80000000000000000000|Invoice 102183|2026-05-19 23:26:03.233|#
3290|2110|2026-02-28 00:00:00.000|-984.00000000000000000000|Direct Cost 50000 on 02/28/26|2026-05-19 23:26:03.360|#
3291|7190|2026-02-28 00:00:00.000|984.00000000000000000000|Direct Cost 50000 on 02/28/26|2026-05-19 23:26:03.363|#
3292|2110|2026-02-28 00:00:00.000|-390.00000000000000000000|Direct Cost 50000 on 02/28/26|2026-05-19 23:26:03.367|#
3293|7190|2026-02-28 00:00:00.000|390.00000000000000000000|Direct Cost 50000 on 02/28/26|2026-05-19 23:26:03.367|#
3294|6110|2026-02-28 00:00:00.000|-1761.60000000000000000000|Invoice 102184|2026-05-19 23:26:03.373|#
3295|5610|2026-02-28 00:00:00.000|-440.40000000000000000000|Invoice 102184|2026-05-19 23:26:03.373|#
3296|2310|2026-02-28 00:00:00.000|2202.00000000000000000000|Invoice 102184|2026-05-19 23:26:03.377|#
3297|2110|2026-03-12 00:00:00.000|-111.20000000000000000000|Direct Cost 20000 on 03/12/26|2026-05-19 23:26:03.467|#
3298|7190|2026-03-12 00:00:00.000|111.20000000000000000000|Direct Cost 20000 on 03/12/26|2026-05-19 23:26:03.470|#
3299|6110|2026-03-12 00:00:00.000|-142.40000000000000000000|Invoice 102185|2026-05-19 23:26:03.483|#
3300|5610|2026-03-12 00:00:00.000|-35.60000000000000000000|Invoice 102185|2026-05-19 23:26:03.483|#
3301|2310|2026-03-12 00:00:00.000|178.00000000000000000000|Invoice 102185|2026-05-19 23:26:03.487|#
3302|2910|2026-03-12 00:00:00.000|178.00000000000000000000|Invoice 102185|2026-05-19 23:26:03.500|#
3303|2310|2026-03-12 00:00:00.000|-178.00000000000000000000|Invoice 102185|2026-05-19 23:26:03.500|#
3304|2110|2026-03-13 00:00:00.000|-487.50000000000000000000|Direct Cost 10000 on 03/13/26|2026-05-19 23:26:03.580|#
3305|7190|2026-03-13 00:00:00.000|487.50000000000000000000|Direct Cost 10000 on 03/13/26|2026-05-19 23:26:03.583|#
3306|6110|2026-03-13 00:00:00.000|-625.50000000000000000000|Invoice 102186|2026-05-19 23:26:03.587|#
3307|5610|2026-03-13 00:00:00.000|-156.38000000000000000000|Invoice 102186|2026-05-19 23:26:03.587|#
3308|2310|2026-03-13 00:00:00.000|781.88000000000000000000|Invoice 102186|2026-05-19 23:26:03.590|#
3309|2910|2026-03-13 00:00:00.000|781.88000000000000000000|Invoice 102186|2026-05-19 23:26:03.603|#
3310|2310|2026-03-13 00:00:00.000|-781.88000000000000000000|Invoice 102186|2026-05-19 23:26:03.603|#
3311|2110|2026-03-14 00:00:00.000|-195.00000000000000000000|Direct Cost 30000 on 03/14/26|2026-05-19 23:26:03.680|#
3312|7190|2026-03-14 00:00:00.000|195.00000000000000000000|Direct Cost 30000 on 03/14/26|2026-05-19 23:26:03.680|#
3313|6130|2026-03-14 00:00:00.000|-250.20000000000000000000|Invoice 102187|2026-05-19 23:26:03.687|#
3314|2320|2026-03-14 00:00:00.000|250.20000000000000000000|Invoice 102187|2026-05-19 23:26:03.690|#
3315|2910|2026-03-14 00:00:00.000|250.20000000000000000000|Invoice 102187|2026-05-19 23:26:03.703|#
3316|2320|2026-03-14 00:00:00.000|-250.20000000000000000000|Invoice 102187|2026-05-19 23:26:03.703|#
3317|2110|2026-03-15 00:00:00.000|-192.20000000000000000000|Direct Cost 50000 on 03/15/26|2026-05-19 23:26:03.773|#
3318|7190|2026-03-15 00:00:00.000|192.20000000000000000000|Direct Cost 50000 on 03/15/26|2026-05-19 23:26:03.777|#
3319|6110|2026-03-15 00:00:00.000|-246.60000000000000000000|Invoice 102188|2026-05-19 23:26:03.780|#
3320|5610|2026-03-15 00:00:00.000|-61.65000000000000000000|Invoice 102188|2026-05-19 23:26:03.780|#
3321|2310|2026-03-15 00:00:00.000|308.25000000000000000000|Invoice 102188|2026-05-19 23:26:03.787|#
3322|2910|2026-03-15 00:00:00.000|308.25000000000000000000|Invoice 102188|2026-05-19 23:26:03.800|#
3323|2310|2026-03-15 00:00:00.000|-308.25000000000000000000|Invoice 102188|2026-05-19 23:26:03.800|#
3324|2110|2026-03-16 00:00:00.000|-195.00000000000000000000|Direct Cost 40000 on 03/16/26|2026-05-19 23:26:03.873|#
3325|7190|2026-03-16 00:00:00.000|195.00000000000000000000|Direct Cost 40000 on 03/16/26|2026-05-19 23:26:03.877|#
3326|6120|2026-03-16 00:00:00.000|-250.20000000000000000000|Invoice 102189|2026-05-19 23:26:03.880|#
3327|2320|2026-03-16 00:00:00.000|250.20000000000000000000|Invoice 102189|2026-05-19 23:26:03.883|#
3328|2910|2026-03-16 00:00:00.000|250.20000000000000000000|Invoice 102189|2026-05-19 23:26:03.897|#
3329|2320|2026-03-16 00:00:00.000|-250.20000000000000000000|Invoice 102189|2026-05-19 23:26:03.897|#
3330|2110|2026-03-17 00:00:00.000|-487.50000000000000000000|Direct Cost 20000 on 03/17/26|2026-05-19 23:26:04.013|#
3331|7190|2026-03-17 00:00:00.000|487.50000000000000000000|Direct Cost 20000 on 03/17/26|2026-05-19 23:26:04.017|#
3332|2110|2026-03-17 00:00:00.000|-682.50000000000000000000|Direct Cost 20000 on 03/17/26|2026-05-19 23:26:04.017|#
3333|7190|2026-03-17 00:00:00.000|682.50000000000000000000|Direct Cost 20000 on 03/17/26|2026-05-19 23:26:04.020|#
3334|2110|2026-03-17 00:00:00.000|-384.40000000000000000000|Direct Cost 20000 on 03/17/26|2026-05-19 23:26:04.023|#
3335|7190|2026-03-17 00:00:00.000|384.40000000000000000000|Direct Cost 20000 on 03/17/26|2026-05-19 23:26:04.027|#
3336|6110|2026-03-17 00:00:00.000|-1994.40000000000000000000|Invoice 102190|2026-05-19 23:26:04.030|#
3337|5610|2026-03-17 00:00:00.000|-498.60000000000000000000|Invoice 102190|2026-05-19 23:26:04.030|#
3338|2310|2026-03-17 00:00:00.000|2493.00000000000000000000|Invoice 102190|2026-05-19 23:26:04.033|#
3339|2910|2026-03-17 00:00:00.000|2493.00000000000000000000|Invoice 102190|2026-05-19 23:26:04.047|#
3340|2310|2026-03-17 00:00:00.000|-2493.00000000000000000000|Invoice 102190|2026-05-19 23:26:04.047|#
3341|2110|2026-03-17 00:00:00.000|-5066.00000000000000000000|Direct Cost 10000 on 03/17/26|2026-05-19 23:26:04.183|#
3342|7190|2026-03-17 00:00:00.000|5066.00000000000000000000|Direct Cost 10000 on 03/17/26|2026-05-19 23:26:04.183|#
3343|2110|2026-03-17 00:00:00.000|-288.30000000000000000000|Direct Cost 10000 on 03/17/26|2026-05-19 23:26:04.187|#
3344|7190|2026-03-17 00:00:00.000|288.30000000000000000000|Direct Cost 10000 on 03/17/26|2026-05-19 23:26:04.190|#
3345|2110|2026-03-17 00:00:00.000|-4950.40000000000000000000|Direct Cost 10000 on 03/17/26|2026-05-19 23:26:04.193|#
3346|7190|2026-03-17 00:00:00.000|4950.40000000000000000000|Direct Cost 10000 on 03/17/26|2026-05-19 23:26:04.193|#
3347|6110|2026-03-17 00:00:00.000|-13210.80000000000000000000|Invoice 102191|2026-05-19 23:26:04.197|#
3348|5610|2026-03-17 00:00:00.000|-3302.70000000000000000000|Invoice 102191|2026-05-19 23:26:04.197|#
3349|2310|2026-03-17 00:00:00.000|16513.50000000000000000000|Invoice 102191|2026-05-19 23:26:04.203|#
3350|2910|2026-03-17 00:00:00.000|16513.50000000000000000000|Invoice 102191|2026-05-19 23:26:04.217|#
3351|2310|2026-03-17 00:00:00.000|-16513.50000000000000000000|Invoice 102191|2026-05-19 23:26:04.217|#
3352|2110|2026-03-19 00:00:00.000|-2195.00000000000000000000|Direct Cost 50000 on 03/19/26|2026-05-19 23:26:04.333|#
3353|7190|2026-03-19 00:00:00.000|2195.00000000000000000000|Direct Cost 50000 on 03/19/26|2026-05-19 23:26:04.333|#
3354|6110|2026-03-19 00:00:00.000|-2814.00000000000000000000|Invoice 102192|2026-05-19 23:26:04.337|#
3355|5610|2026-03-19 00:00:00.000|-703.50000000000000000000|Invoice 102192|2026-05-19 23:26:04.337|#
3356|2310|2026-03-19 00:00:00.000|3517.50000000000000000000|Invoice 102192|2026-05-19 23:26:04.343|#
3357|9340|2026-03-19 00:00:00.000|0.00000000000000000000|Residual caused by rounding of Additional-Currency Amount|2026-05-19 23:26:04.343|#
3358|2910|2026-03-19 00:00:00.000|3517.50000000000000000000|Invoice 102192|2026-05-19 23:26:04.357|#
3359|2310|2026-03-19 00:00:00.000|-3517.50000000000000000000|Invoice 102192|2026-05-19 23:26:04.357|#
3360|2110|2026-03-20 00:00:00.000|-333.60000000000000000000|Direct Cost 30000 on 03/20/26|2026-05-19 23:26:04.437|#
3361|7190|2026-03-20 00:00:00.000|333.60000000000000000000|Direct Cost 30000 on 03/20/26|2026-05-19 23:26:04.437|#
3362|6130|2026-03-20 00:00:00.000|-427.20000000000000000000|Invoice 102193|2026-05-19 23:26:04.443|#
3363|2320|2026-03-20 00:00:00.000|427.20000000000000000000|Invoice 102193|2026-05-19 23:26:04.447|#
3364|2910|2026-03-20 00:00:00.000|427.20000000000000000000|Invoice 102193|2026-05-19 23:26:04.460|#
3365|2320|2026-03-20 00:00:00.000|-427.20000000000000000000|Invoice 102193|2026-05-19 23:26:04.460|#
3366|2110|2026-03-20 00:00:00.000|-672.70000000000000000000|Direct Cost 40000 on 03/20/26|2026-05-19 23:26:04.587|#
3367|7190|2026-03-20 00:00:00.000|672.70000000000000000000|Direct Cost 40000 on 03/20/26|2026-05-19 23:26:04.590|#
3368|2110|2026-03-20 00:00:00.000|-984.00000000000000000000|Direct Cost 40000 on 03/20/26|2026-05-19 23:26:04.593|#
3369|7190|2026-03-20 00:00:00.000|984.00000000000000000000|Direct Cost 40000 on 03/20/26|2026-05-19 23:26:04.593|#
3370|2110|2026-03-20 00:00:00.000|-576.60000000000000000000|Direct Cost 40000 on 03/20/26|2026-05-19 23:26:04.597|#
3371|7190|2026-03-20 00:00:00.000|576.60000000000000000000|Direct Cost 40000 on 03/20/26|2026-05-19 23:26:04.600|#
3372|2110|2026-03-20 00:00:00.000|-96.10000000000000000000|Direct Cost 40000 on 03/20/26|2026-05-19 23:26:04.603|#
3373|7190|2026-03-20 00:00:00.000|96.10000000000000000000|Direct Cost 40000 on 03/20/26|2026-05-19 23:26:04.603|#
3374|6120|2026-03-20 00:00:00.000|-2987.40000000000000000000|Invoice 102194|2026-05-19 23:26:04.607|#
3375|2320|2026-03-20 00:00:00.000|2987.40000000000000000000|Invoice 102194|2026-05-19 23:26:04.610|#
3376|2910|2026-03-20 00:00:00.000|2987.40000000000000000000|Invoice 102194|2026-05-19 23:26:04.623|#
3377|2320|2026-03-20 00:00:00.000|-2987.40000000000000000000|Invoice 102194|2026-05-19 23:26:04.623|#
3378|2110|2026-03-22 00:00:00.000|-487.50000000000000000000|Direct Cost 20000 on 03/22/26|2026-05-19 23:26:04.830|#
3379|7190|2026-03-22 00:00:00.000|487.50000000000000000000|Direct Cost 20000 on 03/22/26|2026-05-19 23:26:04.830|#
3380|6110|2026-03-22 00:00:00.000|-625.50000000000000000000|Invoice 102195|2026-05-19 23:26:04.837|#
3381|5610|2026-03-22 00:00:00.000|-156.38000000000000000000|Invoice 102195|2026-05-19 23:26:04.837|#
3382|2310|2026-03-22 00:00:00.000|781.88000000000000000000|Invoice 102195|2026-05-19 23:26:04.840|#
3383|2110|2026-03-23 00:00:00.000|-4052.80000000000000000000|Direct Cost 30000 on 03/23/26|2026-05-19 23:26:04.967|#
3384|7190|2026-03-23 00:00:00.000|4052.80000000000000000000|Direct Cost 30000 on 03/23/26|2026-05-19 23:26:04.967|#
3385|2110|2026-03-23 00:00:00.000|-1267.50000000000000000000|Direct Cost 30000 on 03/23/26|2026-05-19 23:26:04.970|#
3386|7190|2026-03-23 00:00:00.000|1267.50000000000000000000|Direct Cost 30000 on 03/23/26|2026-05-19 23:26:04.970|#
3387|2110|2026-03-23 00:00:00.000|-576.60000000000000000000|Direct Cost 30000 on 03/23/26|2026-05-19 23:26:04.973|#
3388|7190|2026-03-23 00:00:00.000|576.60000000000000000000|Direct Cost 30000 on 03/23/26|2026-05-19 23:26:04.977|#
3389|2110|2026-03-23 00:00:00.000|-3536.00000000000000000000|Direct Cost 30000 on 03/23/26|2026-05-19 23:26:04.980|#
3390|7190|2026-03-23 00:00:00.000|3536.00000000000000000000|Direct Cost 30000 on 03/23/26|2026-05-19 23:26:04.980|#
3391|6130|2026-03-23 00:00:00.000|-12094.80000000000000000000|Invoice 102196|2026-05-19 23:26:04.987|#
3392|2320|2026-03-23 00:00:00.000|12094.80000000000000000000|Invoice 102196|2026-05-19 23:26:04.990|#
3393|2110|2026-03-31 00:00:00.000|-984.00000000000000000000|Direct Cost 50000 on 03/31/26|2026-05-19 23:26:05.117|#
3394|7190|2026-03-31 00:00:00.000|984.00000000000000000000|Direct Cost 50000 on 03/31/26|2026-05-19 23:26:05.120|#
3395|2110|2026-03-31 00:00:00.000|-487.50000000000000000000|Direct Cost 50000 on 03/31/26|2026-05-19 23:26:05.123|#
3396|7190|2026-03-31 00:00:00.000|487.50000000000000000000|Direct Cost 50000 on 03/31/26|2026-05-19 23:26:05.127|#
3397|6110|2026-03-31 00:00:00.000|-1886.70000000000000000000|Invoice 102197|2026-05-19 23:26:05.130|#
3398|5610|2026-03-31 00:00:00.000|-471.68000000000000000000|Invoice 102197|2026-05-19 23:26:05.130|#
3399|2310|2026-03-31 00:00:00.000|2358.38000000000000000000|Invoice 102197|2026-05-19 23:26:05.137|#
3400|2110|2026-04-01 00:00:00.000|-195.00000000000000000000|Direct Cost 30000 on 04/01/26|2026-05-19 23:26:05.240|#
3401|7190|2026-04-01 00:00:00.000|195.00000000000000000000|Direct Cost 30000 on 04/01/26|2026-05-19 23:26:05.243|#
3402|2110|2026-04-01 00:00:00.000|-768.80000000000000000000|Direct Cost 30000 on 04/01/26|2026-05-19 23:26:05.247|#
3403|7190|2026-04-01 00:00:00.000|768.80000000000000000000|Direct Cost 30000 on 04/01/26|2026-05-19 23:26:05.247|#
3404|6130|2026-04-01 00:00:00.000|-1236.60000000000000000000|Invoice 102198|2026-05-19 23:26:05.250|#
3405|2320|2026-04-01 00:00:00.000|1236.60000000000000000000|Invoice 102198|2026-05-19 23:26:05.260|#
3406|6110|2026-01-27 00:00:00.000|-1109.00000000000000000000|Invoice 102206|2026-05-19 23:26:05.377|#
3407|5610|2026-01-27 00:00:00.000|-277.25000000000000000000|Invoice 102206|2026-05-19 23:26:05.377|#
3408|2310|2026-01-27 00:00:00.000|1386.25000000000000000000|Invoice 102206|2026-05-19 23:26:05.380|#
3409|6110|2026-01-17 00:00:00.000|-910.20000000000000000000|Invoice 102207|2026-05-19 23:26:05.490|#
3410|5610|2026-01-17 00:00:00.000|-227.55000000000000000000|Invoice 102207|2026-05-19 23:26:05.490|#
3411|2310|2026-01-17 00:00:00.000|1137.75000000000000000000|Invoice 102207|2026-05-19 23:26:05.497|#
3412|9330|2026-01-17 00:00:00.000|0.00000000000000000000|Residual caused by rounding of Additional-Currency Amount|2026-05-19 23:26:05.497|#
3413|6110|2026-01-18 00:00:00.000|-1668.70000000000000000000|Invoice 102208|2026-05-19 23:26:05.573|#
3414|5610|2026-01-18 00:00:00.000|-417.18000000000000000000|Invoice 102208|2026-05-19 23:26:05.573|#
3415|2310|2026-01-18 00:00:00.000|2085.88000000000000000000|Invoice 102208|2026-05-19 23:26:05.577|#
3416|6110|2026-01-16 00:00:00.000|-163.20000000000000000000|Invoice 102209|2026-05-19 23:26:05.653|#
3417|5610|2026-01-16 00:00:00.000|-40.80000000000000000000|Invoice 102209|2026-05-19 23:26:05.653|#
3418|2310|2026-01-16 00:00:00.000|204.00000000000000000000|Invoice 102209|2026-05-19 23:26:05.660|#
3419|6110|2026-01-15 00:00:00.000|-1876.80000000000000000000|Invoice 102210|2026-05-19 23:26:05.737|#
3420|5610|2026-01-15 00:00:00.000|-469.20000000000000000000|Invoice 102210|2026-05-19 23:26:05.737|#
3421|2310|2026-01-15 00:00:00.000|2346.00000000000000000000|Invoice 102210|2026-05-19 23:26:05.740|#
3422|6110|2026-01-14 00:00:00.000|-151.70000000000000000000|Invoice 102211|2026-05-19 23:26:05.817|#
3423|5610|2026-01-14 00:00:00.000|-37.93000000000000000000|Invoice 102211|2026-05-19 23:26:05.817|#
3424|2310|2026-01-14 00:00:00.000|189.63000000000000000000|Invoice 102211|2026-05-19 23:26:05.823|#
3425|9330|2026-01-14 00:00:00.000|0.00000000000000000000|Residual caused by rounding of Additional-Currency Amount|2026-05-19 23:26:05.823|#
3426|6110|2026-03-17 00:00:00.000|-443.60000000000000000000|Invoice 102212|2026-05-19 23:26:05.900|#
3427|5610|2026-03-17 00:00:00.000|-110.90000000000000000000|Invoice 102212|2026-05-19 23:26:05.900|#
3428|2310|2026-03-17 00:00:00.000|554.50000000000000000000|Invoice 102212|2026-05-19 23:26:05.907|#
3429|6110|2026-01-13 00:00:00.000|-3034.00000000000000000000|Invoice 102213|2026-05-19 23:26:05.980|#
3430|5610|2026-01-13 00:00:00.000|-758.50000000000000000000|Invoice 102213|2026-05-19 23:26:05.980|#
3431|2310|2026-01-13 00:00:00.000|3792.50000000000000000000|Invoice 102213|2026-05-19 23:26:05.987|#
3432|6110|2026-01-17 00:00:00.000|-606.80000000000000000000|Invoice 102214|2026-05-19 23:26:06.060|#
3433|5610|2026-01-17 00:00:00.000|-151.70000000000000000000|Invoice 102214|2026-05-19 23:26:06.060|#
3434|2310|2026-01-17 00:00:00.000|758.50000000000000000000|Invoice 102214|2026-05-19 23:26:06.067|#
3435|6110|2026-01-14 00:00:00.000|-816.00000000000000000000|Invoice 102215|2026-05-19 23:26:06.137|#
3436|5610|2026-01-14 00:00:00.000|-204.00000000000000000000|Invoice 102215|2026-05-19 23:26:06.137|#
3437|2310|2026-01-14 00:00:00.000|1020.00000000000000000000|Invoice 102215|2026-05-19 23:26:06.143|#
3438|6110|2026-01-17 00:00:00.000|-1142.40000000000000000000|Invoice 102216|2026-05-19 23:26:06.217|#
3439|5610|2026-01-17 00:00:00.000|-285.60000000000000000000|Invoice 102216|2026-05-19 23:26:06.217|#
3440|2310|2026-01-17 00:00:00.000|1428.00000000000000000000|Invoice 102216|2026-05-19 23:26:06.223|#
3441|6110|2026-01-29 00:00:00.000|-303.40000000000000000000|Invoice 102217|2026-05-19 23:26:06.297|#
3442|5610|2026-01-29 00:00:00.000|-75.85000000000000000000|Invoice 102217|2026-05-19 23:26:06.297|#
3443|2310|2026-01-29 00:00:00.000|379.25000000000000000000|Invoice 102217|2026-05-19 23:26:06.303|#
3444|9330|2026-01-29 00:00:00.000|0.00000000000000000000|Residual caused by rounding of Additional-Currency Amount|2026-05-19 23:26:06.303|#
3445|6130|2026-01-15 00:00:00.000|-606.80000000000000000000|Invoice 102218|2026-05-19 23:26:06.377|#
3446|2320|2026-01-15 00:00:00.000|606.80000000000000000000|Invoice 102218|2026-05-19 23:26:06.383|#
3447|6130|2026-01-20 00:00:00.000|-1668.70000000000000000000|Invoice 102219|2026-05-19 23:26:06.457|#
3448|2320|2026-01-20 00:00:00.000|1668.70000000000000000000|Invoice 102219|2026-05-19 23:26:06.467|#
3449|6120|2026-01-24 00:00:00.000|-3034.00000000000000000000|Invoice 102220|2026-05-19 23:26:06.540|#
3450|2320|2026-01-24 00:00:00.000|3034.00000000000000000000|Invoice 102220|2026-05-19 23:26:06.547|#
3451|6120|2026-01-18 00:00:00.000|-303.40000000000000000000|Invoice 102221|2026-05-19 23:26:06.623|#
3452|2320|2026-01-18 00:00:00.000|303.40000000000000000000|Invoice 102221|2026-05-19 23:26:06.627|#
3453|2110|2025-12-01 00:00:00.000|-288.30000000000000000000|Direct Cost 30000 on 12/01/25|2026-05-19 23:26:06.703|#
3454|7190|2025-12-01 00:00:00.000|288.30000000000000000000|Direct Cost 30000 on 12/01/25|2026-05-19 23:26:06.707|#
3455|6130|2025-12-01 00:00:00.000|-369.90000000000000000000|Invoice 102222|2026-05-19 23:26:06.710|#
3456|2320|2025-12-01 00:00:00.000|369.90000000000000000000|Invoice 102222|2026-05-19 23:26:06.713|#
3457|2910|2025-12-01 00:00:00.000|369.90000000000000000000|Invoice 102222|2026-05-19 23:26:06.730|#
3458|2320|2025-12-01 00:00:00.000|-369.90000000000000000000|Invoice 102222|2026-05-19 23:26:06.730|#
3459|2110|2025-12-09 00:00:00.000|-1013.20000000000000000000|Direct Cost 40000 on 12/09/25|2026-05-19 23:26:06.810|#
3460|7190|2025-12-09 00:00:00.000|1013.20000000000000000000|Direct Cost 40000 on 12/09/25|2026-05-19 23:26:06.813|#
3461|6120|2025-12-09 00:00:00.000|-1298.80000000000000000000|Invoice 102223|2026-05-19 23:26:06.817|#
3462|2320|2025-12-09 00:00:00.000|1298.80000000000000000000|Invoice 102223|2026-05-19 23:26:06.820|#
3463|2910|2025-12-09 00:00:00.000|1298.80000000000000000000|Invoice 102223|2026-05-19 23:26:06.833|#
3464|2320|2025-12-09 00:00:00.000|-1298.80000000000000000000|Invoice 102223|2026-05-19 23:26:06.833|#
3465|2110|2025-12-13 00:00:00.000|-780.00000000000000000000|Direct Cost 40000 on 12/13/25|2026-05-19 23:26:06.907|#
3466|7190|2025-12-13 00:00:00.000|780.00000000000000000000|Direct Cost 40000 on 12/13/25|2026-05-19 23:26:06.910|#
3467|6120|2025-12-13 00:00:00.000|-1000.80000000000000000000|Invoice 102224|2026-05-19 23:26:06.913|#
3468|2320|2025-12-13 00:00:00.000|1000.80000000000000000000|Invoice 102224|2026-05-19 23:26:06.920|#
3469|2910|2025-12-13 00:00:00.000|1000.80000000000000000000|Invoice 102224|2026-05-19 23:26:06.933|#
3470|2320|2025-12-13 00:00:00.000|-1000.80000000000000000000|Invoice 102224|2026-05-19 23:26:06.933|#
3471|2110|2025-12-27 00:00:00.000|-768.80000000000000000000|Direct Cost 30000 on 12/27/25|2026-05-19 23:26:07.010|#
3472|7190|2025-12-27 00:00:00.000|768.80000000000000000000|Direct Cost 30000 on 12/27/25|2026-05-19 23:26:07.013|#
3473|6130|2025-12-27 00:00:00.000|-986.40000000000000000000|Invoice 102225|2026-05-19 23:26:07.017|#
3474|2320|2025-12-27 00:00:00.000|986.40000000000000000000|Invoice 102225|2026-05-19 23:26:07.020|#
3475|2910|2025-12-27 00:00:00.000|986.40000000000000000000|Invoice 102225|2026-05-19 23:26:07.037|#
3476|2320|2025-12-27 00:00:00.000|-986.40000000000000000000|Invoice 102225|2026-05-19 23:26:07.037|#
3477|2110|2025-12-29 00:00:00.000|-975.00000000000000000000|Direct Cost 50000 on 12/29/25|2026-05-19 23:26:07.113|#
3478|7190|2025-12-29 00:00:00.000|975.00000000000000000000|Direct Cost 50000 on 12/29/25|2026-05-19 23:26:07.123|#
3479|6110|2025-12-29 00:00:00.000|-1251.00000000000000000000|Invoice 102226|2026-05-19 23:26:07.127|#
3480|5610|2025-12-29 00:00:00.000|-312.75000000000000000000|Invoice 102226|2026-05-19 23:26:07.127|#
3481|2310|2025-12-29 00:00:00.000|1563.75000000000000000000|Invoice 102226|2026-05-19 23:26:07.133|#
3482|9330|2025-12-29 00:00:00.000|0.00000000000000000000|Residual caused by rounding of Additional-Currency Amount|2026-05-19 23:26:07.133|#
3483|2910|2025-12-29 00:00:00.000|1563.75000000000000000000|Invoice 102226|2026-05-19 23:26:07.147|#
3484|2310|2025-12-29 00:00:00.000|-1563.75000000000000000000|Invoice 102226|2026-05-19 23:26:07.147|#
3485|2110|2025-12-31 00:00:00.000|-585.00000000000000000000|Direct Cost 50000 on 12/31/25|2026-05-19 23:26:07.223|#
3486|7190|2025-12-31 00:00:00.000|585.00000000000000000000|Direct Cost 50000 on 12/31/25|2026-05-19 23:26:07.227|#
3487|6110|2025-12-31 00:00:00.000|-750.60000000000000000000|Invoice 102227|2026-05-19 23:26:07.230|#
3488|5610|2025-12-31 00:00:00.000|-187.65000000000000000000|Invoice 102227|2026-05-19 23:26:07.230|#
3489|2310|2025-12-31 00:00:00.000|938.25000000000000000000|Invoice 102227|2026-05-19 23:26:07.233|#
3490|2910|2025-12-31 00:00:00.000|938.25000000000000000000|Invoice 102227|2026-05-19 23:26:07.247|#
3491|2310|2025-12-31 00:00:00.000|-938.25000000000000000000|Invoice 102227|2026-05-19 23:26:07.247|#
3492|2110|2026-01-01 00:00:00.000|-480.50000000000000000000|Direct Cost 10000 on 01/01/26|2026-05-19 23:26:07.347|#
3493|7190|2026-01-01 00:00:00.000|480.50000000000000000000|Direct Cost 10000 on 01/01/26|2026-05-19 23:26:07.350|#
3494|2110|2026-01-01 00:00:00.000|-390.00000000000000000000|Direct Cost 10000 on 01/01/26|2026-05-19 23:26:07.353|#
3495|7190|2026-01-01 00:00:00.000|390.00000000000000000000|Direct Cost 10000 on 01/01/26|2026-05-19 23:26:07.353|#
3496|6110|2026-01-01 00:00:00.000|-1116.90000000000000000000|Invoice 102228|2026-05-19 23:26:07.357|#
3497|5610|2026-01-01 00:00:00.000|-279.23000000000000000000|Invoice 102228|2026-05-19 23:26:07.357|#
3498|2310|2026-01-01 00:00:00.000|1396.13000000000000000000|Invoice 102228|2026-05-19 23:26:07.363|#
3499|2910|2026-01-01 00:00:00.000|1396.13000000000000000000|Invoice 102228|2026-05-19 23:26:07.377|#
3500|2310|2026-01-01 00:00:00.000|-1396.13000000000000000000|Invoice 102228|2026-05-19 23:26:07.377|#
3501|2110|2026-01-03 00:00:00.000|-390.00000000000000000000|Direct Cost 50000 on 01/03/26|2026-05-19 23:26:07.463|#
3502|7190|2026-01-03 00:00:00.000|390.00000000000000000000|Direct Cost 50000 on 01/03/26|2026-05-19 23:26:07.463|#
3503|6110|2026-01-03 00:00:00.000|-500.40000000000000000000|Invoice 102229|2026-05-19 23:26:07.467|#
3504|5610|2026-01-03 00:00:00.000|-125.10000000000000000000|Invoice 102229|2026-05-19 23:26:07.467|#
3505|2310|2026-01-03 00:00:00.000|625.50000000000000000000|Invoice 102229|2026-05-19 23:26:07.473|#
3506|9330|2026-01-03 00:00:00.000|0.00000000000000000000|Residual caused by rounding of Additional-Currency Amount|2026-05-19 23:26:07.473|#
3507|2910|2026-01-03 00:00:00.000|625.50000000000000000000|Invoice 102229|2026-05-19 23:26:07.487|#
3508|2310|2026-01-03 00:00:00.000|-625.50000000000000000000|Invoice 102229|2026-05-19 23:26:07.487|#
3509|2110|2026-01-04 00:00:00.000|-780.00000000000000000000|Direct Cost 30000 on 01/04/26|2026-05-19 23:26:07.567|#
3510|7190|2026-01-04 00:00:00.000|780.00000000000000000000|Direct Cost 30000 on 01/04/26|2026-05-19 23:26:07.567|#
3511|6130|2026-01-04 00:00:00.000|-1000.80000000000000000000|Invoice 102230|2026-05-19 23:26:07.570|#
3512|2320|2026-01-04 00:00:00.000|1000.80000000000000000000|Invoice 102230|2026-05-19 23:26:07.577|#
3513|2910|2026-01-04 00:00:00.000|1000.80000000000000000000|Invoice 102230|2026-05-19 23:26:07.590|#
3514|2320|2026-01-04 00:00:00.000|-1000.80000000000000000000|Invoice 102230|2026-05-19 23:26:07.590|#
3515|2110|2026-01-04 00:00:00.000|-1640.00000000000000000000|Direct Cost 10000 on 01/04/26|2026-05-19 23:26:07.680|#
3516|7190|2026-01-04 00:00:00.000|1640.00000000000000000000|Direct Cost 10000 on 01/04/26|2026-05-19 23:26:07.683|#
3517|2110|2026-01-04 00:00:00.000|-707.20000000000000000000|Direct Cost 10000 on 01/04/26|2026-05-19 23:26:07.687|#
3518|7190|2026-01-04 00:00:00.000|707.20000000000000000000|Direct Cost 10000 on 01/04/26|2026-05-19 23:26:07.687|#
3519|6110|2026-01-04 00:00:00.000|-3008.70000000000000000000|Invoice 102231|2026-05-19 23:26:07.690|#
3520|5610|2026-01-04 00:00:00.000|-752.18000000000000000000|Invoice 102231|2026-05-19 23:26:07.690|#
3521|2310|2026-01-04 00:00:00.000|3760.88000000000000000000|Invoice 102231|2026-05-19 23:26:07.697|#
3522|2910|2026-01-04 00:00:00.000|3760.88000000000000000000|Invoice 102231|2026-05-19 23:26:07.707|#
3523|2310|2026-01-04 00:00:00.000|-3760.88000000000000000000|Invoice 102231|2026-05-19 23:26:07.707|#
3524|2110|2026-01-06 00:00:00.000|-576.60000000000000000000|Direct Cost 50000 on 01/06/26|2026-05-19 23:26:07.807|#
3525|7190|2026-01-06 00:00:00.000|576.60000000000000000000|Direct Cost 50000 on 01/06/26|2026-05-19 23:26:07.807|#
3526|6110|2026-01-06 00:00:00.000|-739.80000000000000000000|Invoice 102232|2026-05-19 23:26:07.810|#
3527|5610|2026-01-06 00:00:00.000|-184.95000000000000000000|Invoice 102232|2026-05-19 23:26:07.810|#
3528|2310|2026-01-06 00:00:00.000|924.75000000000000000000|Invoice 102232|2026-05-19 23:26:07.817|#
3529|9340|2026-01-06 00:00:00.000|0.00000000000000000000|Residual caused by rounding of Additional-Currency Amount|2026-05-19 23:26:07.817|#
3530|2910|2026-01-06 00:00:00.000|924.75000000000000000000|Invoice 102232|2026-05-19 23:26:07.830|#
3531|2310|2026-01-06 00:00:00.000|-924.75000000000000000000|Invoice 102232|2026-05-19 23:26:07.830|#
3532|2110|2026-01-07 00:00:00.000|-1968.00000000000000000000|Direct Cost 20000 on 01/07/26|2026-05-19 23:26:07.907|#
3533|7190|2026-01-07 00:00:00.000|1968.00000000000000000000|Direct Cost 20000 on 01/07/26|2026-05-19 23:26:07.907|#
3534|6110|2026-01-07 00:00:00.000|-2522.40000000000000000000|Invoice 102233|2026-05-19 23:26:07.910|#
3535|5610|2026-01-07 00:00:00.000|-630.60000000000000000000|Invoice 102233|2026-05-19 23:26:07.910|#
3536|2310|2026-01-07 00:00:00.000|3153.00000000000000000000|Invoice 102233|2026-05-19 23:26:07.917|#
3537|9330|2026-01-07 00:00:00.000|0.00000000000000000000|Residual caused by rounding of Additional-Currency Amount|2026-05-19 23:26:07.917|#
3538|2910|2026-01-07 00:00:00.000|3153.00000000000000000000|Invoice 102233|2026-05-19 23:26:07.930|#
3539|2310|2026-01-07 00:00:00.000|-3153.00000000000000000000|Invoice 102233|2026-05-19 23:26:07.930|#
3540|2110|2026-01-07 00:00:00.000|-195.00000000000000000000|Direct Cost 40000 on 01/07/26|2026-05-19 23:26:08.007|#
3541|7190|2026-01-07 00:00:00.000|195.00000000000000000000|Direct Cost 40000 on 01/07/26|2026-05-19 23:26:08.007|#
3542|6120|2026-01-07 00:00:00.000|-250.20000000000000000000|Invoice 102234|2026-05-19 23:26:08.013|#
3543|2320|2026-01-07 00:00:00.000|250.20000000000000000000|Invoice 102234|2026-05-19 23:26:08.017|#
3544|2910|2026-01-07 00:00:00.000|250.20000000000000000000|Invoice 102234|2026-05-19 23:26:08.030|#
3545|2320|2026-01-07 00:00:00.000|-250.20000000000000000000|Invoice 102234|2026-05-19 23:26:08.030|#
3546|2110|2026-01-10 00:00:00.000|-2026.40000000000000000000|Direct Cost 20000 on 01/10/26|2026-05-19 23:26:08.107|#
3547|7190|2026-01-10 00:00:00.000|2026.40000000000000000000|Direct Cost 20000 on 01/10/26|2026-05-19 23:26:08.107|#
3548|6910|2026-01-10 00:00:00.000|51.95000000000000000000|Invoice 102235|2026-05-19 23:26:08.110|#
3549|5610|2026-01-10 00:00:00.000|12.99000000000000000000|Invoice 102235|2026-05-19 23:26:08.110|#
3550|6110|2026-01-10 00:00:00.000|-2597.60000000000000000000|Invoice 102235|2026-05-19 23:26:08.113|#
3551|5610|2026-01-10 00:00:00.000|-649.40000000000000000000|Invoice 102235|2026-05-19 23:26:08.113|#
3552|2310|2026-01-10 00:00:00.000|3182.06000000000000000000|Invoice 102235|2026-05-19 23:26:08.120|#
3553|9340|2026-01-10 00:00:00.000|0.00000000000000000000|Residual caused by rounding of Additional-Currency Amount|2026-05-19 23:26:08.120|#
3554|2910|2026-01-10 00:00:00.000|3182.06000000000000000000|Invoice 102235|2026-05-19 23:26:08.133|#
3555|2310|2026-01-10 00:00:00.000|-3182.06000000000000000000|Invoice 102235|2026-05-19 23:26:08.133|#
3556|2110|2026-01-11 00:00:00.000|-3280.00000000000000000000|Direct Cost 10000 on 01/11/26|2026-05-19 23:26:08.210|#
3557|7190|2026-01-11 00:00:00.000|3280.00000000000000000000|Direct Cost 10000 on 01/11/26|2026-05-19 23:26:08.213|#
3558|6110|2026-01-11 00:00:00.000|-4204.00000000000000000000|Invoice 102236|2026-05-19 23:26:08.217|#
3559|5610|2026-01-11 00:00:00.000|-1051.00000000000000000000|Invoice 102236|2026-05-19 23:26:08.217|#
3560|2310|2026-01-11 00:00:00.000|5255.00000000000000000000|Invoice 102236|2026-05-19 23:26:08.220|#
3561|9340|2026-01-11 00:00:00.000|0.00000000000000000000|Residual caused by rounding of Additional-Currency Amount|2026-05-19 23:26:08.220|#
3562|2910|2026-01-11 00:00:00.000|5255.00000000000000000000|Invoice 102236|2026-05-19 23:26:08.237|#
3563|2310|2026-01-11 00:00:00.000|-5255.00000000000000000000|Invoice 102236|2026-05-19 23:26:08.237|#
3564|2110|2026-01-11 00:00:00.000|-1414.40000000000000000000|Direct Cost 30000 on 01/11/26|2026-05-19 23:26:08.317|#
3565|7190|2026-01-11 00:00:00.000|1414.40000000000000000000|Direct Cost 30000 on 01/11/26|2026-05-19 23:26:08.317|#
3566|6130|2026-01-11 00:00:00.000|-1813.40000000000000000000|Invoice 102237|2026-05-19 23:26:08.320|#
3567|2320|2026-01-11 00:00:00.000|1813.40000000000000000000|Invoice 102237|2026-05-19 23:26:08.327|#
3568|2910|2026-01-11 00:00:00.000|1813.40000000000000000000|Invoice 102237|2026-05-19 23:26:08.340|#
3569|2320|2026-01-11 00:00:00.000|-1813.40000000000000000000|Invoice 102237|2026-05-19 23:26:08.340|#
3570|2110|2026-01-13 00:00:00.000|-4559.40000000000000000000|Direct Cost 10000 on 01/13/26|2026-05-19 23:26:08.420|#
3571|7190|2026-01-13 00:00:00.000|4559.40000000000000000000|Direct Cost 10000 on 01/13/26|2026-05-19 23:26:08.420|#
3572|6110|2026-01-13 00:00:00.000|-5844.60000000000000000000|Invoice 102238|2026-05-19 23:26:08.427|#
3573|5610|2026-01-13 00:00:00.000|-1461.15000000000000000000|Invoice 102238|2026-05-19 23:26:08.427|#
3574|2310|2026-01-13 00:00:00.000|7305.75000000000000000000|Invoice 102238|2026-05-19 23:26:08.430|#
3575|2910|2026-01-13 00:00:00.000|7305.75000000000000000000|Invoice 102238|2026-05-19 23:26:08.447|#
3576|2310|2026-01-13 00:00:00.000|-7305.75000000000000000000|Invoice 102238|2026-05-19 23:26:08.447|#
3577|2110|2026-01-14 00:00:00.000|-384.40000000000000000000|Direct Cost 20000 on 01/14/26|2026-05-19 23:26:08.523|#
3578|7190|2026-01-14 00:00:00.000|384.40000000000000000000|Direct Cost 20000 on 01/14/26|2026-05-19 23:26:08.527|#
3579|6110|2026-01-14 00:00:00.000|-493.20000000000000000000|Invoice 102239|2026-05-19 23:26:08.530|#
3580|5610|2026-01-14 00:00:00.000|-123.30000000000000000000|Invoice 102239|2026-05-19 23:26:08.530|#
3581|2310|2026-01-14 00:00:00.000|616.50000000000000000000|Invoice 102239|2026-05-19 23:26:08.533|#
3582|2910|2026-01-14 00:00:00.000|616.50000000000000000000|Invoice 102239|2026-05-19 23:26:08.547|#
3583|2310|2026-01-14 00:00:00.000|-616.50000000000000000000|Invoice 102239|2026-05-19 23:26:08.547|#
3584|2110|2026-01-16 00:00:00.000|-576.60000000000000000000|Direct Cost 40000 on 01/16/26|2026-05-19 23:26:08.620|#
3585|7190|2026-01-16 00:00:00.000|576.60000000000000000000|Direct Cost 40000 on 01/16/26|2026-05-19 23:26:08.623|#
3586|6120|2026-01-16 00:00:00.000|-739.80000000000000000000|Invoice 102240|2026-05-19 23:26:08.627|#
3587|2320|2026-01-16 00:00:00.000|739.80000000000000000000|Invoice 102240|2026-05-19 23:26:08.630|#
3588|2910|2026-01-16 00:00:00.000|739.80000000000000000000|Invoice 102240|2026-05-19 23:26:08.647|#
3589|2320|2026-01-16 00:00:00.000|-739.80000000000000000000|Invoice 102240|2026-05-19 23:26:08.647|#
3590|2110|2026-01-19 00:00:00.000|-4559.40000000000000000000|Direct Cost 30000 on 01/19/26|2026-05-19 23:26:08.723|#
3591|7190|2026-01-19 00:00:00.000|4559.40000000000000000000|Direct Cost 30000 on 01/19/26|2026-05-19 23:26:08.727|#
3592|6130|2026-01-19 00:00:00.000|-5844.60000000000000000000|Invoice 102241|2026-05-19 23:26:08.730|#
3593|2320|2026-01-19 00:00:00.000|5844.60000000000000000000|Invoice 102241|2026-05-19 23:26:08.737|#
3594|2910|2026-01-19 00:00:00.000|5844.60000000000000000000|Invoice 102241|2026-05-19 23:26:08.747|#
3595|2320|2026-01-19 00:00:00.000|-5844.60000000000000000000|Invoice 102241|2026-05-19 23:26:08.747|#
3596|2110|2026-01-20 00:00:00.000|-192.20000000000000000000|Direct Cost 40000 on 01/20/26|2026-05-19 23:26:08.823|#
3597|7190|2026-01-20 00:00:00.000|192.20000000000000000000|Direct Cost 40000 on 01/20/26|2026-05-19 23:26:08.827|#
3598|6120|2026-01-20 00:00:00.000|-246.60000000000000000000|Invoice 102242|2026-05-19 23:26:08.830|#
3599|2320|2026-01-20 00:00:00.000|246.60000000000000000000|Invoice 102242|2026-05-19 23:26:08.833|#
3600|2910|2026-01-20 00:00:00.000|246.60000000000000000000|Invoice 102242|2026-05-19 23:26:08.847|#
3601|2320|2026-01-20 00:00:00.000|-246.60000000000000000000|Invoice 102242|2026-05-19 23:26:08.847|#
3602|2110|2026-01-21 00:00:00.000|-864.90000000000000000000|Direct Cost 20000 on 01/21/26|2026-05-19 23:26:08.927|#
3603|7190|2026-01-21 00:00:00.000|864.90000000000000000000|Direct Cost 20000 on 01/21/26|2026-05-19 23:26:08.927|#
3604|6110|2026-01-21 00:00:00.000|-1109.70000000000000000000|Invoice 102243|2026-05-19 23:26:08.933|#
3605|5610|2026-01-21 00:00:00.000|-277.43000000000000000000|Invoice 102243|2026-05-19 23:26:08.933|#
3606|2310|2026-01-21 00:00:00.000|1387.13000000000000000000|Invoice 102243|2026-05-19 23:26:08.943|#
3607|9330|2026-01-21 00:00:00.000|0.00000000000000000000|Residual caused by rounding of Additional-Currency Amount|2026-05-19 23:26:08.943|#
3608|2910|2026-01-21 00:00:00.000|1387.13000000000000000000|Invoice 102243|2026-05-19 23:26:08.960|#
3609|2310|2026-01-21 00:00:00.000|-1387.13000000000000000000|Invoice 102243|2026-05-19 23:26:08.960|#
3610|2110|2026-01-21 00:00:00.000|-384.40000000000000000000|Direct Cost 10000 on 01/21/26|2026-05-19 23:26:09.037|#
3611|7190|2026-01-21 00:00:00.000|384.40000000000000000000|Direct Cost 10000 on 01/21/26|2026-05-19 23:26:09.040|#
3612|6110|2026-01-21 00:00:00.000|-493.20000000000000000000|Invoice 102244|2026-05-19 23:26:09.043|#
3613|5610|2026-01-21 00:00:00.000|-123.30000000000000000000|Invoice 102244|2026-05-19 23:26:09.043|#
3614|2310|2026-01-21 00:00:00.000|616.50000000000000000000|Invoice 102244|2026-05-19 23:26:09.050|#
3615|2910|2026-01-21 00:00:00.000|616.50000000000000000000|Invoice 102244|2026-05-19 23:26:09.063|#
3616|2310|2026-01-21 00:00:00.000|-616.50000000000000000000|Invoice 102244|2026-05-19 23:26:09.063|#
3617|2110|2026-01-22 00:00:00.000|-390.00000000000000000000|Direct Cost 50000 on 01/22/26|2026-05-19 23:26:09.137|#
3618|7190|2026-01-22 00:00:00.000|390.00000000000000000000|Direct Cost 50000 on 01/22/26|2026-05-19 23:26:09.140|#
3619|6110|2026-01-22 00:00:00.000|-500.40000000000000000000|Invoice 102245|2026-05-19 23:26:09.143|#
3620|5610|2026-01-22 00:00:00.000|-125.10000000000000000000|Invoice 102245|2026-05-19 23:26:09.143|#
3621|2310|2026-01-22 00:00:00.000|625.50000000000000000000|Invoice 102245|2026-05-19 23:26:09.150|#
3622|9330|2026-01-22 00:00:00.000|0.00000000000000000000|Residual caused by rounding of Additional-Currency Amount|2026-05-19 23:26:09.150|#
3623|2910|2026-01-22 00:00:00.000|625.50000000000000000000|Invoice 102245|2026-05-19 23:26:09.167|#
3624|2310|2026-01-22 00:00:00.000|-625.50000000000000000000|Invoice 102245|2026-05-19 23:26:09.167|#
3625|2110|2026-01-22 00:00:00.000|-384.40000000000000000000|Direct Cost 40000 on 01/22/26|2026-05-19 23:26:09.237|#
3626|7190|2026-01-22 00:00:00.000|384.40000000000000000000|Direct Cost 40000 on 01/22/26|2026-05-19 23:26:09.240|#
3627|6120|2026-01-22 00:00:00.000|-493.20000000000000000000|Invoice 102246|2026-05-19 23:26:09.243|#
3628|2320|2026-01-22 00:00:00.000|493.20000000000000000000|Invoice 102246|2026-05-19 23:26:09.247|#
3629|2910|2026-01-22 00:00:00.000|493.20000000000000000000|Invoice 102246|2026-05-19 23:26:09.263|#
3630|2320|2026-01-22 00:00:00.000|-493.20000000000000000000|Invoice 102246|2026-05-19 23:26:09.263|#
3631|2110|2026-01-24 00:00:00.000|-250.20000000000000000000|Direct Cost 50000 on 01/24/26|2026-05-19 23:26:09.343|#
3632|7190|2026-01-24 00:00:00.000|250.20000000000000000000|Direct Cost 50000 on 01/24/26|2026-05-19 23:26:09.347|#
3633|6110|2026-01-24 00:00:00.000|-320.40000000000000000000|Invoice 102247|2026-05-19 23:26:09.350|#
3634|5610|2026-01-24 00:00:00.000|-80.10000000000000000000|Invoice 102247|2026-05-19 23:26:09.350|#
3635|2310|2026-01-24 00:00:00.000|400.50000000000000000000|Invoice 102247|2026-05-19 23:26:09.357|#
3636|2910|2026-01-24 00:00:00.000|400.50000000000000000000|Invoice 102247|2026-05-19 23:26:09.370|#
3637|2310|2026-01-24 00:00:00.000|-400.50000000000000000000|Invoice 102247|2026-05-19 23:26:09.370|#
3638|2110|2026-01-25 00:00:00.000|-1640.00000000000000000000|Direct Cost 30000 on 01/25/26|2026-05-19 23:26:09.453|#
3639|7190|2026-01-25 00:00:00.000|1640.00000000000000000000|Direct Cost 30000 on 01/25/26|2026-05-19 23:26:09.457|#
3640|6130|2026-01-25 00:00:00.000|-2102.00000000000000000000|Invoice 102248|2026-05-19 23:26:09.460|#
3641|2320|2026-01-25 00:00:00.000|2102.00000000000000000000|Invoice 102248|2026-05-19 23:26:09.463|#
3642|2910|2026-01-25 00:00:00.000|2102.00000000000000000000|Invoice 102248|2026-05-19 23:26:09.477|#
3643|2320|2026-01-25 00:00:00.000|-2102.00000000000000000000|Invoice 102248|2026-05-19 23:26:09.477|#
3644|2110|2026-01-26 00:00:00.000|-768.80000000000000000000|Direct Cost 10000 on 01/26/26|2026-05-19 23:26:09.557|#
3645|7190|2026-01-26 00:00:00.000|768.80000000000000000000|Direct Cost 10000 on 01/26/26|2026-05-19 23:26:09.557|#
3646|6110|2026-01-26 00:00:00.000|-986.40000000000000000000|Invoice 102249|2026-05-19 23:26:09.563|#
3647|5610|2026-01-26 00:00:00.000|-246.60000000000000000000|Invoice 102249|2026-05-19 23:26:09.563|#
3648|2310|2026-01-26 00:00:00.000|1233.00000000000000000000|Invoice 102249|2026-05-19 23:26:09.567|#
3649|2910|2026-01-26 00:00:00.000|1233.00000000000000000000|Invoice 102249|2026-05-19 23:26:09.580|#
3650|2310|2026-01-26 00:00:00.000|-1233.00000000000000000000|Invoice 102249|2026-05-19 23:26:09.580|#
3651|2110|2026-01-27 00:00:00.000|-480.50000000000000000000|Direct Cost 40000 on 01/27/26|2026-05-19 23:26:09.657|#
3652|7190|2026-01-27 00:00:00.000|480.50000000000000000000|Direct Cost 40000 on 01/27/26|2026-05-19 23:26:09.657|#
3653|6120|2026-01-27 00:00:00.000|-616.50000000000000000000|Invoice 102250|2026-05-19 23:26:09.660|#
3654|2320|2026-01-27 00:00:00.000|616.50000000000000000000|Invoice 102250|2026-05-19 23:26:09.667|#
3655|2910|2026-01-27 00:00:00.000|616.50000000000000000000|Invoice 102250|2026-05-19 23:26:09.680|#
3656|2320|2026-01-27 00:00:00.000|-616.50000000000000000000|Invoice 102250|2026-05-19 23:26:09.680|#
3657|2110|2026-01-29 00:00:00.000|-97.50000000000000000000|Direct Cost 10000 on 01/29/26|2026-05-19 23:26:09.757|#
3658|7190|2026-01-29 00:00:00.000|97.50000000000000000000|Direct Cost 10000 on 01/29/26|2026-05-19 23:26:09.757|#
3659|6110|2026-01-29 00:00:00.000|-125.10000000000000000000|Invoice 102251|2026-05-19 23:26:09.763|#
3660|5610|2026-01-29 00:00:00.000|-31.28000000000000000000|Invoice 102251|2026-05-19 23:26:09.763|#
3661|2310|2026-01-29 00:00:00.000|156.38000000000000000000|Invoice 102251|2026-05-19 23:26:09.767|#
3662|2910|2026-01-29 00:00:00.000|156.38000000000000000000|Invoice 102251|2026-05-19 23:26:09.780|#
3663|2310|2026-01-29 00:00:00.000|-156.38000000000000000000|Invoice 102251|2026-05-19 23:26:09.780|#
3664|2110|2026-01-31 00:00:00.000|-1968.00000000000000000000|Direct Cost 50000 on 01/31/26|2026-05-19 23:26:09.877|#
3665|7190|2026-01-31 00:00:00.000|1968.00000000000000000000|Direct Cost 50000 on 01/31/26|2026-05-19 23:26:09.880|#
3666|2110|2026-01-31 00:00:00.000|-961.00000000000000000000|Direct Cost 50000 on 01/31/26|2026-05-19 23:26:09.883|#
3667|7190|2026-01-31 00:00:00.000|961.00000000000000000000|Direct Cost 50000 on 01/31/26|2026-05-19 23:26:09.883|#
3668|6910|2026-01-31 00:00:00.000|87.44000000000000000000|Invoice 102252|2026-05-19 23:26:09.887|#
3669|5610|2026-01-31 00:00:00.000|21.86000000000000000000|Invoice 102252|2026-05-19 23:26:09.887|#
3670|6110|2026-01-31 00:00:00.000|-3755.40000000000000000000|Invoice 102252|2026-05-19 23:26:09.890|#
3671|5610|2026-01-31 00:00:00.000|-938.85000000000000000000|Invoice 102252|2026-05-19 23:26:09.890|#
3672|2310|2026-01-31 00:00:00.000|4584.95000000000000000000|Invoice 102252|2026-05-19 23:26:09.897|#
3673|2910|2026-01-31 00:00:00.000|4584.95000000000000000000|Invoice 102252|2026-05-19 23:26:09.913|#
3674|2310|2026-01-31 00:00:00.000|-4584.95000000000000000000|Invoice 102252|2026-05-19 23:26:09.913|#
3675|2110|2026-02-01 00:00:00.000|-682.50000000000000000000|Direct Cost 30000 on 02/01/26|2026-05-19 23:26:10.020|#
3676|7190|2026-02-01 00:00:00.000|682.50000000000000000000|Direct Cost 30000 on 02/01/26|2026-05-19 23:26:10.023|#
3677|2110|2026-02-01 00:00:00.000|-877.50000000000000000000|Direct Cost 30000 on 02/01/26|2026-05-19 23:26:10.027|#
3678|7190|2026-02-01 00:00:00.000|877.50000000000000000000|Direct Cost 30000 on 02/01/26|2026-05-19 23:26:10.027|#
3679|6130|2026-02-01 00:00:00.000|-2001.60000000000000000000|Invoice 102253|2026-05-19 23:26:10.030|#
3680|2320|2026-02-01 00:00:00.000|2001.60000000000000000000|Invoice 102253|2026-05-19 23:26:10.037|#
3681|2910|2026-02-01 00:00:00.000|2001.60000000000000000000|Invoice 102253|2026-05-19 23:26:10.050|#
3682|2320|2026-02-01 00:00:00.000|-2001.60000000000000000000|Invoice 102253|2026-05-19 23:26:10.050|#
3683|2110|2026-02-02 00:00:00.000|-585.00000000000000000000|Direct Cost 30000 on 02/02/26|2026-05-19 23:26:10.160|#
3684|7190|2026-02-02 00:00:00.000|585.00000000000000000000|Direct Cost 30000 on 02/02/26|2026-05-19 23:26:10.163|#
3685|2110|2026-02-02 00:00:00.000|-2026.40000000000000000000|Direct Cost 30000 on 02/02/26|2026-05-19 23:26:10.167|#
3686|7190|2026-02-02 00:00:00.000|2026.40000000000000000000|Direct Cost 30000 on 02/02/26|2026-05-19 23:26:10.167|#
3687|6130|2026-02-02 00:00:00.000|-3348.20000000000000000000|Invoice 102254|2026-05-19 23:26:10.170|#
3688|2320|2026-02-02 00:00:00.000|3348.20000000000000000000|Invoice 102254|2026-05-19 23:26:10.177|#
3689|2910|2026-02-02 00:00:00.000|3348.20000000000000000000|Invoice 102254|2026-05-19 23:26:10.190|#
3690|2320|2026-02-02 00:00:00.000|-3348.20000000000000000000|Invoice 102254|2026-05-19 23:26:10.190|#
3691|2110|2026-02-04 00:00:00.000|-506.60000000000000000000|Direct Cost 40000 on 02/04/26|2026-05-19 23:26:10.280|#
3692|7190|2026-02-04 00:00:00.000|506.60000000000000000000|Direct Cost 40000 on 02/04/26|2026-05-19 23:26:10.283|#
3693|6120|2026-02-04 00:00:00.000|-649.40000000000000000000|Invoice 102255|2026-05-19 23:26:10.287|#
3694|2320|2026-02-04 00:00:00.000|649.40000000000000000000|Invoice 102255|2026-05-19 23:26:10.293|#
3695|2910|2026-02-04 00:00:00.000|649.40000000000000000000|Invoice 102255|2026-05-19 23:26:10.307|#
3696|2320|2026-02-04 00:00:00.000|-649.40000000000000000000|Invoice 102255|2026-05-19 23:26:10.307|#
3697|2110|2026-02-05 00:00:00.000|-707.20000000000000000000|Direct Cost 40000 on 02/05/26|2026-05-19 23:26:10.387|#
3698|7190|2026-02-05 00:00:00.000|707.20000000000000000000|Direct Cost 40000 on 02/05/26|2026-05-19 23:26:10.387|#
3699|6120|2026-02-05 00:00:00.000|-906.70000000000000000000|Invoice 102256|2026-05-19 23:26:10.390|#
3700|2320|2026-02-05 00:00:00.000|906.70000000000000000000|Invoice 102256|2026-05-19 23:26:10.397|#
3701|2910|2026-02-05 00:00:00.000|906.70000000000000000000|Invoice 102256|2026-05-19 23:26:10.410|#
3702|2320|2026-02-05 00:00:00.000|-906.70000000000000000000|Invoice 102256|2026-05-19 23:26:10.410|#
3703|2110|2026-02-07 00:00:00.000|-3039.60000000000000000000|Direct Cost 40000 on 02/07/26|2026-05-19 23:26:10.483|#
3704|7190|2026-02-07 00:00:00.000|3039.60000000000000000000|Direct Cost 40000 on 02/07/26|2026-05-19 23:26:10.487|#
3705|6910|2026-02-07 00:00:00.000|77.93000000000000000000|Invoice 102257|2026-05-19 23:26:10.490|#
3706|6120|2026-02-07 00:00:00.000|-3896.40000000000000000000|Invoice 102257|2026-05-19 23:26:10.490|#
3707|2320|2026-02-07 00:00:00.000|3818.47000000000000000000|Invoice 102257|2026-05-19 23:26:10.497|#
3708|9340|2026-02-07 00:00:00.000|0.00000000000000000000|Residual caused by rounding of Additional-Currency Amount|2026-05-19 23:26:10.497|#
3709|2910|2026-02-07 00:00:00.000|3818.47000000000000000000|Invoice 102257|2026-05-19 23:26:10.510|#
3710|2320|2026-02-07 00:00:00.000|-3818.47000000000000000000|Invoice 102257|2026-05-19 23:26:10.510|#
3711|2110|2026-02-10 00:00:00.000|-1975.50000000000000000000|Direct Cost 10000 on 02/10/26|2026-05-19 23:26:10.590|#
3712|7190|2026-02-10 00:00:00.000|1975.50000000000000000000|Direct Cost 10000 on 02/10/26|2026-05-19 23:26:10.590|#
3713|6110|2026-02-10 00:00:00.000|-2532.60000000000000000000|Invoice 102258|2026-05-19 23:26:10.597|#
3714|5610|2026-02-10 00:00:00.000|-633.15000000000000000000|Invoice 102258|2026-05-19 23:26:10.597|#
3715|2310|2026-02-10 00:00:00.000|3165.75000000000000000000|Invoice 102258|2026-05-19 23:26:10.607|#
3716|2910|2026-02-10 00:00:00.000|3165.75000000000000000000|Invoice 102258|2026-05-19 23:26:10.620|#
3717|2310|2026-02-10 00:00:00.000|-3165.75000000000000000000|Invoice 102258|2026-05-19 23:26:10.620|#
3718|2110|2026-02-15 00:00:00.000|-384.40000000000000000000|Direct Cost 40000 on 02/15/26|2026-05-19 23:26:10.693|#
3719|7190|2026-02-15 00:00:00.000|384.40000000000000000000|Direct Cost 40000 on 02/15/26|2026-05-19 23:26:10.697|#
3720|6910|2026-02-15 00:00:00.000|14.80000000000000000000|Invoice 102259|2026-05-19 23:26:10.700|#
3721|6120|2026-02-15 00:00:00.000|-493.20000000000000000000|Invoice 102259|2026-05-19 23:26:10.703|#
3722|2320|2026-02-15 00:00:00.000|478.40000000000000000000|Invoice 102259|2026-05-19 23:26:10.707|#
3723|9330|2026-02-15 00:00:00.000|0.00000000000000000000|Residual caused by rounding of Additional-Currency Amount|2026-05-19 23:26:10.707|#
3724|2910|2026-02-15 00:00:00.000|478.40000000000000000000|Invoice 102259|2026-05-19 23:26:10.723|#
3725|2320|2026-02-15 00:00:00.000|-478.40000000000000000000|Invoice 102259|2026-05-19 23:26:10.723|#
3726|2110|2026-02-16 00:00:00.000|-219.50000000000000000000|Direct Cost 30000 on 02/16/26|2026-05-19 23:26:10.820|#
3727|7190|2026-02-16 00:00:00.000|219.50000000000000000000|Direct Cost 30000 on 02/16/26|2026-05-19 23:26:10.823|#
3728|6130|2026-02-16 00:00:00.000|-281.40000000000000000000|Invoice 102260|2026-05-19 23:26:10.827|#
3729|2320|2026-02-16 00:00:00.000|281.40000000000000000000|Invoice 102260|2026-05-19 23:26:10.833|#
3730|2910|2026-02-16 00:00:00.000|281.40000000000000000000|Invoice 102260|2026-05-19 23:26:10.847|#
3731|2320|2026-02-16 00:00:00.000|-281.40000000000000000000|Invoice 102260|2026-05-19 23:26:10.847|#
3732|2110|2026-02-19 00:00:00.000|-96.10000000000000000000|Direct Cost 30000 on 02/19/26|2026-05-19 23:26:10.923|#
3733|7190|2026-02-19 00:00:00.000|96.10000000000000000000|Direct Cost 30000 on 02/19/26|2026-05-19 23:26:10.923|#
3734|6130|2026-02-19 00:00:00.000|-123.30000000000000000000|Invoice 102261|2026-05-19 23:26:10.927|#
3735|2320|2026-02-19 00:00:00.000|123.30000000000000000000|Invoice 102261|2026-05-19 23:26:10.933|#
3736|2910|2026-02-19 00:00:00.000|123.30000000000000000000|Invoice 102261|2026-05-19 23:26:10.947|#
3737|2320|2026-02-19 00:00:00.000|-123.30000000000000000000|Invoice 102261|2026-05-19 23:26:10.947|#
3738|2110|2026-02-20 00:00:00.000|-487.50000000000000000000|Direct Cost 40000 on 02/20/26|2026-05-19 23:26:11.017|#
3739|7190|2026-02-20 00:00:00.000|487.50000000000000000000|Direct Cost 40000 on 02/20/26|2026-05-19 23:26:11.020|#
3740|6120|2026-02-20 00:00:00.000|-625.50000000000000000000|Invoice 102262|2026-05-19 23:26:11.023|#
3741|2320|2026-02-20 00:00:00.000|625.50000000000000000000|Invoice 102262|2026-05-19 23:26:11.027|#
3742|2910|2026-02-20 00:00:00.000|625.50000000000000000000|Invoice 102262|2026-05-19 23:26:11.040|#
3743|2320|2026-02-20 00:00:00.000|-625.50000000000000000000|Invoice 102262|2026-05-19 23:26:11.040|#
3744|2110|2026-02-21 00:00:00.000|-975.00000000000000000000|Direct Cost 10000 on 02/21/26|2026-05-19 23:26:11.113|#
3745|7190|2026-02-21 00:00:00.000|975.00000000000000000000|Direct Cost 10000 on 02/21/26|2026-05-19 23:26:11.117|#
3746|6910|2026-02-21 00:00:00.000|62.55000000000000000000|Invoice 102263|2026-05-19 23:26:11.117|#
3747|5610|2026-02-21 00:00:00.000|15.64000000000000000000|Invoice 102263|2026-05-19 23:26:11.120|#
3748|6110|2026-02-21 00:00:00.000|-1251.00000000000000000000|Invoice 102263|2026-05-19 23:26:11.120|#
3749|5610|2026-02-21 00:00:00.000|-312.75000000000000000000|Invoice 102263|2026-05-19 23:26:11.120|#
3750|2310|2026-02-21 00:00:00.000|1485.56000000000000000000|Invoice 102263|2026-05-19 23:26:11.127|#
3751|9330|2026-02-21 00:00:00.000|0.00000000000000000000|Residual caused by rounding of Additional-Currency Amount|2026-05-19 23:26:11.127|#
3752|2910|2026-02-21 00:00:00.000|1485.56000000000000000000|Invoice 102263|2026-05-19 23:26:11.140|#
3753|2310|2026-02-21 00:00:00.000|-1485.56000000000000000000|Invoice 102263|2026-05-19 23:26:11.140|#
3754|2110|2026-02-23 00:00:00.000|-961.00000000000000000000|Direct Cost 10000 on 02/23/26|2026-05-19 23:26:11.213|#
3755|7190|2026-02-23 00:00:00.000|961.00000000000000000000|Direct Cost 10000 on 02/23/26|2026-05-19 23:26:11.217|#
3756|6110|2026-02-23 00:00:00.000|-1233.00000000000000000000|Invoice 102264|2026-05-19 23:26:11.220|#
3757|5610|2026-02-23 00:00:00.000|-308.25000000000000000000|Invoice 102264|2026-05-19 23:26:11.220|#
3758|2310|2026-02-23 00:00:00.000|1541.25000000000000000000|Invoice 102264|2026-05-19 23:26:11.227|#
3759|2910|2026-02-23 00:00:00.000|1541.25000000000000000000|Invoice 102264|2026-05-19 23:26:11.237|#
3760|2310|2026-02-23 00:00:00.000|-1541.25000000000000000000|Invoice 102264|2026-05-19 23:26:11.237|#
3761|2110|2026-02-23 00:00:00.000|-384.40000000000000000000|Direct Cost 40000 on 02/23/26|2026-05-19 23:26:11.310|#
3762|7190|2026-02-23 00:00:00.000|384.40000000000000000000|Direct Cost 40000 on 02/23/26|2026-05-19 23:26:11.313|#
3763|6120|2026-02-23 00:00:00.000|-493.20000000000000000000|Invoice 102265|2026-05-19 23:26:11.317|#
3764|2320|2026-02-23 00:00:00.000|493.20000000000000000000|Invoice 102265|2026-05-19 23:26:11.323|#
3765|2910|2026-02-23 00:00:00.000|493.20000000000000000000|Invoice 102265|2026-05-19 23:26:11.337|#
3766|2320|2026-02-23 00:00:00.000|-493.20000000000000000000|Invoice 102265|2026-05-19 23:26:11.337|#
3767|2110|2026-02-25 00:00:00.000|-576.60000000000000000000|Direct Cost 50000 on 02/25/26|2026-05-19 23:26:11.423|#
3768|7190|2026-02-25 00:00:00.000|576.60000000000000000000|Direct Cost 50000 on 02/25/26|2026-05-19 23:26:11.427|#
3769|6110|2026-02-25 00:00:00.000|-739.80000000000000000000|Invoice 102266|2026-05-19 23:26:11.430|#
3770|5610|2026-02-25 00:00:00.000|-184.95000000000000000000|Invoice 102266|2026-05-19 23:26:11.430|#
3771|2310|2026-02-25 00:00:00.000|924.75000000000000000000|Invoice 102266|2026-05-19 23:26:11.437|#
3772|9340|2026-02-25 00:00:00.000|0.00000000000000000000|Residual caused by rounding of Additional-Currency Amount|2026-05-19 23:26:11.437|#
3773|2910|2026-02-25 00:00:00.000|924.75000000000000000000|Invoice 102266|2026-05-19 23:26:11.450|#
3774|2310|2026-02-25 00:00:00.000|-924.75000000000000000000|Invoice 102266|2026-05-19 23:26:11.450|#
3775|2110|2026-02-25 00:00:00.000|-27.80000000000000000000|Direct Cost 10000 on 02/25/26|2026-05-19 23:26:11.523|#
3776|7190|2026-02-25 00:00:00.000|27.80000000000000000000|Direct Cost 10000 on 02/25/26|2026-05-19 23:26:11.527|#
3777|6110|2026-02-25 00:00:00.000|-35.60000000000000000000|Invoice 102267|2026-05-19 23:26:11.530|#
3778|5610|2026-02-25 00:00:00.000|-8.90000000000000000000|Invoice 102267|2026-05-19 23:26:11.530|#
3779|2310|2026-02-25 00:00:00.000|44.50000000000000000000|Invoice 102267|2026-05-19 23:26:11.533|#
3780|2910|2026-02-25 00:00:00.000|44.50000000000000000000|Invoice 102267|2026-05-19 23:26:11.547|#
3781|2310|2026-02-25 00:00:00.000|-44.50000000000000000000|Invoice 102267|2026-05-19 23:26:11.547|#
3782|2110|2026-02-26 00:00:00.000|-480.50000000000000000000|Direct Cost 50000 on 02/26/26|2026-05-19 23:26:11.623|#
3783|7190|2026-02-26 00:00:00.000|480.50000000000000000000|Direct Cost 50000 on 02/26/26|2026-05-19 23:26:11.627|#
3784|6110|2026-02-26 00:00:00.000|-616.50000000000000000000|Invoice 102268|2026-05-19 23:26:11.630|#
3785|5610|2026-02-26 00:00:00.000|-154.13000000000000000000|Invoice 102268|2026-05-19 23:26:11.630|#
3786|2310|2026-02-26 00:00:00.000|770.63000000000000000000|Invoice 102268|2026-05-19 23:26:11.637|#
3787|2910|2026-02-26 00:00:00.000|770.63000000000000000000|Invoice 102268|2026-05-19 23:26:11.650|#
3788|2310|2026-02-26 00:00:00.000|-770.63000000000000000000|Invoice 102268|2026-05-19 23:26:11.650|#
3789|2110|2026-02-28 00:00:00.000|-195.00000000000000000000|Direct Cost 50000 on 02/28/26|2026-05-19 23:26:11.723|#
3790|7190|2026-02-28 00:00:00.000|195.00000000000000000000|Direct Cost 50000 on 02/28/26|2026-05-19 23:26:11.727|#
3791|6110|2026-02-28 00:00:00.000|-250.20000000000000000000|Invoice 102269|2026-05-19 23:26:11.730|#
3792|5610|2026-02-28 00:00:00.000|-62.55000000000000000000|Invoice 102269|2026-05-19 23:26:11.730|#
3793|2310|2026-02-28 00:00:00.000|312.75000000000000000000|Invoice 102269|2026-05-19 23:26:11.737|#
3794|9340|2026-02-28 00:00:00.000|0.00000000000000000000|Residual caused by rounding of Additional-Currency Amount|2026-05-19 23:26:11.737|#
3795|2910|2026-02-28 00:00:00.000|312.75000000000000000000|Invoice 102269|2026-05-19 23:26:11.750|#
3796|2310|2026-02-28 00:00:00.000|-312.75000000000000000000|Invoice 102269|2026-05-19 23:26:11.750|#
3797|2110|2026-03-01 00:00:00.000|-975.00000000000000000000|Direct Cost 10000 on 03/01/26|2026-05-19 23:26:11.823|#
3798|7190|2026-03-01 00:00:00.000|975.00000000000000000000|Direct Cost 10000 on 03/01/26|2026-05-19 23:26:11.827|#
3799|6110|2026-03-01 00:00:00.000|-1251.00000000000000000000|Invoice 102270|2026-05-19 23:26:11.830|#
3800|5610|2026-03-01 00:00:00.000|-312.75000000000000000000|Invoice 102270|2026-05-19 23:26:11.830|#
3801|2310|2026-03-01 00:00:00.000|1563.75000000000000000000|Invoice 102270|2026-05-19 23:26:11.833|#
3802|9330|2026-03-01 00:00:00.000|0.00000000000000000000|Residual caused by rounding of Additional-Currency Amount|2026-05-19 23:26:11.833|#
3803|2910|2026-03-01 00:00:00.000|1563.75000000000000000000|Invoice 102270|2026-05-19 23:26:11.847|#
3804|2310|2026-03-01 00:00:00.000|-1563.75000000000000000000|Invoice 102270|2026-05-19 23:26:11.847|#
3805|2110|2026-03-02 00:00:00.000|-672.70000000000000000000|Direct Cost 10000 on 03/02/26|2026-05-19 23:26:11.927|#
3806|7190|2026-03-02 00:00:00.000|672.70000000000000000000|Direct Cost 10000 on 03/02/26|2026-05-19 23:26:11.927|#
3807|6110|2026-03-02 00:00:00.000|-863.10000000000000000000|Invoice 102271|2026-05-19 23:26:11.933|#
3808|5610|2026-03-02 00:00:00.000|-215.78000000000000000000|Invoice 102271|2026-05-19 23:26:11.933|#
3809|2310|2026-03-02 00:00:00.000|1078.88000000000000000000|Invoice 102271|2026-05-19 23:26:11.937|#
3810|2910|2026-03-02 00:00:00.000|1078.88000000000000000000|Invoice 102271|2026-05-19 23:26:11.953|#
3811|2310|2026-03-02 00:00:00.000|-1078.88000000000000000000|Invoice 102271|2026-05-19 23:26:11.953|#
3812|2110|2026-03-06 00:00:00.000|-139.00000000000000000000|Direct Cost 50000 on 03/06/26|2026-05-19 23:26:12.040|#
3813|7190|2026-03-06 00:00:00.000|139.00000000000000000000|Direct Cost 50000 on 03/06/26|2026-05-19 23:26:12.040|#
3814|6110|2026-03-06 00:00:00.000|-178.00000000000000000000|Invoice 102272|2026-05-19 23:26:12.047|#
3815|5610|2026-03-06 00:00:00.000|-44.50000000000000000000|Invoice 102272|2026-05-19 23:26:12.047|#
3816|2310|2026-03-06 00:00:00.000|222.50000000000000000000|Invoice 102272|2026-05-19 23:26:12.050|#
3817|9340|2026-03-06 00:00:00.000|0.00000000000000000000|Residual caused by rounding of Additional-Currency Amount|2026-05-19 23:26:12.050|#
3818|2910|2026-03-06 00:00:00.000|222.50000000000000000000|Invoice 102272|2026-05-19 23:26:12.067|#
3819|2310|2026-03-06 00:00:00.000|-222.50000000000000000000|Invoice 102272|2026-05-19 23:26:12.067|#
3820|2110|2026-03-08 00:00:00.000|-480.50000000000000000000|Direct Cost 10000 on 03/08/26|2026-05-19 23:26:12.147|#
3821|7190|2026-03-08 00:00:00.000|480.50000000000000000000|Direct Cost 10000 on 03/08/26|2026-05-19 23:26:12.150|#
3822|6110|2026-03-08 00:00:00.000|-616.50000000000000000000|Invoice 102273|2026-05-19 23:26:12.157|#
3823|5610|2026-03-08 00:00:00.000|-154.13000000000000000000|Invoice 102273|2026-05-19 23:26:12.157|#
3824|2310|2026-03-08 00:00:00.000|770.63000000000000000000|Invoice 102273|2026-05-19 23:26:12.187|#
3825|2910|2026-03-08 00:00:00.000|770.63000000000000000000|Invoice 102273|2026-05-19 23:26:12.207|#
3826|2310|2026-03-08 00:00:00.000|-770.63000000000000000000|Invoice 102273|2026-05-19 23:26:12.207|#
3827|2110|2026-03-09 00:00:00.000|-192.20000000000000000000|Direct Cost 10000 on 03/09/26|2026-05-19 23:26:12.290|#
3828|7190|2026-03-09 00:00:00.000|192.20000000000000000000|Direct Cost 10000 on 03/09/26|2026-05-19 23:26:12.293|#
3829|6110|2026-03-09 00:00:00.000|-246.60000000000000000000|Invoice 102274|2026-05-19 23:26:12.300|#
3830|5610|2026-03-09 00:00:00.000|-61.65000000000000000000|Invoice 102274|2026-05-19 23:26:12.300|#
3831|2310|2026-03-09 00:00:00.000|308.25000000000000000000|Invoice 102274|2026-05-19 23:26:12.303|#
3832|2910|2026-03-09 00:00:00.000|308.25000000000000000000|Invoice 102274|2026-05-19 23:26:12.320|#
3833|2310|2026-03-09 00:00:00.000|-308.25000000000000000000|Invoice 102274|2026-05-19 23:26:12.320|#
3834|2110|2026-03-12 00:00:00.000|-780.00000000000000000000|Direct Cost 30000 on 03/12/26|2026-05-19 23:26:12.393|#
3835|7190|2026-03-12 00:00:00.000|780.00000000000000000000|Direct Cost 30000 on 03/12/26|2026-05-19 23:26:12.397|#
3836|6130|2026-03-12 00:00:00.000|-1000.80000000000000000000|Invoice 102275|2026-05-19 23:26:12.400|#
3837|2320|2026-03-12 00:00:00.000|1000.80000000000000000000|Invoice 102275|2026-05-19 23:26:12.407|#
3838|2910|2026-03-12 00:00:00.000|1000.80000000000000000000|Invoice 102275|2026-05-19 23:26:12.423|#
3839|2320|2026-03-12 00:00:00.000|-1000.80000000000000000000|Invoice 102275|2026-05-19 23:26:12.423|#
3840|2110|2026-03-14 00:00:00.000|-672.70000000000000000000|Direct Cost 20000 on 03/14/26|2026-05-19 23:26:12.550|#
3841|7190|2026-03-14 00:00:00.000|672.70000000000000000000|Direct Cost 20000 on 03/14/26|2026-05-19 23:26:12.550|#
3842|6110|2026-03-14 00:00:00.000|-863.10000000000000000000|Invoice 102276|2026-05-19 23:26:12.557|#
3843|5610|2026-03-14 00:00:00.000|-215.78000000000000000000|Invoice 102276|2026-05-19 23:26:12.557|#
3844|2310|2026-03-14 00:00:00.000|1078.88000000000000000000|Invoice 102276|2026-05-19 23:26:12.560|#
3845|2910|2026-03-14 00:00:00.000|1078.88000000000000000000|Invoice 102276|2026-05-19 23:26:12.573|#
3846|2310|2026-03-14 00:00:00.000|-1078.88000000000000000000|Invoice 102276|2026-05-19 23:26:12.573|#
3847|2110|2026-03-15 00:00:00.000|-384.40000000000000000000|Direct Cost 10000 on 03/15/26|2026-05-19 23:26:12.647|#
3848|7190|2026-03-15 00:00:00.000|384.40000000000000000000|Direct Cost 10000 on 03/15/26|2026-05-19 23:26:12.647|#
3849|6110|2026-03-15 00:00:00.000|-493.20000000000000000000|Invoice 102277|2026-05-19 23:26:12.653|#
3850|5610|2026-03-15 00:00:00.000|-123.30000000000000000000|Invoice 102277|2026-05-19 23:26:12.653|#
3851|2310|2026-03-15 00:00:00.000|616.50000000000000000000|Invoice 102277|2026-05-19 23:26:12.657|#
3852|2910|2026-03-15 00:00:00.000|616.50000000000000000000|Invoice 102277|2026-05-19 23:26:12.670|#
3853|2310|2026-03-15 00:00:00.000|-616.50000000000000000000|Invoice 102277|2026-05-19 23:26:12.670|#
3854|2110|2026-03-18 00:00:00.000|-97.50000000000000000000|Direct Cost 20000 on 03/18/26|2026-05-19 23:26:12.767|#
3855|7190|2026-03-18 00:00:00.000|97.50000000000000000000|Direct Cost 20000 on 03/18/26|2026-05-19 23:26:12.770|#
3856|6110|2026-03-18 00:00:00.000|-125.10000000000000000000|Invoice 102278|2026-05-19 23:26:12.777|#
3857|5610|2026-03-18 00:00:00.000|-31.28000000000000000000|Invoice 102278|2026-05-19 23:26:12.777|#
3858|2310|2026-03-18 00:00:00.000|156.38000000000000000000|Invoice 102278|2026-05-19 23:26:12.780|#
3859|2910|2026-03-18 00:00:00.000|156.38000000000000000000|Invoice 102278|2026-05-19 23:26:12.797|#
3860|2310|2026-03-18 00:00:00.000|-156.38000000000000000000|Invoice 102278|2026-05-19 23:26:12.797|#
3861|2110|2026-03-20 00:00:00.000|-288.30000000000000000000|Direct Cost 30000 on 03/20/26|2026-05-19 23:26:12.877|#
3862|7190|2026-03-20 00:00:00.000|288.30000000000000000000|Direct Cost 30000 on 03/20/26|2026-05-19 23:26:12.877|#
3863|6130|2026-03-20 00:00:00.000|-369.90000000000000000000|Invoice 102279|2026-05-19 23:26:12.883|#
3864|2320|2026-03-20 00:00:00.000|369.90000000000000000000|Invoice 102279|2026-05-19 23:26:12.887|#
3865|2910|2026-03-20 00:00:00.000|369.90000000000000000000|Invoice 102279|2026-05-19 23:26:12.900|#
3866|2320|2026-03-20 00:00:00.000|-369.90000000000000000000|Invoice 102279|2026-05-19 23:26:12.900|#
3867|2110|2026-03-21 00:00:00.000|-2296.00000000000000000000|Direct Cost 10000 on 03/21/26|2026-05-19 23:26:12.977|#
3868|7190|2026-03-21 00:00:00.000|2296.00000000000000000000|Direct Cost 10000 on 03/21/26|2026-05-19 23:26:12.980|#
3869|6110|2026-03-21 00:00:00.000|-2942.80000000000000000000|Invoice 102280|2026-05-19 23:26:12.983|#
3870|5610|2026-03-21 00:00:00.000|-735.70000000000000000000|Invoice 102280|2026-05-19 23:26:12.983|#
3871|2310|2026-03-21 00:00:00.000|3678.50000000000000000000|Invoice 102280|2026-05-19 23:26:12.987|#
3872|2910|2026-03-21 00:00:00.000|3678.50000000000000000000|Invoice 102280|2026-05-19 23:26:13.000|#
3873|2310|2026-03-21 00:00:00.000|-3678.50000000000000000000|Invoice 102280|2026-05-19 23:26:13.000|#
3874|6110|2026-03-22 00:00:00.000|-326.40000000000000000000|Invoice 102281|2026-05-19 23:26:13.077|#
3875|5610|2026-03-22 00:00:00.000|-81.60000000000000000000|Invoice 102281|2026-05-19 23:26:13.077|#
3876|2310|2026-03-22 00:00:00.000|408.00000000000000000000|Invoice 102281|2026-05-19 23:26:13.080|#
3877|2910|2026-03-22 00:00:00.000|408.00000000000000000000|Invoice 102281|2026-05-19 23:26:13.093|#
3878|2310|2026-03-22 00:00:00.000|-408.00000000000000000000|Invoice 102281|2026-05-19 23:26:13.093|#
3879|2110|2026-03-22 00:00:00.000|-1170.00000000000000000000|Direct Cost 50000 on 03/22/26|2026-05-19 23:26:13.163|#
3880|7190|2026-03-22 00:00:00.000|1170.00000000000000000000|Direct Cost 50000 on 03/22/26|2026-05-19 23:26:13.167|#
3881|6110|2026-03-22 00:00:00.000|-1501.20000000000000000000|Invoice 102282|2026-05-19 23:26:13.167|#
3882|5610|2026-03-22 00:00:00.000|-375.30000000000000000000|Invoice 102282|2026-05-19 23:26:13.167|#
3883|2310|2026-03-22 00:00:00.000|1876.50000000000000000000|Invoice 102282|2026-05-19 23:26:13.173|#
3884|2910|2026-03-22 00:00:00.000|1876.50000000000000000000|Invoice 102282|2026-05-19 23:26:13.187|#
3885|2310|2026-03-22 00:00:00.000|-1876.50000000000000000000|Invoice 102282|2026-05-19 23:26:13.187|#
3886|2110|2026-03-27 00:00:00.000|-292.50000000000000000000|Direct Cost 20000 on 03/27/26|2026-05-19 23:26:13.337|#
3887|7190|2026-03-27 00:00:00.000|292.50000000000000000000|Direct Cost 20000 on 03/27/26|2026-05-19 23:26:13.340|#
3888|6110|2026-03-27 00:00:00.000|-375.30000000000000000000|Invoice 102283|2026-05-19 23:26:13.347|#
3889|5610|2026-03-27 00:00:00.000|-93.83000000000000000000|Invoice 102283|2026-05-19 23:26:13.347|#
3890|2310|2026-03-27 00:00:00.000|469.13000000000000000000|Invoice 102283|2026-05-19 23:26:13.350|#
3891|2910|2026-03-27 00:00:00.000|469.13000000000000000000|Invoice 102283|2026-05-19 23:26:13.363|#
3892|2310|2026-03-27 00:00:00.000|-469.13000000000000000000|Invoice 102283|2026-05-19 23:26:13.363|#
3893|2110|2026-03-30 00:00:00.000|-384.40000000000000000000|Direct Cost 30000 on 03/30/26|2026-05-19 23:26:13.443|#
3894|7190|2026-03-30 00:00:00.000|384.40000000000000000000|Direct Cost 30000 on 03/30/26|2026-05-19 23:26:13.443|#
3895|6130|2026-03-30 00:00:00.000|-493.20000000000000000000|Invoice 102284|2026-05-19 23:26:13.450|#
3896|2320|2026-03-30 00:00:00.000|493.20000000000000000000|Invoice 102284|2026-05-19 23:26:13.453|#
3897|2910|2026-03-30 00:00:00.000|493.20000000000000000000|Invoice 102284|2026-05-19 23:26:13.467|#
3898|2320|2026-03-30 00:00:00.000|-493.20000000000000000000|Invoice 102284|2026-05-19 23:26:13.467|#
3899|2110|2026-03-31 00:00:00.000|-390.00000000000000000000|Direct Cost 30000 on 03/31/26|2026-05-19 23:26:13.547|#
3900|7190|2026-03-31 00:00:00.000|390.00000000000000000000|Direct Cost 30000 on 03/31/26|2026-05-19 23:26:13.547|#
3901|6130|2026-03-31 00:00:00.000|-500.40000000000000000000|Invoice 102285|2026-05-19 23:26:13.550|#
3902|2320|2026-03-31 00:00:00.000|500.40000000000000000000|Invoice 102285|2026-05-19 23:26:13.557|#
3903|2910|2026-03-31 00:00:00.000|500.40000000000000000000|Invoice 102285|2026-05-19 23:26:13.570|#
3904|2320|2026-03-31 00:00:00.000|-500.40000000000000000000|Invoice 102285|2026-05-19 23:26:13.570|#
3905|2110|2026-04-01 00:00:00.000|-1968.00000000000000000000|Direct Cost 10000 on 04/01/26|2026-05-19 23:26:13.673|#
3906|7190|2026-04-01 00:00:00.000|1968.00000000000000000000|Direct Cost 10000 on 04/01/26|2026-05-19 23:26:13.677|#
3907|2110|2026-04-01 00:00:00.000|-506.60000000000000000000|Direct Cost 10000 on 04/01/26|2026-05-19 23:26:13.680|#
3908|7190|2026-04-01 00:00:00.000|506.60000000000000000000|Direct Cost 10000 on 04/01/26|2026-05-19 23:26:13.680|#
3909|6110|2026-04-01 00:00:00.000|-3171.80000000000000000000|Invoice 102286|2026-05-19 23:26:13.687|#
3910|5610|2026-04-01 00:00:00.000|-792.95000000000000000000|Invoice 102286|2026-05-19 23:26:13.687|#
3911|2310|2026-04-01 00:00:00.000|3964.75000000000000000000|Invoice 102286|2026-05-19 23:26:13.690|#
3912|9340|2026-04-01 00:00:00.000|0.00000000000000000000|Residual caused by rounding of Additional-Currency Amount|2026-05-19 23:26:13.690|#
3913|2910|2026-04-01 00:00:00.000|3964.75000000000000000000|Invoice 102286|2026-05-19 23:26:13.707|#
3914|2310|2026-04-01 00:00:00.000|-3964.75000000000000000000|Invoice 102286|2026-05-19 23:26:13.707|#
3915|2110|2026-04-01 00:00:00.000|-682.50000000000000000000|Direct Cost 20000 on 04/01/26|2026-05-19 23:26:13.813|#
3916|7190|2026-04-01 00:00:00.000|682.50000000000000000000|Direct Cost 20000 on 04/01/26|2026-05-19 23:26:13.817|#
3917|2110|2026-04-01 00:00:00.000|-288.30000000000000000000|Direct Cost 20000 on 04/01/26|2026-05-19 23:26:13.820|#
3918|7190|2026-04-01 00:00:00.000|288.30000000000000000000|Direct Cost 20000 on 04/01/26|2026-05-19 23:26:13.820|#
3919|6110|2026-04-01 00:00:00.000|-1245.60000000000000000000|Invoice 102287|2026-05-19 23:26:13.827|#
3920|5610|2026-04-01 00:00:00.000|-311.40000000000000000000|Invoice 102287|2026-05-19 23:26:13.827|#
3921|2310|2026-04-01 00:00:00.000|1557.00000000000000000000|Invoice 102287|2026-05-19 23:26:13.837|#
3922|2910|2026-04-01 00:00:00.000|1557.00000000000000000000|Invoice 102287|2026-05-19 23:26:13.850|#
3923|2310|2026-04-01 00:00:00.000|-1557.00000000000000000000|Invoice 102287|2026-05-19 23:26:13.853|#
3924|2110|2026-04-02 00:00:00.000|-878.00000000000000000000|Direct Cost 30000 on 04/02/26|2026-05-19 23:26:13.933|#
3925|7190|2026-04-02 00:00:00.000|878.00000000000000000000|Direct Cost 30000 on 04/02/26|2026-05-19 23:26:13.937|#
3926|6130|2026-04-02 00:00:00.000|-1125.60000000000000000000|Invoice 102288|2026-05-19 23:26:13.940|#
3927|2320|2026-04-02 00:00:00.000|1125.60000000000000000000|Invoice 102288|2026-05-19 23:26:13.947|#
3928|2910|2026-04-02 00:00:00.000|1125.60000000000000000000|Invoice 102288|2026-05-19 23:26:13.957|#
3929|2320|2026-04-02 00:00:00.000|-1125.60000000000000000000|Invoice 102288|2026-05-19 23:26:13.957|#
3930|2110|2026-04-03 00:00:00.000|-576.60000000000000000000|Direct Cost 10000 on 04/03/26|2026-05-19 23:26:14.050|#
3931|7190|2026-04-03 00:00:00.000|576.60000000000000000000|Direct Cost 10000 on 04/03/26|2026-05-19 23:26:14.050|#
3932|2110|2026-04-03 00:00:00.000|-5657.60000000000000000000|Direct Cost 10000 on 04/03/26|2026-05-19 23:26:14.053|#
3933|7190|2026-04-03 00:00:00.000|5657.60000000000000000000|Direct Cost 10000 on 04/03/26|2026-05-19 23:26:14.057|#
3934|6910|2026-04-03 00:00:00.000|159.87000000000000000000|Invoice 102289|2026-05-19 23:26:14.060|#
3935|5610|2026-04-03 00:00:00.000|39.97000000000000000000|Invoice 102289|2026-05-19 23:26:14.060|#
3936|6110|2026-04-03 00:00:00.000|-7993.40000000000000000000|Invoice 102289|2026-05-19 23:26:14.063|#
3937|5610|2026-04-03 00:00:00.000|-1998.35000000000000000000|Invoice 102289|2026-05-19 23:26:14.063|#
3938|2310|2026-04-03 00:00:00.000|9791.91000000000000000000|Invoice 102289|2026-05-19 23:26:14.067|#
3939|9340|2026-04-03 00:00:00.000|0.00000000000000000000|Residual caused by rounding of Additional-Currency Amount|2026-05-19 23:26:14.067|#
3940|2910|2026-04-03 00:00:00.000|9791.91000000000000000000|Invoice 102289|2026-05-19 23:26:14.080|#
3941|2310|2026-04-03 00:00:00.000|-9791.91000000000000000000|Invoice 102289|2026-05-19 23:26:14.080|#
3942|2110|2026-04-06 00:00:00.000|-111.20000000000000000000|Direct Cost 30000 on 04/06/26|2026-05-19 23:26:14.173|#
3943|7190|2026-04-06 00:00:00.000|111.20000000000000000000|Direct Cost 30000 on 04/06/26|2026-05-19 23:26:14.177|#
3944|6130|2026-04-06 00:00:00.000|-142.40000000000000000000|Invoice 102290|2026-05-19 23:26:14.180|#
3945|2320|2026-04-06 00:00:00.000|142.40000000000000000000|Invoice 102290|2026-05-19 23:26:14.183|#
3946|2910|2026-04-06 00:00:00.000|142.40000000000000000000|Invoice 102290|2026-05-19 23:26:14.197|#
3947|2320|2026-04-06 00:00:00.000|-142.40000000000000000000|Invoice 102290|2026-05-19 23:26:14.197|#
3948|2110|2026-04-06 00:00:00.000|-1312.00000000000000000000|Direct Cost 30000 on 04/06/26|2026-05-19 23:26:14.280|#
3949|7190|2026-04-06 00:00:00.000|1312.00000000000000000000|Direct Cost 30000 on 04/06/26|2026-05-19 23:26:14.280|#
3950|6130|2026-04-06 00:00:00.000|-1681.60000000000000000000|Invoice 102291|2026-05-19 23:26:14.287|#
3951|2320|2026-04-06 00:00:00.000|1681.60000000000000000000|Invoice 102291|2026-05-19 23:26:14.290|#
3952|2910|2026-04-06 00:00:00.000|1681.60000000000000000000|Invoice 102291|2026-05-19 23:26:14.303|#
3953|2320|2026-04-06 00:00:00.000|-1681.60000000000000000000|Invoice 102291|2026-05-19 23:26:14.303|#
3954|2110|2026-04-11 00:00:00.000|-656.00000000000000000000|Direct Cost 40000 on 04/11/26|2026-05-19 23:26:14.387|#
3955|7190|2026-04-11 00:00:00.000|656.00000000000000000000|Direct Cost 40000 on 04/11/26|2026-05-19 23:26:14.387|#
3956|6120|2026-04-11 00:00:00.000|-840.80000000000000000000|Invoice 102292|2026-05-19 23:26:14.393|#
3957|2320|2026-04-11 00:00:00.000|840.80000000000000000000|Invoice 102292|2026-05-19 23:26:14.397|#
3958|2910|2026-04-11 00:00:00.000|840.80000000000000000000|Invoice 102292|2026-05-19 23:26:14.413|#
3959|2320|2026-04-11 00:00:00.000|-840.80000000000000000000|Invoice 102292|2026-05-19 23:26:14.413|#
3960|6120|2026-04-12 00:00:00.000|-652.80000000000000000000|Invoice 102293|2026-05-19 23:26:14.517|#
3961|2320|2026-04-12 00:00:00.000|652.80000000000000000000|Invoice 102293|2026-05-19 23:26:14.520|#
3962|2910|2026-04-12 00:00:00.000|652.80000000000000000000|Invoice 102293|2026-05-19 23:26:14.537|#
3963|2320|2026-04-12 00:00:00.000|-652.80000000000000000000|Invoice 102293|2026-05-19 23:26:14.537|#
3964|2110|2026-04-16 00:00:00.000|-97.50000000000000000000|Direct Cost 10000 on 04/16/26|2026-05-19 23:26:14.627|#
3965|7190|2026-04-16 00:00:00.000|97.50000000000000000000|Direct Cost 10000 on 04/16/26|2026-05-19 23:26:14.627|#
3966|6110|2026-04-16 00:00:00.000|-125.10000000000000000000|Invoice 102294|2026-05-19 23:26:14.633|#
3967|5610|2026-04-16 00:00:00.000|-31.28000000000000000000|Invoice 102294|2026-05-19 23:26:14.633|#
3968|2310|2026-04-16 00:00:00.000|156.38000000000000000000|Invoice 102294|2026-05-19 23:26:14.637|#
3969|2910|2026-04-16 00:00:00.000|156.38000000000000000000|Invoice 102294|2026-05-19 23:26:14.653|#
3970|2310|2026-04-16 00:00:00.000|-156.38000000000000000000|Invoice 102294|2026-05-19 23:26:14.653|#
3971|2110|2026-04-17 00:00:00.000|-1968.00000000000000000000|Direct Cost 40000 on 04/17/26|2026-05-19 23:26:14.727|#
3972|7190|2026-04-17 00:00:00.000|1968.00000000000000000000|Direct Cost 40000 on 04/17/26|2026-05-19 23:26:14.727|#
3973|6120|2026-04-17 00:00:00.000|-2522.40000000000000000000|Invoice 102295|2026-05-19 23:26:14.733|#
3974|2320|2026-04-17 00:00:00.000|2522.40000000000000000000|Invoice 102295|2026-05-19 23:26:14.737|#
3975|2910|2026-04-17 00:00:00.000|2522.40000000000000000000|Invoice 102295|2026-05-19 23:26:14.753|#
3976|2320|2026-04-17 00:00:00.000|-2522.40000000000000000000|Invoice 102295|2026-05-19 23:26:14.753|#
3977|2110|2026-04-21 00:00:00.000|-2828.80000000000000000000|Direct Cost 10000 on 04/21/26|2026-05-19 23:26:14.827|#
3978|7190|2026-04-21 00:00:00.000|2828.80000000000000000000|Direct Cost 10000 on 04/21/26|2026-05-19 23:26:14.830|#
3979|6110|2026-04-21 00:00:00.000|-3626.80000000000000000000|Invoice 102296|2026-05-19 23:26:14.833|#
3980|5610|2026-04-21 00:00:00.000|-906.70000000000000000000|Invoice 102296|2026-05-19 23:26:14.833|#
3981|2310|2026-04-21 00:00:00.000|4533.50000000000000000000|Invoice 102296|2026-05-19 23:26:14.837|#
3982|2910|2026-04-21 00:00:00.000|4533.50000000000000000000|Invoice 102296|2026-05-19 23:26:14.853|#
3983|2310|2026-04-21 00:00:00.000|-4533.50000000000000000000|Invoice 102296|2026-05-19 23:26:14.853|#
3984|2110|2026-04-23 00:00:00.000|-2533.00000000000000000000|Direct Cost 20000 on 04/23/26|2026-05-19 23:26:14.930|#
3985|7190|2026-04-23 00:00:00.000|2533.00000000000000000000|Direct Cost 20000 on 04/23/26|2026-05-19 23:26:14.930|#
3986|6910|2026-04-23 00:00:00.000|162.35000000000000000000|Invoice 102297|2026-05-19 23:26:14.937|#
3987|5610|2026-04-23 00:00:00.000|40.59000000000000000000|Invoice 102297|2026-05-19 23:26:14.937|#
3988|6110|2026-04-23 00:00:00.000|-3247.00000000000000000000|Invoice 102297|2026-05-19 23:26:14.937|#
3989|5610|2026-04-23 00:00:00.000|-811.75000000000000000000|Invoice 102297|2026-05-19 23:26:14.937|#
3990|2310|2026-04-23 00:00:00.000|3855.81000000000000000000|Invoice 102297|2026-05-19 23:26:14.943|#
3991|9340|2026-04-23 00:00:00.000|0.00000000000000000000|Residual caused by rounding of Additional-Currency Amount|2026-05-19 23:26:14.943|#
3992|2910|2026-04-23 00:00:00.000|3855.81000000000000000000|Invoice 102297|2026-05-19 23:26:14.957|#
3993|2310|2026-04-23 00:00:00.000|-3855.81000000000000000000|Invoice 102297|2026-05-19 23:26:14.957|#
3994|2110|2026-04-24 00:00:00.000|-4243.20000000000000000000|Direct Cost 30000 on 04/24/26|2026-05-19 23:26:15.040|#
3995|7190|2026-04-24 00:00:00.000|4243.20000000000000000000|Direct Cost 30000 on 04/24/26|2026-05-19 23:26:15.043|#
3996|6130|2026-04-24 00:00:00.000|-5440.20000000000000000000|Invoice 102298|2026-05-19 23:26:15.047|#
3997|2320|2026-04-24 00:00:00.000|5440.20000000000000000000|Invoice 102298|2026-05-19 23:26:15.050|#
3998|2910|2026-04-24 00:00:00.000|5440.20000000000000000000|Invoice 102298|2026-05-19 23:26:15.067|#
3999|2320|2026-04-24 00:00:00.000|-5440.20000000000000000000|Invoice 102298|2026-05-19 23:26:15.067|#
4000|2110|2026-04-26 00:00:00.000|-487.50000000000000000000|Direct Cost 10000 on 04/26/26|2026-05-19 23:26:15.140|#
4001|7190|2026-04-26 00:00:00.000|487.50000000000000000000|Direct Cost 10000 on 04/26/26|2026-05-19 23:26:15.143|#
4002|6110|2026-04-26 00:00:00.000|-625.50000000000000000000|Invoice 102299|2026-05-19 23:26:15.147|#
4003|5610|2026-04-26 00:00:00.000|-156.38000000000000000000|Invoice 102299|2026-05-19 23:26:15.147|#
4004|2310|2026-04-26 00:00:00.000|781.88000000000000000000|Invoice 102299|2026-05-19 23:26:15.153|#
4005|2910|2026-04-26 00:00:00.000|781.88000000000000000000|Invoice 102299|2026-05-19 23:26:15.170|#
4006|2310|2026-04-26 00:00:00.000|-781.88000000000000000000|Invoice 102299|2026-05-19 23:26:15.170|#
4007|2110|2026-04-30 00:00:00.000|-768.80000000000000000000|Direct Cost 10000 on 04/30/26|2026-05-19 23:26:15.253|#
4008|7190|2026-04-30 00:00:00.000|768.80000000000000000000|Direct Cost 10000 on 04/30/26|2026-05-19 23:26:15.253|#
4009|6110|2026-04-30 00:00:00.000|-986.40000000000000000000|Invoice 102300|2026-05-19 23:26:15.257|#
4010|5610|2026-04-30 00:00:00.000|-246.60000000000000000000|Invoice 102300|2026-05-19 23:26:15.257|#
4011|2310|2026-04-30 00:00:00.000|1233.00000000000000000000|Invoice 102300|2026-05-19 23:26:15.263|#
4012|2910|2026-04-30 00:00:00.000|1233.00000000000000000000|Invoice 102300|2026-05-19 23:26:15.277|#
4013|2310|2026-04-30 00:00:00.000|-1233.00000000000000000000|Invoice 102300|2026-05-19 23:26:15.277|#
4014|2110|2026-04-30 00:00:00.000|-1756.00000000000000000000|Direct Cost 20000 on 04/30/26|2026-05-19 23:26:15.350|#
4015|7190|2026-04-30 00:00:00.000|1756.00000000000000000000|Direct Cost 20000 on 04/30/26|2026-05-19 23:26:15.353|#
4016|6110|2026-04-30 00:00:00.000|-2251.20000000000000000000|Invoice 102301|2026-05-19 23:26:15.357|#
4017|5610|2026-04-30 00:00:00.000|-562.80000000000000000000|Invoice 102301|2026-05-19 23:26:15.357|#
4018|2310|2026-04-30 00:00:00.000|2814.00000000000000000000|Invoice 102301|2026-05-19 23:26:15.363|#
4019|2910|2026-04-30 00:00:00.000|2814.00000000000000000000|Invoice 102301|2026-05-19 23:26:15.377|#
4020|2310|2026-04-30 00:00:00.000|-2814.00000000000000000000|Invoice 102301|2026-05-19 23:26:15.377|#
4021|2110|2026-05-01 00:00:00.000|-2533.00000000000000000000|Direct Cost 30000 on 05/01/26|2026-05-19 23:26:15.453|#
4022|7190|2026-05-01 00:00:00.000|2533.00000000000000000000|Direct Cost 30000 on 05/01/26|2026-05-19 23:26:15.457|#
4023|6130|2026-05-01 00:00:00.000|-3247.00000000000000000000|Invoice 102302|2026-05-19 23:26:15.460|#
4024|2320|2026-05-01 00:00:00.000|3247.00000000000000000000|Invoice 102302|2026-05-19 23:26:15.463|#
4025|2910|2026-05-01 00:00:00.000|3247.00000000000000000000|Invoice 102302|2026-05-19 23:26:15.480|#
4026|2320|2026-05-01 00:00:00.000|-3247.00000000000000000000|Invoice 102302|2026-05-19 23:26:15.480|#
4027|2110|2026-05-01 00:00:00.000|-975.00000000000000000000|Direct Cost 40000 on 05/01/26|2026-05-19 23:26:15.557|#
4028|7190|2026-05-01 00:00:00.000|975.00000000000000000000|Direct Cost 40000 on 05/01/26|2026-05-19 23:26:15.560|#
4029|6120|2026-05-01 00:00:00.000|-1251.00000000000000000000|Invoice 102303|2026-05-19 23:26:15.563|#
4030|2320|2026-05-01 00:00:00.000|1251.00000000000000000000|Invoice 102303|2026-05-19 23:26:15.567|#
4031|2910|2026-05-01 00:00:00.000|1251.00000000000000000000|Invoice 102303|2026-05-19 23:26:15.583|#
4032|2320|2026-05-01 00:00:00.000|-1251.00000000000000000000|Invoice 102303|2026-05-19 23:26:15.583|#
4033|6120|2026-03-14 00:00:00.000|1386.25000000000000000000|102206|2026-05-19 23:26:15.720|#
4034|2310|2026-03-14 00:00:00.000|-1386.25000000000000000000|102206|2026-05-19 23:26:15.720|#
4035|6120|2026-02-22 00:00:00.000|1137.75000000000000000000|102207|2026-05-19 23:26:15.763|#
4036|2310|2026-02-22 00:00:00.000|-1137.75000000000000000000|102207|2026-05-19 23:26:15.763|#
4037|6120|2026-02-24 00:00:00.000|2085.88000000000000000000|102208|2026-05-19 23:26:15.790|#
4038|2310|2026-02-24 00:00:00.000|-2085.88000000000000000000|102208|2026-05-19 23:26:15.790|#
4039|6120|2026-02-20 00:00:00.000|204.00000000000000000000|102209|2026-05-19 23:26:15.817|#
4040|2310|2026-02-20 00:00:00.000|-204.00000000000000000000|102209|2026-05-19 23:26:15.817|#
4041|6120|2026-02-18 00:00:00.000|2346.00000000000000000000|102210|2026-05-19 23:26:15.843|#
4042|2310|2026-02-18 00:00:00.000|-2346.00000000000000000000|102210|2026-05-19 23:26:15.843|#
4043|6120|2026-02-16 00:00:00.000|189.63000000000000000000|102211|2026-05-19 23:26:15.867|#
4044|2310|2026-02-16 00:00:00.000|-189.63000000000000000000|102211|2026-05-19 23:26:15.867|#
4045|6120|2026-06-03 00:00:00.000|554.50000000000000000000|102212|2026-05-19 23:26:15.900|#
4046|2310|2026-06-03 00:00:00.000|-554.50000000000000000000|102212|2026-05-19 23:26:15.900|#
4047|6120|2026-01-28 00:00:00.000|3792.50000000000000000000|102213|2026-05-19 23:26:15.927|#
4048|2310|2026-01-28 00:00:00.000|-3792.50000000000000000000|102213|2026-05-19 23:26:15.927|#
4049|6120|2026-02-05 00:00:00.000|758.50000000000000000000|102214|2026-05-19 23:26:15.957|#
4050|2310|2026-02-05 00:00:00.000|-758.50000000000000000000|102214|2026-05-19 23:26:15.957|#
4051|6120|2026-01-30 00:00:00.000|1020.00000000000000000000|102215|2026-05-19 23:26:15.987|#
4052|2310|2026-01-30 00:00:00.000|-1020.00000000000000000000|102215|2026-05-19 23:26:15.987|#
4053|6120|2026-02-05 00:00:00.000|1428.00000000000000000000|102216|2026-05-19 23:26:16.017|#
4054|2310|2026-02-05 00:00:00.000|-1428.00000000000000000000|102216|2026-05-19 23:26:16.017|#
4055|6120|2026-03-01 00:00:00.000|379.25000000000000000000|102217|2026-05-19 23:26:16.043|#
4056|2310|2026-03-01 00:00:00.000|-379.25000000000000000000|102217|2026-05-19 23:26:16.043|#
4057|6120|2026-02-03 00:00:00.000|606.80000000000000000000|102218|2026-05-19 23:26:16.077|#
4058|2320|2026-02-03 00:00:00.000|-606.80000000000000000000|102218|2026-05-19 23:26:16.077|#
4059|6120|2026-02-08 00:00:00.000|1668.70000000000000000000|102219|2026-05-19 23:26:16.107|#
4060|2320|2026-02-08 00:00:00.000|-1668.70000000000000000000|102219|2026-05-19 23:26:16.107|#
4061|6120|2026-03-08 00:00:00.000|3034.00000000000000000000|102220|2026-05-19 23:26:16.137|#
4062|2320|2026-03-08 00:00:00.000|-3034.00000000000000000000|102220|2026-05-19 23:26:16.137|#
4063|6120|2026-02-24 00:00:00.000|303.40000000000000000000|102221|2026-05-19 23:26:16.160|#
4064|2320|2026-02-24 00:00:00.000|-303.40000000000000000000|102221|2026-05-19 23:26:16.160|#
4065|2110|2025-11-19 00:00:00.000|30396.00000000000000000000|Direct Cost 30000 on 11/19/25|2026-05-19 23:26:18.167|#
4066|7170|2025-11-19 00:00:00.000|-30396.00000000000000000000|Direct Cost 30000 on 11/19/25|2026-05-19 23:26:18.170|#
4067|7120|2025-11-19 00:00:00.000|30396.00000000000000000000|Order 106009|2026-05-19 23:26:18.173|#
4068|5630|2025-11-19 00:00:00.000|7599.00000000000000000000|Order 106009|2026-05-19 23:26:18.173|#
4069|5620|2025-11-19 00:00:00.000|-7599.00000000000000000000|Order 106009|2026-05-19 23:26:18.173|#
4070|5420|2025-11-19 00:00:00.000|-30396.00000000000000000000|Order 106009|2026-05-19 23:26:18.183|#
4071|2910|2025-11-19 00:00:00.000|-30396.00000000000000000000|Order 106009|2026-05-19 23:26:18.200|#
4072|5420|2025-11-19 00:00:00.000|30396.00000000000000000000|Order 106009|2026-05-19 23:26:18.200|#
4073|2110|2025-11-19 00:00:00.000|2925.00000000000000000000|Direct Cost 50000 on 11/19/25|2026-05-19 23:26:18.290|#
4074|7170|2025-11-19 00:00:00.000|-2925.00000000000000000000|Direct Cost 50000 on 11/19/25|2026-05-19 23:26:18.293|#
4075|7110|2025-11-19 00:00:00.000|2925.00000000000000000000|Order 106010|2026-05-19 23:26:18.297|#
4076|5630|2025-11-19 00:00:00.000|731.25000000000000000000|Order 106010|2026-05-19 23:26:18.297|#
4077|5410|2025-11-19 00:00:00.000|-3656.25000000000000000000|Order 106010|2026-05-19 23:26:18.303|#
4078|9330|2025-11-19 00:00:00.000|0.00000000000000000000|Residual caused by rounding of Additional-Currency Amount|2026-05-19 23:26:18.303|#
4079|2910|2025-11-19 00:00:00.000|-3656.25000000000000000000|Order 106010|2026-05-19 23:26:18.320|#
4080|5410|2025-11-19 00:00:00.000|3656.25000000000000000000|Order 106010|2026-05-19 23:26:18.320|#
4081|2110|2025-11-19 00:00:00.000|5487.50000000000000000000|Direct Cost 30000 on 11/19/25|2026-05-19 23:26:18.390|#
4082|7170|2025-11-19 00:00:00.000|-5487.50000000000000000000|Direct Cost 30000 on 11/19/25|2026-05-19 23:26:18.393|#
4083|7120|2025-11-19 00:00:00.000|5487.50000000000000000000|Order 106011|2026-05-19 23:26:18.397|#
4084|5630|2025-11-19 00:00:00.000|1371.88000000000000000000|Order 106011|2026-05-19 23:26:18.397|#
4085|5620|2025-11-19 00:00:00.000|-1371.88000000000000000000|Order 106011|2026-05-19 23:26:18.397|#
4086|5420|2025-11-19 00:00:00.000|-5487.50000000000000000000|Order 106011|2026-05-19 23:26:18.407|#
4087|2910|2025-11-19 00:00:00.000|-5487.50000000000000000000|Order 106011|2026-05-19 23:26:18.417|#
4088|5420|2025-11-19 00:00:00.000|5487.50000000000000000000|Order 106011|2026-05-19 23:26:18.417|#
4089|2110|2025-11-19 00:00:00.000|2210.30000000000000000000|Direct Cost 20000 on 11/19/25|2026-05-19 23:26:18.493|#
4090|7170|2025-11-19 00:00:00.000|-2210.30000000000000000000|Direct Cost 20000 on 11/19/25|2026-05-19 23:26:18.497|#
4091|7110|2025-11-19 00:00:00.000|2210.30000000000000000000|Order 106012|2026-05-19 23:26:18.500|#
4092|5630|2025-11-19 00:00:00.000|552.58000000000000000000|Order 106012|2026-05-19 23:26:18.500|#
4093|5410|2025-11-19 00:00:00.000|-2762.88000000000000000000|Order 106012|2026-05-19 23:26:18.510|#
4094|2910|2025-11-19 00:00:00.000|-2762.88000000000000000000|Order 106012|2026-05-19 23:26:18.520|#
4095|5410|2025-11-19 00:00:00.000|2762.88000000000000000000|Order 106012|2026-05-19 23:26:18.523|#
4096|2110|2025-11-19 00:00:00.000|16400.00000000000000000000|Direct Cost 40000 on 11/19/25|2026-05-19 23:26:18.587|#
4097|7170|2025-11-19 00:00:00.000|-16400.00000000000000000000|Direct Cost 40000 on 11/19/25|2026-05-19 23:26:18.590|#
4098|7110|2025-11-19 00:00:00.000|16400.00000000000000000000|Order 106013|2026-05-19 23:26:18.593|#
4099|5630|2025-11-19 00:00:00.000|4100.00000000000000000000|Order 106013|2026-05-19 23:26:18.593|#
4100|5410|2025-11-19 00:00:00.000|-20500.00000000000000000000|Order 106013|2026-05-19 23:26:18.600|#
4101|2910|2025-11-19 00:00:00.000|-20500.00000000000000000000|Order 106013|2026-05-19 23:26:18.610|#
4102|5410|2025-11-19 00:00:00.000|20500.00000000000000000000|Order 106013|2026-05-19 23:26:18.610|#
4103|2110|2025-11-19 00:00:00.000|417.00000000000000000000|Direct Cost 30000 on 11/19/25|2026-05-19 23:26:18.677|#
4104|7170|2025-11-19 00:00:00.000|-417.00000000000000000000|Direct Cost 30000 on 11/19/25|2026-05-19 23:26:18.680|#
4105|7120|2025-11-19 00:00:00.000|417.00000000000000000000|Order 106014|2026-05-19 23:26:18.683|#
4106|5630|2025-11-19 00:00:00.000|104.25000000000000000000|Order 106014|2026-05-19 23:26:18.683|#
4107|5620|2025-11-19 00:00:00.000|-104.25000000000000000000|Order 106014|2026-05-19 23:26:18.683|#
4108|5420|2025-11-19 00:00:00.000|-417.00000000000000000000|Order 106014|2026-05-19 23:26:18.690|#
4109|2910|2025-11-19 00:00:00.000|-417.00000000000000000000|Order 106014|2026-05-19 23:26:18.703|#
4110|5420|2025-11-19 00:00:00.000|417.00000000000000000000|Order 106014|2026-05-19 23:26:18.703|#
4111|2110|2025-11-19 00:00:00.000|487.50000000000000000000|Direct Cost 30000 on 11/19/25|2026-05-19 23:26:18.770|#
4112|7170|2025-11-19 00:00:00.000|-487.50000000000000000000|Direct Cost 30000 on 11/19/25|2026-05-19 23:26:18.773|#
4113|7120|2025-11-19 00:00:00.000|487.50000000000000000000|Order 106015|2026-05-19 23:26:18.777|#
4114|5630|2025-11-19 00:00:00.000|121.88000000000000000000|Order 106015|2026-05-19 23:26:18.777|#
4115|5620|2025-11-19 00:00:00.000|-121.88000000000000000000|Order 106015|2026-05-19 23:26:18.777|#
4116|5420|2025-11-19 00:00:00.000|-487.50000000000000000000|Order 106015|2026-05-19 23:26:18.783|#
4117|2910|2025-11-19 00:00:00.000|-487.50000000000000000000|Order 106015|2026-05-19 23:26:18.797|#
4118|5420|2025-11-19 00:00:00.000|487.50000000000000000000|Order 106015|2026-05-19 23:26:18.797|#
4119|2110|2025-11-19 00:00:00.000|3802.50000000000000000000|Direct Cost 20000 on 11/19/25|2026-05-19 23:26:18.867|#
4120|7170|2025-11-19 00:00:00.000|-3802.50000000000000000000|Direct Cost 20000 on 11/19/25|2026-05-19 23:26:18.867|#
4121|7110|2025-11-19 00:00:00.000|3802.50000000000000000000|Order 106016|2026-05-19 23:26:18.873|#
4122|5630|2025-11-19 00:00:00.000|950.63000000000000000000|Order 106016|2026-05-19 23:26:18.873|#
4123|5410|2025-11-19 00:00:00.000|-4753.13000000000000000000|Order 106016|2026-05-19 23:26:18.877|#
4124|2910|2025-11-19 00:00:00.000|-4753.13000000000000000000|Order 106016|2026-05-19 23:26:18.890|#
4125|5410|2025-11-19 00:00:00.000|4753.13000000000000000000|Order 106016|2026-05-19 23:26:18.890|#
4126|2110|2025-11-19 00:00:00.000|3900.00000000000000000000|Direct Cost 40000 on 11/19/25|2026-05-19 23:26:18.960|#
4127|7170|2025-11-19 00:00:00.000|-3900.00000000000000000000|Direct Cost 40000 on 11/19/25|2026-05-19 23:26:18.963|#
4128|7110|2025-11-19 00:00:00.000|3900.00000000000000000000|Order 106017|2026-05-19 23:26:18.967|#
4129|5630|2025-11-19 00:00:00.000|975.00000000000000000000|Order 106017|2026-05-19 23:26:18.967|#
4130|5410|2025-11-19 00:00:00.000|-4875.00000000000000000000|Order 106017|2026-05-19 23:26:18.973|#
4131|2910|2025-11-19 00:00:00.000|-4875.00000000000000000000|Order 106017|2026-05-19 23:26:18.987|#
4132|5410|2025-11-19 00:00:00.000|4875.00000000000000000000|Order 106017|2026-05-19 23:26:18.987|#
4133|2110|2025-11-19 00:00:00.000|2883.00000000000000000000|Direct Cost 20000 on 11/19/25|2026-05-19 23:26:19.057|#
4134|7170|2025-11-19 00:00:00.000|-2883.00000000000000000000|Direct Cost 20000 on 11/19/25|2026-05-19 23:26:19.060|#
4135|7110|2025-11-19 00:00:00.000|2883.00000000000000000000|Order 106018|2026-05-19 23:26:19.063|#
4136|5630|2025-11-19 00:00:00.000|720.75000000000000000000|Order 106018|2026-05-19 23:26:19.063|#
4137|5410|2025-11-19 00:00:00.000|-3603.75000000000000000000|Order 106018|2026-05-19 23:26:19.070|#
4138|2910|2025-11-19 00:00:00.000|-3603.75000000000000000000|Order 106018|2026-05-19 23:26:19.083|#
4139|5410|2025-11-19 00:00:00.000|3603.75000000000000000000|Order 106018|2026-05-19 23:26:19.083|#
4140|2110|2025-11-19 00:00:00.000|2883.00000000000000000000|Direct Cost 30000 on 11/19/25|2026-05-19 23:26:19.153|#
4141|7170|2025-11-19 00:00:00.000|-2883.00000000000000000000|Direct Cost 30000 on 11/19/25|2026-05-19 23:26:19.157|#
4142|7120|2025-11-19 00:00:00.000|2883.00000000000000000000|Order 106019|2026-05-19 23:26:19.160|#
4143|5630|2025-11-19 00:00:00.000|720.75000000000000000000|Order 106019|2026-05-19 23:26:19.160|#
4144|5620|2025-11-19 00:00:00.000|-720.75000000000000000000|Order 106019|2026-05-19 23:26:19.160|#
4145|5420|2025-11-19 00:00:00.000|-2883.00000000000000000000|Order 106019|2026-05-19 23:26:19.167|#
4146|2910|2025-11-19 00:00:00.000|-2883.00000000000000000000|Order 106019|2026-05-19 23:26:19.177|#
4147|5420|2025-11-19 00:00:00.000|2883.00000000000000000000|Order 106019|2026-05-19 23:26:19.177|#
4148|2110|2025-11-19 00:00:00.000|3844.00000000000000000000|Direct Cost 50000 on 11/19/25|2026-05-19 23:26:19.250|#
4149|7170|2025-11-19 00:00:00.000|-3844.00000000000000000000|Direct Cost 50000 on 11/19/25|2026-05-19 23:26:19.253|#
4150|7110|2025-11-19 00:00:00.000|3844.00000000000000000000|Order 106020|2026-05-19 23:26:19.257|#
4151|5630|2025-11-19 00:00:00.000|961.00000000000000000000|Order 106020|2026-05-19 23:26:19.257|#
4152|5410|2025-11-19 00:00:00.000|-4805.00000000000000000000|Order 106020|2026-05-19 23:26:19.263|#
4153|9330|2025-11-19 00:00:00.000|0.00000000000000000000|Residual caused by rounding of Additional-Currency Amount|2026-05-19 23:26:19.263|#
4154|2910|2025-11-19 00:00:00.000|-4805.00000000000000000000|Order 106020|2026-05-19 23:26:19.277|#
4155|5410|2025-11-19 00:00:00.000|4805.00000000000000000000|Order 106020|2026-05-19 23:26:19.277|#
4156|2110|2025-11-19 00:00:00.000|3900.00000000000000000000|Direct Cost 20000 on 11/19/25|2026-05-19 23:26:19.347|#
4157|7170|2025-11-19 00:00:00.000|-3900.00000000000000000000|Direct Cost 20000 on 11/19/25|2026-05-19 23:26:19.347|#
4158|7110|2025-11-19 00:00:00.000|3900.00000000000000000000|Order 106021|2026-05-19 23:26:19.353|#
4159|5630|2025-11-19 00:00:00.000|975.00000000000000000000|Order 106021|2026-05-19 23:26:19.353|#
4160|5410|2025-11-19 00:00:00.000|-4875.00000000000000000000|Order 106021|2026-05-19 23:26:19.360|#
4161|2910|2025-11-19 00:00:00.000|-4875.00000000000000000000|Order 106021|2026-05-19 23:26:19.370|#
4162|5410|2025-11-19 00:00:00.000|4875.00000000000000000000|Order 106021|2026-05-19 23:26:19.370|#
4163|2110|2025-11-19 00:00:00.000|14144.00000000000000000000|Direct Cost 30000 on 11/19/25|2026-05-19 23:26:19.440|#
4164|7170|2025-11-19 00:00:00.000|-14144.00000000000000000000|Direct Cost 30000 on 11/19/25|2026-05-19 23:26:19.443|#
4165|7120|2025-11-19 00:00:00.000|14144.00000000000000000000|Order 106022|2026-05-19 23:26:19.447|#
4166|5630|2025-11-19 00:00:00.000|3536.00000000000000000000|Order 106022|2026-05-19 23:26:19.447|#
4167|5620|2025-11-19 00:00:00.000|-3536.00000000000000000000|Order 106022|2026-05-19 23:26:19.447|#
4168|5420|2025-11-19 00:00:00.000|-14144.00000000000000000000|Order 106022|2026-05-19 23:26:19.453|#
4169|2910|2025-11-19 00:00:00.000|-14144.00000000000000000000|Order 106022|2026-05-19 23:26:19.467|#
4170|5420|2025-11-19 00:00:00.000|14144.00000000000000000000|Order 106022|2026-05-19 23:26:19.467|#
4171|2110|2025-11-19 00:00:00.000|961.00000000000000000000|Direct Cost 30000 on 11/19/25|2026-05-19 23:26:19.537|#
4172|7170|2025-11-19 00:00:00.000|-961.00000000000000000000|Direct Cost 30000 on 11/19/25|2026-05-19 23:26:19.540|#
4173|7120|2025-11-19 00:00:00.000|961.00000000000000000000|Order 106023|2026-05-19 23:26:19.543|#
4174|5630|2025-11-19 00:00:00.000|240.25000000000000000000|Order 106023|2026-05-19 23:26:19.543|#
4175|5620|2025-11-19 00:00:00.000|-240.25000000000000000000|Order 106023|2026-05-19 23:26:19.543|#
4176|5420|2025-11-19 00:00:00.000|-961.00000000000000000000|Order 106023|2026-05-19 23:26:19.550|#
4177|2910|2025-11-19 00:00:00.000|-961.00000000000000000000|Order 106023|2026-05-19 23:26:19.560|#
4178|5420|2025-11-19 00:00:00.000|961.00000000000000000000|Order 106023|2026-05-19 23:26:19.560|#
