1|GROUP-1|0.33333333333333333330|2026-01-01 00:00:17.000|Заметка номер 1 测试 é|#
2|GROUP-2|0.66666666666666666660|2026-01-01 00:00:34.000|Заметка номер 2 测试 é|#
3|GROUP-3|1.00000000000000000000|2026-01-01 00:00:51.000|Заметка номер 3 测试 é|#
4|GROUP-4|1.33333333333333333330|2026-01-01 00:01:08.000|Заметка номер 4 测试 é|#
5|GROUP-5|1.66666666666666666660|2026-01-01 00:01:25.000|Заметка номер 5 测试 é|#
6|GROUP-6|2.00000000000000000000|2026-01-01 00:01:42.000|Заметка номер 6 测试 é|#
7|GROUP-0|2.33333333333333333330|2026-01-01 00:01:59.000|Заметка номер 7 测试 é|#
8|GROUP-1|2.66666666666666666660|2026-01-01 00:02:16.000|Заметка номер 8 测试 é|#
9|GROUP-2|3.00000000000000000000|2026-01-01 00:02:33.000|Заметка номер 9 测试 é|#
10|GROUP-3|3.33333333333333333330|2026-01-01 00:02:50.000|Заметка номер 10 测试 é|#
11|GROUP-4|3.66666666666666666660|2026-01-01 00:03:07.000|Заметка номер 11 测试 é|#
12|GROUP-5|4.00000000000000000000|2026-01-01 00:03:24.000|Заметка номер 12 测试 é|#
13|GROUP-6|4.33333333333333333330|2026-01-01 00:03:41.000|Заметка номер 13 测试 é|#
14|GROUP-0|4.66666666666666666660|2026-01-01 00:03:58.000|Заметка номер 14 测试 é|#
15|GROUP-1|5.00000000000000000000|2026-01-01 00:04:15.000|Заметка номер 15 测试 é|#
16|GROUP-2|5.33333333333333333330|2026-01-01 00:04:32.000|Заметка номер 16 测试 é|#
17|GROUP-3|5.66666666666666666660|2026-01-01 00:04:49.000|Заметка номер 17 测试 é|#
18|GROUP-4|6.00000000000000000000|2026-01-01 00:05:06.000|Заметка номер 18 测试 é|#
19|GROUP-5|6.33333333333333333330|2026-01-01 00:05:23.000|Заметка номер 19 测试 é|#
20|GROUP-6|6.66666666666666666660|2026-01-01 00:05:40.000|Заметка номер 20 测试 é|#
21|GROUP-0|7.00000000000000000000|2026-01-01 00:05:57.000|Заметка номер 21 测试 é|#
22|GROUP-1|7.33333333333333333330|2026-01-01 00:06:14.000|Заметка номер 22 测试 é|#
23|GROUP-2|7.66666666666666666660|2026-01-01 00:06:31.000|Заметка номер 23 测试 é|#
24|GROUP-3|8.00000000000000000000|2026-01-01 00:06:48.000|Заметка номер 24 测试 é|#
25|GROUP-4|8.33333333333333333330|2026-01-01 00:07:05.000|Заметка номер 25 测试 é|#
26|GROUP-5|8.66666666666666666660|2026-01-01 00:07:22.000|Заметка номер 26 测试 é|#
27|GROUP-6|9.00000000000000000000|2026-01-01 00:07:39.000|Заметка номер 27 测试 é|#
28|GROUP-0|9.33333333333333333330|2026-01-01 00:07:56.000|Заметка номер 28 测试 é|#
29|GROUP-1|9.66666666666666666660|2026-01-01 00:08:13.000|Заметка номер 29 测试 é|#
30|GROUP-2|10.00000000000000000000|2026-01-01 00:08:30.000|Заметка номер 30 测试 é|#
31|GROUP-3|10.33333333333333333330|2026-01-01 00:08:47.000|Заметка номер 31 测试 é|#
32|GROUP-4|10.66666666666666666660|2026-01-01 00:09:04.000|Заметка номер 32 测试 é|#
33|GROUP-5|11.00000000000000000000|2026-01-01 00:09:21.000|Заметка номер 33 测试 é|#
34|GROUP-6|11.33333333333333333330|2026-01-01 00:09:38.000|Заметка номер 34 测试 é|#
35|GROUP-0|11.66666666666666666660|2026-01-01 00:09:55.000|Заметка номер 35 测试 é|#
36|GROUP-1|12.00000000000000000000|2026-01-01 00:10:12.000|Заметка номер 36 测试 é|#
37|GROUP-2|12.33333333333333333330|2026-01-01 00:10:29.000|Заметка номер 37 测试 é|#
38|GROUP-3|12.66666666666666666660|2026-01-01 00:10:46.000|Заметка номер 38 测试 é|#
39|GROUP-4|13.00000000000000000000|2026-01-01 00:11:03.000|Заметка номер 39 测试 é|#
40|GROUP-5|13.33333333333333333330|2026-01-01 00:11:20.000|Заметка номер 40 测试 é|#
41|GROUP-6|13.66666666666666666660|2026-01-01 00:11:37.000|Заметка номер 41 测试 é|#
42|GROUP-0|14.00000000000000000000|2026-01-01 00:11:54.000|Заметка номер 42 测试 é|#
43|GROUP-1|14.33333333333333333330|2026-01-01 00:12:11.000|Заметка номер 43 测试 é|#
44|GROUP-2|14.66666666666666666660|2026-01-01 00:12:28.000|Заметка номер 44 测试 é|#
45|GROUP-3|15.00000000000000000000|2026-01-01 00:12:45.000|Заметка номер 45 测试 é|#
46|GROUP-4|15.33333333333333333330|2026-01-01 00:13:02.000|Заметка номер 46 测试 é|#
47|GROUP-5|15.66666666666666666660|2026-01-01 00:13:19.000|Заметка номер 47 测试 é|#
48|GROUP-6|16.00000000000000000000|2026-01-01 00:13:36.000|Заметка номер 48 测试 é|#
49|GROUP-0|16.33333333333333333330|2026-01-01 00:13:53.000|Заметка номер 49 测试 é|#
50|GROUP-1|16.66666666666666666660|2026-01-01 00:14:10.000|Заметка номер 50 测试 é|#
51|GROUP-2|17.00000000000000000000|2026-01-01 00:14:27.000|Заметка номер 51 测试 é|#
52|GROUP-3|17.33333333333333333330|2026-01-01 00:14:44.000|Заметка номер 52 测试 é|#
53|GROUP-4|17.66666666666666666660|2026-01-01 00:15:01.000|Заметка номер 53 测试 é|#
54|GROUP-5|18.00000000000000000000|2026-01-01 00:15:18.000|Заметка номер 54 测试 é|#
55|GROUP-6|18.33333333333333333330|2026-01-01 00:15:35.000|Заметка номер 55 测试 é|#
56|GROUP-0|18.66666666666666666660|2026-01-01 00:15:52.000|Заметка номер 56 测试 é|#
57|GROUP-1|19.00000000000000000000|2026-01-01 00:16:09.000|Заметка номер 57 测试 é|#
58|GROUP-2|19.33333333333333333330|2026-01-01 00:16:26.000|Заметка номер 58 测试 é|#
59|GROUP-3|19.66666666666666666660|2026-01-01 00:16:43.000|Заметка номер 59 测试 é|#
60|GROUP-4|20.00000000000000000000|2026-01-01 00:17:00.000|Заметка номер 60 测试 é|#
61|GROUP-5|20.33333333333333333330|2026-01-01 00:17:17.000|Заметка номер 61 测试 é|#
62|GROUP-6|20.66666666666666666660|2026-01-01 00:17:34.000|Заметка номер 62 测试 é|#
63|GROUP-0|21.00000000000000000000|2026-01-01 00:17:51.000|Заметка номер 63 测试 é|#
64|GROUP-1|21.33333333333333333330|2026-01-01 00:18:08.000|Заметка номер 64 测试 é|#
65|GROUP-2|21.66666666666666666660|2026-01-01 00:18:25.000|Заметка номер 65 测试 é|#
66|GROUP-3|22.00000000000000000000|2026-01-01 00:18:42.000|Заметка номер 66 测试 é|#
67|GROUP-4|22.33333333333333333330|2026-01-01 00:18:59.000|Заметка номер 67 测试 é|#
68|GROUP-5|22.66666666666666666660|2026-01-01 00:19:16.000|Заметка номер 68 测试 é|#
69|GROUP-6|23.00000000000000000000|2026-01-01 00:19:33.000|Заметка номер 69 测试 é|#
70|GROUP-0|23.33333333333333333330|2026-01-01 00:19:50.000|Заметка номер 70 测试 é|#
71|GROUP-1|23.66666666666666666660|2026-01-01 00:20:07.000|Заметка номер 71 测试 é|#
72|GROUP-2|24.00000000000000000000|2026-01-01 00:20:24.000|Заметка номер 72 测试 é|#
73|GROUP-3|24.33333333333333333330|2026-01-01 00:20:41.000|Заметка номер 73 测试 é|#
74|GROUP-4|24.66666666666666666660|2026-01-01 00:20:58.000|Заметка номер 74 测试 é|#
75|GROUP-5|25.00000000000000000000|2026-01-01 00:21:15.000|Заметка номер 75 测试 é|#
76|GROUP-6|25.33333333333333333330|2026-01-01 00:21:32.000|Заметка номер 76 测试 é|#
77|GROUP-0|25.66666666666666666660|2026-01-01 00:21:49.000|Заметка номер 77 测试 é|#
78|GROUP-1|26.00000000000000000000|2026-01-01 00:22:06.000|Заметка номер 78 测试 é|#
79|GROUP-2|26.33333333333333333330|2026-01-01 00:22:23.000|Заметка номер 79 测试 é|#
80|GROUP-3|26.66666666666666666660|2026-01-01 00:22:40.000|Заметка номер 80 测试 é|#
81|GROUP-4|27.00000000000000000000|2026-01-01 00:22:57.000|Заметка номер 81 测试 é|#
82|GROUP-5|27.33333333333333333330|2026-01-01 00:23:14.000|Заметка номер 82 测试 é|#
83|GROUP-6|27.66666666666666666660|2026-01-01 00:23:31.000|Заметка номер 83 测试 é|#
84|GROUP-0|28.00000000000000000000|2026-01-01 00:23:48.000|Заметка номер 84 测试 é|#
85|GROUP-1|28.33333333333333333330|2026-01-01 00:24:05.000|Заметка номер 85 测试 é|#
86|GROUP-2|28.66666666666666666660|2026-01-01 00:24:22.000|Заметка номер 86 测试 é|#
87|GROUP-3|29.00000000000000000000|2026-01-01 00:24:39.000|Заметка номер 87 测试 é|#
88|GROUP-4|29.33333333333333333330|2026-01-01 00:24:56.000|Заметка номер 88 测试 é|#
89|GROUP-5|29.66666666666666666660|2026-01-01 00:25:13.000|Заметка номер 89 测试 é|#
90|GROUP-6|30.00000000000000000000|2026-01-01 00:25:30.000|Заметка номер 90 测试 é|#
91|GROUP-0|30.33333333333333333330|2026-01-01 00:25:47.000|Заметка номер 91 测试 é|#
92|GROUP-1|30.66666666666666666660|2026-01-01 00:26:04.000|Заметка номер 92 测试 é|#
93|GROUP-2|31.00000000000000000000|2026-01-01 00:26:21.000|Заметка номер 93 测试 é|#
94|GROUP-3|31.33333333333333333330|2026-01-01 00:26:38.000|Заметка номер 94 测试 é|#
95|GROUP-4|31.66666666666666666660|2026-01-01 00:26:55.000|Заметка номер 95 测试 é|#
96|GROUP-5|32.00000000000000000000|2026-01-01 00:27:12.000|Заметка номер 96 测试 é|#
97|GROUP-6|32.33333333333333333330|2026-01-01 00:27:29.000|Заметка номер 97 测试 é|#
98|GROUP-0|32.66666666666666666660|2026-01-01 00:27:46.000|Заметка номер 98 测试 é|#
99|GROUP-1|33.00000000000000000000|2026-01-01 00:28:03.000|Заметка номер 99 测试 é|#
100|GROUP-2|33.33333333333333333330|2026-01-01 00:28:20.000|Заметка номер 100 测试 é|#
101|GROUP-3|33.66666666666666666660|2026-01-01 00:28:37.000|Заметка номер 101 测试 é|#
102|GROUP-4|34.00000000000000000000|2026-01-01 00:28:54.000|Заметка номер 102 测试 é|#
103|GROUP-5|34.33333333333333333330|2026-01-01 00:29:11.000|Заметка номер 103 测试 é|#
104|GROUP-6|34.66666666666666666660|2026-01-01 00:29:28.000|Заметка номер 104 测试 é|#
105|GROUP-0|35.00000000000000000000|2026-01-01 00:29:45.000|Заметка номер 105 测试 é|#
106|GROUP-1|35.33333333333333333330|2026-01-01 00:30:02.000|Заметка номер 106 测试 é|#
107|GROUP-2|35.66666666666666666660|2026-01-01 00:30:19.000|Заметка номер 107 测试 é|#
108|GROUP-3|36.00000000000000000000|2026-01-01 00:30:36.000|Заметка номер 108 测试 é|#
109|GROUP-4|36.33333333333333333330|2026-01-01 00:30:53.000|Заметка номер 109 测试 é|#
110|GROUP-5|36.66666666666666666660|2026-01-01 00:31:10.000|Заметка номер 110 测试 é|#
111|GROUP-6|37.00000000000000000000|2026-01-01 00:31:27.000|Заметка номер 111 测试 é|#
112|GROUP-0|37.33333333333333333330|2026-01-01 00:31:44.000|Заметка номер 112 测试 é|#
113|GROUP-1|37.66666666666666666660|2026-01-01 00:32:01.000|Заметка номер 113 测试 é|#
114|GROUP-2|38.00000000000000000000|2026-01-01 00:32:18.000|Заметка номер 114 测试 é|#
115|GROUP-3|38.33333333333333333330|2026-01-01 00:32:35.000|Заметка номер 115 测试 é|#
116|GROUP-4|38.66666666666666666660|2026-01-01 00:32:52.000|Заметка номер 116 测试 é|#
117|GROUP-5|39.00000000000000000000|2026-01-01 00:33:09.000|Заметка номер 117 测试 é|#
118|GROUP-6|39.33333333333333333330|2026-01-01 00:33:26.000|Заметка номер 118 测试 é|#
119|GROUP-0|39.66666666666666666660|2026-01-01 00:33:43.000|Заметка номер 119 测试 é|#
120|GROUP-1|40.00000000000000000000|2026-01-01 00:34:00.000|Заметка номер 120 测试 é|#
121|GROUP-2|40.33333333333333333330|2026-01-01 00:34:17.000|Заметка номер 121 测试 é|#
122|GROUP-3|40.66666666666666666660|2026-01-01 00:34:34.000|Заметка номер 122 测试 é|#
123|GROUP-4|41.00000000000000000000|2026-01-01 00:34:51.000|Заметка номер 123 测试 é|#
124|GROUP-5|41.33333333333333333330|2026-01-01 00:35:08.000|Заметка номер 124 测试 é|#
125|GROUP-6|41.66666666666666666660|2026-01-01 00:35:25.000|Заметка номер 125 测试 é|#
126|GROUP-0|42.00000000000000000000|2026-01-01 00:35:42.000|Заметка номер 126 测试 é|#
127|GROUP-1|42.33333333333333333330|2026-01-01 00:35:59.000|Заметка номер 127 测试 é|#
128|GROUP-2|42.66666666666666666660|2026-01-01 00:36:16.000|Заметка номер 128 测试 é|#
129|GROUP-3|43.00000000000000000000|2026-01-01 00:36:33.000|Заметка номер 129 测试 é|#
130|GROUP-4|43.33333333333333333330|2026-01-01 00:36:50.000|Заметка номер 130 测试 é|#
131|GROUP-5|43.66666666666666666660|2026-01-01 00:37:07.000|Заметка номер 131 测试 é|#
132|GROUP-6|44.00000000000000000000|2026-01-01 00:37:24.000|Заметка номер 132 测试 é|#
133|GROUP-0|44.33333333333333333330|2026-01-01 00:37:41.000|Заметка номер 133 测试 é|#
134|GROUP-1|44.66666666666666666660|2026-01-01 00:37:58.000|Заметка номер 134 测试 é|#
135|GROUP-2|45.00000000000000000000|2026-01-01 00:38:15.000|Заметка номер 135 测试 é|#
136|GROUP-3|45.33333333333333333330|2026-01-01 00:38:32.000|Заметка номер 136 测试 é|#
137|GROUP-4|45.66666666666666666660|2026-01-01 00:38:49.000|Заметка номер 137 测试 é|#
138|GROUP-5|46.00000000000000000000|2026-01-01 00:39:06.000|Заметка номер 138 测试 é|#
139|GROUP-6|46.33333333333333333330|2026-01-01 00:39:23.000|Заметка номер 139 测试 é|#
140|GROUP-0|46.66666666666666666660|2026-01-01 00:39:40.000|Заметка номер 140 测试 é|#
141|GROUP-1|47.00000000000000000000|2026-01-01 00:39:57.000|Заметка номер 141 测试 é|#
142|GROUP-2|47.33333333333333333330|2026-01-01 00:40:14.000|Заметка номер 142 测试 é|#
143|GROUP-3|47.66666666666666666660|2026-01-01 00:40:31.000|Заметка номер 143 测试 é|#
144|GROUP-4|48.00000000000000000000|2026-01-01 00:40:48.000|Заметка номер 144 测试 é|#
145|GROUP-5|48.33333333333333333330|2026-01-01 00:41:05.000|Заметка номер 145 测试 é|#
146|GROUP-6|48.66666666666666666660|2026-01-01 00:41:22.000|Заметка номер 146 测试 é|#
147|GROUP-0|49.00000000000000000000|2026-01-01 00:41:39.000|Заметка номер 147 测试 é|#
148|GROUP-1|49.33333333333333333330|2026-01-01 00:41:56.000|Заметка номер 148 测试 é|#
149|GROUP-2|49.66666666666666666660|2026-01-01 00:42:13.000|Заметка номер 149 测试 é|#
150|GROUP-3|50.00000000000000000000|2026-01-01 00:42:30.000|Заметка номер 150 测试 é|#
151|GROUP-4|50.33333333333333333330|2026-01-01 00:42:47.000|Заметка номер 151 测试 é|#
152|GROUP-5|50.66666666666666666660|2026-01-01 00:43:04.000|Заметка номер 152 测试 é|#
153|GROUP-6|51.00000000000000000000|2026-01-01 00:43:21.000|Заметка номер 153 测试 é|#
154|GROUP-0|51.33333333333333333330|2026-01-01 00:43:38.000|Заметка номер 154 测试 é|#
155|GROUP-1|51.66666666666666666660|2026-01-01 00:43:55.000|Заметка номер 155 测试 é|#
156|GROUP-2|52.00000000000000000000|2026-01-01 00:44:12.000|Заметка номер 156 测试 é|#
157|GROUP-3|52.33333333333333333330|2026-01-01 00:44:29.000|Заметка номер 157 测试 é|#
158|GROUP-4|52.66666666666666666660|2026-01-01 00:44:46.000|Заметка номер 158 测试 é|#
159|GROUP-5|53.00000000000000000000|2026-01-01 00:45:03.000|Заметка номер 159 测试 é|#
160|GROUP-6|53.33333333333333333330|2026-01-01 00:45:20.000|Заметка номер 160 测试 é|#
161|GROUP-0|53.66666666666666666660|2026-01-01 00:45:37.000|Заметка номер 161 测试 é|#
162|GROUP-1|54.00000000000000000000|2026-01-01 00:45:54.000|Заметка номер 162 测试 é|#
163|GROUP-2|54.33333333333333333330|2026-01-01 00:46:11.000|Заметка номер 163 测试 é|#
164|GROUP-3|54.66666666666666666660|2026-01-01 00:46:28.000|Заметка номер 164 测试 é|#
165|GROUP-4|55.00000000000000000000|2026-01-01 00:46:45.000|Заметка номер 165 测试 é|#
166|GROUP-5|55.33333333333333333330|2026-01-01 00:47:02.000|Заметка номер 166 测试 é|#
167|GROUP-6|55.66666666666666666660|2026-01-01 00:47:19.000|Заметка номер 167 测试 é|#
168|GROUP-0|56.00000000000000000000|2026-01-01 00:47:36.000|Заметка номер 168 测试 é|#
169|GROUP-1|56.33333333333333333330|2026-01-01 00:47:53.000|Заметка номер 169 测试 é|#
170|GROUP-2|56.66666666666666666660|2026-01-01 00:48:10.000|Заметка номер 170 测试 é|#
171|GROUP-3|57.00000000000000000000|2026-01-01 00:48:27.000|Заметка номер 171 测试 é|#
172|GROUP-4|57.33333333333333333330|2026-01-01 00:48:44.000|Заметка номер 172 测试 é|#
173|GROUP-5|57.66666666666666666660|2026-01-01 00:49:01.000|Заметка номер 173 测试 é|#
174|GROUP-6|58.00000000000000000000|2026-01-01 00:49:18.000|Заметка номер 174 测试 é|#
175|GROUP-0|58.33333333333333333330|2026-01-01 00:49:35.000|Заметка номер 175 测试 é|#
176|GROUP-1|58.66666666666666666660|2026-01-01 00:49:52.000|Заметка номер 176 测试 é|#
177|GROUP-2|59.00000000000000000000|2026-01-01 00:50:09.000|Заметка номер 177 测试 é|#
178|GROUP-3|59.33333333333333333330|2026-01-01 00:50:26.000|Заметка номер 178 测试 é|#
179|GROUP-4|59.66666666666666666660|2026-01-01 00:50:43.000|Заметка номер 179 测试 é|#
180|GROUP-5|60.00000000000000000000|2026-01-01 00:51:00.000|Заметка номер 180 测试 é|#
181|GROUP-6|60.33333333333333333330|2026-01-01 00:51:17.000|Заметка номер 181 测试 é|#
182|GROUP-0|60.66666666666666666660|2026-01-01 00:51:34.000|Заметка номер 182 测试 é|#
183|GROUP-1|61.00000000000000000000|2026-01-01 00:51:51.000|Заметка номер 183 测试 é|#
184|GROUP-2|61.33333333333333333330|2026-01-01 00:52:08.000|Заметка номер 184 测试 é|#
185|GROUP-3|61.66666666666666666660|2026-01-01 00:52:25.000|Заметка номер 185 测试 é|#
186|GROUP-4|62.00000000000000000000|2026-01-01 00:52:42.000|Заметка номер 186 测试 é|#
187|GROUP-5|62.33333333333333333330|2026-01-01 00:52:59.000|Заметка номер 187 测试 é|#
188|GROUP-6|62.66666666666666666660|2026-01-01 00:53:16.000|Заметка номер 188 测试 é|#
189|GROUP-0|63.00000000000000000000|2026-01-01 00:53:33.000|Заметка номер 189 测试 é|#
190|GROUP-1|63.33333333333333333330|2026-01-01 00:53:50.000|Заметка номер 190 测试 é|#
191|GROUP-2|63.66666666666666666660|2026-01-01 00:54:07.000|Заметка номер 191 测试 é|#
192|GROUP-3|64.00000000000000000000|2026-01-01 00:54:24.000|Заметка номер 192 测试 é|#
193|GROUP-4|64.33333333333333333330|2026-01-01 00:54:41.000|Заметка номер 193 测试 é|#
194|GROUP-5|64.66666666666666666660|2026-01-01 00:54:58.000|Заметка номер 194 测试 é|#
195|GROUP-6|65.00000000000000000000|2026-01-01 00:55:15.000|Заметка номер 195 测试 é|#
196|GROUP-0|65.33333333333333333330|2026-01-01 00:55:32.000|Заметка номер 196 测试 é|#
197|GROUP-1|65.66666666666666666660|2026-01-01 00:55:49.000|Заметка номер 197 测试 é|#
198|GROUP-2|66.00000000000000000000|2026-01-01 00:56:06.000|Заметка номер 198 测试 é|#
199|GROUP-3|66.33333333333333333330|2026-01-01 00:56:23.000|Заметка номер 199 测试 é|#
200|GROUP-4|66.66666666666666666660|2026-01-01 00:56:40.000|Заметка номер 200 测试 é|#
201|GROUP-5|67.00000000000000000000|2026-01-01 00:56:57.000|Заметка номер 201 测试 é|#
202|GROUP-6|67.33333333333333333330|2026-01-01 00:57:14.000|Заметка номер 202 测试 é|#
203|GROUP-0|67.66666666666666666660|2026-01-01 00:57:31.000|Заметка номер 203 测试 é|#
204|GROUP-1|68.00000000000000000000|2026-01-01 00:57:48.000|Заметка номер 204 测试 é|#
205|GROUP-2|68.33333333333333333330|2026-01-01 00:58:05.000|Заметка номер 205 测试 é|#
206|GROUP-3|68.66666666666666666660|2026-01-01 00:58:22.000|Заметка номер 206 测试 é|#
207|GROUP-4|69.00000000000000000000|2026-01-01 00:58:39.000|Заметка номер 207 测试 é|#
208|GROUP-5|69.33333333333333333330|2026-01-01 00:58:56.000|Заметка номер 208 测试 é|#
209|GROUP-6|69.66666666666666666660|2026-01-01 00:59:13.000|Заметка номер 209 测试 é|#
210|GROUP-0|70.00000000000000000000|2026-01-01 00:59:30.000|Заметка номер 210 测试 é|#
211|GROUP-1|70.33333333333333333330|2026-01-01 00:59:47.000|Заметка номер 211 测试 é|#
212|GROUP-2|70.66666666666666666660|2026-01-01 01:00:04.000|Заметка номер 212 测试 é|#
213|GROUP-3|71.00000000000000000000|2026-01-01 01:00:21.000|Заметка номер 213 测试 é|#
214|GROUP-4|71.33333333333333333330|2026-01-01 01:00:38.000|Заметка номер 214 测试 é|#
215|GROUP-5|71.66666666666666666660|2026-01-01 01:00:55.000|Заметка номер 215 测试 é|#
216|GROUP-6|72.00000000000000000000|2026-01-01 01:01:12.000|Заметка номер 216 测试 é|#
217|GROUP-0|72.33333333333333333330|2026-01-01 01:01:29.000|Заметка номер 217 测试 é|#
218|GROUP-1|72.66666666666666666660|2026-01-01 01:01:46.000|Заметка номер 218 测试 é|#
219|GROUP-2|73.00000000000000000000|2026-01-01 01:02:03.000|Заметка номер 219 测试 é|#
220|GROUP-3|73.33333333333333333330|2026-01-01 01:02:20.000|Заметка номер 220 测试 é|#
221|GROUP-4|73.66666666666666666660|2026-01-01 01:02:37.000|Заметка номер 221 测试 é|#
222|GROUP-5|74.00000000000000000000|2026-01-01 01:02:54.000|Заметка номер 222 测试 é|#
223|GROUP-6|74.33333333333333333330|2026-01-01 01:03:11.000|Заметка номер 223 测试 é|#
224|GROUP-0|74.66666666666666666660|2026-01-01 01:03:28.000|Заметка номер 224 测试 é|#
225|GROUP-1|75.00000000000000000000|2026-01-01 01:03:45.000|Заметка номер 225 测试 é|#
226|GROUP-2|75.33333333333333333330|2026-01-01 01:04:02.000|Заметка номер 226 测试 é|#
227|GROUP-3|75.66666666666666666660|2026-01-01 01:04:19.000|Заметка номер 227 测试 é|#
228|GROUP-4|76.00000000000000000000|2026-01-01 01:04:36.000|Заметка номер 228 测试 é|#
229|GROUP-5|76.33333333333333333330|2026-01-01 01:04:53.000|Заметка номер 229 测试 é|#
230|GROUP-6|76.66666666666666666660|2026-01-01 01:05:10.000|Заметка номер 230 测试 é|#
231|GROUP-0|77.00000000000000000000|2026-01-01 01:05:27.000|Заметка номер 231 测试 é|#
232|GROUP-1|77.33333333333333333330|2026-01-01 01:05:44.000|Заметка номер 232 测试 é|#
233|GROUP-2|77.66666666666666666660|2026-01-01 01:06:01.000|Заметка номер 233 测试 é|#
234|GROUP-3|78.00000000000000000000|2026-01-01 01:06:18.000|Заметка номер 234 测试 é|#
235|GROUP-4|78.33333333333333333330|2026-01-01 01:06:35.000|Заметка номер 235 测试 é|#
236|GROUP-5|78.66666666666666666660|2026-01-01 01:06:52.000|Заметка номер 236 测试 é|#
237|GROUP-6|79.00000000000000000000|2026-01-01 01:07:09.000|Заметка номер 237 测试 é|#
238|GROUP-0|79.33333333333333333330|2026-01-01 01:07:26.000|Заметка номер 238 测试 é|#
239|GROUP-1|79.66666666666666666660|2026-01-01 01:07:43.000|Заметка номер 239 测试 é|#
240|GROUP-2|80.00000000000000000000|2026-01-01 01:08:00.000|Заметка номер 240 测试 é|#
241|GROUP-3|80.33333333333333333330|2026-01-01 01:08:17.000|Заметка номер 241 测试 é|#
242|GROUP-4|80.66666666666666666660|2026-01-01 01:08:34.000|Заметка номер 242 测试 é|#
243|GROUP-5|81.00000000000000000000|2026-01-01 01:08:51.000|Заметка номер 243 测试 é|#
244|GROUP-6|81.33333333333333333330|2026-01-01 01:09:08.000|Заметка номер 244 测试 é|#
245|GROUP-0|81.66666666666666666660|2026-01-01 01:09:25.000|Заметка номер 245 测试 é|#
246|GROUP-1|82.00000000000000000000|2026-01-01 01:09:42.000|Заметка номер 246 测试 é|#
247|GROUP-2|82.33333333333333333330|2026-01-01 01:09:59.000|Заметка номер 247 测试 é|#
248|GROUP-3|82.66666666666666666660|2026-01-01 01:10:16.000|Заметка номер 248 测试 é|#
249|GROUP-4|83.00000000000000000000|2026-01-01 01:10:33.000|Заметка номер 249 测试 é|#
250|GROUP-5|83.33333333333333333330|2026-01-01 01:10:50.000|Заметка номер 250 测试 é|#
251|GROUP-6|83.66666666666666666660|2026-01-01 01:11:07.000|Заметка номер 251 测试 é|#
252|GROUP-0|84.00000000000000000000|2026-01-01 01:11:24.000|Заметка номер 252 测试 é|#
253|GROUP-1|84.33333333333333333330|2026-01-01 01:11:41.000|Заметка номер 253 测试 é|#
254|GROUP-2|84.66666666666666666660|2026-01-01 01:11:58.000|Заметка номер 254 测试 é|#
255|GROUP-3|85.00000000000000000000|2026-01-01 01:12:15.000|Заметка номер 255 测试 é|#
256|GROUP-4|85.33333333333333333330|2026-01-01 01:12:32.000|Заметка номер 256 测试 é|#
257|GROUP-5|85.66666666666666666660|2026-01-01 01:12:49.000|Заметка номер 257 测试 é|#
258|GROUP-6|86.00000000000000000000|2026-01-01 01:13:06.000|Заметка номер 258 测试 é|#
259|GROUP-0|86.33333333333333333330|2026-01-01 01:13:23.000|Заметка номер 259 测试 é|#
260|GROUP-1|86.66666666666666666660|2026-01-01 01:13:40.000|Заметка номер 260 测试 é|#
261|GROUP-2|87.00000000000000000000|2026-01-01 01:13:57.000|Заметка номер 261 测试 é|#
262|GROUP-3|87.33333333333333333330|2026-01-01 01:14:14.000|Заметка номер 262 测试 é|#
263|GROUP-4|87.66666666666666666660|2026-01-01 01:14:31.000|Заметка номер 263 测试 é|#
264|GROUP-5|88.00000000000000000000|2026-01-01 01:14:48.000|Заметка номер 264 测试 é|#
265|GROUP-6|88.33333333333333333330|2026-01-01 01:15:05.000|Заметка номер 265 测试 é|#
266|GROUP-0|88.66666666666666666660|2026-01-01 01:15:22.000|Заметка номер 266 测试 é|#
267|GROUP-1|89.00000000000000000000|2026-01-01 01:15:39.000|Заметка номер 267 测试 é|#
268|GROUP-2|89.33333333333333333330|2026-01-01 01:15:56.000|Заметка номер 268 测试 é|#
269|GROUP-3|89.66666666666666666660|2026-01-01 01:16:13.000|Заметка номер 269 测试 é|#
270|GROUP-4|90.00000000000000000000|2026-01-01 01:16:30.000|Заметка номер 270 测试 é|#
271|GROUP-5|90.33333333333333333330|2026-01-01 01:16:47.000|Заметка номер 271 测试 é|#
272|GROUP-6|90.66666666666666666660|2026-01-01 01:17:04.000|Заметка номер 272 测试 é|#
273|GROUP-0|91.00000000000000000000|2026-01-01 01:17:21.000|Заметка номер 273 测试 é|#
274|GROUP-1|91.33333333333333333330|2026-01-01 01:17:38.000|Заметка номер 274 测试 é|#
275|GROUP-2|91.66666666666666666660|2026-01-01 01:17:55.000|Заметка номер 275 测试 é|#
276|GROUP-3|92.00000000000000000000|2026-01-01 01:18:12.000|Заметка номер 276 测试 é|#
277|GROUP-4|92.33333333333333333330|2026-01-01 01:18:29.000|Заметка номер 277 测试 é|#
278|GROUP-5|92.66666666666666666660|2026-01-01 01:18:46.000|Заметка номер 278 测试 é|#
279|GROUP-6|93.00000000000000000000|2026-01-01 01:19:03.000|Заметка номер 279 测试 é|#
280|GROUP-0|93.33333333333333333330|2026-01-01 01:19:20.000|Заметка номер 280 测试 é|#
281|GROUP-1|93.66666666666666666660|2026-01-01 01:19:37.000|Заметка номер 281 测试 é|#
282|GROUP-2|94.00000000000000000000|2026-01-01 01:19:54.000|Заметка номер 282 测试 é|#
283|GROUP-3|94.33333333333333333330|2026-01-01 01:20:11.000|Заметка номер 283 测试 é|#
284|GROUP-4|94.66666666666666666660|2026-01-01 01:20:28.000|Заметка номер 284 测试 é|#
285|GROUP-5|95.00000000000000000000|2026-01-01 01:20:45.000|Заметка номер 285 测试 é|#
286|GROUP-6|95.33333333333333333330|2026-01-01 01:21:02.000|Заметка номер 286 测试 é|#
287|GROUP-0|95.66666666666666666660|2026-01-01 01:21:19.000|Заметка номер 287 测试 é|#
288|GROUP-1|96.00000000000000000000|2026-01-01 01:21:36.000|Заметка номер 288 测试 é|#
289|GROUP-2|96.33333333333333333330|2026-01-01 01:21:53.000|Заметка номер 289 测试 é|#
290|GROUP-3|96.66666666666666666660|2026-01-01 01:22:10.000|Заметка номер 290 测试 é|#
291|GROUP-4|97.00000000000000000000|2026-01-01 01:22:27.000|Заметка номер 291 测试 é|#
292|GROUP-5|97.33333333333333333330|2026-01-01 01:22:44.000|Заметка номер 292 测试 é|#
293|GROUP-6|97.66666666666666666660|2026-01-01 01:23:01.000|Заметка номер 293 测试 é|#
294|GROUP-0|98.00000000000000000000|2026-01-01 01:23:18.000|Заметка номер 294 测试 é|#
295|GROUP-1|98.33333333333333333330|2026-01-01 01:23:35.000|Заметка номер 295 测试 é|#
296|GROUP-2|98.66666666666666666660|2026-01-01 01:23:52.000|Заметка номер 296 测试 é|#
297|GROUP-3|99.00000000000000000000|2026-01-01 01:24:09.000|Заметка номер 297 测试 é|#
298|GROUP-4|99.33333333333333333330|2026-01-01 01:24:26.000|Заметка номер 298 测试 é|#
299|GROUP-5|99.66666666666666666660|2026-01-01 01:24:43.000|Заметка номер 299 测试 é|#
300|GROUP-6|100.00000000000000000000|2026-01-01 01:25:00.000|Заметка номер 300 测试 é|#
301|GROUP-0|100.33333333333333333330|2026-01-01 01:25:17.000|Заметка номер 301 测试 é|#
302|GROUP-1|100.66666666666666666660|2026-01-01 01:25:34.000|Заметка номер 302 测试 é|#
303|GROUP-2|101.00000000000000000000|2026-01-01 01:25:51.000|Заметка номер 303 测试 é|#
304|GROUP-3|101.33333333333333333330|2026-01-01 01:26:08.000|Заметка номер 304 测试 é|#
305|GROUP-4|101.66666666666666666660|2026-01-01 01:26:25.000|Заметка номер 305 测试 é|#
306|GROUP-5|102.00000000000000000000|2026-01-01 01:26:42.000|Заметка номер 306 测试 é|#
307|GROUP-6|102.33333333333333333330|2026-01-01 01:26:59.000|Заметка номер 307 测试 é|#
308|GROUP-0|102.66666666666666666660|2026-01-01 01:27:16.000|Заметка номер 308 测试 é|#
309|GROUP-1|103.00000000000000000000|2026-01-01 01:27:33.000|Заметка номер 309 测试 é|#
310|GROUP-2|103.33333333333333333330|2026-01-01 01:27:50.000|Заметка номер 310 测试 é|#
311|GROUP-3|103.66666666666666666660|2026-01-01 01:28:07.000|Заметка номер 311 测试 é|#
312|GROUP-4|104.00000000000000000000|2026-01-01 01:28:24.000|Заметка номер 312 测试 é|#
313|GROUP-5|104.33333333333333333330|2026-01-01 01:28:41.000|Заметка номер 313 测试 é|#
314|GROUP-6|104.66666666666666666660|2026-01-01 01:28:58.000|Заметка номер 314 测试 é|#
315|GROUP-0|105.00000000000000000000|2026-01-01 01:29:15.000|Заметка номер 315 测试 é|#
316|GROUP-1|105.33333333333333333330|2026-01-01 01:29:32.000|Заметка номер 316 测试 é|#
317|GROUP-2|105.66666666666666666660|2026-01-01 01:29:49.000|Заметка номер 317 测试 é|#
318|GROUP-3|106.00000000000000000000|2026-01-01 01:30:06.000|Заметка номер 318 测试 é|#
319|GROUP-4|106.33333333333333333330|2026-01-01 01:30:23.000|Заметка номер 319 测试 é|#
320|GROUP-5|106.66666666666666666660|2026-01-01 01:30:40.000|Заметка номер 320 测试 é|#
321|GROUP-6|107.00000000000000000000|2026-01-01 01:30:57.000|Заметка номер 321 测试 é|#
322|GROUP-0|107.33333333333333333330|2026-01-01 01:31:14.000|Заметка номер 322 测试 é|#
323|GROUP-1|107.66666666666666666660|2026-01-01 01:31:31.000|Заметка номер 323 测试 é|#
324|GROUP-2|108.00000000000000000000|2026-01-01 01:31:48.000|Заметка номер 324 测试 é|#
325|GROUP-3|108.33333333333333333330|2026-01-01 01:32:05.000|Заметка номер 325 测试 é|#
326|GROUP-4|108.66666666666666666660|2026-01-01 01:32:22.000|Заметка номер 326 测试 é|#
327|GROUP-5|109.00000000000000000000|2026-01-01 01:32:39.000|Заметка номер 327 测试 é|#
328|GROUP-6|109.33333333333333333330|2026-01-01 01:32:56.000|Заметка номер 328 测试 é|#
329|GROUP-0|109.66666666666666666660|2026-01-01 01:33:13.000|Заметка номер 329 测试 é|#
330|GROUP-1|110.00000000000000000000|2026-01-01 01:33:30.000|Заметка номер 330 测试 é|#
331|GROUP-2|110.33333333333333333330|2026-01-01 01:33:47.000|Заметка номер 331 测试 é|#
332|GROUP-3|110.66666666666666666660|2026-01-01 01:34:04.000|Заметка номер 332 测试 é|#
333|GROUP-4|111.00000000000000000000|2026-01-01 01:34:21.000|Заметка номер 333 测试 é|#
334|GROUP-5|111.33333333333333333330|2026-01-01 01:34:38.000|Заметка номер 334 测试 é|#
335|GROUP-6|111.66666666666666666660|2026-01-01 01:34:55.000|Заметка номер 335 测试 é|#
336|GROUP-0|112.00000000000000000000|2026-01-01 01:35:12.000|Заметка номер 336 测试 é|#
337|GROUP-1|112.33333333333333333330|2026-01-01 01:35:29.000|Заметка номер 337 测试 é|#
338|GROUP-2|112.66666666666666666660|2026-01-01 01:35:46.000|Заметка номер 338 测试 é|#
339|GROUP-3|113.00000000000000000000|2026-01-01 01:36:03.000|Заметка номер 339 测试 é|#
340|GROUP-4|113.33333333333333333330|2026-01-01 01:36:20.000|Заметка номер 340 测试 é|#
341|GROUP-5|113.66666666666666666660|2026-01-01 01:36:37.000|Заметка номер 341 测试 é|#
342|GROUP-6|114.00000000000000000000|2026-01-01 01:36:54.000|Заметка номер 342 测试 é|#
343|GROUP-0|114.33333333333333333330|2026-01-01 01:37:11.000|Заметка номер 343 测试 é|#
344|GROUP-1|114.66666666666666666660|2026-01-01 01:37:28.000|Заметка номер 344 测试 é|#
345|GROUP-2|115.00000000000000000000|2026-01-01 01:37:45.000|Заметка номер 345 测试 é|#
346|GROUP-3|115.33333333333333333330|2026-01-01 01:38:02.000|Заметка номер 346 测试 é|#
347|GROUP-4|115.66666666666666666660|2026-01-01 01:38:19.000|Заметка номер 347 测试 é|#
348|GROUP-5|116.00000000000000000000|2026-01-01 01:38:36.000|Заметка номер 348 测试 é|#
349|GROUP-6|116.33333333333333333330|2026-01-01 01:38:53.000|Заметка номер 349 测试 é|#
350|GROUP-0|116.66666666666666666660|2026-01-01 01:39:10.000|Заметка номер 350 测试 é|#
351|GROUP-1|117.00000000000000000000|2026-01-01 01:39:27.000|Заметка номер 351 测试 é|#
352|GROUP-2|117.33333333333333333330|2026-01-01 01:39:44.000|Заметка номер 352 测试 é|#
353|GROUP-3|117.66666666666666666660|2026-01-01 01:40:01.000|Заметка номер 353 测试 é|#
354|GROUP-4|118.00000000000000000000|2026-01-01 01:40:18.000|Заметка номер 354 测试 é|#
355|GROUP-5|118.33333333333333333330|2026-01-01 01:40:35.000|Заметка номер 355 测试 é|#
356|GROUP-6|118.66666666666666666660|2026-01-01 01:40:52.000|Заметка номер 356 测试 é|#
357|GROUP-0|119.00000000000000000000|2026-01-01 01:41:09.000|Заметка номер 357 测试 é|#
358|GROUP-1|119.33333333333333333330|2026-01-01 01:41:26.000|Заметка номер 358 测试 é|#
359|GROUP-2|119.66666666666666666660|2026-01-01 01:41:43.000|Заметка номер 359 测试 é|#
360|GROUP-3|120.00000000000000000000|2026-01-01 01:42:00.000|Заметка номер 360 测试 é|#
361|GROUP-4|120.33333333333333333330|2026-01-01 01:42:17.000|Заметка номер 361 测试 é|#
362|GROUP-5|120.66666666666666666660|2026-01-01 01:42:34.000|Заметка номер 362 测试 é|#
363|GROUP-6|121.00000000000000000000|2026-01-01 01:42:51.000|Заметка номер 363 测试 é|#
364|GROUP-0|121.33333333333333333330|2026-01-01 01:43:08.000|Заметка номер 364 测试 é|#
365|GROUP-1|121.66666666666666666660|2026-01-01 01:43:25.000|Заметка номер 365 测试 é|#
366|GROUP-2|122.00000000000000000000|2026-01-01 01:43:42.000|Заметка номер 366 测试 é|#
367|GROUP-3|122.33333333333333333330|2026-01-01 01:43:59.000|Заметка номер 367 测试 é|#
368|GROUP-4|122.66666666666666666660|2026-01-01 01:44:16.000|Заметка номер 368 测试 é|#
369|GROUP-5|123.00000000000000000000|2026-01-01 01:44:33.000|Заметка номер 369 测试 é|#
370|GROUP-6|123.33333333333333333330|2026-01-01 01:44:50.000|Заметка номер 370 测试 é|#
371|GROUP-0|123.66666666666666666660|2026-01-01 01:45:07.000|Заметка номер 371 测试 é|#
372|GROUP-1|124.00000000000000000000|2026-01-01 01:45:24.000|Заметка номер 372 测试 é|#
373|GROUP-2|124.33333333333333333330|2026-01-01 01:45:41.000|Заметка номер 373 测试 é|#
374|GROUP-3|124.66666666666666666660|2026-01-01 01:45:58.000|Заметка номер 374 测试 é|#
375|GROUP-4|125.00000000000000000000|2026-01-01 01:46:15.000|Заметка номер 375 测试 é|#
376|GROUP-5|125.33333333333333333330|2026-01-01 01:46:32.000|Заметка номер 376 测试 é|#
377|GROUP-6|125.66666666666666666660|2026-01-01 01:46:49.000|Заметка номер 377 测试 é|#
378|GROUP-0|126.00000000000000000000|2026-01-01 01:47:06.000|Заметка номер 378 测试 é|#
379|GROUP-1|126.33333333333333333330|2026-01-01 01:47:23.000|Заметка номер 379 测试 é|#
380|GROUP-2|126.66666666666666666660|2026-01-01 01:47:40.000|Заметка номер 380 测试 é|#
381|GROUP-3|127.00000000000000000000|2026-01-01 01:47:57.000|Заметка номер 381 测试 é|#
382|GROUP-4|127.33333333333333333330|2026-01-01 01:48:14.000|Заметка номер 382 测试 é|#
383|GROUP-5|127.66666666666666666660|2026-01-01 01:48:31.000|Заметка номер 383 测试 é|#
384|GROUP-6|128.00000000000000000000|2026-01-01 01:48:48.000|Заметка номер 384 测试 é|#
385|GROUP-0|128.33333333333333333330|2026-01-01 01:49:05.000|Заметка номер 385 测试 é|#
386|GROUP-1|128.66666666666666666660|2026-01-01 01:49:22.000|Заметка номер 386 测试 é|#
387|GROUP-2|129.00000000000000000000|2026-01-01 01:49:39.000|Заметка номер 387 测试 é|#
388|GROUP-3|129.33333333333333333330|2026-01-01 01:49:56.000|Заметка номер 388 测试 é|#
389|GROUP-4|129.66666666666666666660|2026-01-01 01:50:13.000|Заметка номер 389 测试 é|#
390|GROUP-5|130.00000000000000000000|2026-01-01 01:50:30.000|Заметка номер 390 测试 é|#
391|GROUP-6|130.33333333333333333330|2026-01-01 01:50:47.000|Заметка номер 391 测试 é|#
392|GROUP-0|130.66666666666666666660|2026-01-01 01:51:04.000|Заметка номер 392 测试 é|#
393|GROUP-1|131.00000000000000000000|2026-01-01 01:51:21.000|Заметка номер 393 测试 é|#
394|GROUP-2|131.33333333333333333330|2026-01-01 01:51:38.000|Заметка номер 394 测试 é|#
395|GROUP-3|131.66666666666666666660|2026-01-01 01:51:55.000|Заметка номер 395 测试 é|#
396|GROUP-4|132.00000000000000000000|2026-01-01 01:52:12.000|Заметка номер 396 测试 é|#
397|GROUP-5|132.33333333333333333330|2026-01-01 01:52:29.000|Заметка номер 397 测试 é|#
398|GROUP-6|132.66666666666666666660|2026-01-01 01:52:46.000|Заметка номер 398 测试 é|#
399|GROUP-0|133.00000000000000000000|2026-01-01 01:53:03.000|Заметка номер 399 测试 é|#
400|GROUP-1|133.33333333333333333330|2026-01-01 01:53:20.000|Заметка номер 400 测试 é|#
401|GROUP-2|133.66666666666666666660|2026-01-01 01:53:37.000|Заметка номер 401 测试 é|#
402|GROUP-3|134.00000000000000000000|2026-01-01 01:53:54.000|Заметка номер 402 测试 é|#
403|GROUP-4|134.33333333333333333330|2026-01-01 01:54:11.000|Заметка номер 403 测试 é|#
404|GROUP-5|134.66666666666666666660|2026-01-01 01:54:28.000|Заметка номер 404 测试 é|#
405|GROUP-6|135.00000000000000000000|2026-01-01 01:54:45.000|Заметка номер 405 测试 é|#
406|GROUP-0|135.33333333333333333330|2026-01-01 01:55:02.000|Заметка номер 406 测试 é|#
407|GROUP-1|135.66666666666666666660|2026-01-01 01:55:19.000|Заметка номер 407 测试 é|#
408|GROUP-2|136.00000000000000000000|2026-01-01 01:55:36.000|Заметка номер 408 测试 é|#
409|GROUP-3|136.33333333333333333330|2026-01-01 01:55:53.000|Заметка номер 409 测试 é|#
410|GROUP-4|136.66666666666666666660|2026-01-01 01:56:10.000|Заметка номер 410 测试 é|#
411|GROUP-5|137.00000000000000000000|2026-01-01 01:56:27.000|Заметка номер 411 测试 é|#
412|GROUP-6|137.33333333333333333330|2026-01-01 01:56:44.000|Заметка номер 412 测试 é|#
413|GROUP-0|137.66666666666666666660|2026-01-01 01:57:01.000|Заметка номер 413 测试 é|#
414|GROUP-1|138.00000000000000000000|2026-01-01 01:57:18.000|Заметка номер 414 测试 é|#
415|GROUP-2|138.33333333333333333330|2026-01-01 01:57:35.000|Заметка номер 415 测试 é|#
416|GROUP-3|138.66666666666666666660|2026-01-01 01:57:52.000|Заметка номер 416 测试 é|#
417|GROUP-4|139.00000000000000000000|2026-01-01 01:58:09.000|Заметка номер 417 测试 é|#
418|GROUP-5|139.33333333333333333330|2026-01-01 01:58:26.000|Заметка номер 418 测试 é|#
419|GROUP-6|139.66666666666666666660|2026-01-01 01:58:43.000|Заметка номер 419 测试 é|#
420|GROUP-0|140.00000000000000000000|2026-01-01 01:59:00.000|Заметка номер 420 测试 é|#
421|GROUP-1|140.33333333333333333330|2026-01-01 01:59:17.000|Заметка номер 421 测试 é|#
422|GROUP-2|140.66666666666666666660|2026-01-01 01:59:34.000|Заметка номер 422 测试 é|#
423|GROUP-3|141.00000000000000000000|2026-01-01 01:59:51.000|Заметка номер 423 测试 é|#
424|GROUP-4|141.33333333333333333330|2026-01-01 02:00:08.000|Заметка номер 424 测试 é|#
425|GROUP-5|141.66666666666666666660|2026-01-01 02:00:25.000|Заметка номер 425 测试 é|#
426|GROUP-6|142.00000000000000000000|2026-01-01 02:00:42.000|Заметка номер 426 测试 é|#
427|GROUP-0|142.33333333333333333330|2026-01-01 02:00:59.000|Заметка номер 427 测试 é|#
428|GROUP-1|142.66666666666666666660|2026-01-01 02:01:16.000|Заметка номер 428 测试 é|#
429|GROUP-2|143.00000000000000000000|2026-01-01 02:01:33.000|Заметка номер 429 测试 é|#
430|GROUP-3|143.33333333333333333330|2026-01-01 02:01:50.000|Заметка номер 430 测试 é|#
431|GROUP-4|143.66666666666666666660|2026-01-01 02:02:07.000|Заметка номер 431 测试 é|#
432|GROUP-5|144.00000000000000000000|2026-01-01 02:02:24.000|Заметка номер 432 测试 é|#
433|GROUP-6|144.33333333333333333330|2026-01-01 02:02:41.000|Заметка номер 433 测试 é|#
434|GROUP-0|144.66666666666666666660|2026-01-01 02:02:58.000|Заметка номер 434 测试 é|#
435|GROUP-1|145.00000000000000000000|2026-01-01 02:03:15.000|Заметка номер 435 测试 é|#
436|GROUP-2|145.33333333333333333330|2026-01-01 02:03:32.000|Заметка номер 436 测试 é|#
437|GROUP-3|145.66666666666666666660|2026-01-01 02:03:49.000|Заметка номер 437 测试 é|#
438|GROUP-4|146.00000000000000000000|2026-01-01 02:04:06.000|Заметка номер 438 测试 é|#
439|GROUP-5|146.33333333333333333330|2026-01-01 02:04:23.000|Заметка номер 439 测试 é|#
440|GROUP-6|146.66666666666666666660|2026-01-01 02:04:40.000|Заметка номер 440 测试 é|#
441|GROUP-0|147.00000000000000000000|2026-01-01 02:04:57.000|Заметка номер 441 测试 é|#
442|GROUP-1|147.33333333333333333330|2026-01-01 02:05:14.000|Заметка номер 442 测试 é|#
443|GROUP-2|147.66666666666666666660|2026-01-01 02:05:31.000|Заметка номер 443 测试 é|#
444|GROUP-3|148.00000000000000000000|2026-01-01 02:05:48.000|Заметка номер 444 测试 é|#
445|GROUP-4|148.33333333333333333330|2026-01-01 02:06:05.000|Заметка номер 445 测试 é|#
446|GROUP-5|148.66666666666666666660|2026-01-01 02:06:22.000|Заметка номер 446 测试 é|#
447|GROUP-6|149.00000000000000000000|2026-01-01 02:06:39.000|Заметка номер 447 测试 é|#
448|GROUP-0|149.33333333333333333330|2026-01-01 02:06:56.000|Заметка номер 448 测试 é|#
449|GROUP-1|149.66666666666666666660|2026-01-01 02:07:13.000|Заметка номер 449 测试 é|#
450|GROUP-2|150.00000000000000000000|2026-01-01 02:07:30.000|Заметка номер 450 测试 é|#
451|GROUP-3|150.33333333333333333330|2026-01-01 02:07:47.000|Заметка номер 451 测试 é|#
452|GROUP-4|150.66666666666666666660|2026-01-01 02:08:04.000|Заметка номер 452 测试 é|#
453|GROUP-5|151.00000000000000000000|2026-01-01 02:08:21.000|Заметка номер 453 测试 é|#
454|GROUP-6|151.33333333333333333330|2026-01-01 02:08:38.000|Заметка номер 454 测试 é|#
455|GROUP-0|151.66666666666666666660|2026-01-01 02:08:55.000|Заметка номер 455 测试 é|#
456|GROUP-1|152.00000000000000000000|2026-01-01 02:09:12.000|Заметка номер 456 测试 é|#
457|GROUP-2|152.33333333333333333330|2026-01-01 02:09:29.000|Заметка номер 457 测试 é|#
458|GROUP-3|152.66666666666666666660|2026-01-01 02:09:46.000|Заметка номер 458 测试 é|#
459|GROUP-4|153.00000000000000000000|2026-01-01 02:10:03.000|Заметка номер 459 测试 é|#
460|GROUP-5|153.33333333333333333330|2026-01-01 02:10:20.000|Заметка номер 460 测试 é|#
461|GROUP-6|153.66666666666666666660|2026-01-01 02:10:37.000|Заметка номер 461 测试 é|#
462|GROUP-0|154.00000000000000000000|2026-01-01 02:10:54.000|Заметка номер 462 测试 é|#
463|GROUP-1|154.33333333333333333330|2026-01-01 02:11:11.000|Заметка номер 463 测试 é|#
464|GROUP-2|154.66666666666666666660|2026-01-01 02:11:28.000|Заметка номер 464 测试 é|#
465|GROUP-3|155.00000000000000000000|2026-01-01 02:11:45.000|Заметка номер 465 测试 é|#
466|GROUP-4|155.33333333333333333330|2026-01-01 02:12:02.000|Заметка номер 466 测试 é|#
467|GROUP-5|155.66666666666666666660|2026-01-01 02:12:19.000|Заметка номер 467 测试 é|#
468|GROUP-6|156.00000000000000000000|2026-01-01 02:12:36.000|Заметка номер 468 测试 é|#
469|GROUP-0|156.33333333333333333330|2026-01-01 02:12:53.000|Заметка номер 469 测试 é|#
470|GROUP-1|156.66666666666666666660|2026-01-01 02:13:10.000|Заметка номер 470 测试 é|#
471|GROUP-2|157.00000000000000000000|2026-01-01 02:13:27.000|Заметка номер 471 测试 é|#
472|GROUP-3|157.33333333333333333330|2026-01-01 02:13:44.000|Заметка номер 472 测试 é|#
473|GROUP-4|157.66666666666666666660|2026-01-01 02:14:01.000|Заметка номер 473 测试 é|#
474|GROUP-5|158.00000000000000000000|2026-01-01 02:14:18.000|Заметка номер 474 测试 é|#
475|GROUP-6|158.33333333333333333330|2026-01-01 02:14:35.000|Заметка номер 475 测试 é|#
476|GROUP-0|158.66666666666666666660|2026-01-01 02:14:52.000|Заметка номер 476 测试 é|#
477|GROUP-1|159.00000000000000000000|2026-01-01 02:15:09.000|Заметка номер 477 测试 é|#
478|GROUP-2|159.33333333333333333330|2026-01-01 02:15:26.000|Заметка номер 478 测试 é|#
479|GROUP-3|159.66666666666666666660|2026-01-01 02:15:43.000|Заметка номер 479 测试 é|#
480|GROUP-4|160.00000000000000000000|2026-01-01 02:16:00.000|Заметка номер 480 测试 é|#
481|GROUP-5|160.33333333333333333330|2026-01-01 02:16:17.000|Заметка номер 481 测试 é|#
482|GROUP-6|160.66666666666666666660|2026-01-01 02:16:34.000|Заметка номер 482 测试 é|#
483|GROUP-0|161.00000000000000000000|2026-01-01 02:16:51.000|Заметка номер 483 测试 é|#
484|GROUP-1|161.33333333333333333330|2026-01-01 02:17:08.000|Заметка номер 484 测试 é|#
485|GROUP-2|161.66666666666666666660|2026-01-01 02:17:25.000|Заметка номер 485 测试 é|#
486|GROUP-3|162.00000000000000000000|2026-01-01 02:17:42.000|Заметка номер 486 测试 é|#
487|GROUP-4|162.33333333333333333330|2026-01-01 02:17:59.000|Заметка номер 487 测试 é|#
488|GROUP-5|162.66666666666666666660|2026-01-01 02:18:16.000|Заметка номер 488 测试 é|#
489|GROUP-6|163.00000000000000000000|2026-01-01 02:18:33.000|Заметка номер 489 测试 é|#
490|GROUP-0|163.33333333333333333330|2026-01-01 02:18:50.000|Заметка номер 490 测试 é|#
491|GROUP-1|163.66666666666666666660|2026-01-01 02:19:07.000|Заметка номер 491 测试 é|#
492|GROUP-2|164.00000000000000000000|2026-01-01 02:19:24.000|Заметка номер 492 测试 é|#
493|GROUP-3|164.33333333333333333330|2026-01-01 02:19:41.000|Заметка номер 493 测试 é|#
494|GROUP-4|164.66666666666666666660|2026-01-01 02:19:58.000|Заметка номер 494 测试 é|#
495|GROUP-5|165.00000000000000000000|2026-01-01 02:20:15.000|Заметка номер 495 测试 é|#
496|GROUP-6|165.33333333333333333330|2026-01-01 02:20:32.000|Заметка номер 496 测试 é|#
497|GROUP-0|165.66666666666666666660|2026-01-01 02:20:49.000|Заметка номер 497 测试 é|#
498|GROUP-1|166.00000000000000000000|2026-01-01 02:21:06.000|Заметка номер 498 测试 é|#
499|GROUP-2|166.33333333333333333330|2026-01-01 02:21:23.000|Заметка номер 499 测试 é|#
500|GROUP-3|166.66666666666666666660|2026-01-01 02:21:40.000|Заметка номер 500 测试 é|#
501|GROUP-4|167.00000000000000000000|2026-01-01 02:21:57.000|Заметка номер 501 测试 é|#
502|GROUP-5|167.33333333333333333330|2026-01-01 02:22:14.000|Заметка номер 502 测试 é|#
503|GROUP-6|167.66666666666666666660|2026-01-01 02:22:31.000|Заметка номер 503 测试 é|#
504|GROUP-0|168.00000000000000000000|2026-01-01 02:22:48.000|Заметка номер 504 测试 é|#
505|GROUP-1|168.33333333333333333330|2026-01-01 02:23:05.000|Заметка номер 505 测试 é|#
506|GROUP-2|168.66666666666666666660|2026-01-01 02:23:22.000|Заметка номер 506 测试 é|#
507|GROUP-3|169.00000000000000000000|2026-01-01 02:23:39.000|Заметка номер 507 测试 é|#
508|GROUP-4|169.33333333333333333330|2026-01-01 02:23:56.000|Заметка номер 508 测试 é|#
509|GROUP-5|169.66666666666666666660|2026-01-01 02:24:13.000|Заметка номер 509 测试 é|#
510|GROUP-6|170.00000000000000000000|2026-01-01 02:24:30.000|Заметка номер 510 测试 é|#
511|GROUP-0|170.33333333333333333330|2026-01-01 02:24:47.000|Заметка номер 511 测试 é|#
512|GROUP-1|170.66666666666666666660|2026-01-01 02:25:04.000|Заметка номер 512 测试 é|#
513|GROUP-2|171.00000000000000000000|2026-01-01 02:25:21.000|Заметка номер 513 测试 é|#
514|GROUP-3|171.33333333333333333330|2026-01-01 02:25:38.000|Заметка номер 514 测试 é|#
515|GROUP-4|171.66666666666666666660|2026-01-01 02:25:55.000|Заметка номер 515 测试 é|#
516|GROUP-5|172.00000000000000000000|2026-01-01 02:26:12.000|Заметка номер 516 测试 é|#
517|GROUP-6|172.33333333333333333330|2026-01-01 02:26:29.000|Заметка номер 517 测试 é|#
518|GROUP-0|172.66666666666666666660|2026-01-01 02:26:46.000|Заметка номер 518 测试 é|#
519|GROUP-1|173.00000000000000000000|2026-01-01 02:27:03.000|Заметка номер 519 测试 é|#
520|GROUP-2|173.33333333333333333330|2026-01-01 02:27:20.000|Заметка номер 520 测试 é|#
521|GROUP-3|173.66666666666666666660|2026-01-01 02:27:37.000|Заметка номер 521 测试 é|#
522|GROUP-4|174.00000000000000000000|2026-01-01 02:27:54.000|Заметка номер 522 测试 é|#
523|GROUP-5|174.33333333333333333330|2026-01-01 02:28:11.000|Заметка номер 523 测试 é|#
524|GROUP-6|174.66666666666666666660|2026-01-01 02:28:28.000|Заметка номер 524 测试 é|#
525|GROUP-0|175.00000000000000000000|2026-01-01 02:28:45.000|Заметка номер 525 测试 é|#
526|GROUP-1|175.33333333333333333330|2026-01-01 02:29:02.000|Заметка номер 526 测试 é|#
527|GROUP-2|175.66666666666666666660|2026-01-01 02:29:19.000|Заметка номер 527 测试 é|#
528|GROUP-3|176.00000000000000000000|2026-01-01 02:29:36.000|Заметка номер 528 测试 é|#
529|GROUP-4|176.33333333333333333330|2026-01-01 02:29:53.000|Заметка номер 529 测试 é|#
530|GROUP-5|176.66666666666666666660|2026-01-01 02:30:10.000|Заметка номер 530 测试 é|#
531|GROUP-6|177.00000000000000000000|2026-01-01 02:30:27.000|Заметка номер 531 测试 é|#
532|GROUP-0|177.33333333333333333330|2026-01-01 02:30:44.000|Заметка номер 532 测试 é|#
533|GROUP-1|177.66666666666666666660|2026-01-01 02:31:01.000|Заметка номер 533 测试 é|#
534|GROUP-2|178.00000000000000000000|2026-01-01 02:31:18.000|Заметка номер 534 测试 é|#
535|GROUP-3|178.33333333333333333330|2026-01-01 02:31:35.000|Заметка номер 535 测试 é|#
536|GROUP-4|178.66666666666666666660|2026-01-01 02:31:52.000|Заметка номер 536 测试 é|#
537|GROUP-5|179.00000000000000000000|2026-01-01 02:32:09.000|Заметка номер 537 测试 é|#
538|GROUP-6|179.33333333333333333330|2026-01-01 02:32:26.000|Заметка номер 538 测试 é|#
539|GROUP-0|179.66666666666666666660|2026-01-01 02:32:43.000|Заметка номер 539 测试 é|#
540|GROUP-1|180.00000000000000000000|2026-01-01 02:33:00.000|Заметка номер 540 测试 é|#
541|GROUP-2|180.33333333333333333330|2026-01-01 02:33:17.000|Заметка номер 541 测试 é|#
542|GROUP-3|180.66666666666666666660|2026-01-01 02:33:34.000|Заметка номер 542 测试 é|#
543|GROUP-4|181.00000000000000000000|2026-01-01 02:33:51.000|Заметка номер 543 测试 é|#
544|GROUP-5|181.33333333333333333330|2026-01-01 02:34:08.000|Заметка номер 544 测试 é|#
545|GROUP-6|181.66666666666666666660|2026-01-01 02:34:25.000|Заметка номер 545 测试 é|#
546|GROUP-0|182.00000000000000000000|2026-01-01 02:34:42.000|Заметка номер 546 测试 é|#
547|GROUP-1|182.33333333333333333330|2026-01-01 02:34:59.000|Заметка номер 547 测试 é|#
548|GROUP-2|182.66666666666666666660|2026-01-01 02:35:16.000|Заметка номер 548 测试 é|#
549|GROUP-3|183.00000000000000000000|2026-01-01 02:35:33.000|Заметка номер 549 测试 é|#
550|GROUP-4|183.33333333333333333330|2026-01-01 02:35:50.000|Заметка номер 550 测试 é|#
551|GROUP-5|183.66666666666666666660|2026-01-01 02:36:07.000|Заметка номер 551 测试 é|#
552|GROUP-6|184.00000000000000000000|2026-01-01 02:36:24.000|Заметка номер 552 测试 é|#
553|GROUP-0|184.33333333333333333330|2026-01-01 02:36:41.000|Заметка номер 553 测试 é|#
554|GROUP-1|184.66666666666666666660|2026-01-01 02:36:58.000|Заметка номер 554 测试 é|#
555|GROUP-2|185.00000000000000000000|2026-01-01 02:37:15.000|Заметка номер 555 测试 é|#
556|GROUP-3|185.33333333333333333330|2026-01-01 02:37:32.000|Заметка номер 556 测试 é|#
557|GROUP-4|185.66666666666666666660|2026-01-01 02:37:49.000|Заметка номер 557 测试 é|#
558|GROUP-5|186.00000000000000000000|2026-01-01 02:38:06.000|Заметка номер 558 测试 é|#
559|GROUP-6|186.33333333333333333330|2026-01-01 02:38:23.000|Заметка номер 559 测试 é|#
560|GROUP-0|186.66666666666666666660|2026-01-01 02:38:40.000|Заметка номер 560 测试 é|#
561|GROUP-1|187.00000000000000000000|2026-01-01 02:38:57.000|Заметка номер 561 测试 é|#
562|GROUP-2|187.33333333333333333330|2026-01-01 02:39:14.000|Заметка номер 562 测试 é|#
563|GROUP-3|187.66666666666666666660|2026-01-01 02:39:31.000|Заметка номер 563 测试 é|#
564|GROUP-4|188.00000000000000000000|2026-01-01 02:39:48.000|Заметка номер 564 测试 é|#
565|GROUP-5|188.33333333333333333330|2026-01-01 02:40:05.000|Заметка номер 565 测试 é|#
566|GROUP-6|188.66666666666666666660|2026-01-01 02:40:22.000|Заметка номер 566 测试 é|#
567|GROUP-0|189.00000000000000000000|2026-01-01 02:40:39.000|Заметка номер 567 测试 é|#
568|GROUP-1|189.33333333333333333330|2026-01-01 02:40:56.000|Заметка номер 568 测试 é|#
569|GROUP-2|189.66666666666666666660|2026-01-01 02:41:13.000|Заметка номер 569 测试 é|#
570|GROUP-3|190.00000000000000000000|2026-01-01 02:41:30.000|Заметка номер 570 测试 é|#
571|GROUP-4|190.33333333333333333330|2026-01-01 02:41:47.000|Заметка номер 571 测试 é|#
572|GROUP-5|190.66666666666666666660|2026-01-01 02:42:04.000|Заметка номер 572 测试 é|#
573|GROUP-6|191.00000000000000000000|2026-01-01 02:42:21.000|Заметка номер 573 测试 é|#
574|GROUP-0|191.33333333333333333330|2026-01-01 02:42:38.000|Заметка номер 574 测试 é|#
575|GROUP-1|191.66666666666666666660|2026-01-01 02:42:55.000|Заметка номер 575 测试 é|#
576|GROUP-2|192.00000000000000000000|2026-01-01 02:43:12.000|Заметка номер 576 测试 é|#
577|GROUP-3|192.33333333333333333330|2026-01-01 02:43:29.000|Заметка номер 577 测试 é|#
578|GROUP-4|192.66666666666666666660|2026-01-01 02:43:46.000|Заметка номер 578 测试 é|#
579|GROUP-5|193.00000000000000000000|2026-01-01 02:44:03.000|Заметка номер 579 测试 é|#
580|GROUP-6|193.33333333333333333330|2026-01-01 02:44:20.000|Заметка номер 580 测试 é|#
581|GROUP-0|193.66666666666666666660|2026-01-01 02:44:37.000|Заметка номер 581 测试 é|#
582|GROUP-1|194.00000000000000000000|2026-01-01 02:44:54.000|Заметка номер 582 测试 é|#
583|GROUP-2|194.33333333333333333330|2026-01-01 02:45:11.000|Заметка номер 583 测试 é|#
584|GROUP-3|194.66666666666666666660|2026-01-01 02:45:28.000|Заметка номер 584 测试 é|#
585|GROUP-4|195.00000000000000000000|2026-01-01 02:45:45.000|Заметка номер 585 测试 é|#
586|GROUP-5|195.33333333333333333330|2026-01-01 02:46:02.000|Заметка номер 586 测试 é|#
587|GROUP-6|195.66666666666666666660|2026-01-01 02:46:19.000|Заметка номер 587 测试 é|#
588|GROUP-0|196.00000000000000000000|2026-01-01 02:46:36.000|Заметка номер 588 测试 é|#
589|GROUP-1|196.33333333333333333330|2026-01-01 02:46:53.000|Заметка номер 589 测试 é|#
590|GROUP-2|196.66666666666666666660|2026-01-01 02:47:10.000|Заметка номер 590 测试 é|#
591|GROUP-3|197.00000000000000000000|2026-01-01 02:47:27.000|Заметка номер 591 测试 é|#
592|GROUP-4|197.33333333333333333330|2026-01-01 02:47:44.000|Заметка номер 592 测试 é|#
593|GROUP-5|197.66666666666666666660|2026-01-01 02:48:01.000|Заметка номер 593 测试 é|#
594|GROUP-6|198.00000000000000000000|2026-01-01 02:48:18.000|Заметка номер 594 测试 é|#
595|GROUP-0|198.33333333333333333330|2026-01-01 02:48:35.000|Заметка номер 595 测试 é|#
596|GROUP-1|198.66666666666666666660|2026-01-01 02:48:52.000|Заметка номер 596 测试 é|#
597|GROUP-2|199.00000000000000000000|2026-01-01 02:49:09.000|Заметка номер 597 测试 é|#
598|GROUP-3|199.33333333333333333330|2026-01-01 02:49:26.000|Заметка номер 598 测试 é|#
599|GROUP-4|199.66666666666666666660|2026-01-01 02:49:43.000|Заметка номер 599 测试 é|#
600|GROUP-5|200.00000000000000000000|2026-01-01 02:50:00.000|Заметка номер 600 测试 é|#
601|GROUP-6|200.33333333333333333330|2026-01-01 02:50:17.000|Заметка номер 601 测试 é|#
602|GROUP-0|200.66666666666666666660|2026-01-01 02:50:34.000|Заметка номер 602 测试 é|#
603|GROUP-1|201.00000000000000000000|2026-01-01 02:50:51.000|Заметка номер 603 测试 é|#
604|GROUP-2|201.33333333333333333330|2026-01-01 02:51:08.000|Заметка номер 604 测试 é|#
605|GROUP-3|201.66666666666666666660|2026-01-01 02:51:25.000|Заметка номер 605 测试 é|#
606|GROUP-4|202.00000000000000000000|2026-01-01 02:51:42.000|Заметка номер 606 测试 é|#
607|GROUP-5|202.33333333333333333330|2026-01-01 02:51:59.000|Заметка номер 607 测试 é|#
608|GROUP-6|202.66666666666666666660|2026-01-01 02:52:16.000|Заметка номер 608 测试 é|#
609|GROUP-0|203.00000000000000000000|2026-01-01 02:52:33.000|Заметка номер 609 测试 é|#
610|GROUP-1|203.33333333333333333330|2026-01-01 02:52:50.000|Заметка номер 610 测试 é|#
611|GROUP-2|203.66666666666666666660|2026-01-01 02:53:07.000|Заметка номер 611 测试 é|#
612|GROUP-3|204.00000000000000000000|2026-01-01 02:53:24.000|Заметка номер 612 测试 é|#
613|GROUP-4|204.33333333333333333330|2026-01-01 02:53:41.000|Заметка номер 613 测试 é|#
614|GROUP-5|204.66666666666666666660|2026-01-01 02:53:58.000|Заметка номер 614 测试 é|#
615|GROUP-6|205.00000000000000000000|2026-01-01 02:54:15.000|Заметка номер 615 测试 é|#
616|GROUP-0|205.33333333333333333330|2026-01-01 02:54:32.000|Заметка номер 616 测试 é|#
617|GROUP-1|205.66666666666666666660|2026-01-01 02:54:49.000|Заметка номер 617 测试 é|#
618|GROUP-2|206.00000000000000000000|2026-01-01 02:55:06.000|Заметка номер 618 测试 é|#
619|GROUP-3|206.33333333333333333330|2026-01-01 02:55:23.000|Заметка номер 619 测试 é|#
620|GROUP-4|206.66666666666666666660|2026-01-01 02:55:40.000|Заметка номер 620 测试 é|#
621|GROUP-5|207.00000000000000000000|2026-01-01 02:55:57.000|Заметка номер 621 测试 é|#
622|GROUP-6|207.33333333333333333330|2026-01-01 02:56:14.000|Заметка номер 622 测试 é|#
623|GROUP-0|207.66666666666666666660|2026-01-01 02:56:31.000|Заметка номер 623 测试 é|#
624|GROUP-1|208.00000000000000000000|2026-01-01 02:56:48.000|Заметка номер 624 测试 é|#
625|GROUP-2|208.33333333333333333330|2026-01-01 02:57:05.000|Заметка номер 625 测试 é|#
626|GROUP-3|208.66666666666666666660|2026-01-01 02:57:22.000|Заметка номер 626 测试 é|#
627|GROUP-4|209.00000000000000000000|2026-01-01 02:57:39.000|Заметка номер 627 测试 é|#
628|GROUP-5|209.33333333333333333330|2026-01-01 02:57:56.000|Заметка номер 628 测试 é|#
629|GROUP-6|209.66666666666666666660|2026-01-01 02:58:13.000|Заметка номер 629 测试 é|#
630|GROUP-0|210.00000000000000000000|2026-01-01 02:58:30.000|Заметка номер 630 测试 é|#
631|GROUP-1|210.33333333333333333330|2026-01-01 02:58:47.000|Заметка номер 631 测试 é|#
632|GROUP-2|210.66666666666666666660|2026-01-01 02:59:04.000|Заметка номер 632 测试 é|#
633|GROUP-3|211.00000000000000000000|2026-01-01 02:59:21.000|Заметка номер 633 测试 é|#
634|GROUP-4|211.33333333333333333330|2026-01-01 02:59:38.000|Заметка номер 634 测试 é|#
635|GROUP-5|211.66666666666666666660|2026-01-01 02:59:55.000|Заметка номер 635 测试 é|#
636|GROUP-6|212.00000000000000000000|2026-01-01 03:00:12.000|Заметка номер 636 测试 é|#
637|GROUP-0|212.33333333333333333330|2026-01-01 03:00:29.000|Заметка номер 637 测试 é|#
638|GROUP-1|212.66666666666666666660|2026-01-01 03:00:46.000|Заметка номер 638 测试 é|#
639|GROUP-2|213.00000000000000000000|2026-01-01 03:01:03.000|Заметка номер 639 测试 é|#
640|GROUP-3|213.33333333333333333330|2026-01-01 03:01:20.000|Заметка номер 640 测试 é|#
641|GROUP-4|213.66666666666666666660|2026-01-01 03:01:37.000|Заметка номер 641 测试 é|#
642|GROUP-5|214.00000000000000000000|2026-01-01 03:01:54.000|Заметка номер 642 测试 é|#
643|GROUP-6|214.33333333333333333330|2026-01-01 03:02:11.000|Заметка номер 643 测试 é|#
644|GROUP-0|214.66666666666666666660|2026-01-01 03:02:28.000|Заметка номер 644 测试 é|#
645|GROUP-1|215.00000000000000000000|2026-01-01 03:02:45.000|Заметка номер 645 测试 é|#
646|GROUP-2|215.33333333333333333330|2026-01-01 03:03:02.000|Заметка номер 646 测试 é|#
647|GROUP-3|215.66666666666666666660|2026-01-01 03:03:19.000|Заметка номер 647 测试 é|#
648|GROUP-4|216.00000000000000000000|2026-01-01 03:03:36.000|Заметка номер 648 测试 é|#
649|GROUP-5|216.33333333333333333330|2026-01-01 03:03:53.000|Заметка номер 649 测试 é|#
650|GROUP-6|216.66666666666666666660|2026-01-01 03:04:10.000|Заметка номер 650 测试 é|#
651|GROUP-0|217.00000000000000000000|2026-01-01 03:04:27.000|Заметка номер 651 测试 é|#
652|GROUP-1|217.33333333333333333330|2026-01-01 03:04:44.000|Заметка номер 652 测试 é|#
653|GROUP-2|217.66666666666666666660|2026-01-01 03:05:01.000|Заметка номер 653 测试 é|#
654|GROUP-3|218.00000000000000000000|2026-01-01 03:05:18.000|Заметка номер 654 测试 é|#
655|GROUP-4|218.33333333333333333330|2026-01-01 03:05:35.000|Заметка номер 655 测试 é|#
656|GROUP-5|218.66666666666666666660|2026-01-01 03:05:52.000|Заметка номер 656 测试 é|#
657|GROUP-6|219.00000000000000000000|2026-01-01 03:06:09.000|Заметка номер 657 测试 é|#
658|GROUP-0|219.33333333333333333330|2026-01-01 03:06:26.000|Заметка номер 658 测试 é|#
659|GROUP-1|219.66666666666666666660|2026-01-01 03:06:43.000|Заметка номер 659 测试 é|#
660|GROUP-2|220.00000000000000000000|2026-01-01 03:07:00.000|Заметка номер 660 测试 é|#
661|GROUP-3|220.33333333333333333330|2026-01-01 03:07:17.000|Заметка номер 661 测试 é|#
662|GROUP-4|220.66666666666666666660|2026-01-01 03:07:34.000|Заметка номер 662 测试 é|#
663|GROUP-5|221.00000000000000000000|2026-01-01 03:07:51.000|Заметка номер 663 测试 é|#
664|GROUP-6|221.33333333333333333330|2026-01-01 03:08:08.000|Заметка номер 664 测试 é|#
665|GROUP-0|221.66666666666666666660|2026-01-01 03:08:25.000|Заметка номер 665 测试 é|#
666|GROUP-1|222.00000000000000000000|2026-01-01 03:08:42.000|Заметка номер 666 测试 é|#
667|GROUP-2|222.33333333333333333330|2026-01-01 03:08:59.000|Заметка номер 667 测试 é|#
668|GROUP-3|222.66666666666666666660|2026-01-01 03:09:16.000|Заметка номер 668 测试 é|#
669|GROUP-4|223.00000000000000000000|2026-01-01 03:09:33.000|Заметка номер 669 测试 é|#
670|GROUP-5|223.33333333333333333330|2026-01-01 03:09:50.000|Заметка номер 670 测试 é|#
671|GROUP-6|223.66666666666666666660|2026-01-01 03:10:07.000|Заметка номер 671 测试 é|#
672|GROUP-0|224.00000000000000000000|2026-01-01 03:10:24.000|Заметка номер 672 测试 é|#
673|GROUP-1|224.33333333333333333330|2026-01-01 03:10:41.000|Заметка номер 673 测试 é|#
674|GROUP-2|224.66666666666666666660|2026-01-01 03:10:58.000|Заметка номер 674 测试 é|#
675|GROUP-3|225.00000000000000000000|2026-01-01 03:11:15.000|Заметка номер 675 测试 é|#
676|GROUP-4|225.33333333333333333330|2026-01-01 03:11:32.000|Заметка номер 676 测试 é|#
677|GROUP-5|225.66666666666666666660|2026-01-01 03:11:49.000|Заметка номер 677 测试 é|#
678|GROUP-6|226.00000000000000000000|2026-01-01 03:12:06.000|Заметка номер 678 测试 é|#
679|GROUP-0|226.33333333333333333330|2026-01-01 03:12:23.000|Заметка номер 679 测试 é|#
680|GROUP-1|226.66666666666666666660|2026-01-01 03:12:40.000|Заметка номер 680 测试 é|#
681|GROUP-2|227.00000000000000000000|2026-01-01 03:12:57.000|Заметка номер 681 测试 é|#
682|GROUP-3|227.33333333333333333330|2026-01-01 03:13:14.000|Заметка номер 682 测试 é|#
683|GROUP-4|227.66666666666666666660|2026-01-01 03:13:31.000|Заметка номер 683 测试 é|#
684|GROUP-5|228.00000000000000000000|2026-01-01 03:13:48.000|Заметка номер 684 测试 é|#
685|GROUP-6|228.33333333333333333330|2026-01-01 03:14:05.000|Заметка номер 685 测试 é|#
686|GROUP-0|228.66666666666666666660|2026-01-01 03:14:22.000|Заметка номер 686 测试 é|#
687|GROUP-1|229.00000000000000000000|2026-01-01 03:14:39.000|Заметка номер 687 测试 é|#
688|GROUP-2|229.33333333333333333330|2026-01-01 03:14:56.000|Заметка номер 688 测试 é|#
689|GROUP-3|229.66666666666666666660|2026-01-01 03:15:13.000|Заметка номер 689 测试 é|#
690|GROUP-4|230.00000000000000000000|2026-01-01 03:15:30.000|Заметка номер 690 测试 é|#
691|GROUP-5|230.33333333333333333330|2026-01-01 03:15:47.000|Заметка номер 691 测试 é|#
692|GROUP-6|230.66666666666666666660|2026-01-01 03:16:04.000|Заметка номер 692 测试 é|#
693|GROUP-0|231.00000000000000000000|2026-01-01 03:16:21.000|Заметка номер 693 测试 é|#
694|GROUP-1|231.33333333333333333330|2026-01-01 03:16:38.000|Заметка номер 694 测试 é|#
695|GROUP-2|231.66666666666666666660|2026-01-01 03:16:55.000|Заметка номер 695 测试 é|#
696|GROUP-3|232.00000000000000000000|2026-01-01 03:17:12.000|Заметка номер 696 测试 é|#
697|GROUP-4|232.33333333333333333330|2026-01-01 03:17:29.000|Заметка номер 697 测试 é|#
698|GROUP-5|232.66666666666666666660|2026-01-01 03:17:46.000|Заметка номер 698 测试 é|#
699|GROUP-6|233.00000000000000000000|2026-01-01 03:18:03.000|Заметка номер 699 测试 é|#
700|GROUP-0|233.33333333333333333330|2026-01-01 03:18:20.000|Заметка номер 700 测试 é|#
701|GROUP-1|233.66666666666666666660|2026-01-01 03:18:37.000|Заметка номер 701 测试 é|#
702|GROUP-2|234.00000000000000000000|2026-01-01 03:18:54.000|Заметка номер 702 测试 é|#
703|GROUP-3|234.33333333333333333330|2026-01-01 03:19:11.000|Заметка номер 703 测试 é|#
704|GROUP-4|234.66666666666666666660|2026-01-01 03:19:28.000|Заметка номер 704 测试 é|#
705|GROUP-5|235.00000000000000000000|2026-01-01 03:19:45.000|Заметка номер 705 测试 é|#
706|GROUP-6|235.33333333333333333330|2026-01-01 03:20:02.000|Заметка номер 706 测试 é|#
707|GROUP-0|235.66666666666666666660|2026-01-01 03:20:19.000|Заметка номер 707 测试 é|#
708|GROUP-1|236.00000000000000000000|2026-01-01 03:20:36.000|Заметка номер 708 测试 é|#
709|GROUP-2|236.33333333333333333330|2026-01-01 03:20:53.000|Заметка номер 709 测试 é|#
710|GROUP-3|236.66666666666666666660|2026-01-01 03:21:10.000|Заметка номер 710 测试 é|#
711|GROUP-4|237.00000000000000000000|2026-01-01 03:21:27.000|Заметка номер 711 测试 é|#
712|GROUP-5|237.33333333333333333330|2026-01-01 03:21:44.000|Заметка номер 712 测试 é|#
713|GROUP-6|237.66666666666666666660|2026-01-01 03:22:01.000|Заметка номер 713 测试 é|#
714|GROUP-0|238.00000000000000000000|2026-01-01 03:22:18.000|Заметка номер 714 测试 é|#
715|GROUP-1|238.33333333333333333330|2026-01-01 03:22:35.000|Заметка номер 715 测试 é|#
716|GROUP-2|238.66666666666666666660|2026-01-01 03:22:52.000|Заметка номер 716 测试 é|#
717|GROUP-3|239.00000000000000000000|2026-01-01 03:23:09.000|Заметка номер 717 测试 é|#
718|GROUP-4|239.33333333333333333330|2026-01-01 03:23:26.000|Заметка номер 718 测试 é|#
719|GROUP-5|239.66666666666666666660|2026-01-01 03:23:43.000|Заметка номер 719 测试 é|#
720|GROUP-6|240.00000000000000000000|2026-01-01 03:24:00.000|Заметка номер 720 测试 é|#
721|GROUP-0|240.33333333333333333330|2026-01-01 03:24:17.000|Заметка номер 721 测试 é|#
722|GROUP-1|240.66666666666666666660|2026-01-01 03:24:34.000|Заметка номер 722 测试 é|#
723|GROUP-2|241.00000000000000000000|2026-01-01 03:24:51.000|Заметка номер 723 测试 é|#
724|GROUP-3|241.33333333333333333330|2026-01-01 03:25:08.000|Заметка номер 724 测试 é|#
725|GROUP-4|241.66666666666666666660|2026-01-01 03:25:25.000|Заметка номер 725 测试 é|#
726|GROUP-5|242.00000000000000000000|2026-01-01 03:25:42.000|Заметка номер 726 测试 é|#
727|GROUP-6|242.33333333333333333330|2026-01-01 03:25:59.000|Заметка номер 727 测试 é|#
728|GROUP-0|242.66666666666666666660|2026-01-01 03:26:16.000|Заметка номер 728 测试 é|#
729|GROUP-1|243.00000000000000000000|2026-01-01 03:26:33.000|Заметка номер 729 测试 é|#
730|GROUP-2|243.33333333333333333330|2026-01-01 03:26:50.000|Заметка номер 730 测试 é|#
731|GROUP-3|243.66666666666666666660|2026-01-01 03:27:07.000|Заметка номер 731 测试 é|#
732|GROUP-4|244.00000000000000000000|2026-01-01 03:27:24.000|Заметка номер 732 测试 é|#
733|GROUP-5|244.33333333333333333330|2026-01-01 03:27:41.000|Заметка номер 733 测试 é|#
734|GROUP-6|244.66666666666666666660|2026-01-01 03:27:58.000|Заметка номер 734 测试 é|#
735|GROUP-0|245.00000000000000000000|2026-01-01 03:28:15.000|Заметка номер 735 测试 é|#
736|GROUP-1|245.33333333333333333330|2026-01-01 03:28:32.000|Заметка номер 736 测试 é|#
737|GROUP-2|245.66666666666666666660|2026-01-01 03:28:49.000|Заметка номер 737 测试 é|#
738|GROUP-3|246.00000000000000000000|2026-01-01 03:29:06.000|Заметка номер 738 测试 é|#
739|GROUP-4|246.33333333333333333330|2026-01-01 03:29:23.000|Заметка номер 739 测试 é|#
740|GROUP-5|246.66666666666666666660|2026-01-01 03:29:40.000|Заметка номер 740 测试 é|#
741|GROUP-6|247.00000000000000000000|2026-01-01 03:29:57.000|Заметка номер 741 测试 é|#
742|GROUP-0|247.33333333333333333330|2026-01-01 03:30:14.000|Заметка номер 742 测试 é|#
743|GROUP-1|247.66666666666666666660|2026-01-01 03:30:31.000|Заметка номер 743 测试 é|#
744|GROUP-2|248.00000000000000000000|2026-01-01 03:30:48.000|Заметка номер 744 测试 é|#
745|GROUP-3|248.33333333333333333330|2026-01-01 03:31:05.000|Заметка номер 745 测试 é|#
746|GROUP-4|248.66666666666666666660|2026-01-01 03:31:22.000|Заметка номер 746 测试 é|#
747|GROUP-5|249.00000000000000000000|2026-01-01 03:31:39.000|Заметка номер 747 测试 é|#
748|GROUP-6|249.33333333333333333330|2026-01-01 03:31:56.000|Заметка номер 748 测试 é|#
749|GROUP-0|249.66666666666666666660|2026-01-01 03:32:13.000|Заметка номер 749 测试 é|#
750|GROUP-1|250.00000000000000000000|2026-01-01 03:32:30.000|Заметка номер 750 测试 é|#
751|GROUP-2|250.33333333333333333330|2026-01-01 03:32:47.000|Заметка номер 751 测试 é|#
752|GROUP-3|250.66666666666666666660|2026-01-01 03:33:04.000|Заметка номер 752 测试 é|#
753|GROUP-4|251.00000000000000000000|2026-01-01 03:33:21.000|Заметка номер 753 测试 é|#
754|GROUP-5|251.33333333333333333330|2026-01-01 03:33:38.000|Заметка номер 754 测试 é|#
755|GROUP-6|251.66666666666666666660|2026-01-01 03:33:55.000|Заметка номер 755 测试 é|#
756|GROUP-0|252.00000000000000000000|2026-01-01 03:34:12.000|Заметка номер 756 测试 é|#
757|GROUP-1|252.33333333333333333330|2026-01-01 03:34:29.000|Заметка номер 757 测试 é|#
758|GROUP-2|252.66666666666666666660|2026-01-01 03:34:46.000|Заметка номер 758 测试 é|#
759|GROUP-3|253.00000000000000000000|2026-01-01 03:35:03.000|Заметка номер 759 测试 é|#
760|GROUP-4|253.33333333333333333330|2026-01-01 03:35:20.000|Заметка номер 760 测试 é|#
761|GROUP-5|253.66666666666666666660|2026-01-01 03:35:37.000|Заметка номер 761 测试 é|#
762|GROUP-6|254.00000000000000000000|2026-01-01 03:35:54.000|Заметка номер 762 测试 é|#
763|GROUP-0|254.33333333333333333330|2026-01-01 03:36:11.000|Заметка номер 763 测试 é|#
764|GROUP-1|254.66666666666666666660|2026-01-01 03:36:28.000|Заметка номер 764 测试 é|#
765|GROUP-2|255.00000000000000000000|2026-01-01 03:36:45.000|Заметка номер 765 测试 é|#
766|GROUP-3|255.33333333333333333330|2026-01-01 03:37:02.000|Заметка номер 766 测试 é|#
767|GROUP-4|255.66666666666666666660|2026-01-01 03:37:19.000|Заметка номер 767 测试 é|#
768|GROUP-5|256.00000000000000000000|2026-01-01 03:37:36.000|Заметка номер 768 测试 é|#
769|GROUP-6|256.33333333333333333330|2026-01-01 03:37:53.000|Заметка номер 769 测试 é|#
770|GROUP-0|256.66666666666666666660|2026-01-01 03:38:10.000|Заметка номер 770 测试 é|#
771|GROUP-1|257.00000000000000000000|2026-01-01 03:38:27.000|Заметка номер 771 测试 é|#
772|GROUP-2|257.33333333333333333330|2026-01-01 03:38:44.000|Заметка номер 772 测试 é|#
773|GROUP-3|257.66666666666666666660|2026-01-01 03:39:01.000|Заметка номер 773 测试 é|#
774|GROUP-4|258.00000000000000000000|2026-01-01 03:39:18.000|Заметка номер 774 测试 é|#
775|GROUP-5|258.33333333333333333330|2026-01-01 03:39:35.000|Заметка номер 775 测试 é|#
776|GROUP-6|258.66666666666666666660|2026-01-01 03:39:52.000|Заметка номер 776 测试 é|#
777|GROUP-0|259.00000000000000000000|2026-01-01 03:40:09.000|Заметка номер 777 测试 é|#
778|GROUP-1|259.33333333333333333330|2026-01-01 03:40:26.000|Заметка номер 778 测试 é|#
779|GROUP-2|259.66666666666666666660|2026-01-01 03:40:43.000|Заметка номер 779 测试 é|#
780|GROUP-3|260.00000000000000000000|2026-01-01 03:41:00.000|Заметка номер 780 测试 é|#
781|GROUP-4|260.33333333333333333330|2026-01-01 03:41:17.000|Заметка номер 781 测试 é|#
782|GROUP-5|260.66666666666666666660|2026-01-01 03:41:34.000|Заметка номер 782 测试 é|#
783|GROUP-6|261.00000000000000000000|2026-01-01 03:41:51.000|Заметка номер 783 测试 é|#
784|GROUP-0|261.33333333333333333330|2026-01-01 03:42:08.000|Заметка номер 784 测试 é|#
785|GROUP-1|261.66666666666666666660|2026-01-01 03:42:25.000|Заметка номер 785 测试 é|#
786|GROUP-2|262.00000000000000000000|2026-01-01 03:42:42.000|Заметка номер 786 测试 é|#
787|GROUP-3|262.33333333333333333330|2026-01-01 03:42:59.000|Заметка номер 787 测试 é|#
788|GROUP-4|262.66666666666666666660|2026-01-01 03:43:16.000|Заметка номер 788 测试 é|#
789|GROUP-5|263.00000000000000000000|2026-01-01 03:43:33.000|Заметка номер 789 测试 é|#
790|GROUP-6|263.33333333333333333330|2026-01-01 03:43:50.000|Заметка номер 790 测试 é|#
791|GROUP-0|263.66666666666666666660|2026-01-01 03:44:07.000|Заметка номер 791 测试 é|#
792|GROUP-1|264.00000000000000000000|2026-01-01 03:44:24.000|Заметка номер 792 测试 é|#
793|GROUP-2|264.33333333333333333330|2026-01-01 03:44:41.000|Заметка номер 793 测试 é|#
794|GROUP-3|264.66666666666666666660|2026-01-01 03:44:58.000|Заметка номер 794 测试 é|#
795|GROUP-4|265.00000000000000000000|2026-01-01 03:45:15.000|Заметка номер 795 测试 é|#
796|GROUP-5|265.33333333333333333330|2026-01-01 03:45:32.000|Заметка номер 796 测试 é|#
797|GROUP-6|265.66666666666666666660|2026-01-01 03:45:49.000|Заметка номер 797 测试 é|#
798|GROUP-0|266.00000000000000000000|2026-01-01 03:46:06.000|Заметка номер 798 测试 é|#
799|GROUP-1|266.33333333333333333330|2026-01-01 03:46:23.000|Заметка номер 799 测试 é|#
800|GROUP-2|266.66666666666666666660|2026-01-01 03:46:40.000|Заметка номер 800 测试 é|#
801|GROUP-3|267.00000000000000000000|2026-01-01 03:46:57.000|Заметка номер 801 测试 é|#
802|GROUP-4|267.33333333333333333330|2026-01-01 03:47:14.000|Заметка номер 802 测试 é|#
803|GROUP-5|267.66666666666666666660|2026-01-01 03:47:31.000|Заметка номер 803 测试 é|#
804|GROUP-6|268.00000000000000000000|2026-01-01 03:47:48.000|Заметка номер 804 测试 é|#
805|GROUP-0|268.33333333333333333330|2026-01-01 03:48:05.000|Заметка номер 805 测试 é|#
806|GROUP-1|268.66666666666666666660|2026-01-01 03:48:22.000|Заметка номер 806 测试 é|#
807|GROUP-2|269.00000000000000000000|2026-01-01 03:48:39.000|Заметка номер 807 测试 é|#
808|GROUP-3|269.33333333333333333330|2026-01-01 03:48:56.000|Заметка номер 808 测试 é|#
809|GROUP-4|269.66666666666666666660|2026-01-01 03:49:13.000|Заметка номер 809 测试 é|#
810|GROUP-5|270.00000000000000000000|2026-01-01 03:49:30.000|Заметка номер 810 测试 é|#
811|GROUP-6|270.33333333333333333330|2026-01-01 03:49:47.000|Заметка номер 811 测试 é|#
812|GROUP-0|270.66666666666666666660|2026-01-01 03:50:04.000|Заметка номер 812 测试 é|#
813|GROUP-1|271.00000000000000000000|2026-01-01 03:50:21.000|Заметка номер 813 测试 é|#
814|GROUP-2|271.33333333333333333330|2026-01-01 03:50:38.000|Заметка номер 814 测试 é|#
815|GROUP-3|271.66666666666666666660|2026-01-01 03:50:55.000|Заметка номер 815 测试 é|#
816|GROUP-4|272.00000000000000000000|2026-01-01 03:51:12.000|Заметка номер 816 测试 é|#
817|GROUP-5|272.33333333333333333330|2026-01-01 03:51:29.000|Заметка номер 817 测试 é|#
818|GROUP-6|272.66666666666666666660|2026-01-01 03:51:46.000|Заметка номер 818 测试 é|#
819|GROUP-0|273.00000000000000000000|2026-01-01 03:52:03.000|Заметка номер 819 测试 é|#
820|GROUP-1|273.33333333333333333330|2026-01-01 03:52:20.000|Заметка номер 820 测试 é|#
821|GROUP-2|273.66666666666666666660|2026-01-01 03:52:37.000|Заметка номер 821 测试 é|#
822|GROUP-3|274.00000000000000000000|2026-01-01 03:52:54.000|Заметка номер 822 测试 é|#
823|GROUP-4|274.33333333333333333330|2026-01-01 03:53:11.000|Заметка номер 823 测试 é|#
824|GROUP-5|274.66666666666666666660|2026-01-01 03:53:28.000|Заметка номер 824 测试 é|#
825|GROUP-6|275.00000000000000000000|2026-01-01 03:53:45.000|Заметка номер 825 测试 é|#
826|GROUP-0|275.33333333333333333330|2026-01-01 03:54:02.000|Заметка номер 826 测试 é|#
827|GROUP-1|275.66666666666666666660|2026-01-01 03:54:19.000|Заметка номер 827 测试 é|#
828|GROUP-2|276.00000000000000000000|2026-01-01 03:54:36.000|Заметка номер 828 测试 é|#
829|GROUP-3|276.33333333333333333330|2026-01-01 03:54:53.000|Заметка номер 829 测试 é|#
830|GROUP-4|276.66666666666666666660|2026-01-01 03:55:10.000|Заметка номер 830 测试 é|#
831|GROUP-5|277.00000000000000000000|2026-01-01 03:55:27.000|Заметка номер 831 测试 é|#
832|GROUP-6|277.33333333333333333330|2026-01-01 03:55:44.000|Заметка номер 832 测试 é|#
833|GROUP-0|277.66666666666666666660|2026-01-01 03:56:01.000|Заметка номер 833 测试 é|#
834|GROUP-1|278.00000000000000000000|2026-01-01 03:56:18.000|Заметка номер 834 测试 é|#
835|GROUP-2|278.33333333333333333330|2026-01-01 03:56:35.000|Заметка номер 835 测试 é|#
836|GROUP-3|278.66666666666666666660|2026-01-01 03:56:52.000|Заметка номер 836 测试 é|#
837|GROUP-4|279.00000000000000000000|2026-01-01 03:57:09.000|Заметка номер 837 测试 é|#
838|GROUP-5|279.33333333333333333330|2026-01-01 03:57:26.000|Заметка номер 838 测试 é|#
839|GROUP-6|279.66666666666666666660|2026-01-01 03:57:43.000|Заметка номер 839 测试 é|#
840|GROUP-0|280.00000000000000000000|2026-01-01 03:58:00.000|Заметка номер 840 测试 é|#
841|GROUP-1|280.33333333333333333330|2026-01-01 03:58:17.000|Заметка номер 841 测试 é|#
842|GROUP-2|280.66666666666666666660|2026-01-01 03:58:34.000|Заметка номер 842 测试 é|#
843|GROUP-3|281.00000000000000000000|2026-01-01 03:58:51.000|Заметка номер 843 测试 é|#
844|GROUP-4|281.33333333333333333330|2026-01-01 03:59:08.000|Заметка номер 844 测试 é|#
845|GROUP-5|281.66666666666666666660|2026-01-01 03:59:25.000|Заметка номер 845 测试 é|#
846|GROUP-6|282.00000000000000000000|2026-01-01 03:59:42.000|Заметка номер 846 测试 é|#
847|GROUP-0|282.33333333333333333330|2026-01-01 03:59:59.000|Заметка номер 847 测试 é|#
848|GROUP-1|282.66666666666666666660|2026-01-01 04:00:16.000|Заметка номер 848 测试 é|#
849|GROUP-2|283.00000000000000000000|2026-01-01 04:00:33.000|Заметка номер 849 测试 é|#
850|GROUP-3|283.33333333333333333330|2026-01-01 04:00:50.000|Заметка номер 850 测试 é|#
851|GROUP-4|283.66666666666666666660|2026-01-01 04:01:07.000|Заметка номер 851 测试 é|#
852|GROUP-5|284.00000000000000000000|2026-01-01 04:01:24.000|Заметка номер 852 测试 é|#
853|GROUP-6|284.33333333333333333330|2026-01-01 04:01:41.000|Заметка номер 853 测试 é|#
854|GROUP-0|284.66666666666666666660|2026-01-01 04:01:58.000|Заметка номер 854 测试 é|#
855|GROUP-1|285.00000000000000000000|2026-01-01 04:02:15.000|Заметка номер 855 测试 é|#
856|GROUP-2|285.33333333333333333330|2026-01-01 04:02:32.000|Заметка номер 856 测试 é|#
857|GROUP-3|285.66666666666666666660|2026-01-01 04:02:49.000|Заметка номер 857 测试 é|#
858|GROUP-4|286.00000000000000000000|2026-01-01 04:03:06.000|Заметка номер 858 测试 é|#
859|GROUP-5|286.33333333333333333330|2026-01-01 04:03:23.000|Заметка номер 859 测试 é|#
860|GROUP-6|286.66666666666666666660|2026-01-01 04:03:40.000|Заметка номер 860 测试 é|#
861|GROUP-0|287.00000000000000000000|2026-01-01 04:03:57.000|Заметка номер 861 测试 é|#
862|GROUP-1|287.33333333333333333330|2026-01-01 04:04:14.000|Заметка номер 862 测试 é|#
863|GROUP-2|287.66666666666666666660|2026-01-01 04:04:31.000|Заметка номер 863 测试 é|#
864|GROUP-3|288.00000000000000000000|2026-01-01 04:04:48.000|Заметка номер 864 测试 é|#
865|GROUP-4|288.33333333333333333330|2026-01-01 04:05:05.000|Заметка номер 865 测试 é|#
866|GROUP-5|288.66666666666666666660|2026-01-01 04:05:22.000|Заметка номер 866 测试 é|#
867|GROUP-6|289.00000000000000000000|2026-01-01 04:05:39.000|Заметка номер 867 测试 é|#
868|GROUP-0|289.33333333333333333330|2026-01-01 04:05:56.000|Заметка номер 868 测试 é|#
869|GROUP-1|289.66666666666666666660|2026-01-01 04:06:13.000|Заметка номер 869 测试 é|#
870|GROUP-2|290.00000000000000000000|2026-01-01 04:06:30.000|Заметка номер 870 测试 é|#
871|GROUP-3|290.33333333333333333330|2026-01-01 04:06:47.000|Заметка номер 871 测试 é|#
872|GROUP-4|290.66666666666666666660|2026-01-01 04:07:04.000|Заметка номер 872 测试 é|#
873|GROUP-5|291.00000000000000000000|2026-01-01 04:07:21.000|Заметка номер 873 测试 é|#
874|GROUP-6|291.33333333333333333330|2026-01-01 04:07:38.000|Заметка номер 874 测试 é|#
875|GROUP-0|291.66666666666666666660|2026-01-01 04:07:55.000|Заметка номер 875 测试 é|#
876|GROUP-1|292.00000000000000000000|2026-01-01 04:08:12.000|Заметка номер 876 测试 é|#
877|GROUP-2|292.33333333333333333330|2026-01-01 04:08:29.000|Заметка номер 877 测试 é|#
878|GROUP-3|292.66666666666666666660|2026-01-01 04:08:46.000|Заметка номер 878 测试 é|#
879|GROUP-4|293.00000000000000000000|2026-01-01 04:09:03.000|Заметка номер 879 测试 é|#
880|GROUP-5|293.33333333333333333330|2026-01-01 04:09:20.000|Заметка номер 880 测试 é|#
881|GROUP-6|293.66666666666666666660|2026-01-01 04:09:37.000|Заметка номер 881 测试 é|#
882|GROUP-0|294.00000000000000000000|2026-01-01 04:09:54.000|Заметка номер 882 测试 é|#
883|GROUP-1|294.33333333333333333330|2026-01-01 04:10:11.000|Заметка номер 883 测试 é|#
884|GROUP-2|294.66666666666666666660|2026-01-01 04:10:28.000|Заметка номер 884 测试 é|#
885|GROUP-3|295.00000000000000000000|2026-01-01 04:10:45.000|Заметка номер 885 测试 é|#
886|GROUP-4|295.33333333333333333330|2026-01-01 04:11:02.000|Заметка номер 886 测试 é|#
887|GROUP-5|295.66666666666666666660|2026-01-01 04:11:19.000|Заметка номер 887 测试 é|#
888|GROUP-6|296.00000000000000000000|2026-01-01 04:11:36.000|Заметка номер 888 测试 é|#
889|GROUP-0|296.33333333333333333330|2026-01-01 04:11:53.000|Заметка номер 889 测试 é|#
890|GROUP-1|296.66666666666666666660|2026-01-01 04:12:10.000|Заметка номер 890 测试 é|#
891|GROUP-2|297.00000000000000000000|2026-01-01 04:12:27.000|Заметка номер 891 测试 é|#
892|GROUP-3|297.33333333333333333330|2026-01-01 04:12:44.000|Заметка номер 892 测试 é|#
893|GROUP-4|297.66666666666666666660|2026-01-01 04:13:01.000|Заметка номер 893 测试 é|#
894|GROUP-5|298.00000000000000000000|2026-01-01 04:13:18.000|Заметка номер 894 测试 é|#
895|GROUP-6|298.33333333333333333330|2026-01-01 04:13:35.000|Заметка номер 895 测试 é|#
896|GROUP-0|298.66666666666666666660|2026-01-01 04:13:52.000|Заметка номер 896 测试 é|#
897|GROUP-1|299.00000000000000000000|2026-01-01 04:14:09.000|Заметка номер 897 测试 é|#
898|GROUP-2|299.33333333333333333330|2026-01-01 04:14:26.000|Заметка номер 898 测试 é|#
899|GROUP-3|299.66666666666666666660|2026-01-01 04:14:43.000|Заметка номер 899 测试 é|#
900|GROUP-4|300.00000000000000000000|2026-01-01 04:15:00.000|Заметка номер 900 测试 é|#
901|GROUP-5|300.33333333333333333330|2026-01-01 04:15:17.000|Заметка номер 901 测试 é|#
902|GROUP-6|300.66666666666666666660|2026-01-01 04:15:34.000|Заметка номер 902 测试 é|#
903|GROUP-0|301.00000000000000000000|2026-01-01 04:15:51.000|Заметка номер 903 测试 é|#
904|GROUP-1|301.33333333333333333330|2026-01-01 04:16:08.000|Заметка номер 904 测试 é|#
905|GROUP-2|301.66666666666666666660|2026-01-01 04:16:25.000|Заметка номер 905 测试 é|#
906|GROUP-3|302.00000000000000000000|2026-01-01 04:16:42.000|Заметка номер 906 测试 é|#
907|GROUP-4|302.33333333333333333330|2026-01-01 04:16:59.000|Заметка номер 907 测试 é|#
908|GROUP-5|302.66666666666666666660|2026-01-01 04:17:16.000|Заметка номер 908 测试 é|#
909|GROUP-6|303.00000000000000000000|2026-01-01 04:17:33.000|Заметка номер 909 测试 é|#
910|GROUP-0|303.33333333333333333330|2026-01-01 04:17:50.000|Заметка номер 910 测试 é|#
911|GROUP-1|303.66666666666666666660|2026-01-01 04:18:07.000|Заметка номер 911 测试 é|#
912|GROUP-2|304.00000000000000000000|2026-01-01 04:18:24.000|Заметка номер 912 测试 é|#
913|GROUP-3|304.33333333333333333330|2026-01-01 04:18:41.000|Заметка номер 913 测试 é|#
914|GROUP-4|304.66666666666666666660|2026-01-01 04:18:58.000|Заметка номер 914 测试 é|#
915|GROUP-5|305.00000000000000000000|2026-01-01 04:19:15.000|Заметка номер 915 测试 é|#
916|GROUP-6|305.33333333333333333330|2026-01-01 04:19:32.000|Заметка номер 916 测试 é|#
917|GROUP-0|305.66666666666666666660|2026-01-01 04:19:49.000|Заметка номер 917 测试 é|#
918|GROUP-1|306.00000000000000000000|2026-01-01 04:20:06.000|Заметка номер 918 测试 é|#
919|GROUP-2|306.33333333333333333330|2026-01-01 04:20:23.000|Заметка номер 919 测试 é|#
920|GROUP-3|306.66666666666666666660|2026-01-01 04:20:40.000|Заметка номер 920 测试 é|#
921|GROUP-4|307.00000000000000000000|2026-01-01 04:20:57.000|Заметка номер 921 测试 é|#
922|GROUP-5|307.33333333333333333330|2026-01-01 04:21:14.000|Заметка номер 922 测试 é|#
923|GROUP-6|307.66666666666666666660|2026-01-01 04:21:31.000|Заметка номер 923 测试 é|#
924|GROUP-0|308.00000000000000000000|2026-01-01 04:21:48.000|Заметка номер 924 测试 é|#
925|GROUP-1|308.33333333333333333330|2026-01-01 04:22:05.000|Заметка номер 925 测试 é|#
926|GROUP-2|308.66666666666666666660|2026-01-01 04:22:22.000|Заметка номер 926 测试 é|#
927|GROUP-3|309.00000000000000000000|2026-01-01 04:22:39.000|Заметка номер 927 测试 é|#
928|GROUP-4|309.33333333333333333330|2026-01-01 04:22:56.000|Заметка номер 928 测试 é|#
929|GROUP-5|309.66666666666666666660|2026-01-01 04:23:13.000|Заметка номер 929 测试 é|#
930|GROUP-6|310.00000000000000000000|2026-01-01 04:23:30.000|Заметка номер 930 测试 é|#
931|GROUP-0|310.33333333333333333330|2026-01-01 04:23:47.000|Заметка номер 931 测试 é|#
932|GROUP-1|310.66666666666666666660|2026-01-01 04:24:04.000|Заметка номер 932 测试 é|#
933|GROUP-2|311.00000000000000000000|2026-01-01 04:24:21.000|Заметка номер 933 测试 é|#
934|GROUP-3|311.33333333333333333330|2026-01-01 04:24:38.000|Заметка номер 934 测试 é|#
935|GROUP-4|311.66666666666666666660|2026-01-01 04:24:55.000|Заметка номер 935 测试 é|#
936|GROUP-5|312.00000000000000000000|2026-01-01 04:25:12.000|Заметка номер 936 测试 é|#
937|GROUP-6|312.33333333333333333330|2026-01-01 04:25:29.000|Заметка номер 937 测试 é|#
938|GROUP-0|312.66666666666666666660|2026-01-01 04:25:46.000|Заметка номер 938 测试 é|#
939|GROUP-1|313.00000000000000000000|2026-01-01 04:26:03.000|Заметка номер 939 测试 é|#
940|GROUP-2|313.33333333333333333330|2026-01-01 04:26:20.000|Заметка номер 940 测试 é|#
941|GROUP-3|313.66666666666666666660|2026-01-01 04:26:37.000|Заметка номер 941 测试 é|#
942|GROUP-4|314.00000000000000000000|2026-01-01 04:26:54.000|Заметка номер 942 测试 é|#
943|GROUP-5|314.33333333333333333330|2026-01-01 04:27:11.000|Заметка номер 943 测试 é|#
944|GROUP-6|314.66666666666666666660|2026-01-01 04:27:28.000|Заметка номер 944 测试 é|#
945|GROUP-0|315.00000000000000000000|2026-01-01 04:27:45.000|Заметка номер 945 测试 é|#
946|GROUP-1|315.33333333333333333330|2026-01-01 04:28:02.000|Заметка номер 946 测试 é|#
947|GROUP-2|315.66666666666666666660|2026-01-01 04:28:19.000|Заметка номер 947 测试 é|#
948|GROUP-3|316.00000000000000000000|2026-01-01 04:28:36.000|Заметка номер 948 测试 é|#
949|GROUP-4|316.33333333333333333330|2026-01-01 04:28:53.000|Заметка номер 949 测试 é|#
950|GROUP-5|316.66666666666666666660|2026-01-01 04:29:10.000|Заметка номер 950 测试 é|#
951|GROUP-6|317.00000000000000000000|2026-01-01 04:29:27.000|Заметка номер 951 测试 é|#
952|GROUP-0|317.33333333333333333330|2026-01-01 04:29:44.000|Заметка номер 952 测试 é|#
953|GROUP-1|317.66666666666666666660|2026-01-01 04:30:01.000|Заметка номер 953 测试 é|#
954|GROUP-2|318.00000000000000000000|2026-01-01 04:30:18.000|Заметка номер 954 测试 é|#
955|GROUP-3|318.33333333333333333330|2026-01-01 04:30:35.000|Заметка номер 955 测试 é|#
956|GROUP-4|318.66666666666666666660|2026-01-01 04:30:52.000|Заметка номер 956 测试 é|#
957|GROUP-5|319.00000000000000000000|2026-01-01 04:31:09.000|Заметка номер 957 测试 é|#
958|GROUP-6|319.33333333333333333330|2026-01-01 04:31:26.000|Заметка номер 958 测试 é|#
959|GROUP-0|319.66666666666666666660|2026-01-01 04:31:43.000|Заметка номер 959 测试 é|#
960|GROUP-1|320.00000000000000000000|2026-01-01 04:32:00.000|Заметка номер 960 测试 é|#
961|GROUP-2|320.33333333333333333330|2026-01-01 04:32:17.000|Заметка номер 961 测试 é|#
962|GROUP-3|320.66666666666666666660|2026-01-01 04:32:34.000|Заметка номер 962 测试 é|#
963|GROUP-4|321.00000000000000000000|2026-01-01 04:32:51.000|Заметка номер 963 测试 é|#
964|GROUP-5|321.33333333333333333330|2026-01-01 04:33:08.000|Заметка номер 964 测试 é|#
965|GROUP-6|321.66666666666666666660|2026-01-01 04:33:25.000|Заметка номер 965 测试 é|#
966|GROUP-0|322.00000000000000000000|2026-01-01 04:33:42.000|Заметка номер 966 测试 é|#
967|GROUP-1|322.33333333333333333330|2026-01-01 04:33:59.000|Заметка номер 967 测试 é|#
968|GROUP-2|322.66666666666666666660|2026-01-01 04:34:16.000|Заметка номер 968 测试 é|#
969|GROUP-3|323.00000000000000000000|2026-01-01 04:34:33.000|Заметка номер 969 测试 é|#
970|GROUP-4|323.33333333333333333330|2026-01-01 04:34:50.000|Заметка номер 970 测试 é|#
971|GROUP-5|323.66666666666666666660|2026-01-01 04:35:07.000|Заметка номер 971 测试 é|#
972|GROUP-6|324.00000000000000000000|2026-01-01 04:35:24.000|Заметка номер 972 测试 é|#
973|GROUP-0|324.33333333333333333330|2026-01-01 04:35:41.000|Заметка номер 973 测试 é|#
974|GROUP-1|324.66666666666666666660|2026-01-01 04:35:58.000|Заметка номер 974 测试 é|#
975|GROUP-2|325.00000000000000000000|2026-01-01 04:36:15.000|Заметка номер 975 测试 é|#
976|GROUP-3|325.33333333333333333330|2026-01-01 04:36:32.000|Заметка номер 976 测试 é|#
977|GROUP-4|325.66666666666666666660|2026-01-01 04:36:49.000|Заметка номер 977 测试 é|#
978|GROUP-5|326.00000000000000000000|2026-01-01 04:37:06.000|Заметка номер 978 测试 é|#
979|GROUP-6|326.33333333333333333330|2026-01-01 04:37:23.000|Заметка номер 979 测试 é|#
980|GROUP-0|326.66666666666666666660|2026-01-01 04:37:40.000|Заметка номер 980 测试 é|#
981|GROUP-1|327.00000000000000000000|2026-01-01 04:37:57.000|Заметка номер 981 测试 é|#
982|GROUP-2|327.33333333333333333330|2026-01-01 04:38:14.000|Заметка номер 982 测试 é|#
983|GROUP-3|327.66666666666666666660|2026-01-01 04:38:31.000|Заметка номер 983 测试 é|#
984|GROUP-4|328.00000000000000000000|2026-01-01 04:38:48.000|Заметка номер 984 测试 é|#
985|GROUP-5|328.33333333333333333330|2026-01-01 04:39:05.000|Заметка номер 985 测试 é|#
986|GROUP-6|328.66666666666666666660|2026-01-01 04:39:22.000|Заметка номер 986 测试 é|#
987|GROUP-0|329.00000000000000000000|2026-01-01 04:39:39.000|Заметка номер 987 测试 é|#
988|GROUP-1|329.33333333333333333330|2026-01-01 04:39:56.000|Заметка номер 988 测试 é|#
989|GROUP-2|329.66666666666666666660|2026-01-01 04:40:13.000|Заметка номер 989 测试 é|#
990|GROUP-3|330.00000000000000000000|2026-01-01 04:40:30.000|Заметка номер 990 测试 é|#
991|GROUP-4|330.33333333333333333330|2026-01-01 04:40:47.000|Заметка номер 991 测试 é|#
992|GROUP-5|330.66666666666666666660|2026-01-01 04:41:04.000|Заметка номер 992 测试 é|#
993|GROUP-6|331.00000000000000000000|2026-01-01 04:41:21.000|Заметка номер 993 测试 é|#
994|GROUP-0|331.33333333333333333330|2026-01-01 04:41:38.000|Заметка номер 994 测试 é|#
995|GROUP-1|331.66666666666666666660|2026-01-01 04:41:55.000|Заметка номер 995 测试 é|#
996|GROUP-2|332.00000000000000000000|2026-01-01 04:42:12.000|Заметка номер 996 测试 é|#
997|GROUP-3|332.33333333333333333330|2026-01-01 04:42:29.000|Заметка номер 997 测试 é|#
998|GROUP-4|332.66666666666666666660|2026-01-01 04:42:46.000|Заметка номер 998 测试 é|#
999|GROUP-5|333.00000000000000000000|2026-01-01 04:43:03.000|Заметка номер 999 测试 é|#
1000|GROUP-6|333.33333333333333333330|2026-01-01 04:43:20.000|Заметка номер 1000 测试 é|#
1001|GROUP-0|333.66666666666666666660|2026-01-01 04:43:37.000|Заметка номер 1001 测试 é|#
1002|GROUP-1|334.00000000000000000000|2026-01-01 04:43:54.000|Заметка номер 1002 测试 é|#
1003|GROUP-2|334.33333333333333333330|2026-01-01 04:44:11.000|Заметка номер 1003 测试 é|#
1004|GROUP-3|334.66666666666666666660|2026-01-01 04:44:28.000|Заметка номер 1004 测试 é|#
1005|GROUP-4|335.00000000000000000000|2026-01-01 04:44:45.000|Заметка номер 1005 测试 é|#
1006|GROUP-5|335.33333333333333333330|2026-01-01 04:45:02.000|Заметка номер 1006 测试 é|#
1007|GROUP-6|335.66666666666666666660|2026-01-01 04:45:19.000|Заметка номер 1007 测试 é|#
1008|GROUP-0|336.00000000000000000000|2026-01-01 04:45:36.000|Заметка номер 1008 测试 é|#
1009|GROUP-1|336.33333333333333333330|2026-01-01 04:45:53.000|Заметка номер 1009 测试 é|#
1010|GROUP-2|336.66666666666666666660|2026-01-01 04:46:10.000|Заметка номер 1010 测试 é|#
1011|GROUP-3|337.00000000000000000000|2026-01-01 04:46:27.000|Заметка номер 1011 测试 é|#
1012|GROUP-4|337.33333333333333333330|2026-01-01 04:46:44.000|Заметка номер 1012 测试 é|#
1013|GROUP-5|337.66666666666666666660|2026-01-01 04:47:01.000|Заметка номер 1013 测试 é|#
1014|GROUP-6|338.00000000000000000000|2026-01-01 04:47:18.000|Заметка номер 1014 测试 é|#
1015|GROUP-0|338.33333333333333333330|2026-01-01 04:47:35.000|Заметка номер 1015 测试 é|#
1016|GROUP-1|338.66666666666666666660|2026-01-01 04:47:52.000|Заметка номер 1016 测试 é|#
1017|GROUP-2|339.00000000000000000000|2026-01-01 04:48:09.000|Заметка номер 1017 测试 é|#
1018|GROUP-3|339.33333333333333333330|2026-01-01 04:48:26.000|Заметка номер 1018 测试 é|#
1019|GROUP-4|339.66666666666666666660|2026-01-01 04:48:43.000|Заметка номер 1019 测试 é|#
1020|GROUP-5|340.00000000000000000000|2026-01-01 04:49:00.000|Заметка номер 1020 测试 é|#
1021|GROUP-6|340.33333333333333333330|2026-01-01 04:49:17.000|Заметка номер 1021 测试 é|#
1022|GROUP-0|340.66666666666666666660|2026-01-01 04:49:34.000|Заметка номер 1022 测试 é|#
1023|GROUP-1|341.00000000000000000000|2026-01-01 04:49:51.000|Заметка номер 1023 测试 é|#
1024|GROUP-2|341.33333333333333333330|2026-01-01 04:50:08.000|Заметка номер 1024 测试 é|#
1025|GROUP-3|341.66666666666666666660|2026-01-01 04:50:25.000|Заметка номер 1025 测试 é|#
1026|GROUP-4|342.00000000000000000000|2026-01-01 04:50:42.000|Заметка номер 1026 测试 é|#
1027|GROUP-5|342.33333333333333333330|2026-01-01 04:50:59.000|Заметка номер 1027 测试 é|#
1028|GROUP-6|342.66666666666666666660|2026-01-01 04:51:16.000|Заметка номер 1028 测试 é|#
1029|GROUP-0|343.00000000000000000000|2026-01-01 04:51:33.000|Заметка номер 1029 测试 é|#
1030|GROUP-1|343.33333333333333333330|2026-01-01 04:51:50.000|Заметка номер 1030 测试 é|#
1031|GROUP-2|343.66666666666666666660|2026-01-01 04:52:07.000|Заметка номер 1031 测试 é|#
1032|GROUP-3|344.00000000000000000000|2026-01-01 04:52:24.000|Заметка номер 1032 测试 é|#
1033|GROUP-4|344.33333333333333333330|2026-01-01 04:52:41.000|Заметка номер 1033 测试 é|#
1034|GROUP-5|344.66666666666666666660|2026-01-01 04:52:58.000|Заметка номер 1034 测试 é|#
1035|GROUP-6|345.00000000000000000000|2026-01-01 04:53:15.000|Заметка номер 1035 测试 é|#
1036|GROUP-0|345.33333333333333333330|2026-01-01 04:53:32.000|Заметка номер 1036 测试 é|#
1037|GROUP-1|345.66666666666666666660|2026-01-01 04:53:49.000|Заметка номер 1037 测试 é|#
1038|GROUP-2|346.00000000000000000000|2026-01-01 04:54:06.000|Заметка номер 1038 测试 é|#
1039|GROUP-3|346.33333333333333333330|2026-01-01 04:54:23.000|Заметка номер 1039 测试 é|#
1040|GROUP-4|346.66666666666666666660|2026-01-01 04:54:40.000|Заметка номер 1040 测试 é|#
1041|GROUP-5|347.00000000000000000000|2026-01-01 04:54:57.000|Заметка номер 1041 测试 é|#
1042|GROUP-6|347.33333333333333333330|2026-01-01 04:55:14.000|Заметка номер 1042 测试 é|#
1043|GROUP-0|347.66666666666666666660|2026-01-01 04:55:31.000|Заметка номер 1043 测试 é|#
1044|GROUP-1|348.00000000000000000000|2026-01-01 04:55:48.000|Заметка номер 1044 测试 é|#
1045|GROUP-2|348.33333333333333333330|2026-01-01 04:56:05.000|Заметка номер 1045 测试 é|#
1046|GROUP-3|348.66666666666666666660|2026-01-01 04:56:22.000|Заметка номер 1046 测试 é|#
1047|GROUP-4|349.00000000000000000000|2026-01-01 04:56:39.000|Заметка номер 1047 测试 é|#
1048|GROUP-5|349.33333333333333333330|2026-01-01 04:56:56.000|Заметка номер 1048 测试 é|#
1049|GROUP-6|349.66666666666666666660|2026-01-01 04:57:13.000|Заметка номер 1049 测试 é|#
1050|GROUP-0|350.00000000000000000000|2026-01-01 04:57:30.000|Заметка номер 1050 测试 é|#
1051|GROUP-1|350.33333333333333333330|2026-01-01 04:57:47.000|Заметка номер 1051 测试 é|#
1052|GROUP-2|350.66666666666666666660|2026-01-01 04:58:04.000|Заметка номер 1052 测试 é|#
1053|GROUP-3|351.00000000000000000000|2026-01-01 04:58:21.000|Заметка номер 1053 测试 é|#
1054|GROUP-4|351.33333333333333333330|2026-01-01 04:58:38.000|Заметка номер 1054 测试 é|#
1055|GROUP-5|351.66666666666666666660|2026-01-01 04:58:55.000|Заметка номер 1055 测试 é|#
1056|GROUP-6|352.00000000000000000000|2026-01-01 04:59:12.000|Заметка номер 1056 测试 é|#
1057|GROUP-0|352.33333333333333333330|2026-01-01 04:59:29.000|Заметка номер 1057 测试 é|#
1058|GROUP-1|352.66666666666666666660|2026-01-01 04:59:46.000|Заметка номер 1058 测试 é|#
1059|GROUP-2|353.00000000000000000000|2026-01-01 05:00:03.000|Заметка номер 1059 测试 é|#
1060|GROUP-3|353.33333333333333333330|2026-01-01 05:00:20.000|Заметка номер 1060 测试 é|#
1061|GROUP-4|353.66666666666666666660|2026-01-01 05:00:37.000|Заметка номер 1061 测试 é|#
1062|GROUP-5|354.00000000000000000000|2026-01-01 05:00:54.000|Заметка номер 1062 测试 é|#
1063|GROUP-6|354.33333333333333333330|2026-01-01 05:01:11.000|Заметка номер 1063 测试 é|#
1064|GROUP-0|354.66666666666666666660|2026-01-01 05:01:28.000|Заметка номер 1064 测试 é|#
1065|GROUP-1|355.00000000000000000000|2026-01-01 05:01:45.000|Заметка номер 1065 测试 é|#
1066|GROUP-2|355.33333333333333333330|2026-01-01 05:02:02.000|Заметка номер 1066 测试 é|#
1067|GROUP-3|355.66666666666666666660|2026-01-01 05:02:19.000|Заметка номер 1067 测试 é|#
1068|GROUP-4|356.00000000000000000000|2026-01-01 05:02:36.000|Заметка номер 1068 测试 é|#
1069|GROUP-5|356.33333333333333333330|2026-01-01 05:02:53.000|Заметка номер 1069 测试 é|#
1070|GROUP-6|356.66666666666666666660|2026-01-01 05:03:10.000|Заметка номер 1070 测试 é|#
1071|GROUP-0|357.00000000000000000000|2026-01-01 05:03:27.000|Заметка номер 1071 测试 é|#
1072|GROUP-1|357.33333333333333333330|2026-01-01 05:03:44.000|Заметка номер 1072 测试 é|#
1073|GROUP-2|357.66666666666666666660|2026-01-01 05:04:01.000|Заметка номер 1073 测试 é|#
1074|GROUP-3|358.00000000000000000000|2026-01-01 05:04:18.000|Заметка номер 1074 测试 é|#
1075|GROUP-4|358.33333333333333333330|2026-01-01 05:04:35.000|Заметка номер 1075 测试 é|#
1076|GROUP-5|358.66666666666666666660|2026-01-01 05:04:52.000|Заметка номер 1076 测试 é|#
1077|GROUP-6|359.00000000000000000000|2026-01-01 05:05:09.000|Заметка номер 1077 测试 é|#
1078|GROUP-0|359.33333333333333333330|2026-01-01 05:05:26.000|Заметка номер 1078 测试 é|#
1079|GROUP-1|359.66666666666666666660|2026-01-01 05:05:43.000|Заметка номер 1079 测试 é|#
1080|GROUP-2|360.00000000000000000000|2026-01-01 05:06:00.000|Заметка номер 1080 测试 é|#
1081|GROUP-3|360.33333333333333333330|2026-01-01 05:06:17.000|Заметка номер 1081 测试 é|#
1082|GROUP-4|360.66666666666666666660|2026-01-01 05:06:34.000|Заметка номер 1082 测试 é|#
1083|GROUP-5|361.00000000000000000000|2026-01-01 05:06:51.000|Заметка номер 1083 测试 é|#
1084|GROUP-6|361.33333333333333333330|2026-01-01 05:07:08.000|Заметка номер 1084 测试 é|#
1085|GROUP-0|361.66666666666666666660|2026-01-01 05:07:25.000|Заметка номер 1085 测试 é|#
1086|GROUP-1|362.00000000000000000000|2026-01-01 05:07:42.000|Заметка номер 1086 测试 é|#
1087|GROUP-2|362.33333333333333333330|2026-01-01 05:07:59.000|Заметка номер 1087 测试 é|#
1088|GROUP-3|362.66666666666666666660|2026-01-01 05:08:16.000|Заметка номер 1088 测试 é|#
1089|GROUP-4|363.00000000000000000000|2026-01-01 05:08:33.000|Заметка номер 1089 测试 é|#
1090|GROUP-5|363.33333333333333333330|2026-01-01 05:08:50.000|Заметка номер 1090 测试 é|#
1091|GROUP-6|363.66666666666666666660|2026-01-01 05:09:07.000|Заметка номер 1091 测试 é|#
1092|GROUP-0|364.00000000000000000000|2026-01-01 05:09:24.000|Заметка номер 1092 测试 é|#
1093|GROUP-1|364.33333333333333333330|2026-01-01 05:09:41.000|Заметка номер 1093 测试 é|#
1094|GROUP-2|364.66666666666666666660|2026-01-01 05:09:58.000|Заметка номер 1094 测试 é|#
1095|GROUP-3|365.00000000000000000000|2026-01-01 05:10:15.000|Заметка номер 1095 测试 é|#
1096|GROUP-4|365.33333333333333333330|2026-01-01 05:10:32.000|Заметка номер 1096 测试 é|#
1097|GROUP-5|365.66666666666666666660|2026-01-01 05:10:49.000|Заметка номер 1097 测试 é|#
1098|GROUP-6|366.00000000000000000000|2026-01-01 05:11:06.000|Заметка номер 1098 测试 é|#
1099|GROUP-0|366.33333333333333333330|2026-01-01 05:11:23.000|Заметка номер 1099 测试 é|#
1100|GROUP-1|366.66666666666666666660|2026-01-01 05:11:40.000|Заметка номер 1100 测试 é|#
1101|GROUP-2|367.00000000000000000000|2026-01-01 05:11:57.000|Заметка номер 1101 测试 é|#
1102|GROUP-3|367.33333333333333333330|2026-01-01 05:12:14.000|Заметка номер 1102 测试 é|#
1103|GROUP-4|367.66666666666666666660|2026-01-01 05:12:31.000|Заметка номер 1103 测试 é|#
1104|GROUP-5|368.00000000000000000000|2026-01-01 05:12:48.000|Заметка номер 1104 测试 é|#
1105|GROUP-6|368.33333333333333333330|2026-01-01 05:13:05.000|Заметка номер 1105 测试 é|#
1106|GROUP-0|368.66666666666666666660|2026-01-01 05:13:22.000|Заметка номер 1106 测试 é|#
1107|GROUP-1|369.00000000000000000000|2026-01-01 05:13:39.000|Заметка номер 1107 测试 é|#
1108|GROUP-2|369.33333333333333333330|2026-01-01 05:13:56.000|Заметка номер 1108 测试 é|#
1109|GROUP-3|369.66666666666666666660|2026-01-01 05:14:13.000|Заметка номер 1109 测试 é|#
1110|GROUP-4|370.00000000000000000000|2026-01-01 05:14:30.000|Заметка номер 1110 测试 é|#
1111|GROUP-5|370.33333333333333333330|2026-01-01 05:14:47.000|Заметка номер 1111 测试 é|#
1112|GROUP-6|370.66666666666666666660|2026-01-01 05:15:04.000|Заметка номер 1112 测试 é|#
1113|GROUP-0|371.00000000000000000000|2026-01-01 05:15:21.000|Заметка номер 1113 测试 é|#
1114|GROUP-1|371.33333333333333333330|2026-01-01 05:15:38.000|Заметка номер 1114 测试 é|#
1115|GROUP-2|371.66666666666666666660|2026-01-01 05:15:55.000|Заметка номер 1115 测试 é|#
1116|GROUP-3|372.00000000000000000000|2026-01-01 05:16:12.000|Заметка номер 1116 测试 é|#
1117|GROUP-4|372.33333333333333333330|2026-01-01 05:16:29.000|Заметка номер 1117 测试 é|#
1118|GROUP-5|372.66666666666666666660|2026-01-01 05:16:46.000|Заметка номер 1118 测试 é|#
1119|GROUP-6|373.00000000000000000000|2026-01-01 05:17:03.000|Заметка номер 1119 测试 é|#
1120|GROUP-0|373.33333333333333333330|2026-01-01 05:17:20.000|Заметка номер 1120 测试 é|#
1121|GROUP-1|373.66666666666666666660|2026-01-01 05:17:37.000|Заметка номер 1121 测试 é|#
1122|GROUP-2|374.00000000000000000000|2026-01-01 05:17:54.000|Заметка номер 1122 测试 é|#
1123|GROUP-3|374.33333333333333333330|2026-01-01 05:18:11.000|Заметка номер 1123 测试 é|#
1124|GROUP-4|374.66666666666666666660|2026-01-01 05:18:28.000|Заметка номер 1124 测试 é|#
1125|GROUP-5|375.00000000000000000000|2026-01-01 05:18:45.000|Заметка номер 1125 测试 é|#
1126|GROUP-6|375.33333333333333333330|2026-01-01 05:19:02.000|Заметка номер 1126 测试 é|#
1127|GROUP-0|375.66666666666666666660|2026-01-01 05:19:19.000|Заметка номер 1127 测试 é|#
1128|GROUP-1|376.00000000000000000000|2026-01-01 05:19:36.000|Заметка номер 1128 测试 é|#
1129|GROUP-2|376.33333333333333333330|2026-01-01 05:19:53.000|Заметка номер 1129 测试 é|#
1130|GROUP-3|376.66666666666666666660|2026-01-01 05:20:10.000|Заметка номер 1130 测试 é|#
1131|GROUP-4|377.00000000000000000000|2026-01-01 05:20:27.000|Заметка номер 1131 测试 é|#
1132|GROUP-5|377.33333333333333333330|2026-01-01 05:20:44.000|Заметка номер 1132 测试 é|#
1133|GROUP-6|377.66666666666666666660|2026-01-01 05:21:01.000|Заметка номер 1133 测试 é|#
1134|GROUP-0|378.00000000000000000000|2026-01-01 05:21:18.000|Заметка номер 1134 测试 é|#
1135|GROUP-1|378.33333333333333333330|2026-01-01 05:21:35.000|Заметка номер 1135 测试 é|#
1136|GROUP-2|378.66666666666666666660|2026-01-01 05:21:52.000|Заметка номер 1136 测试 é|#
1137|GROUP-3|379.00000000000000000000|2026-01-01 05:22:09.000|Заметка номер 1137 测试 é|#
1138|GROUP-4|379.33333333333333333330|2026-01-01 05:22:26.000|Заметка номер 1138 测试 é|#
1139|GROUP-5|379.66666666666666666660|2026-01-01 05:22:43.000|Заметка номер 1139 测试 é|#
1140|GROUP-6|380.00000000000000000000|2026-01-01 05:23:00.000|Заметка номер 1140 测试 é|#
1141|GROUP-0|380.33333333333333333330|2026-01-01 05:23:17.000|Заметка номер 1141 测试 é|#
1142|GROUP-1|380.66666666666666666660|2026-01-01 05:23:34.000|Заметка номер 1142 测试 é|#
1143|GROUP-2|381.00000000000000000000|2026-01-01 05:23:51.000|Заметка номер 1143 测试 é|#
1144|GROUP-3|381.33333333333333333330|2026-01-01 05:24:08.000|Заметка номер 1144 测试 é|#
1145|GROUP-4|381.66666666666666666660|2026-01-01 05:24:25.000|Заметка номер 1145 测试 é|#
1146|GROUP-5|382.00000000000000000000|2026-01-01 05:24:42.000|Заметка номер 1146 测试 é|#
1147|GROUP-6|382.33333333333333333330|2026-01-01 05:24:59.000|Заметка номер 1147 测试 é|#
1148|GROUP-0|382.66666666666666666660|2026-01-01 05:25:16.000|Заметка номер 1148 测试 é|#
1149|GROUP-1|383.00000000000000000000|2026-01-01 05:25:33.000|Заметка номер 1149 测试 é|#
1150|GROUP-2|383.33333333333333333330|2026-01-01 05:25:50.000|Заметка номер 1150 测试 é|#
1151|GROUP-3|383.66666666666666666660|2026-01-01 05:26:07.000|Заметка номер 1151 测试 é|#
1152|GROUP-4|384.00000000000000000000|2026-01-01 05:26:24.000|Заметка номер 1152 测试 é|#
1153|GROUP-5|384.33333333333333333330|2026-01-01 05:26:41.000|Заметка номер 1153 测试 é|#
1154|GROUP-6|384.66666666666666666660|2026-01-01 05:26:58.000|Заметка номер 1154 测试 é|#
1155|GROUP-0|385.00000000000000000000|2026-01-01 05:27:15.000|Заметка номер 1155 测试 é|#
1156|GROUP-1|385.33333333333333333330|2026-01-01 05:27:32.000|Заметка номер 1156 测试 é|#
1157|GROUP-2|385.66666666666666666660|2026-01-01 05:27:49.000|Заметка номер 1157 测试 é|#
1158|GROUP-3|386.00000000000000000000|2026-01-01 05:28:06.000|Заметка номер 1158 测试 é|#
1159|GROUP-4|386.33333333333333333330|2026-01-01 05:28:23.000|Заметка номер 1159 测试 é|#
1160|GROUP-5|386.66666666666666666660|2026-01-01 05:28:40.000|Заметка номер 1160 测试 é|#
1161|GROUP-6|387.00000000000000000000|2026-01-01 05:28:57.000|Заметка номер 1161 测试 é|#
1162|GROUP-0|387.33333333333333333330|2026-01-01 05:29:14.000|Заметка номер 1162 测试 é|#
1163|GROUP-1|387.66666666666666666660|2026-01-01 05:29:31.000|Заметка номер 1163 测试 é|#
1164|GROUP-2|388.00000000000000000000|2026-01-01 05:29:48.000|Заметка номер 1164 测试 é|#
1165|GROUP-3|388.33333333333333333330|2026-01-01 05:30:05.000|Заметка номер 1165 测试 é|#
1166|GROUP-4|388.66666666666666666660|2026-01-01 05:30:22.000|Заметка номер 1166 测试 é|#
1167|GROUP-5|389.00000000000000000000|2026-01-01 05:30:39.000|Заметка номер 1167 测试 é|#
1168|GROUP-6|389.33333333333333333330|2026-01-01 05:30:56.000|Заметка номер 1168 测试 é|#
1169|GROUP-0|389.66666666666666666660|2026-01-01 05:31:13.000|Заметка номер 1169 测试 é|#
1170|GROUP-1|390.00000000000000000000|2026-01-01 05:31:30.000|Заметка номер 1170 测试 é|#
1171|GROUP-2|390.33333333333333333330|2026-01-01 05:31:47.000|Заметка номер 1171 测试 é|#
1172|GROUP-3|390.66666666666666666660|2026-01-01 05:32:04.000|Заметка номер 1172 测试 é|#
1173|GROUP-4|391.00000000000000000000|2026-01-01 05:32:21.000|Заметка номер 1173 测试 é|#
1174|GROUP-5|391.33333333333333333330|2026-01-01 05:32:38.000|Заметка номер 1174 测试 é|#
1175|GROUP-6|391.66666666666666666660|2026-01-01 05:32:55.000|Заметка номер 1175 测试 é|#
1176|GROUP-0|392.00000000000000000000|2026-01-01 05:33:12.000|Заметка номер 1176 测试 é|#
1177|GROUP-1|392.33333333333333333330|2026-01-01 05:33:29.000|Заметка номер 1177 测试 é|#
1178|GROUP-2|392.66666666666666666660|2026-01-01 05:33:46.000|Заметка номер 1178 测试 é|#
1179|GROUP-3|393.00000000000000000000|2026-01-01 05:34:03.000|Заметка номер 1179 测试 é|#
1180|GROUP-4|393.33333333333333333330|2026-01-01 05:34:20.000|Заметка номер 1180 测试 é|#
1181|GROUP-5|393.66666666666666666660|2026-01-01 05:34:37.000|Заметка номер 1181 测试 é|#
1182|GROUP-6|394.00000000000000000000|2026-01-01 05:34:54.000|Заметка номер 1182 测试 é|#
1183|GROUP-0|394.33333333333333333330|2026-01-01 05:35:11.000|Заметка номер 1183 测试 é|#
1184|GROUP-1|394.66666666666666666660|2026-01-01 05:35:28.000|Заметка номер 1184 测试 é|#
1185|GROUP-2|395.00000000000000000000|2026-01-01 05:35:45.000|Заметка номер 1185 测试 é|#
1186|GROUP-3|395.33333333333333333330|2026-01-01 05:36:02.000|Заметка номер 1186 测试 é|#
1187|GROUP-4|395.66666666666666666660|2026-01-01 05:36:19.000|Заметка номер 1187 测试 é|#
1188|GROUP-5|396.00000000000000000000|2026-01-01 05:36:36.000|Заметка номер 1188 测试 é|#
1189|GROUP-6|396.33333333333333333330|2026-01-01 05:36:53.000|Заметка номер 1189 测试 é|#
1190|GROUP-0|396.66666666666666666660|2026-01-01 05:37:10.000|Заметка номер 1190 测试 é|#
1191|GROUP-1|397.00000000000000000000|2026-01-01 05:37:27.000|Заметка номер 1191 测试 é|#
1192|GROUP-2|397.33333333333333333330|2026-01-01 05:37:44.000|Заметка номер 1192 测试 é|#
1193|GROUP-3|397.66666666666666666660|2026-01-01 05:38:01.000|Заметка номер 1193 测试 é|#
1194|GROUP-4|398.00000000000000000000|2026-01-01 05:38:18.000|Заметка номер 1194 测试 é|#
1195|GROUP-5|398.33333333333333333330|2026-01-01 05:38:35.000|Заметка номер 1195 测试 é|#
1196|GROUP-6|398.66666666666666666660|2026-01-01 05:38:52.000|Заметка номер 1196 测试 é|#
1197|GROUP-0|399.00000000000000000000|2026-01-01 05:39:09.000|Заметка номер 1197 测试 é|#
1198|GROUP-1|399.33333333333333333330|2026-01-01 05:39:26.000|Заметка номер 1198 测试 é|#
1199|GROUP-2|399.66666666666666666660|2026-01-01 05:39:43.000|Заметка номер 1199 测试 é|#
1200|GROUP-3|400.00000000000000000000|2026-01-01 05:40:00.000|Заметка номер 1200 测试 é|#
1201|GROUP-4|400.33333333333333333330|2026-01-01 05:40:17.000|Заметка номер 1201 测试 é|#
1202|GROUP-5|400.66666666666666666660|2026-01-01 05:40:34.000|Заметка номер 1202 测试 é|#
1203|GROUP-6|401.00000000000000000000|2026-01-01 05:40:51.000|Заметка номер 1203 测试 é|#
1204|GROUP-0|401.33333333333333333330|2026-01-01 05:41:08.000|Заметка номер 1204 测试 é|#
1205|GROUP-1|401.66666666666666666660|2026-01-01 05:41:25.000|Заметка номер 1205 测试 é|#
1206|GROUP-2|402.00000000000000000000|2026-01-01 05:41:42.000|Заметка номер 1206 测试 é|#
1207|GROUP-3|402.33333333333333333330|2026-01-01 05:41:59.000|Заметка номер 1207 测试 é|#
1208|GROUP-4|402.66666666666666666660|2026-01-01 05:42:16.000|Заметка номер 1208 测试 é|#
1209|GROUP-5|403.00000000000000000000|2026-01-01 05:42:33.000|Заметка номер 1209 测试 é|#
1210|GROUP-6|403.33333333333333333330|2026-01-01 05:42:50.000|Заметка номер 1210 测试 é|#
1211|GROUP-0|403.66666666666666666660|2026-01-01 05:43:07.000|Заметка номер 1211 测试 é|#
1212|GROUP-1|404.00000000000000000000|2026-01-01 05:43:24.000|Заметка номер 1212 测试 é|#
1213|GROUP-2|404.33333333333333333330|2026-01-01 05:43:41.000|Заметка номер 1213 测试 é|#
1214|GROUP-3|404.66666666666666666660|2026-01-01 05:43:58.000|Заметка номер 1214 测试 é|#
1215|GROUP-4|405.00000000000000000000|2026-01-01 05:44:15.000|Заметка номер 1215 测试 é|#
1216|GROUP-5|405.33333333333333333330|2026-01-01 05:44:32.000|Заметка номер 1216 测试 é|#
1217|GROUP-6|405.66666666666666666660|2026-01-01 05:44:49.000|Заметка номер 1217 测试 é|#
1218|GROUP-0|406.00000000000000000000|2026-01-01 05:45:06.000|Заметка номер 1218 测试 é|#
1219|GROUP-1|406.33333333333333333330|2026-01-01 05:45:23.000|Заметка номер 1219 测试 é|#
1220|GROUP-2|406.66666666666666666660|2026-01-01 05:45:40.000|Заметка номер 1220 测试 é|#
1221|GROUP-3|407.00000000000000000000|2026-01-01 05:45:57.000|Заметка номер 1221 测试 é|#
1222|GROUP-4|407.33333333333333333330|2026-01-01 05:46:14.000|Заметка номер 1222 测试 é|#
1223|GROUP-5|407.66666666666666666660|2026-01-01 05:46:31.000|Заметка номер 1223 测试 é|#
1224|GROUP-6|408.00000000000000000000|2026-01-01 05:46:48.000|Заметка номер 1224 测试 é|#
1225|GROUP-0|408.33333333333333333330|2026-01-01 05:47:05.000|Заметка номер 1225 测试 é|#
1226|GROUP-1|408.66666666666666666660|2026-01-01 05:47:22.000|Заметка номер 1226 测试 é|#
1227|GROUP-2|409.00000000000000000000|2026-01-01 05:47:39.000|Заметка номер 1227 测试 é|#
1228|GROUP-3|409.33333333333333333330|2026-01-01 05:47:56.000|Заметка номер 1228 测试 é|#
1229|GROUP-4|409.66666666666666666660|2026-01-01 05:48:13.000|Заметка номер 1229 测试 é|#
1230|GROUP-5|410.00000000000000000000|2026-01-01 05:48:30.000|Заметка номер 1230 测试 é|#
1231|GROUP-6|410.33333333333333333330|2026-01-01 05:48:47.000|Заметка номер 1231 测试 é|#
1232|GROUP-0|410.66666666666666666660|2026-01-01 05:49:04.000|Заметка номер 1232 测试 é|#
1233|GROUP-1|411.00000000000000000000|2026-01-01 05:49:21.000|Заметка номер 1233 测试 é|#
1234|GROUP-2|411.33333333333333333330|2026-01-01 05:49:38.000|Заметка номер 1234 测试 é|#
1235|GROUP-3|411.66666666666666666660|2026-01-01 05:49:55.000|Заметка номер 1235 测试 é|#
1236|GROUP-4|412.00000000000000000000|2026-01-01 05:50:12.000|Заметка номер 1236 测试 é|#
1237|GROUP-5|412.33333333333333333330|2026-01-01 05:50:29.000|Заметка номер 1237 测试 é|#
1238|GROUP-6|412.66666666666666666660|2026-01-01 05:50:46.000|Заметка номер 1238 测试 é|#
1239|GROUP-0|413.00000000000000000000|2026-01-01 05:51:03.000|Заметка номер 1239 测试 é|#
1240|GROUP-1|413.33333333333333333330|2026-01-01 05:51:20.000|Заметка номер 1240 测试 é|#
1241|GROUP-2|413.66666666666666666660|2026-01-01 05:51:37.000|Заметка номер 1241 测试 é|#
1242|GROUP-3|414.00000000000000000000|2026-01-01 05:51:54.000|Заметка номер 1242 测试 é|#
1243|GROUP-4|414.33333333333333333330|2026-01-01 05:52:11.000|Заметка номер 1243 测试 é|#
1244|GROUP-5|414.66666666666666666660|2026-01-01 05:52:28.000|Заметка номер 1244 测试 é|#
1245|GROUP-6|415.00000000000000000000|2026-01-01 05:52:45.000|Заметка номер 1245 测试 é|#
1246|GROUP-0|415.33333333333333333330|2026-01-01 05:53:02.000|Заметка номер 1246 测试 é|#
1247|GROUP-1|415.66666666666666666660|2026-01-01 05:53:19.000|Заметка номер 1247 测试 é|#
1248|GROUP-2|416.00000000000000000000|2026-01-01 05:53:36.000|Заметка номер 1248 测试 é|#
1249|GROUP-3|416.33333333333333333330|2026-01-01 05:53:53.000|Заметка номер 1249 测试 é|#
1250|GROUP-4|416.66666666666666666660|2026-01-01 05:54:10.000|Заметка номер 1250 测试 é|#
1251|GROUP-5|417.00000000000000000000|2026-01-01 05:54:27.000|Заметка номер 1251 测试 é|#
1252|GROUP-6|417.33333333333333333330|2026-01-01 05:54:44.000|Заметка номер 1252 测试 é|#
1253|GROUP-0|417.66666666666666666660|2026-01-01 05:55:01.000|Заметка номер 1253 测试 é|#
1254|GROUP-1|418.00000000000000000000|2026-01-01 05:55:18.000|Заметка номер 1254 测试 é|#
1255|GROUP-2|418.33333333333333333330|2026-01-01 05:55:35.000|Заметка номер 1255 测试 é|#
1256|GROUP-3|418.66666666666666666660|2026-01-01 05:55:52.000|Заметка номер 1256 测试 é|#
1257|GROUP-4|419.00000000000000000000|2026-01-01 05:56:09.000|Заметка номер 1257 测试 é|#
1258|GROUP-5|419.33333333333333333330|2026-01-01 05:56:26.000|Заметка номер 1258 测试 é|#
1259|GROUP-6|419.66666666666666666660|2026-01-01 05:56:43.000|Заметка номер 1259 测试 é|#
1260|GROUP-0|420.00000000000000000000|2026-01-01 05:57:00.000|Заметка номер 1260 测试 é|#
1261|GROUP-1|420.33333333333333333330|2026-01-01 05:57:17.000|Заметка номер 1261 测试 é|#
1262|GROUP-2|420.66666666666666666660|2026-01-01 05:57:34.000|Заметка номер 1262 测试 é|#
1263|GROUP-3|421.00000000000000000000|2026-01-01 05:57:51.000|Заметка номер 1263 测试 é|#
1264|GROUP-4|421.33333333333333333330|2026-01-01 05:58:08.000|Заметка номер 1264 测试 é|#
1265|GROUP-5|421.66666666666666666660|2026-01-01 05:58:25.000|Заметка номер 1265 测试 é|#
1266|GROUP-6|422.00000000000000000000|2026-01-01 05:58:42.000|Заметка номер 1266 测试 é|#
1267|GROUP-0|422.33333333333333333330|2026-01-01 05:58:59.000|Заметка номер 1267 测试 é|#
1268|GROUP-1|422.66666666666666666660|2026-01-01 05:59:16.000|Заметка номер 1268 测试 é|#
1269|GROUP-2|423.00000000000000000000|2026-01-01 05:59:33.000|Заметка номер 1269 测试 é|#
1270|GROUP-3|423.33333333333333333330|2026-01-01 05:59:50.000|Заметка номер 1270 测试 é|#
1271|GROUP-4|423.66666666666666666660|2026-01-01 06:00:07.000|Заметка номер 1271 测试 é|#
1272|GROUP-5|424.00000000000000000000|2026-01-01 06:00:24.000|Заметка номер 1272 测试 é|#
1273|GROUP-6|424.33333333333333333330|2026-01-01 06:00:41.000|Заметка номер 1273 测试 é|#
1274|GROUP-0|424.66666666666666666660|2026-01-01 06:00:58.000|Заметка номер 1274 测试 é|#
1275|GROUP-1|425.00000000000000000000|2026-01-01 06:01:15.000|Заметка номер 1275 测试 é|#
1276|GROUP-2|425.33333333333333333330|2026-01-01 06:01:32.000|Заметка номер 1276 测试 é|#
1277|GROUP-3|425.66666666666666666660|2026-01-01 06:01:49.000|Заметка номер 1277 测试 é|#
1278|GROUP-4|426.00000000000000000000|2026-01-01 06:02:06.000|Заметка номер 1278 测试 é|#
1279|GROUP-5|426.33333333333333333330|2026-01-01 06:02:23.000|Заметка номер 1279 测试 é|#
1280|GROUP-6|426.66666666666666666660|2026-01-01 06:02:40.000|Заметка номер 1280 测试 é|#
1281|GROUP-0|427.00000000000000000000|2026-01-01 06:02:57.000|Заметка номер 1281 测试 é|#
1282|GROUP-1|427.33333333333333333330|2026-01-01 06:03:14.000|Заметка номер 1282 测试 é|#
1283|GROUP-2|427.66666666666666666660|2026-01-01 06:03:31.000|Заметка номер 1283 测试 é|#
1284|GROUP-3|428.00000000000000000000|2026-01-01 06:03:48.000|Заметка номер 1284 测试 é|#
1285|GROUP-4|428.33333333333333333330|2026-01-01 06:04:05.000|Заметка номер 1285 测试 é|#
1286|GROUP-5|428.66666666666666666660|2026-01-01 06:04:22.000|Заметка номер 1286 测试 é|#
1287|GROUP-6|429.00000000000000000000|2026-01-01 06:04:39.000|Заметка номер 1287 测试 é|#
1288|GROUP-0|429.33333333333333333330|2026-01-01 06:04:56.000|Заметка номер 1288 测试 é|#
1289|GROUP-1|429.66666666666666666660|2026-01-01 06:05:13.000|Заметка номер 1289 测试 é|#
1290|GROUP-2|430.00000000000000000000|2026-01-01 06:05:30.000|Заметка номер 1290 测试 é|#
1291|GROUP-3|430.33333333333333333330|2026-01-01 06:05:47.000|Заметка номер 1291 测试 é|#
1292|GROUP-4|430.66666666666666666660|2026-01-01 06:06:04.000|Заметка номер 1292 测试 é|#
1293|GROUP-5|431.00000000000000000000|2026-01-01 06:06:21.000|Заметка номер 1293 测试 é|#
1294|GROUP-6|431.33333333333333333330|2026-01-01 06:06:38.000|Заметка номер 1294 测试 é|#
1295|GROUP-0|431.66666666666666666660|2026-01-01 06:06:55.000|Заметка номер 1295 测试 é|#
1296|GROUP-1|432.00000000000000000000|2026-01-01 06:07:12.000|Заметка номер 1296 测试 é|#
1297|GROUP-2|432.33333333333333333330|2026-01-01 06:07:29.000|Заметка номер 1297 测试 é|#
1298|GROUP-3|432.66666666666666666660|2026-01-01 06:07:46.000|Заметка номер 1298 测试 é|#
1299|GROUP-4|433.00000000000000000000|2026-01-01 06:08:03.000|Заметка номер 1299 测试 é|#
1300|GROUP-5|433.33333333333333333330|2026-01-01 06:08:20.000|Заметка номер 1300 测试 é|#
1301|GROUP-6|433.66666666666666666660|2026-01-01 06:08:37.000|Заметка номер 1301 测试 é|#
1302|GROUP-0|434.00000000000000000000|2026-01-01 06:08:54.000|Заметка номер 1302 测试 é|#
1303|GROUP-1|434.33333333333333333330|2026-01-01 06:09:11.000|Заметка номер 1303 测试 é|#
1304|GROUP-2|434.66666666666666666660|2026-01-01 06:09:28.000|Заметка номер 1304 测试 é|#
1305|GROUP-3|435.00000000000000000000|2026-01-01 06:09:45.000|Заметка номер 1305 测试 é|#
1306|GROUP-4|435.33333333333333333330|2026-01-01 06:10:02.000|Заметка номер 1306 测试 é|#
1307|GROUP-5|435.66666666666666666660|2026-01-01 06:10:19.000|Заметка номер 1307 测试 é|#
1308|GROUP-6|436.00000000000000000000|2026-01-01 06:10:36.000|Заметка номер 1308 测试 é|#
1309|GROUP-0|436.33333333333333333330|2026-01-01 06:10:53.000|Заметка номер 1309 测试 é|#
1310|GROUP-1|436.66666666666666666660|2026-01-01 06:11:10.000|Заметка номер 1310 测试 é|#
1311|GROUP-2|437.00000000000000000000|2026-01-01 06:11:27.000|Заметка номер 1311 测试 é|#
1312|GROUP-3|437.33333333333333333330|2026-01-01 06:11:44.000|Заметка номер 1312 测试 é|#
1313|GROUP-4|437.66666666666666666660|2026-01-01 06:12:01.000|Заметка номер 1313 测试 é|#
1314|GROUP-5|438.00000000000000000000|2026-01-01 06:12:18.000|Заметка номер 1314 测试 é|#
1315|GROUP-6|438.33333333333333333330|2026-01-01 06:12:35.000|Заметка номер 1315 测试 é|#
1316|GROUP-0|438.66666666666666666660|2026-01-01 06:12:52.000|Заметка номер 1316 测试 é|#
1317|GROUP-1|439.00000000000000000000|2026-01-01 06:13:09.000|Заметка номер 1317 测试 é|#
1318|GROUP-2|439.33333333333333333330|2026-01-01 06:13:26.000|Заметка номер 1318 测试 é|#
1319|GROUP-3|439.66666666666666666660|2026-01-01 06:13:43.000|Заметка номер 1319 测试 é|#
1320|GROUP-4|440.00000000000000000000|2026-01-01 06:14:00.000|Заметка номер 1320 测试 é|#
1321|GROUP-5|440.33333333333333333330|2026-01-01 06:14:17.000|Заметка номер 1321 测试 é|#
1322|GROUP-6|440.66666666666666666660|2026-01-01 06:14:34.000|Заметка номер 1322 测试 é|#
1323|GROUP-0|441.00000000000000000000|2026-01-01 06:14:51.000|Заметка номер 1323 测试 é|#
1324|GROUP-1|441.33333333333333333330|2026-01-01 06:15:08.000|Заметка номер 1324 测试 é|#
1325|GROUP-2|441.66666666666666666660|2026-01-01 06:15:25.000|Заметка номер 1325 测试 é|#
1326|GROUP-3|442.00000000000000000000|2026-01-01 06:15:42.000|Заметка номер 1326 测试 é|#
1327|GROUP-4|442.33333333333333333330|2026-01-01 06:15:59.000|Заметка номер 1327 测试 é|#
1328|GROUP-5|442.66666666666666666660|2026-01-01 06:16:16.000|Заметка номер 1328 测试 é|#
1329|GROUP-6|443.00000000000000000000|2026-01-01 06:16:33.000|Заметка номер 1329 测试 é|#
1330|GROUP-0|443.33333333333333333330|2026-01-01 06:16:50.000|Заметка номер 1330 测试 é|#
1331|GROUP-1|443.66666666666666666660|2026-01-01 06:17:07.000|Заметка номер 1331 测试 é|#
1332|GROUP-2|444.00000000000000000000|2026-01-01 06:17:24.000|Заметка номер 1332 测试 é|#
1333|GROUP-3|444.33333333333333333330|2026-01-01 06:17:41.000|Заметка номер 1333 测试 é|#
1334|GROUP-4|444.66666666666666666660|2026-01-01 06:17:58.000|Заметка номер 1334 测试 é|#
1335|GROUP-5|445.00000000000000000000|2026-01-01 06:18:15.000|Заметка номер 1335 测试 é|#
1336|GROUP-6|445.33333333333333333330|2026-01-01 06:18:32.000|Заметка номер 1336 测试 é|#
1337|GROUP-0|445.66666666666666666660|2026-01-01 06:18:49.000|Заметка номер 1337 测试 é|#
1338|GROUP-1|446.00000000000000000000|2026-01-01 06:19:06.000|Заметка номер 1338 测试 é|#
1339|GROUP-2|446.33333333333333333330|2026-01-01 06:19:23.000|Заметка номер 1339 测试 é|#
1340|GROUP-3|446.66666666666666666660|2026-01-01 06:19:40.000|Заметка номер 1340 测试 é|#
1341|GROUP-4|447.00000000000000000000|2026-01-01 06:19:57.000|Заметка номер 1341 测试 é|#
1342|GROUP-5|447.33333333333333333330|2026-01-01 06:20:14.000|Заметка номер 1342 测试 é|#
1343|GROUP-6|447.66666666666666666660|2026-01-01 06:20:31.000|Заметка номер 1343 测试 é|#
1344|GROUP-0|448.00000000000000000000|2026-01-01 06:20:48.000|Заметка номер 1344 测试 é|#
1345|GROUP-1|448.33333333333333333330|2026-01-01 06:21:05.000|Заметка номер 1345 测试 é|#
1346|GROUP-2|448.66666666666666666660|2026-01-01 06:21:22.000|Заметка номер 1346 测试 é|#
1347|GROUP-3|449.00000000000000000000|2026-01-01 06:21:39.000|Заметка номер 1347 测试 é|#
1348|GROUP-4|449.33333333333333333330|2026-01-01 06:21:56.000|Заметка номер 1348 测试 é|#
1349|GROUP-5|449.66666666666666666660|2026-01-01 06:22:13.000|Заметка номер 1349 测试 é|#
1350|GROUP-6|450.00000000000000000000|2026-01-01 06:22:30.000|Заметка номер 1350 测试 é|#
1351|GROUP-0|450.33333333333333333330|2026-01-01 06:22:47.000|Заметка номер 1351 测试 é|#
1352|GROUP-1|450.66666666666666666660|2026-01-01 06:23:04.000|Заметка номер 1352 测试 é|#
1353|GROUP-2|451.00000000000000000000|2026-01-01 06:23:21.000|Заметка номер 1353 测试 é|#
1354|GROUP-3|451.33333333333333333330|2026-01-01 06:23:38.000|Заметка номер 1354 测试 é|#
1355|GROUP-4|451.66666666666666666660|2026-01-01 06:23:55.000|Заметка номер 1355 测试 é|#
1356|GROUP-5|452.00000000000000000000|2026-01-01 06:24:12.000|Заметка номер 1356 测试 é|#
1357|GROUP-6|452.33333333333333333330|2026-01-01 06:24:29.000|Заметка номер 1357 测试 é|#
1358|GROUP-0|452.66666666666666666660|2026-01-01 06:24:46.000|Заметка номер 1358 测试 é|#
1359|GROUP-1|453.00000000000000000000|2026-01-01 06:25:03.000|Заметка номер 1359 测试 é|#
1360|GROUP-2|453.33333333333333333330|2026-01-01 06:25:20.000|Заметка номер 1360 测试 é|#
1361|GROUP-3|453.66666666666666666660|2026-01-01 06:25:37.000|Заметка номер 1361 测试 é|#
1362|GROUP-4|454.00000000000000000000|2026-01-01 06:25:54.000|Заметка номер 1362 测试 é|#
1363|GROUP-5|454.33333333333333333330|2026-01-01 06:26:11.000|Заметка номер 1363 测试 é|#
1364|GROUP-6|454.66666666666666666660|2026-01-01 06:26:28.000|Заметка номер 1364 测试 é|#
1365|GROUP-0|455.00000000000000000000|2026-01-01 06:26:45.000|Заметка номер 1365 测试 é|#
1366|GROUP-1|455.33333333333333333330|2026-01-01 06:27:02.000|Заметка номер 1366 测试 é|#
1367|GROUP-2|455.66666666666666666660|2026-01-01 06:27:19.000|Заметка номер 1367 测试 é|#
1368|GROUP-3|456.00000000000000000000|2026-01-01 06:27:36.000|Заметка номер 1368 测试 é|#
1369|GROUP-4|456.33333333333333333330|2026-01-01 06:27:53.000|Заметка номер 1369 测试 é|#
1370|GROUP-5|456.66666666666666666660|2026-01-01 06:28:10.000|Заметка номер 1370 测试 é|#
1371|GROUP-6|457.00000000000000000000|2026-01-01 06:28:27.000|Заметка номер 1371 测试 é|#
1372|GROUP-0|457.33333333333333333330|2026-01-01 06:28:44.000|Заметка номер 1372 测试 é|#
1373|GROUP-1|457.66666666666666666660|2026-01-01 06:29:01.000|Заметка номер 1373 测试 é|#
1374|GROUP-2|458.00000000000000000000|2026-01-01 06:29:18.000|Заметка номер 1374 测试 é|#
1375|GROUP-3|458.33333333333333333330|2026-01-01 06:29:35.000|Заметка номер 1375 测试 é|#
1376|GROUP-4|458.66666666666666666660|2026-01-01 06:29:52.000|Заметка номер 1376 测试 é|#
1377|GROUP-5|459.00000000000000000000|2026-01-01 06:30:09.000|Заметка номер 1377 测试 é|#
1378|GROUP-6|459.33333333333333333330|2026-01-01 06:30:26.000|Заметка номер 1378 测试 é|#
1379|GROUP-0|459.66666666666666666660|2026-01-01 06:30:43.000|Заметка номер 1379 测试 é|#
1380|GROUP-1|460.00000000000000000000|2026-01-01 06:31:00.000|Заметка номер 1380 测试 é|#
1381|GROUP-2|460.33333333333333333330|2026-01-01 06:31:17.000|Заметка номер 1381 测试 é|#
1382|GROUP-3|460.66666666666666666660|2026-01-01 06:31:34.000|Заметка номер 1382 测试 é|#
1383|GROUP-4|461.00000000000000000000|2026-01-01 06:31:51.000|Заметка номер 1383 测试 é|#
1384|GROUP-5|461.33333333333333333330|2026-01-01 06:32:08.000|Заметка номер 1384 测试 é|#
1385|GROUP-6|461.66666666666666666660|2026-01-01 06:32:25.000|Заметка номер 1385 测试 é|#
1386|GROUP-0|462.00000000000000000000|2026-01-01 06:32:42.000|Заметка номер 1386 测试 é|#
1387|GROUP-1|462.33333333333333333330|2026-01-01 06:32:59.000|Заметка номер 1387 测试 é|#
1388|GROUP-2|462.66666666666666666660|2026-01-01 06:33:16.000|Заметка номер 1388 测试 é|#
1389|GROUP-3|463.00000000000000000000|2026-01-01 06:33:33.000|Заметка номер 1389 测试 é|#
1390|GROUP-4|463.33333333333333333330|2026-01-01 06:33:50.000|Заметка номер 1390 测试 é|#
1391|GROUP-5|463.66666666666666666660|2026-01-01 06:34:07.000|Заметка номер 1391 测试 é|#
1392|GROUP-6|464.00000000000000000000|2026-01-01 06:34:24.000|Заметка номер 1392 测试 é|#
1393|GROUP-0|464.33333333333333333330|2026-01-01 06:34:41.000|Заметка номер 1393 测试 é|#
1394|GROUP-1|464.66666666666666666660|2026-01-01 06:34:58.000|Заметка номер 1394 测试 é|#
1395|GROUP-2|465.00000000000000000000|2026-01-01 06:35:15.000|Заметка номер 1395 测试 é|#
1396|GROUP-3|465.33333333333333333330|2026-01-01 06:35:32.000|Заметка номер 1396 测试 é|#
1397|GROUP-4|465.66666666666666666660|2026-01-01 06:35:49.000|Заметка номер 1397 测试 é|#
1398|GROUP-5|466.00000000000000000000|2026-01-01 06:36:06.000|Заметка номер 1398 测试 é|#
1399|GROUP-6|466.33333333333333333330|2026-01-01 06:36:23.000|Заметка номер 1399 测试 é|#
1400|GROUP-0|466.66666666666666666660|2026-01-01 06:36:40.000|Заметка номер 1400 测试 é|#
1401|GROUP-1|467.00000000000000000000|2026-01-01 06:36:57.000|Заметка номер 1401 测试 é|#
1402|GROUP-2|467.33333333333333333330|2026-01-01 06:37:14.000|Заметка номер 1402 测试 é|#
1403|GROUP-3|467.66666666666666666660|2026-01-01 06:37:31.000|Заметка номер 1403 测试 é|#
1404|GROUP-4|468.00000000000000000000|2026-01-01 06:37:48.000|Заметка номер 1404 测试 é|#
1405|GROUP-5|468.33333333333333333330|2026-01-01 06:38:05.000|Заметка номер 1405 测试 é|#
1406|GROUP-6|468.66666666666666666660|2026-01-01 06:38:22.000|Заметка номер 1406 测试 é|#
1407|GROUP-0|469.00000000000000000000|2026-01-01 06:38:39.000|Заметка номер 1407 测试 é|#
1408|GROUP-1|469.33333333333333333330|2026-01-01 06:38:56.000|Заметка номер 1408 测试 é|#
1409|GROUP-2|469.66666666666666666660|2026-01-01 06:39:13.000|Заметка номер 1409 测试 é|#
1410|GROUP-3|470.00000000000000000000|2026-01-01 06:39:30.000|Заметка номер 1410 测试 é|#
1411|GROUP-4|470.33333333333333333330|2026-01-01 06:39:47.000|Заметка номер 1411 测试 é|#
1412|GROUP-5|470.66666666666666666660|2026-01-01 06:40:04.000|Заметка номер 1412 测试 é|#
1413|GROUP-6|471.00000000000000000000|2026-01-01 06:40:21.000|Заметка номер 1413 测试 é|#
1414|GROUP-0|471.33333333333333333330|2026-01-01 06:40:38.000|Заметка номер 1414 测试 é|#
1415|GROUP-1|471.66666666666666666660|2026-01-01 06:40:55.000|Заметка номер 1415 测试 é|#
1416|GROUP-2|472.00000000000000000000|2026-01-01 06:41:12.000|Заметка номер 1416 测试 é|#
1417|GROUP-3|472.33333333333333333330|2026-01-01 06:41:29.000|Заметка номер 1417 测试 é|#
1418|GROUP-4|472.66666666666666666660|2026-01-01 06:41:46.000|Заметка номер 1418 测试 é|#
1419|GROUP-5|473.00000000000000000000|2026-01-01 06:42:03.000|Заметка номер 1419 测试 é|#
1420|GROUP-6|473.33333333333333333330|2026-01-01 06:42:20.000|Заметка номер 1420 测试 é|#
1421|GROUP-0|473.66666666666666666660|2026-01-01 06:42:37.000|Заметка номер 1421 测试 é|#
1422|GROUP-1|474.00000000000000000000|2026-01-01 06:42:54.000|Заметка номер 1422 测试 é|#
1423|GROUP-2|474.33333333333333333330|2026-01-01 06:43:11.000|Заметка номер 1423 测试 é|#
1424|GROUP-3|474.66666666666666666660|2026-01-01 06:43:28.000|Заметка номер 1424 测试 é|#
1425|GROUP-4|475.00000000000000000000|2026-01-01 06:43:45.000|Заметка номер 1425 测试 é|#
1426|GROUP-5|475.33333333333333333330|2026-01-01 06:44:02.000|Заметка номер 1426 测试 é|#
1427|GROUP-6|475.66666666666666666660|2026-01-01 06:44:19.000|Заметка номер 1427 测试 é|#
1428|GROUP-0|476.00000000000000000000|2026-01-01 06:44:36.000|Заметка номер 1428 测试 é|#
1429|GROUP-1|476.33333333333333333330|2026-01-01 06:44:53.000|Заметка номер 1429 测试 é|#
1430|GROUP-2|476.66666666666666666660|2026-01-01 06:45:10.000|Заметка номер 1430 测试 é|#
1431|GROUP-3|477.00000000000000000000|2026-01-01 06:45:27.000|Заметка номер 1431 测试 é|#
1432|GROUP-4|477.33333333333333333330|2026-01-01 06:45:44.000|Заметка номер 1432 测试 é|#
1433|GROUP-5|477.66666666666666666660|2026-01-01 06:46:01.000|Заметка номер 1433 测试 é|#
1434|GROUP-6|478.00000000000000000000|2026-01-01 06:46:18.000|Заметка номер 1434 测试 é|#
1435|GROUP-0|478.33333333333333333330|2026-01-01 06:46:35.000|Заметка номер 1435 测试 é|#
1436|GROUP-1|478.66666666666666666660|2026-01-01 06:46:52.000|Заметка номер 1436 测试 é|#
1437|GROUP-2|479.00000000000000000000|2026-01-01 06:47:09.000|Заметка номер 1437 测试 é|#
1438|GROUP-3|479.33333333333333333330|2026-01-01 06:47:26.000|Заметка номер 1438 测试 é|#
1439|GROUP-4|479.66666666666666666660|2026-01-01 06:47:43.000|Заметка номер 1439 测试 é|#
1440|GROUP-5|480.00000000000000000000|2026-01-01 06:48:00.000|Заметка номер 1440 测试 é|#
1441|GROUP-6|480.33333333333333333330|2026-01-01 06:48:17.000|Заметка номер 1441 测试 é|#
1442|GROUP-0|480.66666666666666666660|2026-01-01 06:48:34.000|Заметка номер 1442 测试 é|#
1443|GROUP-1|481.00000000000000000000|2026-01-01 06:48:51.000|Заметка номер 1443 测试 é|#
1444|GROUP-2|481.33333333333333333330|2026-01-01 06:49:08.000|Заметка номер 1444 测试 é|#
1445|GROUP-3|481.66666666666666666660|2026-01-01 06:49:25.000|Заметка номер 1445 测试 é|#
1446|GROUP-4|482.00000000000000000000|2026-01-01 06:49:42.000|Заметка номер 1446 测试 é|#
1447|GROUP-5|482.33333333333333333330|2026-01-01 06:49:59.000|Заметка номер 1447 测试 é|#
1448|GROUP-6|482.66666666666666666660|2026-01-01 06:50:16.000|Заметка номер 1448 测试 é|#
1449|GROUP-0|483.00000000000000000000|2026-01-01 06:50:33.000|Заметка номер 1449 测试 é|#
1450|GROUP-1|483.33333333333333333330|2026-01-01 06:50:50.000|Заметка номер 1450 测试 é|#
1451|GROUP-2|483.66666666666666666660|2026-01-01 06:51:07.000|Заметка номер 1451 测试 é|#
1452|GROUP-3|484.00000000000000000000|2026-01-01 06:51:24.000|Заметка номер 1452 测试 é|#
1453|GROUP-4|484.33333333333333333330|2026-01-01 06:51:41.000|Заметка номер 1453 测试 é|#
1454|GROUP-5|484.66666666666666666660|2026-01-01 06:51:58.000|Заметка номер 1454 测试 é|#
1455|GROUP-6|485.00000000000000000000|2026-01-01 06:52:15.000|Заметка номер 1455 测试 é|#
1456|GROUP-0|485.33333333333333333330|2026-01-01 06:52:32.000|Заметка номер 1456 测试 é|#
1457|GROUP-1|485.66666666666666666660|2026-01-01 06:52:49.000|Заметка номер 1457 测试 é|#
1458|GROUP-2|486.00000000000000000000|2026-01-01 06:53:06.000|Заметка номер 1458 测试 é|#
1459|GROUP-3|486.33333333333333333330|2026-01-01 06:53:23.000|Заметка номер 1459 测试 é|#
1460|GROUP-4|486.66666666666666666660|2026-01-01 06:53:40.000|Заметка номер 1460 测试 é|#
1461|GROUP-5|487.00000000000000000000|2026-01-01 06:53:57.000|Заметка номер 1461 测试 é|#
1462|GROUP-6|487.33333333333333333330|2026-01-01 06:54:14.000|Заметка номер 1462 测试 é|#
1463|GROUP-0|487.66666666666666666660|2026-01-01 06:54:31.000|Заметка номер 1463 测试 é|#
1464|GROUP-1|488.00000000000000000000|2026-01-01 06:54:48.000|Заметка номер 1464 测试 é|#
1465|GROUP-2|488.33333333333333333330|2026-01-01 06:55:05.000|Заметка номер 1465 测试 é|#
1466|GROUP-3|488.66666666666666666660|2026-01-01 06:55:22.000|Заметка номер 1466 测试 é|#
1467|GROUP-4|489.00000000000000000000|2026-01-01 06:55:39.000|Заметка номер 1467 测试 é|#
1468|GROUP-5|489.33333333333333333330|2026-01-01 06:55:56.000|Заметка номер 1468 测试 é|#
1469|GROUP-6|489.66666666666666666660|2026-01-01 06:56:13.000|Заметка номер 1469 测试 é|#
1470|GROUP-0|490.00000000000000000000|2026-01-01 06:56:30.000|Заметка номер 1470 测试 é|#
1471|GROUP-1|490.33333333333333333330|2026-01-01 06:56:47.000|Заметка номер 1471 测试 é|#
1472|GROUP-2|490.66666666666666666660|2026-01-01 06:57:04.000|Заметка номер 1472 测试 é|#
1473|GROUP-3|491.00000000000000000000|2026-01-01 06:57:21.000|Заметка номер 1473 测试 é|#
1474|GROUP-4|491.33333333333333333330|2026-01-01 06:57:38.000|Заметка номер 1474 测试 é|#
1475|GROUP-5|491.66666666666666666660|2026-01-01 06:57:55.000|Заметка номер 1475 测试 é|#
1476|GROUP-6|492.00000000000000000000|2026-01-01 06:58:12.000|Заметка номер 1476 测试 é|#
1477|GROUP-0|492.33333333333333333330|2026-01-01 06:58:29.000|Заметка номер 1477 测试 é|#
1478|GROUP-1|492.66666666666666666660|2026-01-01 06:58:46.000|Заметка номер 1478 测试 é|#
1479|GROUP-2|493.00000000000000000000|2026-01-01 06:59:03.000|Заметка номер 1479 测试 é|#
1480|GROUP-3|493.33333333333333333330|2026-01-01 06:59:20.000|Заметка номер 1480 测试 é|#
1481|GROUP-4|493.66666666666666666660|2026-01-01 06:59:37.000|Заметка номер 1481 测试 é|#
1482|GROUP-5|494.00000000000000000000|2026-01-01 06:59:54.000|Заметка номер 1482 测试 é|#
1483|GROUP-6|494.33333333333333333330|2026-01-01 07:00:11.000|Заметка номер 1483 测试 é|#
1484|GROUP-0|494.66666666666666666660|2026-01-01 07:00:28.000|Заметка номер 1484 测试 é|#
1485|GROUP-1|495.00000000000000000000|2026-01-01 07:00:45.000|Заметка номер 1485 测试 é|#
1486|GROUP-2|495.33333333333333333330|2026-01-01 07:01:02.000|Заметка номер 1486 测试 é|#
1487|GROUP-3|495.66666666666666666660|2026-01-01 07:01:19.000|Заметка номер 1487 测试 é|#
1488|GROUP-4|496.00000000000000000000|2026-01-01 07:01:36.000|Заметка номер 1488 测试 é|#
1489|GROUP-5|496.33333333333333333330|2026-01-01 07:01:53.000|Заметка номер 1489 测试 é|#
1490|GROUP-6|496.66666666666666666660|2026-01-01 07:02:10.000|Заметка номер 1490 测试 é|#
1491|GROUP-0|497.00000000000000000000|2026-01-01 07:02:27.000|Заметка номер 1491 测试 é|#
1492|GROUP-1|497.33333333333333333330|2026-01-01 07:02:44.000|Заметка номер 1492 测试 é|#
1493|GROUP-2|497.66666666666666666660|2026-01-01 07:03:01.000|Заметка номер 1493 测试 é|#
1494|GROUP-3|498.00000000000000000000|2026-01-01 07:03:18.000|Заметка номер 1494 测试 é|#
1495|GROUP-4|498.33333333333333333330|2026-01-01 07:03:35.000|Заметка номер 1495 测试 é|#
1496|GROUP-5|498.66666666666666666660|2026-01-01 07:03:52.000|Заметка номер 1496 测试 é|#
1497|GROUP-6|499.00000000000000000000|2026-01-01 07:04:09.000|Заметка номер 1497 测试 é|#
1498|GROUP-0|499.33333333333333333330|2026-01-01 07:04:26.000|Заметка номер 1498 测试 é|#
1499|GROUP-1|499.66666666666666666660|2026-01-01 07:04:43.000|Заметка номер 1499 测试 é|#
1500|GROUP-2|500.00000000000000000000|2026-01-01 07:05:00.000|Заметка номер 1500 测试 é|#
1501|GROUP-3|500.33333333333333333330|2026-01-01 07:05:17.000|Заметка номер 1501 测试 é|#
1502|GROUP-4|500.66666666666666666660|2026-01-01 07:05:34.000|Заметка номер 1502 测试 é|#
1503|GROUP-5|501.00000000000000000000|2026-01-01 07:05:51.000|Заметка номер 1503 测试 é|#
1504|GROUP-6|501.33333333333333333330|2026-01-01 07:06:08.000|Заметка номер 1504 测试 é|#
1505|GROUP-0|501.66666666666666666660|2026-01-01 07:06:25.000|Заметка номер 1505 测试 é|#
1506|GROUP-1|502.00000000000000000000|2026-01-01 07:06:42.000|Заметка номер 1506 测试 é|#
1507|GROUP-2|502.33333333333333333330|2026-01-01 07:06:59.000|Заметка номер 1507 测试 é|#
1508|GROUP-3|502.66666666666666666660|2026-01-01 07:07:16.000|Заметка номер 1508 测试 é|#
1509|GROUP-4|503.00000000000000000000|2026-01-01 07:07:33.000|Заметка номер 1509 测试 é|#
1510|GROUP-5|503.33333333333333333330|2026-01-01 07:07:50.000|Заметка номер 1510 测试 é|#
1511|GROUP-6|503.66666666666666666660|2026-01-01 07:08:07.000|Заметка номер 1511 测试 é|#
1512|GROUP-0|504.00000000000000000000|2026-01-01 07:08:24.000|Заметка номер 1512 测试 é|#
1513|GROUP-1|504.33333333333333333330|2026-01-01 07:08:41.000|Заметка номер 1513 测试 é|#
1514|GROUP-2|504.66666666666666666660|2026-01-01 07:08:58.000|Заметка номер 1514 测试 é|#
1515|GROUP-3|505.00000000000000000000|2026-01-01 07:09:15.000|Заметка номер 1515 测试 é|#
1516|GROUP-4|505.33333333333333333330|2026-01-01 07:09:32.000|Заметка номер 1516 测试 é|#
1517|GROUP-5|505.66666666666666666660|2026-01-01 07:09:49.000|Заметка номер 1517 测试 é|#
1518|GROUP-6|506.00000000000000000000|2026-01-01 07:10:06.000|Заметка номер 1518 测试 é|#
1519|GROUP-0|506.33333333333333333330|2026-01-01 07:10:23.000|Заметка номер 1519 测试 é|#
1520|GROUP-1|506.66666666666666666660|2026-01-01 07:10:40.000|Заметка номер 1520 测试 é|#
1521|GROUP-2|507.00000000000000000000|2026-01-01 07:10:57.000|Заметка номер 1521 测试 é|#
1522|GROUP-3|507.33333333333333333330|2026-01-01 07:11:14.000|Заметка номер 1522 测试 é|#
1523|GROUP-4|507.66666666666666666660|2026-01-01 07:11:31.000|Заметка номер 1523 测试 é|#
1524|GROUP-5|508.00000000000000000000|2026-01-01 07:11:48.000|Заметка номер 1524 测试 é|#
1525|GROUP-6|508.33333333333333333330|2026-01-01 07:12:05.000|Заметка номер 1525 测试 é|#
1526|GROUP-0|508.66666666666666666660|2026-01-01 07:12:22.000|Заметка номер 1526 测试 é|#
1527|GROUP-1|509.00000000000000000000|2026-01-01 07:12:39.000|Заметка номер 1527 测试 é|#
1528|GROUP-2|509.33333333333333333330|2026-01-01 07:12:56.000|Заметка номер 1528 测试 é|#
1529|GROUP-3|509.66666666666666666660|2026-01-01 07:13:13.000|Заметка номер 1529 测试 é|#
1530|GROUP-4|510.00000000000000000000|2026-01-01 07:13:30.000|Заметка номер 1530 测试 é|#
1531|GROUP-5|510.33333333333333333330|2026-01-01 07:13:47.000|Заметка номер 1531 测试 é|#
1532|GROUP-6|510.66666666666666666660|2026-01-01 07:14:04.000|Заметка номер 1532 测试 é|#
1533|GROUP-0|511.00000000000000000000|2026-01-01 07:14:21.000|Заметка номер 1533 测试 é|#
1534|GROUP-1|511.33333333333333333330|2026-01-01 07:14:38.000|Заметка номер 1534 测试 é|#
1535|GROUP-2|511.66666666666666666660|2026-01-01 07:14:55.000|Заметка номер 1535 测试 é|#
1536|GROUP-3|512.00000000000000000000|2026-01-01 07:15:12.000|Заметка номер 1536 测试 é|#
1537|GROUP-4|512.33333333333333333330|2026-01-01 07:15:29.000|Заметка номер 1537 测试 é|#
1538|GROUP-5|512.66666666666666666660|2026-01-01 07:15:46.000|Заметка номер 1538 测试 é|#
1539|GROUP-6|513.00000000000000000000|2026-01-01 07:16:03.000|Заметка номер 1539 测试 é|#
1540|GROUP-0|513.33333333333333333330|2026-01-01 07:16:20.000|Заметка номер 1540 测试 é|#
1541|GROUP-1|513.66666666666666666660|2026-01-01 07:16:37.000|Заметка номер 1541 测试 é|#
1542|GROUP-2|514.00000000000000000000|2026-01-01 07:16:54.000|Заметка номер 1542 测试 é|#
1543|GROUP-3|514.33333333333333333330|2026-01-01 07:17:11.000|Заметка номер 1543 测试 é|#
1544|GROUP-4|514.66666666666666666660|2026-01-01 07:17:28.000|Заметка номер 1544 测试 é|#
1545|GROUP-5|515.00000000000000000000|2026-01-01 07:17:45.000|Заметка номер 1545 测试 é|#
1546|GROUP-6|515.33333333333333333330|2026-01-01 07:18:02.000|Заметка номер 1546 测试 é|#
1547|GROUP-0|515.66666666666666666660|2026-01-01 07:18:19.000|Заметка номер 1547 测试 é|#
1548|GROUP-1|516.00000000000000000000|2026-01-01 07:18:36.000|Заметка номер 1548 测试 é|#
1549|GROUP-2|516.33333333333333333330|2026-01-01 07:18:53.000|Заметка номер 1549 测试 é|#
1550|GROUP-3|516.66666666666666666660|2026-01-01 07:19:10.000|Заметка номер 1550 测试 é|#
1551|GROUP-4|517.00000000000000000000|2026-01-01 07:19:27.000|Заметка номер 1551 测试 é|#
1552|GROUP-5|517.33333333333333333330|2026-01-01 07:19:44.000|Заметка номер 1552 测试 é|#
1553|GROUP-6|517.66666666666666666660|2026-01-01 07:20:01.000|Заметка номер 1553 测试 é|#
1554|GROUP-0|518.00000000000000000000|2026-01-01 07:20:18.000|Заметка номер 1554 测试 é|#
1555|GROUP-1|518.33333333333333333330|2026-01-01 07:20:35.000|Заметка номер 1555 测试 é|#
1556|GROUP-2|518.66666666666666666660|2026-01-01 07:20:52.000|Заметка номер 1556 测试 é|#
1557|GROUP-3|519.00000000000000000000|2026-01-01 07:21:09.000|Заметка номер 1557 测试 é|#
1558|GROUP-4|519.33333333333333333330|2026-01-01 07:21:26.000|Заметка номер 1558 测试 é|#
1559|GROUP-5|519.66666666666666666660|2026-01-01 07:21:43.000|Заметка номер 1559 测试 é|#
1560|GROUP-6|520.00000000000000000000|2026-01-01 07:22:00.000|Заметка номер 1560 测试 é|#
1561|GROUP-0|520.33333333333333333330|2026-01-01 07:22:17.000|Заметка номер 1561 测试 é|#
1562|GROUP-1|520.66666666666666666660|2026-01-01 07:22:34.000|Заметка номер 1562 测试 é|#
1563|GROUP-2|521.00000000000000000000|2026-01-01 07:22:51.000|Заметка номер 1563 测试 é|#
1564|GROUP-3|521.33333333333333333330|2026-01-01 07:23:08.000|Заметка номер 1564 测试 é|#
1565|GROUP-4|521.66666666666666666660|2026-01-01 07:23:25.000|Заметка номер 1565 测试 é|#
1566|GROUP-5|522.00000000000000000000|2026-01-01 07:23:42.000|Заметка номер 1566 测试 é|#
1567|GROUP-6|522.33333333333333333330|2026-01-01 07:23:59.000|Заметка номер 1567 测试 é|#
1568|GROUP-0|522.66666666666666666660|2026-01-01 07:24:16.000|Заметка номер 1568 测试 é|#
1569|GROUP-1|523.00000000000000000000|2026-01-01 07:24:33.000|Заметка номер 1569 测试 é|#
1570|GROUP-2|523.33333333333333333330|2026-01-01 07:24:50.000|Заметка номер 1570 测试 é|#
1571|GROUP-3|523.66666666666666666660|2026-01-01 07:25:07.000|Заметка номер 1571 测试 é|#
1572|GROUP-4|524.00000000000000000000|2026-01-01 07:25:24.000|Заметка номер 1572 测试 é|#
1573|GROUP-5|524.33333333333333333330|2026-01-01 07:25:41.000|Заметка номер 1573 测试 é|#
1574|GROUP-6|524.66666666666666666660|2026-01-01 07:25:58.000|Заметка номер 1574 测试 é|#
1575|GROUP-0|525.00000000000000000000|2026-01-01 07:26:15.000|Заметка номер 1575 测试 é|#
1576|GROUP-1|525.33333333333333333330|2026-01-01 07:26:32.000|Заметка номер 1576 测试 é|#
1577|GROUP-2|525.66666666666666666660|2026-01-01 07:26:49.000|Заметка номер 1577 测试 é|#
1578|GROUP-3|526.00000000000000000000|2026-01-01 07:27:06.000|Заметка номер 1578 测试 é|#
1579|GROUP-4|526.33333333333333333330|2026-01-01 07:27:23.000|Заметка номер 1579 测试 é|#
1580|GROUP-5|526.66666666666666666660|2026-01-01 07:27:40.000|Заметка номер 1580 测试 é|#
1581|GROUP-6|527.00000000000000000000|2026-01-01 07:27:57.000|Заметка номер 1581 测试 é|#
1582|GROUP-0|527.33333333333333333330|2026-01-01 07:28:14.000|Заметка номер 1582 测试 é|#
1583|GROUP-1|527.66666666666666666660|2026-01-01 07:28:31.000|Заметка номер 1583 测试 é|#
1584|GROUP-2|528.00000000000000000000|2026-01-01 07:28:48.000|Заметка номер 1584 测试 é|#
1585|GROUP-3|528.33333333333333333330|2026-01-01 07:29:05.000|Заметка номер 1585 测试 é|#
1586|GROUP-4|528.66666666666666666660|2026-01-01 07:29:22.000|Заметка номер 1586 测试 é|#
1587|GROUP-5|529.00000000000000000000|2026-01-01 07:29:39.000|Заметка номер 1587 测试 é|#
1588|GROUP-6|529.33333333333333333330|2026-01-01 07:29:56.000|Заметка номер 1588 测试 é|#
1589|GROUP-0|529.66666666666666666660|2026-01-01 07:30:13.000|Заметка номер 1589 测试 é|#
1590|GROUP-1|530.00000000000000000000|2026-01-01 07:30:30.000|Заметка номер 1590 测试 é|#
1591|GROUP-2|530.33333333333333333330|2026-01-01 07:30:47.000|Заметка номер 1591 测试 é|#
1592|GROUP-3|530.66666666666666666660|2026-01-01 07:31:04.000|Заметка номер 1592 测试 é|#
1593|GROUP-4|531.00000000000000000000|2026-01-01 07:31:21.000|Заметка номер 1593 测试 é|#
1594|GROUP-5|531.33333333333333333330|2026-01-01 07:31:38.000|Заметка номер 1594 测试 é|#
1595|GROUP-6|531.66666666666666666660|2026-01-01 07:31:55.000|Заметка номер 1595 测试 é|#
1596|GROUP-0|532.00000000000000000000|2026-01-01 07:32:12.000|Заметка номер 1596 测试 é|#
1597|GROUP-1|532.33333333333333333330|2026-01-01 07:32:29.000|Заметка номер 1597 测试 é|#
1598|GROUP-2|532.66666666666666666660|2026-01-01 07:32:46.000|Заметка номер 1598 测试 é|#
1599|GROUP-3|533.00000000000000000000|2026-01-01 07:33:03.000|Заметка номер 1599 测试 é|#
1600|GROUP-4|533.33333333333333333330|2026-01-01 07:33:20.000|Заметка номер 1600 测试 é|#
1601|GROUP-5|533.66666666666666666660|2026-01-01 07:33:37.000|Заметка номер 1601 测试 é|#
1602|GROUP-6|534.00000000000000000000|2026-01-01 07:33:54.000|Заметка номер 1602 测试 é|#
1603|GROUP-0|534.33333333333333333330|2026-01-01 07:34:11.000|Заметка номер 1603 测试 é|#
1604|GROUP-1|534.66666666666666666660|2026-01-01 07:34:28.000|Заметка номер 1604 测试 é|#
1605|GROUP-2|535.00000000000000000000|2026-01-01 07:34:45.000|Заметка номер 1605 测试 é|#
1606|GROUP-3|535.33333333333333333330|2026-01-01 07:35:02.000|Заметка номер 1606 测试 é|#
1607|GROUP-4|535.66666666666666666660|2026-01-01 07:35:19.000|Заметка номер 1607 测试 é|#
1608|GROUP-5|536.00000000000000000000|2026-01-01 07:35:36.000|Заметка номер 1608 测试 é|#
1609|GROUP-6|536.33333333333333333330|2026-01-01 07:35:53.000|Заметка номер 1609 测试 é|#
1610|GROUP-0|536.66666666666666666660|2026-01-01 07:36:10.000|Заметка номер 1610 测试 é|#
1611|GROUP-1|537.00000000000000000000|2026-01-01 07:36:27.000|Заметка номер 1611 测试 é|#
1612|GROUP-2|537.33333333333333333330|2026-01-01 07:36:44.000|Заметка номер 1612 测试 é|#
1613|GROUP-3|537.66666666666666666660|2026-01-01 07:37:01.000|Заметка номер 1613 测试 é|#
1614|GROUP-4|538.00000000000000000000|2026-01-01 07:37:18.000|Заметка номер 1614 测试 é|#
1615|GROUP-5|538.33333333333333333330|2026-01-01 07:37:35.000|Заметка номер 1615 测试 é|#
1616|GROUP-6|538.66666666666666666660|2026-01-01 07:37:52.000|Заметка номер 1616 测试 é|#
1617|GROUP-0|539.00000000000000000000|2026-01-01 07:38:09.000|Заметка номер 1617 测试 é|#
1618|GROUP-1|539.33333333333333333330|2026-01-01 07:38:26.000|Заметка номер 1618 测试 é|#
1619|GROUP-2|539.66666666666666666660|2026-01-01 07:38:43.000|Заметка номер 1619 测试 é|#
1620|GROUP-3|540.00000000000000000000|2026-01-01 07:39:00.000|Заметка номер 1620 测试 é|#
1621|GROUP-4|540.33333333333333333330|2026-01-01 07:39:17.000|Заметка номер 1621 测试 é|#
1622|GROUP-5|540.66666666666666666660|2026-01-01 07:39:34.000|Заметка номер 1622 测试 é|#
1623|GROUP-6|541.00000000000000000000|2026-01-01 07:39:51.000|Заметка номер 1623 测试 é|#
1624|GROUP-0|541.33333333333333333330|2026-01-01 07:40:08.000|Заметка номер 1624 测试 é|#
1625|GROUP-1|541.66666666666666666660|2026-01-01 07:40:25.000|Заметка номер 1625 测试 é|#
1626|GROUP-2|542.00000000000000000000|2026-01-01 07:40:42.000|Заметка номер 1626 测试 é|#
1627|GROUP-3|542.33333333333333333330|2026-01-01 07:40:59.000|Заметка номер 1627 测试 é|#
1628|GROUP-4|542.66666666666666666660|2026-01-01 07:41:16.000|Заметка номер 1628 测试 é|#
1629|GROUP-5|543.00000000000000000000|2026-01-01 07:41:33.000|Заметка номер 1629 测试 é|#
1630|GROUP-6|543.33333333333333333330|2026-01-01 07:41:50.000|Заметка номер 1630 测试 é|#
1631|GROUP-0|543.66666666666666666660|2026-01-01 07:42:07.000|Заметка номер 1631 测试 é|#
1632|GROUP-1|544.00000000000000000000|2026-01-01 07:42:24.000|Заметка номер 1632 测试 é|#
1633|GROUP-2|544.33333333333333333330|2026-01-01 07:42:41.000|Заметка номер 1633 测试 é|#
1634|GROUP-3|544.66666666666666666660|2026-01-01 07:42:58.000|Заметка номер 1634 测试 é|#
1635|GROUP-4|545.00000000000000000000|2026-01-01 07:43:15.000|Заметка номер 1635 测试 é|#
1636|GROUP-5|545.33333333333333333330|2026-01-01 07:43:32.000|Заметка номер 1636 测试 é|#
1637|GROUP-6|545.66666666666666666660|2026-01-01 07:43:49.000|Заметка номер 1637 测试 é|#
1638|GROUP-0|546.00000000000000000000|2026-01-01 07:44:06.000|Заметка номер 1638 测试 é|#
1639|GROUP-1|546.33333333333333333330|2026-01-01 07:44:23.000|Заметка номер 1639 测试 é|#
1640|GROUP-2|546.66666666666666666660|2026-01-01 07:44:40.000|Заметка номер 1640 测试 é|#
1641|GROUP-3|547.00000000000000000000|2026-01-01 07:44:57.000|Заметка номер 1641 测试 é|#
1642|GROUP-4|547.33333333333333333330|2026-01-01 07:45:14.000|Заметка номер 1642 测试 é|#
1643|GROUP-5|547.66666666666666666660|2026-01-01 07:45:31.000|Заметка номер 1643 测试 é|#
1644|GROUP-6|548.00000000000000000000|2026-01-01 07:45:48.000|Заметка номер 1644 测试 é|#
1645|GROUP-0|548.33333333333333333330|2026-01-01 07:46:05.000|Заметка номер 1645 测试 é|#
1646|GROUP-1|548.66666666666666666660|2026-01-01 07:46:22.000|Заметка номер 1646 测试 é|#
1647|GROUP-2|549.00000000000000000000|2026-01-01 07:46:39.000|Заметка номер 1647 测试 é|#
1648|GROUP-3|549.33333333333333333330|2026-01-01 07:46:56.000|Заметка номер 1648 测试 é|#
1649|GROUP-4|549.66666666666666666660|2026-01-01 07:47:13.000|Заметка номер 1649 测试 é|#
1650|GROUP-5|550.00000000000000000000|2026-01-01 07:47:30.000|Заметка номер 1650 测试 é|#
1651|GROUP-6|550.33333333333333333330|2026-01-01 07:47:47.000|Заметка номер 1651 测试 é|#
1652|GROUP-0|550.66666666666666666660|2026-01-01 07:48:04.000|Заметка номер 1652 测试 é|#
1653|GROUP-1|551.00000000000000000000|2026-01-01 07:48:21.000|Заметка номер 1653 测试 é|#
1654|GROUP-2|551.33333333333333333330|2026-01-01 07:48:38.000|Заметка номер 1654 测试 é|#
1655|GROUP-3|551.66666666666666666660|2026-01-01 07:48:55.000|Заметка номер 1655 测试 é|#
1656|GROUP-4|552.00000000000000000000|2026-01-01 07:49:12.000|Заметка номер 1656 测试 é|#
1657|GROUP-5|552.33333333333333333330|2026-01-01 07:49:29.000|Заметка номер 1657 测试 é|#
1658|GROUP-6|552.66666666666666666660|2026-01-01 07:49:46.000|Заметка номер 1658 测试 é|#
1659|GROUP-0|553.00000000000000000000|2026-01-01 07:50:03.000|Заметка номер 1659 测试 é|#
1660|GROUP-1|553.33333333333333333330|2026-01-01 07:50:20.000|Заметка номер 1660 测试 é|#
1661|GROUP-2|553.66666666666666666660|2026-01-01 07:50:37.000|Заметка номер 1661 测试 é|#
1662|GROUP-3|554.00000000000000000000|2026-01-01 07:50:54.000|Заметка номер 1662 测试 é|#
1663|GROUP-4|554.33333333333333333330|2026-01-01 07:51:11.000|Заметка номер 1663 测试 é|#
1664|GROUP-5|554.66666666666666666660|2026-01-01 07:51:28.000|Заметка номер 1664 测试 é|#
1665|GROUP-6|555.00000000000000000000|2026-01-01 07:51:45.000|Заметка номер 1665 测试 é|#
1666|GROUP-0|555.33333333333333333330|2026-01-01 07:52:02.000|Заметка номер 1666 测试 é|#
1667|GROUP-1|555.66666666666666666660|2026-01-01 07:52:19.000|Заметка номер 1667 测试 é|#
1668|GROUP-2|556.00000000000000000000|2026-01-01 07:52:36.000|Заметка номер 1668 测试 é|#
1669|GROUP-3|556.33333333333333333330|2026-01-01 07:52:53.000|Заметка номер 1669 测试 é|#
1670|GROUP-4|556.66666666666666666660|2026-01-01 07:53:10.000|Заметка номер 1670 测试 é|#
1671|GROUP-5|557.00000000000000000000|2026-01-01 07:53:27.000|Заметка номер 1671 测试 é|#
1672|GROUP-6|557.33333333333333333330|2026-01-01 07:53:44.000|Заметка номер 1672 测试 é|#
1673|GROUP-0|557.66666666666666666660|2026-01-01 07:54:01.000|Заметка номер 1673 测试 é|#
1674|GROUP-1|558.00000000000000000000|2026-01-01 07:54:18.000|Заметка номер 1674 测试 é|#
1675|GROUP-2|558.33333333333333333330|2026-01-01 07:54:35.000|Заметка номер 1675 测试 é|#
1676|GROUP-3|558.66666666666666666660|2026-01-01 07:54:52.000|Заметка номер 1676 测试 é|#
1677|GROUP-4|559.00000000000000000000|2026-01-01 07:55:09.000|Заметка номер 1677 测试 é|#
1678|GROUP-5|559.33333333333333333330|2026-01-01 07:55:26.000|Заметка номер 1678 测试 é|#
1679|GROUP-6|559.66666666666666666660|2026-01-01 07:55:43.000|Заметка номер 1679 测试 é|#
1680|GROUP-0|560.00000000000000000000|2026-01-01 07:56:00.000|Заметка номер 1680 测试 é|#
1681|GROUP-1|560.33333333333333333330|2026-01-01 07:56:17.000|Заметка номер 1681 测试 é|#
1682|GROUP-2|560.66666666666666666660|2026-01-01 07:56:34.000|Заметка номер 1682 测试 é|#
1683|GROUP-3|561.00000000000000000000|2026-01-01 07:56:51.000|Заметка номер 1683 测试 é|#
1684|GROUP-4|561.33333333333333333330|2026-01-01 07:57:08.000|Заметка номер 1684 测试 é|#
1685|GROUP-5|561.66666666666666666660|2026-01-01 07:57:25.000|Заметка номер 1685 测试 é|#
1686|GROUP-6|562.00000000000000000000|2026-01-01 07:57:42.000|Заметка номер 1686 测试 é|#
1687|GROUP-0|562.33333333333333333330|2026-01-01 07:57:59.000|Заметка номер 1687 测试 é|#
1688|GROUP-1|562.66666666666666666660|2026-01-01 07:58:16.000|Заметка номер 1688 测试 é|#
1689|GROUP-2|563.00000000000000000000|2026-01-01 07:58:33.000|Заметка номер 1689 测试 é|#
1690|GROUP-3|563.33333333333333333330|2026-01-01 07:58:50.000|Заметка номер 1690 测试 é|#
1691|GROUP-4|563.66666666666666666660|2026-01-01 07:59:07.000|Заметка номер 1691 测试 é|#
1692|GROUP-5|564.00000000000000000000|2026-01-01 07:59:24.000|Заметка номер 1692 测试 é|#
1693|GROUP-6|564.33333333333333333330|2026-01-01 07:59:41.000|Заметка номер 1693 测试 é|#
1694|GROUP-0|564.66666666666666666660|2026-01-01 07:59:58.000|Заметка номер 1694 测试 é|#
1695|GROUP-1|565.00000000000000000000|2026-01-01 08:00:15.000|Заметка номер 1695 测试 é|#
1696|GROUP-2|565.33333333333333333330|2026-01-01 08:00:32.000|Заметка номер 1696 测试 é|#
1697|GROUP-3|565.66666666666666666660|2026-01-01 08:00:49.000|Заметка номер 1697 测试 é|#
1698|GROUP-4|566.00000000000000000000|2026-01-01 08:01:06.000|Заметка номер 1698 测试 é|#
1699|GROUP-5|566.33333333333333333330|2026-01-01 08:01:23.000|Заметка номер 1699 测试 é|#
1700|GROUP-6|566.66666666666666666660|2026-01-01 08:01:40.000|Заметка номер 1700 测试 é|#
1701|GROUP-0|567.00000000000000000000|2026-01-01 08:01:57.000|Заметка номер 1701 测试 é|#
1702|GROUP-1|567.33333333333333333330|2026-01-01 08:02:14.000|Заметка номер 1702 测试 é|#
1703|GROUP-2|567.66666666666666666660|2026-01-01 08:02:31.000|Заметка номер 1703 测试 é|#
1704|GROUP-3|568.00000000000000000000|2026-01-01 08:02:48.000|Заметка номер 1704 测试 é|#
1705|GROUP-4|568.33333333333333333330|2026-01-01 08:03:05.000|Заметка номер 1705 测试 é|#
1706|GROUP-5|568.66666666666666666660|2026-01-01 08:03:22.000|Заметка номер 1706 测试 é|#
1707|GROUP-6|569.00000000000000000000|2026-01-01 08:03:39.000|Заметка номер 1707 测试 é|#
1708|GROUP-0|569.33333333333333333330|2026-01-01 08:03:56.000|Заметка номер 1708 测试 é|#
1709|GROUP-1|569.66666666666666666660|2026-01-01 08:04:13.000|Заметка номер 1709 测试 é|#
1710|GROUP-2|570.00000000000000000000|2026-01-01 08:04:30.000|Заметка номер 1710 测试 é|#
1711|GROUP-3|570.33333333333333333330|2026-01-01 08:04:47.000|Заметка номер 1711 测试 é|#
1712|GROUP-4|570.66666666666666666660|2026-01-01 08:05:04.000|Заметка номер 1712 测试 é|#
1713|GROUP-5|571.00000000000000000000|2026-01-01 08:05:21.000|Заметка номер 1713 测试 é|#
1714|GROUP-6|571.33333333333333333330|2026-01-01 08:05:38.000|Заметка номер 1714 测试 é|#
1715|GROUP-0|571.66666666666666666660|2026-01-01 08:05:55.000|Заметка номер 1715 测试 é|#
1716|GROUP-1|572.00000000000000000000|2026-01-01 08:06:12.000|Заметка номер 1716 测试 é|#
1717|GROUP-2|572.33333333333333333330|2026-01-01 08:06:29.000|Заметка номер 1717 测试 é|#
1718|GROUP-3|572.66666666666666666660|2026-01-01 08:06:46.000|Заметка номер 1718 测试 é|#
1719|GROUP-4|573.00000000000000000000|2026-01-01 08:07:03.000|Заметка номер 1719 测试 é|#
1720|GROUP-5|573.33333333333333333330|2026-01-01 08:07:20.000|Заметка номер 1720 测试 é|#
1721|GROUP-6|573.66666666666666666660|2026-01-01 08:07:37.000|Заметка номер 1721 测试 é|#
1722|GROUP-0|574.00000000000000000000|2026-01-01 08:07:54.000|Заметка номер 1722 测试 é|#
1723|GROUP-1|574.33333333333333333330|2026-01-01 08:08:11.000|Заметка номер 1723 测试 é|#
1724|GROUP-2|574.66666666666666666660|2026-01-01 08:08:28.000|Заметка номер 1724 测试 é|#
1725|GROUP-3|575.00000000000000000000|2026-01-01 08:08:45.000|Заметка номер 1725 测试 é|#
1726|GROUP-4|575.33333333333333333330|2026-01-01 08:09:02.000|Заметка номер 1726 测试 é|#
1727|GROUP-5|575.66666666666666666660|2026-01-01 08:09:19.000|Заметка номер 1727 测试 é|#
1728|GROUP-6|576.00000000000000000000|2026-01-01 08:09:36.000|Заметка номер 1728 测试 é|#
1729|GROUP-0|576.33333333333333333330|2026-01-01 08:09:53.000|Заметка номер 1729 测试 é|#
1730|GROUP-1|576.66666666666666666660|2026-01-01 08:10:10.000|Заметка номер 1730 测试 é|#
1731|GROUP-2|577.00000000000000000000|2026-01-01 08:10:27.000|Заметка номер 1731 测试 é|#
1732|GROUP-3|577.33333333333333333330|2026-01-01 08:10:44.000|Заметка номер 1732 测试 é|#
1733|GROUP-4|577.66666666666666666660|2026-01-01 08:11:01.000|Заметка номер 1733 测试 é|#
1734|GROUP-5|578.00000000000000000000|2026-01-01 08:11:18.000|Заметка номер 1734 测试 é|#
1735|GROUP-6|578.33333333333333333330|2026-01-01 08:11:35.000|Заметка номер 1735 测试 é|#
1736|GROUP-0|578.66666666666666666660|2026-01-01 08:11:52.000|Заметка номер 1736 测试 é|#
1737|GROUP-1|579.00000000000000000000|2026-01-01 08:12:09.000|Заметка номер 1737 测试 é|#
1738|GROUP-2|579.33333333333333333330|2026-01-01 08:12:26.000|Заметка номер 1738 测试 é|#
1739|GROUP-3|579.66666666666666666660|2026-01-01 08:12:43.000|Заметка номер 1739 测试 é|#
1740|GROUP-4|580.00000000000000000000|2026-01-01 08:13:00.000|Заметка номер 1740 测试 é|#
1741|GROUP-5|580.33333333333333333330|2026-01-01 08:13:17.000|Заметка номер 1741 测试 é|#
1742|GROUP-6|580.66666666666666666660|2026-01-01 08:13:34.000|Заметка номер 1742 测试 é|#
1743|GROUP-0|581.00000000000000000000|2026-01-01 08:13:51.000|Заметка номер 1743 测试 é|#
1744|GROUP-1|581.33333333333333333330|2026-01-01 08:14:08.000|Заметка номер 1744 测试 é|#
1745|GROUP-2|581.66666666666666666660|2026-01-01 08:14:25.000|Заметка номер 1745 测试 é|#
1746|GROUP-3|582.00000000000000000000|2026-01-01 08:14:42.000|Заметка номер 1746 测试 é|#
1747|GROUP-4|582.33333333333333333330|2026-01-01 08:14:59.000|Заметка номер 1747 测试 é|#
1748|GROUP-5|582.66666666666666666660|2026-01-01 08:15:16.000|Заметка номер 1748 测试 é|#
1749|GROUP-6|583.00000000000000000000|2026-01-01 08:15:33.000|Заметка номер 1749 测试 é|#
1750|GROUP-0|583.33333333333333333330|2026-01-01 08:15:50.000|Заметка номер 1750 测试 é|#
1751|GROUP-1|583.66666666666666666660|2026-01-01 08:16:07.000|Заметка номер 1751 测试 é|#
1752|GROUP-2|584.00000000000000000000|2026-01-01 08:16:24.000|Заметка номер 1752 测试 é|#
1753|GROUP-3|584.33333333333333333330|2026-01-01 08:16:41.000|Заметка номер 1753 测试 é|#
1754|GROUP-4|584.66666666666666666660|2026-01-01 08:16:58.000|Заметка номер 1754 测试 é|#
1755|GROUP-5|585.00000000000000000000|2026-01-01 08:17:15.000|Заметка номер 1755 测试 é|#
1756|GROUP-6|585.33333333333333333330|2026-01-01 08:17:32.000|Заметка номер 1756 测试 é|#
1757|GROUP-0|585.66666666666666666660|2026-01-01 08:17:49.000|Заметка номер 1757 测试 é|#
1758|GROUP-1|586.00000000000000000000|2026-01-01 08:18:06.000|Заметка номер 1758 测试 é|#
1759|GROUP-2|586.33333333333333333330|2026-01-01 08:18:23.000|Заметка номер 1759 测试 é|#
1760|GROUP-3|586.66666666666666666660|2026-01-01 08:18:40.000|Заметка номер 1760 测试 é|#
1761|GROUP-4|587.00000000000000000000|2026-01-01 08:18:57.000|Заметка номер 1761 测试 é|#
1762|GROUP-5|587.33333333333333333330|2026-01-01 08:19:14.000|Заметка номер 1762 测试 é|#
1763|GROUP-6|587.66666666666666666660|2026-01-01 08:19:31.000|Заметка номер 1763 测试 é|#
1764|GROUP-0|588.00000000000000000000|2026-01-01 08:19:48.000|Заметка номер 1764 测试 é|#
1765|GROUP-1|588.33333333333333333330|2026-01-01 08:20:05.000|Заметка номер 1765 测试 é|#
1766|GROUP-2|588.66666666666666666660|2026-01-01 08:20:22.000|Заметка номер 1766 测试 é|#
1767|GROUP-3|589.00000000000000000000|2026-01-01 08:20:39.000|Заметка номер 1767 测试 é|#
1768|GROUP-4|589.33333333333333333330|2026-01-01 08:20:56.000|Заметка номер 1768 测试 é|#
1769|GROUP-5|589.66666666666666666660|2026-01-01 08:21:13.000|Заметка номер 1769 测试 é|#
1770|GROUP-6|590.00000000000000000000|2026-01-01 08:21:30.000|Заметка номер 1770 测试 é|#
1771|GROUP-0|590.33333333333333333330|2026-01-01 08:21:47.000|Заметка номер 1771 测试 é|#
1772|GROUP-1|590.66666666666666666660|2026-01-01 08:22:04.000|Заметка номер 1772 测试 é|#
1773|GROUP-2|591.00000000000000000000|2026-01-01 08:22:21.000|Заметка номер 1773 测试 é|#
1774|GROUP-3|591.33333333333333333330|2026-01-01 08:22:38.000|Заметка номер 1774 测试 é|#
1775|GROUP-4|591.66666666666666666660|2026-01-01 08:22:55.000|Заметка номер 1775 测试 é|#
1776|GROUP-5|592.00000000000000000000|2026-01-01 08:23:12.000|Заметка номер 1776 测试 é|#
1777|GROUP-6|592.33333333333333333330|2026-01-01 08:23:29.000|Заметка номер 1777 测试 é|#
1778|GROUP-0|592.66666666666666666660|2026-01-01 08:23:46.000|Заметка номер 1778 测试 é|#
1779|GROUP-1|593.00000000000000000000|2026-01-01 08:24:03.000|Заметка номер 1779 测试 é|#
1780|GROUP-2|593.33333333333333333330|2026-01-01 08:24:20.000|Заметка номер 1780 测试 é|#
1781|GROUP-3|593.66666666666666666660|2026-01-01 08:24:37.000|Заметка номер 1781 测试 é|#
1782|GROUP-4|594.00000000000000000000|2026-01-01 08:24:54.000|Заметка номер 1782 测试 é|#
1783|GROUP-5|594.33333333333333333330|2026-01-01 08:25:11.000|Заметка номер 1783 测试 é|#
1784|GROUP-6|594.66666666666666666660|2026-01-01 08:25:28.000|Заметка номер 1784 测试 é|#
1785|GROUP-0|595.00000000000000000000|2026-01-01 08:25:45.000|Заметка номер 1785 测试 é|#
1786|GROUP-1|595.33333333333333333330|2026-01-01 08:26:02.000|Заметка номер 1786 测试 é|#
1787|GROUP-2|595.66666666666666666660|2026-01-01 08:26:19.000|Заметка номер 1787 测试 é|#
1788|GROUP-3|596.00000000000000000000|2026-01-01 08:26:36.000|Заметка номер 1788 测试 é|#
1789|GROUP-4|596.33333333333333333330|2026-01-01 08:26:53.000|Заметка номер 1789 测试 é|#
1790|GROUP-5|596.66666666666666666660|2026-01-01 08:27:10.000|Заметка номер 1790 测试 é|#
1791|GROUP-6|597.00000000000000000000|2026-01-01 08:27:27.000|Заметка номер 1791 测试 é|#
1792|GROUP-0|597.33333333333333333330|2026-01-01 08:27:44.000|Заметка номер 1792 测试 é|#
1793|GROUP-1|597.66666666666666666660|2026-01-01 08:28:01.000|Заметка номер 1793 测试 é|#
1794|GROUP-2|598.00000000000000000000|2026-01-01 08:28:18.000|Заметка номер 1794 测试 é|#
1795|GROUP-3|598.33333333333333333330|2026-01-01 08:28:35.000|Заметка номер 1795 测试 é|#
1796|GROUP-4|598.66666666666666666660|2026-01-01 08:28:52.000|Заметка номер 1796 测试 é|#
1797|GROUP-5|599.00000000000000000000|2026-01-01 08:29:09.000|Заметка номер 1797 测试 é|#
1798|GROUP-6|599.33333333333333333330|2026-01-01 08:29:26.000|Заметка номер 1798 测试 é|#
1799|GROUP-0|599.66666666666666666660|2026-01-01 08:29:43.000|Заметка номер 1799 测试 é|#
1800|GROUP-1|600.00000000000000000000|2026-01-01 08:30:00.000|Заметка номер 1800 测试 é|#
1801|GROUP-2|600.33333333333333333330|2026-01-01 08:30:17.000|Заметка номер 1801 测试 é|#
1802|GROUP-3|600.66666666666666666660|2026-01-01 08:30:34.000|Заметка номер 1802 测试 é|#
1803|GROUP-4|601.00000000000000000000|2026-01-01 08:30:51.000|Заметка номер 1803 测试 é|#
1804|GROUP-5|601.33333333333333333330|2026-01-01 08:31:08.000|Заметка номер 1804 测试 é|#
1805|GROUP-6|601.66666666666666666660|2026-01-01 08:31:25.000|Заметка номер 1805 测试 é|#
1806|GROUP-0|602.00000000000000000000|2026-01-01 08:31:42.000|Заметка номер 1806 测试 é|#
1807|GROUP-1|602.33333333333333333330|2026-01-01 08:31:59.000|Заметка номер 1807 测试 é|#
1808|GROUP-2|602.66666666666666666660|2026-01-01 08:32:16.000|Заметка номер 1808 测试 é|#
1809|GROUP-3|603.00000000000000000000|2026-01-01 08:32:33.000|Заметка номер 1809 测试 é|#
1810|GROUP-4|603.33333333333333333330|2026-01-01 08:32:50.000|Заметка номер 1810 测试 é|#
1811|GROUP-5|603.66666666666666666660|2026-01-01 08:33:07.000|Заметка номер 1811 测试 é|#
1812|GROUP-6|604.00000000000000000000|2026-01-01 08:33:24.000|Заметка номер 1812 测试 é|#
1813|GROUP-0|604.33333333333333333330|2026-01-01 08:33:41.000|Заметка номер 1813 测试 é|#
1814|GROUP-1|604.66666666666666666660|2026-01-01 08:33:58.000|Заметка номер 1814 测试 é|#
1815|GROUP-2|605.00000000000000000000|2026-01-01 08:34:15.000|Заметка номер 1815 测试 é|#
1816|GROUP-3|605.33333333333333333330|2026-01-01 08:34:32.000|Заметка номер 1816 测试 é|#
1817|GROUP-4|605.66666666666666666660|2026-01-01 08:34:49.000|Заметка номер 1817 测试 é|#
1818|GROUP-5|606.00000000000000000000|2026-01-01 08:35:06.000|Заметка номер 1818 测试 é|#
1819|GROUP-6|606.33333333333333333330|2026-01-01 08:35:23.000|Заметка номер 1819 测试 é|#
1820|GROUP-0|606.66666666666666666660|2026-01-01 08:35:40.000|Заметка номер 1820 测试 é|#
1821|GROUP-1|607.00000000000000000000|2026-01-01 08:35:57.000|Заметка номер 1821 测试 é|#
1822|GROUP-2|607.33333333333333333330|2026-01-01 08:36:14.000|Заметка номер 1822 测试 é|#
1823|GROUP-3|607.66666666666666666660|2026-01-01 08:36:31.000|Заметка номер 1823 测试 é|#
1824|GROUP-4|608.00000000000000000000|2026-01-01 08:36:48.000|Заметка номер 1824 测试 é|#
1825|GROUP-5|608.33333333333333333330|2026-01-01 08:37:05.000|Заметка номер 1825 测试 é|#
1826|GROUP-6|608.66666666666666666660|2026-01-01 08:37:22.000|Заметка номер 1826 测试 é|#
1827|GROUP-0|609.00000000000000000000|2026-01-01 08:37:39.000|Заметка номер 1827 测试 é|#
1828|GROUP-1|609.33333333333333333330|2026-01-01 08:37:56.000|Заметка номер 1828 测试 é|#
1829|GROUP-2|609.66666666666666666660|2026-01-01 08:38:13.000|Заметка номер 1829 测试 é|#
1830|GROUP-3|610.00000000000000000000|2026-01-01 08:38:30.000|Заметка номер 1830 测试 é|#
1831|GROUP-4|610.33333333333333333330|2026-01-01 08:38:47.000|Заметка номер 1831 测试 é|#
1832|GROUP-5|610.66666666666666666660|2026-01-01 08:39:04.000|Заметка номер 1832 测试 é|#
1833|GROUP-6|611.00000000000000000000|2026-01-01 08:39:21.000|Заметка номер 1833 测试 é|#
1834|GROUP-0|611.33333333333333333330|2026-01-01 08:39:38.000|Заметка номер 1834 测试 é|#
1835|GROUP-1|611.66666666666666666660|2026-01-01 08:39:55.000|Заметка номер 1835 测试 é|#
1836|GROUP-2|612.00000000000000000000|2026-01-01 08:40:12.000|Заметка номер 1836 测试 é|#
1837|GROUP-3|612.33333333333333333330|2026-01-01 08:40:29.000|Заметка номер 1837 测试 é|#
1838|GROUP-4|612.66666666666666666660|2026-01-01 08:40:46.000|Заметка номер 1838 测试 é|#
1839|GROUP-5|613.00000000000000000000|2026-01-01 08:41:03.000|Заметка номер 1839 测试 é|#
1840|GROUP-6|613.33333333333333333330|2026-01-01 08:41:20.000|Заметка номер 1840 测试 é|#
1841|GROUP-0|613.66666666666666666660|2026-01-01 08:41:37.000|Заметка номер 1841 测试 é|#
1842|GROUP-1|614.00000000000000000000|2026-01-01 08:41:54.000|Заметка номер 1842 测试 é|#
1843|GROUP-2|614.33333333333333333330|2026-01-01 08:42:11.000|Заметка номер 1843 测试 é|#
1844|GROUP-3|614.66666666666666666660|2026-01-01 08:42:28.000|Заметка номер 1844 测试 é|#
1845|GROUP-4|615.00000000000000000000|2026-01-01 08:42:45.000|Заметка номер 1845 测试 é|#
1846|GROUP-5|615.33333333333333333330|2026-01-01 08:43:02.000|Заметка номер 1846 测试 é|#
1847|GROUP-6|615.66666666666666666660|2026-01-01 08:43:19.000|Заметка номер 1847 测试 é|#
1848|GROUP-0|616.00000000000000000000|2026-01-01 08:43:36.000|Заметка номер 1848 测试 é|#
1849|GROUP-1|616.33333333333333333330|2026-01-01 08:43:53.000|Заметка номер 1849 测试 é|#
1850|GROUP-2|616.66666666666666666660|2026-01-01 08:44:10.000|Заметка номер 1850 测试 é|#
1851|GROUP-3|617.00000000000000000000|2026-01-01 08:44:27.000|Заметка номер 1851 测试 é|#
1852|GROUP-4|617.33333333333333333330|2026-01-01 08:44:44.000|Заметка номер 1852 测试 é|#
1853|GROUP-5|617.66666666666666666660|2026-01-01 08:45:01.000|Заметка номер 1853 测试 é|#
1854|GROUP-6|618.00000000000000000000|2026-01-01 08:45:18.000|Заметка номер 1854 测试 é|#
1855|GROUP-0|618.33333333333333333330|2026-01-01 08:45:35.000|Заметка номер 1855 测试 é|#
1856|GROUP-1|618.66666666666666666660|2026-01-01 08:45:52.000|Заметка номер 1856 测试 é|#
1857|GROUP-2|619.00000000000000000000|2026-01-01 08:46:09.000|Заметка номер 1857 测试 é|#
1858|GROUP-3|619.33333333333333333330|2026-01-01 08:46:26.000|Заметка номер 1858 测试 é|#
1859|GROUP-4|619.66666666666666666660|2026-01-01 08:46:43.000|Заметка номер 1859 测试 é|#
1860|GROUP-5|620.00000000000000000000|2026-01-01 08:47:00.000|Заметка номер 1860 测试 é|#
1861|GROUP-6|620.33333333333333333330|2026-01-01 08:47:17.000|Заметка номер 1861 测试 é|#
1862|GROUP-0|620.66666666666666666660|2026-01-01 08:47:34.000|Заметка номер 1862 测试 é|#
1863|GROUP-1|621.00000000000000000000|2026-01-01 08:47:51.000|Заметка номер 1863 测试 é|#
1864|GROUP-2|621.33333333333333333330|2026-01-01 08:48:08.000|Заметка номер 1864 测试 é|#
1865|GROUP-3|621.66666666666666666660|2026-01-01 08:48:25.000|Заметка номер 1865 测试 é|#
1866|GROUP-4|622.00000000000000000000|2026-01-01 08:48:42.000|Заметка номер 1866 测试 é|#
1867|GROUP-5|622.33333333333333333330|2026-01-01 08:48:59.000|Заметка номер 1867 测试 é|#
1868|GROUP-6|622.66666666666666666660|2026-01-01 08:49:16.000|Заметка номер 1868 测试 é|#
1869|GROUP-0|623.00000000000000000000|2026-01-01 08:49:33.000|Заметка номер 1869 测试 é|#
1870|GROUP-1|623.33333333333333333330|2026-01-01 08:49:50.000|Заметка номер 1870 测试 é|#
1871|GROUP-2|623.66666666666666666660|2026-01-01 08:50:07.000|Заметка номер 1871 测试 é|#
1872|GROUP-3|624.00000000000000000000|2026-01-01 08:50:24.000|Заметка номер 1872 测试 é|#
1873|GROUP-4|624.33333333333333333330|2026-01-01 08:50:41.000|Заметка номер 1873 测试 é|#
1874|GROUP-5|624.66666666666666666660|2026-01-01 08:50:58.000|Заметка номер 1874 测试 é|#
1875|GROUP-6|625.00000000000000000000|2026-01-01 08:51:15.000|Заметка номер 1875 测试 é|#
1876|GROUP-0|625.33333333333333333330|2026-01-01 08:51:32.000|Заметка номер 1876 测试 é|#
1877|GROUP-1|625.66666666666666666660|2026-01-01 08:51:49.000|Заметка номер 1877 测试 é|#
1878|GROUP-2|626.00000000000000000000|2026-01-01 08:52:06.000|Заметка номер 1878 测试 é|#
1879|GROUP-3|626.33333333333333333330|2026-01-01 08:52:23.000|Заметка номер 1879 测试 é|#
1880|GROUP-4|626.66666666666666666660|2026-01-01 08:52:40.000|Заметка номер 1880 测试 é|#
1881|GROUP-5|627.00000000000000000000|2026-01-01 08:52:57.000|Заметка номер 1881 测试 é|#
1882|GROUP-6|627.33333333333333333330|2026-01-01 08:53:14.000|Заметка номер 1882 测试 é|#
1883|GROUP-0|627.66666666666666666660|2026-01-01 08:53:31.000|Заметка номер 1883 测试 é|#
1884|GROUP-1|628.00000000000000000000|2026-01-01 08:53:48.000|Заметка номер 1884 测试 é|#
1885|GROUP-2|628.33333333333333333330|2026-01-01 08:54:05.000|Заметка номер 1885 测试 é|#
1886|GROUP-3|628.66666666666666666660|2026-01-01 08:54:22.000|Заметка номер 1886 测试 é|#
1887|GROUP-4|629.00000000000000000000|2026-01-01 08:54:39.000|Заметка номер 1887 测试 é|#
1888|GROUP-5|629.33333333333333333330|2026-01-01 08:54:56.000|Заметка номер 1888 测试 é|#
1889|GROUP-6|629.66666666666666666660|2026-01-01 08:55:13.000|Заметка номер 1889 测试 é|#
1890|GROUP-0|630.00000000000000000000|2026-01-01 08:55:30.000|Заметка номер 1890 测试 é|#
1891|GROUP-1|630.33333333333333333330|2026-01-01 08:55:47.000|Заметка номер 1891 测试 é|#
1892|GROUP-2|630.66666666666666666660|2026-01-01 08:56:04.000|Заметка номер 1892 测试 é|#
1893|GROUP-3|631.00000000000000000000|2026-01-01 08:56:21.000|Заметка номер 1893 测试 é|#
1894|GROUP-4|631.33333333333333333330|2026-01-01 08:56:38.000|Заметка номер 1894 测试 é|#
1895|GROUP-5|631.66666666666666666660|2026-01-01 08:56:55.000|Заметка номер 1895 测试 é|#
1896|GROUP-6|632.00000000000000000000|2026-01-01 08:57:12.000|Заметка номер 1896 测试 é|#
1897|GROUP-0|632.33333333333333333330|2026-01-01 08:57:29.000|Заметка номер 1897 测试 é|#
1898|GROUP-1|632.66666666666666666660|2026-01-01 08:57:46.000|Заметка номер 1898 测试 é|#
1899|GROUP-2|633.00000000000000000000|2026-01-01 08:58:03.000|Заметка номер 1899 测试 é|#
1900|GROUP-3|633.33333333333333333330|2026-01-01 08:58:20.000|Заметка номер 1900 测试 é|#
1901|GROUP-4|633.66666666666666666660|2026-01-01 08:58:37.000|Заметка номер 1901 测试 é|#
1902|GROUP-5|634.00000000000000000000|2026-01-01 08:58:54.000|Заметка номер 1902 测试 é|#
1903|GROUP-6|634.33333333333333333330|2026-01-01 08:59:11.000|Заметка номер 1903 测试 é|#
1904|GROUP-0|634.66666666666666666660|2026-01-01 08:59:28.000|Заметка номер 1904 测试 é|#
1905|GROUP-1|635.00000000000000000000|2026-01-01 08:59:45.000|Заметка номер 1905 测试 é|#
1906|GROUP-2|635.33333333333333333330|2026-01-01 09:00:02.000|Заметка номер 1906 测试 é|#
1907|GROUP-3|635.66666666666666666660|2026-01-01 09:00:19.000|Заметка номер 1907 测试 é|#
1908|GROUP-4|636.00000000000000000000|2026-01-01 09:00:36.000|Заметка номер 1908 测试 é|#
1909|GROUP-5|636.33333333333333333330|2026-01-01 09:00:53.000|Заметка номер 1909 测试 é|#
1910|GROUP-6|636.66666666666666666660|2026-01-01 09:01:10.000|Заметка номер 1910 测试 é|#
1911|GROUP-0|637.00000000000000000000|2026-01-01 09:01:27.000|Заметка номер 1911 测试 é|#
1912|GROUP-1|637.33333333333333333330|2026-01-01 09:01:44.000|Заметка номер 1912 测试 é|#
1913|GROUP-2|637.66666666666666666660|2026-01-01 09:02:01.000|Заметка номер 1913 测试 é|#
1914|GROUP-3|638.00000000000000000000|2026-01-01 09:02:18.000|Заметка номер 1914 测试 é|#
1915|GROUP-4|638.33333333333333333330|2026-01-01 09:02:35.000|Заметка номер 1915 测试 é|#
1916|GROUP-5|638.66666666666666666660|2026-01-01 09:02:52.000|Заметка номер 1916 测试 é|#
1917|GROUP-6|639.00000000000000000000|2026-01-01 09:03:09.000|Заметка номер 1917 测试 é|#
1918|GROUP-0|639.33333333333333333330|2026-01-01 09:03:26.000|Заметка номер 1918 测试 é|#
1919|GROUP-1|639.66666666666666666660|2026-01-01 09:03:43.000|Заметка номер 1919 测试 é|#
1920|GROUP-2|640.00000000000000000000|2026-01-01 09:04:00.000|Заметка номер 1920 测试 é|#
1921|GROUP-3|640.33333333333333333330|2026-01-01 09:04:17.000|Заметка номер 1921 测试 é|#
1922|GROUP-4|640.66666666666666666660|2026-01-01 09:04:34.000|Заметка номер 1922 测试 é|#
1923|GROUP-5|641.00000000000000000000|2026-01-01 09:04:51.000|Заметка номер 1923 测试 é|#
1924|GROUP-6|641.33333333333333333330|2026-01-01 09:05:08.000|Заметка номер 1924 测试 é|#
1925|GROUP-0|641.66666666666666666660|2026-01-01 09:05:25.000|Заметка номер 1925 测试 é|#
1926|GROUP-1|642.00000000000000000000|2026-01-01 09:05:42.000|Заметка номер 1926 测试 é|#
1927|GROUP-2|642.33333333333333333330|2026-01-01 09:05:59.000|Заметка номер 1927 测试 é|#
1928|GROUP-3|642.66666666666666666660|2026-01-01 09:06:16.000|Заметка номер 1928 测试 é|#
1929|GROUP-4|643.00000000000000000000|2026-01-01 09:06:33.000|Заметка номер 1929 测试 é|#
1930|GROUP-5|643.33333333333333333330|2026-01-01 09:06:50.000|Заметка номер 1930 测试 é|#
1931|GROUP-6|643.66666666666666666660|2026-01-01 09:07:07.000|Заметка номер 1931 测试 é|#
1932|GROUP-0|644.00000000000000000000|2026-01-01 09:07:24.000|Заметка номер 1932 测试 é|#
1933|GROUP-1|644.33333333333333333330|2026-01-01 09:07:41.000|Заметка номер 1933 测试 é|#
1934|GROUP-2|644.66666666666666666660|2026-01-01 09:07:58.000|Заметка номер 1934 测试 é|#
1935|GROUP-3|645.00000000000000000000|2026-01-01 09:08:15.000|Заметка номер 1935 测试 é|#
1936|GROUP-4|645.33333333333333333330|2026-01-01 09:08:32.000|Заметка номер 1936 测试 é|#
1937|GROUP-5|645.66666666666666666660|2026-01-01 09:08:49.000|Заметка номер 1937 测试 é|#
1938|GROUP-6|646.00000000000000000000|2026-01-01 09:09:06.000|Заметка номер 1938 测试 é|#
1939|GROUP-0|646.33333333333333333330|2026-01-01 09:09:23.000|Заметка номер 1939 测试 é|#
1940|GROUP-1|646.66666666666666666660|2026-01-01 09:09:40.000|Заметка номер 1940 测试 é|#
1941|GROUP-2|647.00000000000000000000|2026-01-01 09:09:57.000|Заметка номер 1941 测试 é|#
1942|GROUP-3|647.33333333333333333330|2026-01-01 09:10:14.000|Заметка номер 1942 测试 é|#
1943|GROUP-4|647.66666666666666666660|2026-01-01 09:10:31.000|Заметка номер 1943 测试 é|#
1944|GROUP-5|648.00000000000000000000|2026-01-01 09:10:48.000|Заметка номер 1944 测试 é|#
1945|GROUP-6|648.33333333333333333330|2026-01-01 09:11:05.000|Заметка номер 1945 测试 é|#
1946|GROUP-0|648.66666666666666666660|2026-01-01 09:11:22.000|Заметка номер 1946 测试 é|#
1947|GROUP-1|649.00000000000000000000|2026-01-01 09:11:39.000|Заметка номер 1947 测试 é|#
1948|GROUP-2|649.33333333333333333330|2026-01-01 09:11:56.000|Заметка номер 1948 测试 é|#
1949|GROUP-3|649.66666666666666666660|2026-01-01 09:12:13.000|Заметка номер 1949 测试 é|#
1950|GROUP-4|650.00000000000000000000|2026-01-01 09:12:30.000|Заметка номер 1950 测试 é|#
1951|GROUP-5|650.33333333333333333330|2026-01-01 09:12:47.000|Заметка номер 1951 测试 é|#
1952|GROUP-6|650.66666666666666666660|2026-01-01 09:13:04.000|Заметка номер 1952 测试 é|#
1953|GROUP-0|651.00000000000000000000|2026-01-01 09:13:21.000|Заметка номер 1953 测试 é|#
1954|GROUP-1|651.33333333333333333330|2026-01-01 09:13:38.000|Заметка номер 1954 测试 é|#
1955|GROUP-2|651.66666666666666666660|2026-01-01 09:13:55.000|Заметка номер 1955 测试 é|#
1956|GROUP-3|652.00000000000000000000|2026-01-01 09:14:12.000|Заметка номер 1956 测试 é|#
1957|GROUP-4|652.33333333333333333330|2026-01-01 09:14:29.000|Заметка номер 1957 测试 é|#
1958|GROUP-5|652.66666666666666666660|2026-01-01 09:14:46.000|Заметка номер 1958 测试 é|#
1959|GROUP-6|653.00000000000000000000|2026-01-01 09:15:03.000|Заметка номер 1959 测试 é|#
1960|GROUP-0|653.33333333333333333330|2026-01-01 09:15:20.000|Заметка номер 1960 测试 é|#
1961|GROUP-1|653.66666666666666666660|2026-01-01 09:15:37.000|Заметка номер 1961 测试 é|#
1962|GROUP-2|654.00000000000000000000|2026-01-01 09:15:54.000|Заметка номер 1962 测试 é|#
1963|GROUP-3|654.33333333333333333330|2026-01-01 09:16:11.000|Заметка номер 1963 测试 é|#
1964|GROUP-4|654.66666666666666666660|2026-01-01 09:16:28.000|Заметка номер 1964 测试 é|#
1965|GROUP-5|655.00000000000000000000|2026-01-01 09:16:45.000|Заметка номер 1965 测试 é|#
1966|GROUP-6|655.33333333333333333330|2026-01-01 09:17:02.000|Заметка номер 1966 测试 é|#
1967|GROUP-0|655.66666666666666666660|2026-01-01 09:17:19.000|Заметка номер 1967 测试 é|#
1968|GROUP-1|656.00000000000000000000|2026-01-01 09:17:36.000|Заметка номер 1968 测试 é|#
1969|GROUP-2|656.33333333333333333330|2026-01-01 09:17:53.000|Заметка номер 1969 测试 é|#
1970|GROUP-3|656.66666666666666666660|2026-01-01 09:18:10.000|Заметка номер 1970 测试 é|#
1971|GROUP-4|657.00000000000000000000|2026-01-01 09:18:27.000|Заметка номер 1971 测试 é|#
1972|GROUP-5|657.33333333333333333330|2026-01-01 09:18:44.000|Заметка номер 1972 测试 é|#
1973|GROUP-6|657.66666666666666666660|2026-01-01 09:19:01.000|Заметка номер 1973 测试 é|#
1974|GROUP-0|658.00000000000000000000|2026-01-01 09:19:18.000|Заметка номер 1974 测试 é|#
1975|GROUP-1|658.33333333333333333330|2026-01-01 09:19:35.000|Заметка номер 1975 测试 é|#
1976|GROUP-2|658.66666666666666666660|2026-01-01 09:19:52.000|Заметка номер 1976 测试 é|#
1977|GROUP-3|659.00000000000000000000|2026-01-01 09:20:09.000|Заметка номер 1977 测试 é|#
1978|GROUP-4|659.33333333333333333330|2026-01-01 09:20:26.000|Заметка номер 1978 测试 é|#
1979|GROUP-5|659.66666666666666666660|2026-01-01 09:20:43.000|Заметка номер 1979 测试 é|#
1980|GROUP-6|660.00000000000000000000|2026-01-01 09:21:00.000|Заметка номер 1980 测试 é|#
1981|GROUP-0|660.33333333333333333330|2026-01-01 09:21:17.000|Заметка номер 1981 测试 é|#
1982|GROUP-1|660.66666666666666666660|2026-01-01 09:21:34.000|Заметка номер 1982 测试 é|#
1983|GROUP-2|661.00000000000000000000|2026-01-01 09:21:51.000|Заметка номер 1983 测试 é|#
1984|GROUP-3|661.33333333333333333330|2026-01-01 09:22:08.000|Заметка номер 1984 测试 é|#
1985|GROUP-4|661.66666666666666666660|2026-01-01 09:22:25.000|Заметка номер 1985 测试 é|#
1986|GROUP-5|662.00000000000000000000|2026-01-01 09:22:42.000|Заметка номер 1986 测试 é|#
1987|GROUP-6|662.33333333333333333330|2026-01-01 09:22:59.000|Заметка номер 1987 测试 é|#
1988|GROUP-0|662.66666666666666666660|2026-01-01 09:23:16.000|Заметка номер 1988 测试 é|#
1989|GROUP-1|663.00000000000000000000|2026-01-01 09:23:33.000|Заметка номер 1989 测试 é|#
1990|GROUP-2|663.33333333333333333330|2026-01-01 09:23:50.000|Заметка номер 1990 测试 é|#
1991|GROUP-3|663.66666666666666666660|2026-01-01 09:24:07.000|Заметка номер 1991 测试 é|#
1992|GROUP-4|664.00000000000000000000|2026-01-01 09:24:24.000|Заметка номер 1992 测试 é|#
1993|GROUP-5|664.33333333333333333330|2026-01-01 09:24:41.000|Заметка номер 1993 测试 é|#
1994|GROUP-6|664.66666666666666666660|2026-01-01 09:24:58.000|Заметка номер 1994 测试 é|#
1995|GROUP-0|665.00000000000000000000|2026-01-01 09:25:15.000|Заметка номер 1995 测试 é|#
1996|GROUP-1|665.33333333333333333330|2026-01-01 09:25:32.000|Заметка номер 1996 测试 é|#
1997|GROUP-2|665.66666666666666666660|2026-01-01 09:25:49.000|Заметка номер 1997 测试 é|#
1998|GROUP-3|666.00000000000000000000|2026-01-01 09:26:06.000|Заметка номер 1998 测试 é|#
1999|GROUP-4|666.33333333333333333330|2026-01-01 09:26:23.000|Заметка номер 1999 测试 é|#
2000|GROUP-5|666.66666666666666666660|2026-01-01 09:26:40.000|Заметка номер 2000 测试 é|#
2001|GROUP-6|667.00000000000000000000|2026-01-01 09:26:57.000|Заметка номер 2001 测试 é|#
2002|GROUP-0|667.33333333333333333330|2026-01-01 09:27:14.000|Заметка номер 2002 测试 é|#
2003|GROUP-1|667.66666666666666666660|2026-01-01 09:27:31.000|Заметка номер 2003 测试 é|#
2004|GROUP-2|668.00000000000000000000|2026-01-01 09:27:48.000|Заметка номер 2004 测试 é|#
2005|GROUP-3|668.33333333333333333330|2026-01-01 09:28:05.000|Заметка номер 2005 测试 é|#
2006|GROUP-4|668.66666666666666666660|2026-01-01 09:28:22.000|Заметка номер 2006 测试 é|#
2007|GROUP-5|669.00000000000000000000|2026-01-01 09:28:39.000|Заметка номер 2007 测试 é|#
2008|GROUP-6|669.33333333333333333330|2026-01-01 09:28:56.000|Заметка номер 2008 测试 é|#
2009|GROUP-0|669.66666666666666666660|2026-01-01 09:29:13.000|Заметка номер 2009 测试 é|#
2010|GROUP-1|670.00000000000000000000|2026-01-01 09:29:30.000|Заметка номер 2010 测试 é|#
2011|GROUP-2|670.33333333333333333330|2026-01-01 09:29:47.000|Заметка номер 2011 测试 é|#
2012|GROUP-3|670.66666666666666666660|2026-01-01 09:30:04.000|Заметка номер 2012 测试 é|#
2013|GROUP-4|671.00000000000000000000|2026-01-01 09:30:21.000|Заметка номер 2013 测试 é|#
2014|GROUP-5|671.33333333333333333330|2026-01-01 09:30:38.000|Заметка номер 2014 测试 é|#
2015|GROUP-6|671.66666666666666666660|2026-01-01 09:30:55.000|Заметка номер 2015 测试 é|#
2016|GROUP-0|672.00000000000000000000|2026-01-01 09:31:12.000|Заметка номер 2016 测试 é|#
2017|GROUP-1|672.33333333333333333330|2026-01-01 09:31:29.000|Заметка номер 2017 测试 é|#
2018|GROUP-2|672.66666666666666666660|2026-01-01 09:31:46.000|Заметка номер 2018 测试 é|#
2019|GROUP-3|673.00000000000000000000|2026-01-01 09:32:03.000|Заметка номер 2019 测试 é|#
2020|GROUP-4|673.33333333333333333330|2026-01-01 09:32:20.000|Заметка номер 2020 测试 é|#
2021|GROUP-5|673.66666666666666666660|2026-01-01 09:32:37.000|Заметка номер 2021 测试 é|#
2022|GROUP-6|674.00000000000000000000|2026-01-01 09:32:54.000|Заметка номер 2022 测试 é|#
2023|GROUP-0|674.33333333333333333330|2026-01-01 09:33:11.000|Заметка номер 2023 测试 é|#
2024|GROUP-1|674.66666666666666666660|2026-01-01 09:33:28.000|Заметка номер 2024 测试 é|#
2025|GROUP-2|675.00000000000000000000|2026-01-01 09:33:45.000|Заметка номер 2025 测试 é|#
2026|GROUP-3|675.33333333333333333330|2026-01-01 09:34:02.000|Заметка номер 2026 测试 é|#
2027|GROUP-4|675.66666666666666666660|2026-01-01 09:34:19.000|Заметка номер 2027 测试 é|#
2028|GROUP-5|676.00000000000000000000|2026-01-01 09:34:36.000|Заметка номер 2028 测试 é|#
2029|GROUP-6|676.33333333333333333330|2026-01-01 09:34:53.000|Заметка номер 2029 测试 é|#
2030|GROUP-0|676.66666666666666666660|2026-01-01 09:35:10.000|Заметка номер 2030 测试 é|#
2031|GROUP-1|677.00000000000000000000|2026-01-01 09:35:27.000|Заметка номер 2031 测试 é|#
2032|GROUP-2|677.33333333333333333330|2026-01-01 09:35:44.000|Заметка номер 2032 测试 é|#
2033|GROUP-3|677.66666666666666666660|2026-01-01 09:36:01.000|Заметка номер 2033 测试 é|#
2034|GROUP-4|678.00000000000000000000|2026-01-01 09:36:18.000|Заметка номер 2034 测试 é|#
2035|GROUP-5|678.33333333333333333330|2026-01-01 09:36:35.000|Заметка номер 2035 测试 é|#
2036|GROUP-6|678.66666666666666666660|2026-01-01 09:36:52.000|Заметка номер 2036 测试 é|#
2037|GROUP-0|679.00000000000000000000|2026-01-01 09:37:09.000|Заметка номер 2037 测试 é|#
2038|GROUP-1|679.33333333333333333330|2026-01-01 09:37:26.000|Заметка номер 2038 测试 é|#
2039|GROUP-2|679.66666666666666666660|2026-01-01 09:37:43.000|Заметка номер 2039 测试 é|#
2040|GROUP-3|680.00000000000000000000|2026-01-01 09:38:00.000|Заметка номер 2040 测试 é|#
2041|GROUP-4|680.33333333333333333330|2026-01-01 09:38:17.000|Заметка номер 2041 测试 é|#
2042|GROUP-5|680.66666666666666666660|2026-01-01 09:38:34.000|Заметка номер 2042 测试 é|#
2043|GROUP-6|681.00000000000000000000|2026-01-01 09:38:51.000|Заметка номер 2043 测试 é|#
2044|GROUP-0|681.33333333333333333330|2026-01-01 09:39:08.000|Заметка номер 2044 测试 é|#
2045|GROUP-1|681.66666666666666666660|2026-01-01 09:39:25.000|Заметка номер 2045 测试 é|#
2046|GROUP-2|682.00000000000000000000|2026-01-01 09:39:42.000|Заметка номер 2046 测试 é|#
2047|GROUP-3|682.33333333333333333330|2026-01-01 09:39:59.000|Заметка номер 2047 测试 é|#
2048|GROUP-4|682.66666666666666666660|2026-01-01 09:40:16.000|Заметка номер 2048 测试 é|#
2049|GROUP-5|683.00000000000000000000|2026-01-01 09:40:33.000|Заметка номер 2049 测试 é|#
2050|GROUP-6|683.33333333333333333330|2026-01-01 09:40:50.000|Заметка номер 2050 测试 é|#
2051|GROUP-0|683.66666666666666666660|2026-01-01 09:41:07.000|Заметка номер 2051 测试 é|#
2052|GROUP-1|684.00000000000000000000|2026-01-01 09:41:24.000|Заметка номер 2052 测试 é|#
2053|GROUP-2|684.33333333333333333330|2026-01-01 09:41:41.000|Заметка номер 2053 测试 é|#
2054|GROUP-3|684.66666666666666666660|2026-01-01 09:41:58.000|Заметка номер 2054 测试 é|#
2055|GROUP-4|685.00000000000000000000|2026-01-01 09:42:15.000|Заметка номер 2055 测试 é|#
2056|GROUP-5|685.33333333333333333330|2026-01-01 09:42:32.000|Заметка номер 2056 测试 é|#
2057|GROUP-6|685.66666666666666666660|2026-01-01 09:42:49.000|Заметка номер 2057 测试 é|#
2058|GROUP-0|686.00000000000000000000|2026-01-01 09:43:06.000|Заметка номер 2058 测试 é|#
2059|GROUP-1|686.33333333333333333330|2026-01-01 09:43:23.000|Заметка номер 2059 测试 é|#
2060|GROUP-2|686.66666666666666666660|2026-01-01 09:43:40.000|Заметка номер 2060 测试 é|#
2061|GROUP-3|687.00000000000000000000|2026-01-01 09:43:57.000|Заметка номер 2061 测试 é|#
2062|GROUP-4|687.33333333333333333330|2026-01-01 09:44:14.000|Заметка номер 2062 测试 é|#
2063|GROUP-5|687.66666666666666666660|2026-01-01 09:44:31.000|Заметка номер 2063 测试 é|#
2064|GROUP-6|688.00000000000000000000|2026-01-01 09:44:48.000|Заметка номер 2064 测试 é|#
2065|GROUP-0|688.33333333333333333330|2026-01-01 09:45:05.000|Заметка номер 2065 测试 é|#
2066|GROUP-1|688.66666666666666666660|2026-01-01 09:45:22.000|Заметка номер 2066 测试 é|#
2067|GROUP-2|689.00000000000000000000|2026-01-01 09:45:39.000|Заметка номер 2067 测试 é|#
2068|GROUP-3|689.33333333333333333330|2026-01-01 09:45:56.000|Заметка номер 2068 测试 é|#
2069|GROUP-4|689.66666666666666666660|2026-01-01 09:46:13.000|Заметка номер 2069 测试 é|#
2070|GROUP-5|690.00000000000000000000|2026-01-01 09:46:30.000|Заметка номер 2070 测试 é|#
2071|GROUP-6|690.33333333333333333330|2026-01-01 09:46:47.000|Заметка номер 2071 测试 é|#
2072|GROUP-0|690.66666666666666666660|2026-01-01 09:47:04.000|Заметка номер 2072 测试 é|#
2073|GROUP-1|691.00000000000000000000|2026-01-01 09:47:21.000|Заметка номер 2073 测试 é|#
2074|GROUP-2|691.33333333333333333330|2026-01-01 09:47:38.000|Заметка номер 2074 测试 é|#
2075|GROUP-3|691.66666666666666666660|2026-01-01 09:47:55.000|Заметка номер 2075 测试 é|#
2076|GROUP-4|692.00000000000000000000|2026-01-01 09:48:12.000|Заметка номер 2076 测试 é|#
2077|GROUP-5|692.33333333333333333330|2026-01-01 09:48:29.000|Заметка номер 2077 测试 é|#
2078|GROUP-6|692.66666666666666666660|2026-01-01 09:48:46.000|Заметка номер 2078 测试 é|#
2079|GROUP-0|693.00000000000000000000|2026-01-01 09:49:03.000|Заметка номер 2079 测试 é|#
2080|GROUP-1|693.33333333333333333330|2026-01-01 09:49:20.000|Заметка номер 2080 测试 é|#
2081|GROUP-2|693.66666666666666666660|2026-01-01 09:49:37.000|Заметка номер 2081 测试 é|#
2082|GROUP-3|694.00000000000000000000|2026-01-01 09:49:54.000|Заметка номер 2082 测试 é|#
2083|GROUP-4|694.33333333333333333330|2026-01-01 09:50:11.000|Заметка номер 2083 测试 é|#
2084|GROUP-5|694.66666666666666666660|2026-01-01 09:50:28.000|Заметка номер 2084 测试 é|#
2085|GROUP-6|695.00000000000000000000|2026-01-01 09:50:45.000|Заметка номер 2085 测试 é|#
2086|GROUP-0|695.33333333333333333330|2026-01-01 09:51:02.000|Заметка номер 2086 测试 é|#
2087|GROUP-1|695.66666666666666666660|2026-01-01 09:51:19.000|Заметка номер 2087 测试 é|#
2088|GROUP-2|696.00000000000000000000|2026-01-01 09:51:36.000|Заметка номер 2088 测试 é|#
2089|GROUP-3|696.33333333333333333330|2026-01-01 09:51:53.000|Заметка номер 2089 测试 é|#
2090|GROUP-4|696.66666666666666666660|2026-01-01 09:52:10.000|Заметка номер 2090 测试 é|#
2091|GROUP-5|697.00000000000000000000|2026-01-01 09:52:27.000|Заметка номер 2091 测试 é|#
2092|GROUP-6|697.33333333333333333330|2026-01-01 09:52:44.000|Заметка номер 2092 测试 é|#
2093|GROUP-0|697.66666666666666666660|2026-01-01 09:53:01.000|Заметка номер 2093 测试 é|#
2094|GROUP-1|698.00000000000000000000|2026-01-01 09:53:18.000|Заметка номер 2094 测试 é|#
2095|GROUP-2|698.33333333333333333330|2026-01-01 09:53:35.000|Заметка номер 2095 测试 é|#
2096|GROUP-3|698.66666666666666666660|2026-01-01 09:53:52.000|Заметка номер 2096 测试 é|#
2097|GROUP-4|699.00000000000000000000|2026-01-01 09:54:09.000|Заметка номер 2097 测试 é|#
2098|GROUP-5|699.33333333333333333330|2026-01-01 09:54:26.000|Заметка номер 2098 测试 é|#
2099|GROUP-6|699.66666666666666666660|2026-01-01 09:54:43.000|Заметка номер 2099 测试 é|#
2100|GROUP-0|700.00000000000000000000|2026-01-01 09:55:00.000|Заметка номер 2100 测试 é|#
2101|GROUP-1|700.33333333333333333330|2026-01-01 09:55:17.000|Заметка номер 2101 测试 é|#
2102|GROUP-2|700.66666666666666666660|2026-01-01 09:55:34.000|Заметка номер 2102 测试 é|#
2103|GROUP-3|701.00000000000000000000|2026-01-01 09:55:51.000|Заметка номер 2103 测试 é|#
2104|GROUP-4|701.33333333333333333330|2026-01-01 09:56:08.000|Заметка номер 2104 测试 é|#
2105|GROUP-5|701.66666666666666666660|2026-01-01 09:56:25.000|Заметка номер 2105 测试 é|#
2106|GROUP-6|702.00000000000000000000|2026-01-01 09:56:42.000|Заметка номер 2106 测试 é|#
2107|GROUP-0|702.33333333333333333330|2026-01-01 09:56:59.000|Заметка номер 2107 测试 é|#
2108|GROUP-1|702.66666666666666666660|2026-01-01 09:57:16.000|Заметка номер 2108 测试 é|#
2109|GROUP-2|703.00000000000000000000|2026-01-01 09:57:33.000|Заметка номер 2109 测试 é|#
2110|GROUP-3|703.33333333333333333330|2026-01-01 09:57:50.000|Заметка номер 2110 测试 é|#
2111|GROUP-4|703.66666666666666666660|2026-01-01 09:58:07.000|Заметка номер 2111 测试 é|#
2112|GROUP-5|704.00000000000000000000|2026-01-01 09:58:24.000|Заметка номер 2112 测试 é|#
2113|GROUP-6|704.33333333333333333330|2026-01-01 09:58:41.000|Заметка номер 2113 测试 é|#
2114|GROUP-0|704.66666666666666666660|2026-01-01 09:58:58.000|Заметка номер 2114 测试 é|#
2115|GROUP-1|705.00000000000000000000|2026-01-01 09:59:15.000|Заметка номер 2115 测试 é|#
2116|GROUP-2|705.33333333333333333330|2026-01-01 09:59:32.000|Заметка номер 2116 测试 é|#
2117|GROUP-3|705.66666666666666666660|2026-01-01 09:59:49.000|Заметка номер 2117 测试 é|#
2118|GROUP-4|706.00000000000000000000|2026-01-01 10:00:06.000|Заметка номер 2118 测试 é|#
2119|GROUP-5|706.33333333333333333330|2026-01-01 10:00:23.000|Заметка номер 2119 测试 é|#
2120|GROUP-6|706.66666666666666666660|2026-01-01 10:00:40.000|Заметка номер 2120 测试 é|#
2121|GROUP-0|707.00000000000000000000|2026-01-01 10:00:57.000|Заметка номер 2121 测试 é|#
2122|GROUP-1|707.33333333333333333330|2026-01-01 10:01:14.000|Заметка номер 2122 测试 é|#
2123|GROUP-2|707.66666666666666666660|2026-01-01 10:01:31.000|Заметка номер 2123 测试 é|#
2124|GROUP-3|708.00000000000000000000|2026-01-01 10:01:48.000|Заметка номер 2124 测试 é|#
2125|GROUP-4|708.33333333333333333330|2026-01-01 10:02:05.000|Заметка номер 2125 测试 é|#
2126|GROUP-5|708.66666666666666666660|2026-01-01 10:02:22.000|Заметка номер 2126 测试 é|#
2127|GROUP-6|709.00000000000000000000|2026-01-01 10:02:39.000|Заметка номер 2127 测试 é|#
2128|GROUP-0|709.33333333333333333330|2026-01-01 10:02:56.000|Заметка номер 2128 测试 é|#
2129|GROUP-1|709.66666666666666666660|2026-01-01 10:03:13.000|Заметка номер 2129 测试 é|#
2130|GROUP-2|710.00000000000000000000|2026-01-01 10:03:30.000|Заметка номер 2130 测试 é|#
2131|GROUP-3|710.33333333333333333330|2026-01-01 10:03:47.000|Заметка номер 2131 测试 é|#
2132|GROUP-4|710.66666666666666666660|2026-01-01 10:04:04.000|Заметка номер 2132 测试 é|#
2133|GROUP-5|711.00000000000000000000|2026-01-01 10:04:21.000|Заметка номер 2133 测试 é|#
2134|GROUP-6|711.33333333333333333330|2026-01-01 10:04:38.000|Заметка номер 2134 测试 é|#
2135|GROUP-0|711.66666666666666666660|2026-01-01 10:04:55.000|Заметка номер 2135 测试 é|#
2136|GROUP-1|712.00000000000000000000|2026-01-01 10:05:12.000|Заметка номер 2136 测试 é|#
2137|GROUP-2|712.33333333333333333330|2026-01-01 10:05:29.000|Заметка номер 2137 测试 é|#
2138|GROUP-3|712.66666666666666666660|2026-01-01 10:05:46.000|Заметка номер 2138 测试 é|#
2139|GROUP-4|713.00000000000000000000|2026-01-01 10:06:03.000|Заметка номер 2139 测试 é|#
2140|GROUP-5|713.33333333333333333330|2026-01-01 10:06:20.000|Заметка номер 2140 测试 é|#
2141|GROUP-6|713.66666666666666666660|2026-01-01 10:06:37.000|Заметка номер 2141 测试 é|#
2142|GROUP-0|714.00000000000000000000|2026-01-01 10:06:54.000|Заметка номер 2142 测试 é|#
2143|GROUP-1|714.33333333333333333330|2026-01-01 10:07:11.000|Заметка номер 2143 测试 é|#
2144|GROUP-2|714.66666666666666666660|2026-01-01 10:07:28.000|Заметка номер 2144 测试 é|#
2145|GROUP-3|715.00000000000000000000|2026-01-01 10:07:45.000|Заметка номер 2145 测试 é|#
2146|GROUP-4|715.33333333333333333330|2026-01-01 10:08:02.000|Заметка номер 2146 测试 é|#
2147|GROUP-5|715.66666666666666666660|2026-01-01 10:08:19.000|Заметка номер 2147 测试 é|#
2148|GROUP-6|716.00000000000000000000|2026-01-01 10:08:36.000|Заметка номер 2148 测试 é|#
2149|GROUP-0|716.33333333333333333330|2026-01-01 10:08:53.000|Заметка номер 2149 测试 é|#
2150|GROUP-1|716.66666666666666666660|2026-01-01 10:09:10.000|Заметка номер 2150 测试 é|#
2151|GROUP-2|717.00000000000000000000|2026-01-01 10:09:27.000|Заметка номер 2151 测试 é|#
2152|GROUP-3|717.33333333333333333330|2026-01-01 10:09:44.000|Заметка номер 2152 测试 é|#
2153|GROUP-4|717.66666666666666666660|2026-01-01 10:10:01.000|Заметка номер 2153 测试 é|#
2154|GROUP-5|718.00000000000000000000|2026-01-01 10:10:18.000|Заметка номер 2154 测试 é|#
2155|GROUP-6|718.33333333333333333330|2026-01-01 10:10:35.000|Заметка номер 2155 测试 é|#
2156|GROUP-0|718.66666666666666666660|2026-01-01 10:10:52.000|Заметка номер 2156 测试 é|#
2157|GROUP-1|719.00000000000000000000|2026-01-01 10:11:09.000|Заметка номер 2157 测试 é|#
2158|GROUP-2|719.33333333333333333330|2026-01-01 10:11:26.000|Заметка номер 2158 测试 é|#
2159|GROUP-3|719.66666666666666666660|2026-01-01 10:11:43.000|Заметка номер 2159 测试 é|#
2160|GROUP-4|720.00000000000000000000|2026-01-01 10:12:00.000|Заметка номер 2160 测试 é|#
2161|GROUP-5|720.33333333333333333330|2026-01-01 10:12:17.000|Заметка номер 2161 测试 é|#
2162|GROUP-6|720.66666666666666666660|2026-01-01 10:12:34.000|Заметка номер 2162 测试 é|#
2163|GROUP-0|721.00000000000000000000|2026-01-01 10:12:51.000|Заметка номер 2163 测试 é|#
2164|GROUP-1|721.33333333333333333330|2026-01-01 10:13:08.000|Заметка номер 2164 测试 é|#
2165|GROUP-2|721.66666666666666666660|2026-01-01 10:13:25.000|Заметка номер 2165 测试 é|#
2166|GROUP-3|722.00000000000000000000|2026-01-01 10:13:42.000|Заметка номер 2166 测试 é|#
2167|GROUP-4|722.33333333333333333330|2026-01-01 10:13:59.000|Заметка номер 2167 测试 é|#
2168|GROUP-5|722.66666666666666666660|2026-01-01 10:14:16.000|Заметка номер 2168 测试 é|#
2169|GROUP-6|723.00000000000000000000|2026-01-01 10:14:33.000|Заметка номер 2169 测试 é|#
2170|GROUP-0|723.33333333333333333330|2026-01-01 10:14:50.000|Заметка номер 2170 测试 é|#
2171|GROUP-1|723.66666666666666666660|2026-01-01 10:15:07.000|Заметка номер 2171 测试 é|#
2172|GROUP-2|724.00000000000000000000|2026-01-01 10:15:24.000|Заметка номер 2172 测试 é|#
2173|GROUP-3|724.33333333333333333330|2026-01-01 10:15:41.000|Заметка номер 2173 测试 é|#
2174|GROUP-4|724.66666666666666666660|2026-01-01 10:15:58.000|Заметка номер 2174 测试 é|#
2175|GROUP-5|725.00000000000000000000|2026-01-01 10:16:15.000|Заметка номер 2175 测试 é|#
2176|GROUP-6|725.33333333333333333330|2026-01-01 10:16:32.000|Заметка номер 2176 测试 é|#
2177|GROUP-0|725.66666666666666666660|2026-01-01 10:16:49.000|Заметка номер 2177 测试 é|#
2178|GROUP-1|726.00000000000000000000|2026-01-01 10:17:06.000|Заметка номер 2178 测试 é|#
2179|GROUP-2|726.33333333333333333330|2026-01-01 10:17:23.000|Заметка номер 2179 测试 é|#
2180|GROUP-3|726.66666666666666666660|2026-01-01 10:17:40.000|Заметка номер 2180 测试 é|#
2181|GROUP-4|727.00000000000000000000|2026-01-01 10:17:57.000|Заметка номер 2181 测试 é|#
2182|GROUP-5|727.33333333333333333330|2026-01-01 10:18:14.000|Заметка номер 2182 测试 é|#
2183|GROUP-6|727.66666666666666666660|2026-01-01 10:18:31.000|Заметка номер 2183 测试 é|#
2184|GROUP-0|728.00000000000000000000|2026-01-01 10:18:48.000|Заметка номер 2184 测试 é|#
2185|GROUP-1|728.33333333333333333330|2026-01-01 10:19:05.000|Заметка номер 2185 测试 é|#
2186|GROUP-2|728.66666666666666666660|2026-01-01 10:19:22.000|Заметка номер 2186 测试 é|#
2187|GROUP-3|729.00000000000000000000|2026-01-01 10:19:39.000|Заметка номер 2187 测试 é|#
2188|GROUP-4|729.33333333333333333330|2026-01-01 10:19:56.000|Заметка номер 2188 测试 é|#
2189|GROUP-5|729.66666666666666666660|2026-01-01 10:20:13.000|Заметка номер 2189 测试 é|#
2190|GROUP-6|730.00000000000000000000|2026-01-01 10:20:30.000|Заметка номер 2190 测试 é|#
2191|GROUP-0|730.33333333333333333330|2026-01-01 10:20:47.000|Заметка номер 2191 测试 é|#
2192|GROUP-1|730.66666666666666666660|2026-01-01 10:21:04.000|Заметка номер 2192 测试 é|#
2193|GROUP-2|731.00000000000000000000|2026-01-01 10:21:21.000|Заметка номер 2193 测试 é|#
2194|GROUP-3|731.33333333333333333330|2026-01-01 10:21:38.000|Заметка номер 2194 测试 é|#
2195|GROUP-4|731.66666666666666666660|2026-01-01 10:21:55.000|Заметка номер 2195 测试 é|#
2196|GROUP-5|732.00000000000000000000|2026-01-01 10:22:12.000|Заметка номер 2196 测试 é|#
2197|GROUP-6|732.33333333333333333330|2026-01-01 10:22:29.000|Заметка номер 2197 测试 é|#
2198|GROUP-0|732.66666666666666666660|2026-01-01 10:22:46.000|Заметка номер 2198 测试 é|#
2199|GROUP-1|733.00000000000000000000|2026-01-01 10:23:03.000|Заметка номер 2199 测试 é|#
2200|GROUP-2|733.33333333333333333330|2026-01-01 10:23:20.000|Заметка номер 2200 测试 é|#
2201|GROUP-3|733.66666666666666666660|2026-01-01 10:23:37.000|Заметка номер 2201 测试 é|#
2202|GROUP-4|734.00000000000000000000|2026-01-01 10:23:54.000|Заметка номер 2202 测试 é|#
2203|GROUP-5|734.33333333333333333330|2026-01-01 10:24:11.000|Заметка номер 2203 测试 é|#
2204|GROUP-6|734.66666666666666666660|2026-01-01 10:24:28.000|Заметка номер 2204 测试 é|#
2205|GROUP-0|735.00000000000000000000|2026-01-01 10:24:45.000|Заметка номер 2205 测试 é|#
2206|GROUP-1|735.33333333333333333330|2026-01-01 10:25:02.000|Заметка номер 2206 测试 é|#
2207|GROUP-2|735.66666666666666666660|2026-01-01 10:25:19.000|Заметка номер 2207 测试 é|#
2208|GROUP-3|736.00000000000000000000|2026-01-01 10:25:36.000|Заметка номер 2208 测试 é|#
2209|GROUP-4|736.33333333333333333330|2026-01-01 10:25:53.000|Заметка номер 2209 测试 é|#
2210|GROUP-5|736.66666666666666666660|2026-01-01 10:26:10.000|Заметка номер 2210 测试 é|#
2211|GROUP-6|737.00000000000000000000|2026-01-01 10:26:27.000|Заметка номер 2211 测试 é|#
2212|GROUP-0|737.33333333333333333330|2026-01-01 10:26:44.000|Заметка номер 2212 测试 é|#
2213|GROUP-1|737.66666666666666666660|2026-01-01 10:27:01.000|Заметка номер 2213 测试 é|#
2214|GROUP-2|738.00000000000000000000|2026-01-01 10:27:18.000|Заметка номер 2214 测试 é|#
2215|GROUP-3|738.33333333333333333330|2026-01-01 10:27:35.000|Заметка номер 2215 测试 é|#
2216|GROUP-4|738.66666666666666666660|2026-01-01 10:27:52.000|Заметка номер 2216 测试 é|#
2217|GROUP-5|739.00000000000000000000|2026-01-01 10:28:09.000|Заметка номер 2217 测试 é|#
2218|GROUP-6|739.33333333333333333330|2026-01-01 10:28:26.000|Заметка номер 2218 测试 é|#
2219|GROUP-0|739.66666666666666666660|2026-01-01 10:28:43.000|Заметка номер 2219 测试 é|#
2220|GROUP-1|740.00000000000000000000|2026-01-01 10:29:00.000|Заметка номер 2220 测试 é|#
2221|GROUP-2|740.33333333333333333330|2026-01-01 10:29:17.000|Заметка номер 2221 测试 é|#
2222|GROUP-3|740.66666666666666666660|2026-01-01 10:29:34.000|Заметка номер 2222 测试 é|#
2223|GROUP-4|741.00000000000000000000|2026-01-01 10:29:51.000|Заметка номер 2223 测试 é|#
2224|GROUP-5|741.33333333333333333330|2026-01-01 10:30:08.000|Заметка номер 2224 测试 é|#
2225|GROUP-6|741.66666666666666666660|2026-01-01 10:30:25.000|Заметка номер 2225 测试 é|#
2226|GROUP-0|742.00000000000000000000|2026-01-01 10:30:42.000|Заметка номер 2226 测试 é|#
2227|GROUP-1|742.33333333333333333330|2026-01-01 10:30:59.000|Заметка номер 2227 测试 é|#
2228|GROUP-2|742.66666666666666666660|2026-01-01 10:31:16.000|Заметка номер 2228 测试 é|#
2229|GROUP-3|743.00000000000000000000|2026-01-01 10:31:33.000|Заметка номер 2229 测试 é|#
2230|GROUP-4|743.33333333333333333330|2026-01-01 10:31:50.000|Заметка номер 2230 测试 é|#
2231|GROUP-5|743.66666666666666666660|2026-01-01 10:32:07.000|Заметка номер 2231 测试 é|#
2232|GROUP-6|744.00000000000000000000|2026-01-01 10:32:24.000|Заметка номер 2232 测试 é|#
2233|GROUP-0|744.33333333333333333330|2026-01-01 10:32:41.000|Заметка номер 2233 测试 é|#
2234|GROUP-1|744.66666666666666666660|2026-01-01 10:32:58.000|Заметка номер 2234 测试 é|#
2235|GROUP-2|745.00000000000000000000|2026-01-01 10:33:15.000|Заметка номер 2235 测试 é|#
2236|GROUP-3|745.33333333333333333330|2026-01-01 10:33:32.000|Заметка номер 2236 测试 é|#
2237|GROUP-4|745.66666666666666666660|2026-01-01 10:33:49.000|Заметка номер 2237 测试 é|#
2238|GROUP-5|746.00000000000000000000|2026-01-01 10:34:06.000|Заметка номер 2238 测试 é|#
2239|GROUP-6|746.33333333333333333330|2026-01-01 10:34:23.000|Заметка номер 2239 测试 é|#
2240|GROUP-0|746.66666666666666666660|2026-01-01 10:34:40.000|Заметка номер 2240 测试 é|#
2241|GROUP-1|747.00000000000000000000|2026-01-01 10:34:57.000|Заметка номер 2241 测试 é|#
2242|GROUP-2|747.33333333333333333330|2026-01-01 10:35:14.000|Заметка номер 2242 测试 é|#
2243|GROUP-3|747.66666666666666666660|2026-01-01 10:35:31.000|Заметка номер 2243 测试 é|#
2244|GROUP-4|748.00000000000000000000|2026-01-01 10:35:48.000|Заметка номер 2244 测试 é|#
2245|GROUP-5|748.33333333333333333330|2026-01-01 10:36:05.000|Заметка номер 2245 测试 é|#
2246|GROUP-6|748.66666666666666666660|2026-01-01 10:36:22.000|Заметка номер 2246 测试 é|#
2247|GROUP-0|749.00000000000000000000|2026-01-01 10:36:39.000|Заметка номер 2247 测试 é|#
2248|GROUP-1|749.33333333333333333330|2026-01-01 10:36:56.000|Заметка номер 2248 测试 é|#
2249|GROUP-2|749.66666666666666666660|2026-01-01 10:37:13.000|Заметка номер 2249 测试 é|#
2250|GROUP-3|750.00000000000000000000|2026-01-01 10:37:30.000|Заметка номер 2250 测试 é|#
2251|GROUP-4|750.33333333333333333330|2026-01-01 10:37:47.000|Заметка номер 2251 测试 é|#
2252|GROUP-5|750.66666666666666666660|2026-01-01 10:38:04.000|Заметка номер 2252 测试 é|#
2253|GROUP-6|751.00000000000000000000|2026-01-01 10:38:21.000|Заметка номер 2253 测试 é|#
2254|GROUP-0|751.33333333333333333330|2026-01-01 10:38:38.000|Заметка номер 2254 测试 é|#
2255|GROUP-1|751.66666666666666666660|2026-01-01 10:38:55.000|Заметка номер 2255 测试 é|#
2256|GROUP-2|752.00000000000000000000|2026-01-01 10:39:12.000|Заметка номер 2256 测试 é|#
2257|GROUP-3|752.33333333333333333330|2026-01-01 10:39:29.000|Заметка номер 2257 测试 é|#
2258|GROUP-4|752.66666666666666666660|2026-01-01 10:39:46.000|Заметка номер 2258 测试 é|#
2259|GROUP-5|753.00000000000000000000|2026-01-01 10:40:03.000|Заметка номер 2259 测试 é|#
2260|GROUP-6|753.33333333333333333330|2026-01-01 10:40:20.000|Заметка номер 2260 测试 é|#
2261|GROUP-0|753.66666666666666666660|2026-01-01 10:40:37.000|Заметка номер 2261 测试 é|#
2262|GROUP-1|754.00000000000000000000|2026-01-01 10:40:54.000|Заметка номер 2262 测试 é|#
2263|GROUP-2|754.33333333333333333330|2026-01-01 10:41:11.000|Заметка номер 2263 测试 é|#
2264|GROUP-3|754.66666666666666666660|2026-01-01 10:41:28.000|Заметка номер 2264 测试 é|#
2265|GROUP-4|755.00000000000000000000|2026-01-01 10:41:45.000|Заметка номер 2265 测试 é|#
2266|GROUP-5|755.33333333333333333330|2026-01-01 10:42:02.000|Заметка номер 2266 测试 é|#
2267|GROUP-6|755.66666666666666666660|2026-01-01 10:42:19.000|Заметка номер 2267 测试 é|#
2268|GROUP-0|756.00000000000000000000|2026-01-01 10:42:36.000|Заметка номер 2268 测试 é|#
2269|GROUP-1|756.33333333333333333330|2026-01-01 10:42:53.000|Заметка номер 2269 测试 é|#
2270|GROUP-2|756.66666666666666666660|2026-01-01 10:43:10.000|Заметка номер 2270 测试 é|#
2271|GROUP-3|757.00000000000000000000|2026-01-01 10:43:27.000|Заметка номер 2271 测试 é|#
2272|GROUP-4|757.33333333333333333330|2026-01-01 10:43:44.000|Заметка номер 2272 测试 é|#
2273|GROUP-5|757.66666666666666666660|2026-01-01 10:44:01.000|Заметка номер 2273 测试 é|#
2274|GROUP-6|758.00000000000000000000|2026-01-01 10:44:18.000|Заметка номер 2274 测试 é|#
2275|GROUP-0|758.33333333333333333330|2026-01-01 10:44:35.000|Заметка номер 2275 测试 é|#
2276|GROUP-1|758.66666666666666666660|2026-01-01 10:44:52.000|Заметка номер 2276 测试 é|#
2277|GROUP-2|759.00000000000000000000|2026-01-01 10:45:09.000|Заметка номер 2277 测试 é|#
2278|GROUP-3|759.33333333333333333330|2026-01-01 10:45:26.000|Заметка номер 2278 测试 é|#
2279|GROUP-4|759.66666666666666666660|2026-01-01 10:45:43.000|Заметка номер 2279 测试 é|#
2280|GROUP-5|760.00000000000000000000|2026-01-01 10:46:00.000|Заметка номер 2280 测试 é|#
2281|GROUP-6|760.33333333333333333330|2026-01-01 10:46:17.000|Заметка номер 2281 测试 é|#
2282|GROUP-0|760.66666666666666666660|2026-01-01 10:46:34.000|Заметка номер 2282 测试 é|#
2283|GROUP-1|761.00000000000000000000|2026-01-01 10:46:51.000|Заметка номер 2283 测试 é|#
2284|GROUP-2|761.33333333333333333330|2026-01-01 10:47:08.000|Заметка номер 2284 测试 é|#
2285|GROUP-3|761.66666666666666666660|2026-01-01 10:47:25.000|Заметка номер 2285 测试 é|#
2286|GROUP-4|762.00000000000000000000|2026-01-01 10:47:42.000|Заметка номер 2286 测试 é|#
2287|GROUP-5|762.33333333333333333330|2026-01-01 10:47:59.000|Заметка номер 2287 测试 é|#
2288|GROUP-6|762.66666666666666666660|2026-01-01 10:48:16.000|Заметка номер 2288 测试 é|#
2289|GROUP-0|763.00000000000000000000|2026-01-01 10:48:33.000|Заметка номер 2289 测试 é|#
2290|GROUP-1|763.33333333333333333330|2026-01-01 10:48:50.000|Заметка номер 2290 测试 é|#
2291|GROUP-2|763.66666666666666666660|2026-01-01 10:49:07.000|Заметка номер 2291 测试 é|#
2292|GROUP-3|764.00000000000000000000|2026-01-01 10:49:24.000|Заметка номер 2292 测试 é|#
2293|GROUP-4|764.33333333333333333330|2026-01-01 10:49:41.000|Заметка номер 2293 测试 é|#
2294|GROUP-5|764.66666666666666666660|2026-01-01 10:49:58.000|Заметка номер 2294 测试 é|#
2295|GROUP-6|765.00000000000000000000|2026-01-01 10:50:15.000|Заметка номер 2295 测试 é|#
2296|GROUP-0|765.33333333333333333330|2026-01-01 10:50:32.000|Заметка номер 2296 测试 é|#
2297|GROUP-1|765.66666666666666666660|2026-01-01 10:50:49.000|Заметка номер 2297 测试 é|#
2298|GROUP-2|766.00000000000000000000|2026-01-01 10:51:06.000|Заметка номер 2298 测试 é|#
2299|GROUP-3|766.33333333333333333330|2026-01-01 10:51:23.000|Заметка номер 2299 测试 é|#
2300|GROUP-4|766.66666666666666666660|2026-01-01 10:51:40.000|Заметка номер 2300 测试 é|#
2301|GROUP-5|767.00000000000000000000|2026-01-01 10:51:57.000|Заметка номер 2301 测试 é|#
2302|GROUP-6|767.33333333333333333330|2026-01-01 10:52:14.000|Заметка номер 2302 测试 é|#
2303|GROUP-0|767.66666666666666666660|2026-01-01 10:52:31.000|Заметка номер 2303 测试 é|#
2304|GROUP-1|768.00000000000000000000|2026-01-01 10:52:48.000|Заметка номер 2304 测试 é|#
2305|GROUP-2|768.33333333333333333330|2026-01-01 10:53:05.000|Заметка номер 2305 测试 é|#
2306|GROUP-3|768.66666666666666666660|2026-01-01 10:53:22.000|Заметка номер 2306 测试 é|#
2307|GROUP-4|769.00000000000000000000|2026-01-01 10:53:39.000|Заметка номер 2307 测试 é|#
2308|GROUP-5|769.33333333333333333330|2026-01-01 10:53:56.000|Заметка номер 2308 测试 é|#
2309|GROUP-6|769.66666666666666666660|2026-01-01 10:54:13.000|Заметка номер 2309 测试 é|#
2310|GROUP-0|770.00000000000000000000|2026-01-01 10:54:30.000|Заметка номер 2310 测试 é|#
2311|GROUP-1|770.33333333333333333330|2026-01-01 10:54:47.000|Заметка номер 2311 测试 é|#
2312|GROUP-2|770.66666666666666666660|2026-01-01 10:55:04.000|Заметка номер 2312 测试 é|#
2313|GROUP-3|771.00000000000000000000|2026-01-01 10:55:21.000|Заметка номер 2313 测试 é|#
2314|GROUP-4|771.33333333333333333330|2026-01-01 10:55:38.000|Заметка номер 2314 测试 é|#
2315|GROUP-5|771.66666666666666666660|2026-01-01 10:55:55.000|Заметка номер 2315 测试 é|#
2316|GROUP-6|772.00000000000000000000|2026-01-01 10:56:12.000|Заметка номер 2316 测试 é|#
2317|GROUP-0|772.33333333333333333330|2026-01-01 10:56:29.000|Заметка номер 2317 测试 é|#
2318|GROUP-1|772.66666666666666666660|2026-01-01 10:56:46.000|Заметка номер 2318 测试 é|#
2319|GROUP-2|773.00000000000000000000|2026-01-01 10:57:03.000|Заметка номер 2319 测试 é|#
2320|GROUP-3|773.33333333333333333330|2026-01-01 10:57:20.000|Заметка номер 2320 测试 é|#
2321|GROUP-4|773.66666666666666666660|2026-01-01 10:57:37.000|Заметка номер 2321 测试 é|#
2322|GROUP-5|774.00000000000000000000|2026-01-01 10:57:54.000|Заметка номер 2322 测试 é|#
2323|GROUP-6|774.33333333333333333330|2026-01-01 10:58:11.000|Заметка номер 2323 测试 é|#
2324|GROUP-0|774.66666666666666666660|2026-01-01 10:58:28.000|Заметка номер 2324 测试 é|#
2325|GROUP-1|775.00000000000000000000|2026-01-01 10:58:45.000|Заметка номер 2325 测试 é|#
2326|GROUP-2|775.33333333333333333330|2026-01-01 10:59:02.000|Заметка номер 2326 测试 é|#
2327|GROUP-3|775.66666666666666666660|2026-01-01 10:59:19.000|Заметка номер 2327 测试 é|#
2328|GROUP-4|776.00000000000000000000|2026-01-01 10:59:36.000|Заметка номер 2328 测试 é|#
2329|GROUP-5|776.33333333333333333330|2026-01-01 10:59:53.000|Заметка номер 2329 测试 é|#
2330|GROUP-6|776.66666666666666666660|2026-01-01 11:00:10.000|Заметка номер 2330 测试 é|#
2331|GROUP-0|777.00000000000000000000|2026-01-01 11:00:27.000|Заметка номер 2331 测试 é|#
2332|GROUP-1|777.33333333333333333330|2026-01-01 11:00:44.000|Заметка номер 2332 测试 é|#
2333|GROUP-2|777.66666666666666666660|2026-01-01 11:01:01.000|Заметка номер 2333 测试 é|#
2334|GROUP-3|778.00000000000000000000|2026-01-01 11:01:18.000|Заметка номер 2334 测试 é|#
2335|GROUP-4|778.33333333333333333330|2026-01-01 11:01:35.000|Заметка номер 2335 测试 é|#
2336|GROUP-5|778.66666666666666666660|2026-01-01 11:01:52.000|Заметка номер 2336 测试 é|#
2337|GROUP-6|779.00000000000000000000|2026-01-01 11:02:09.000|Заметка номер 2337 测试 é|#
2338|GROUP-0|779.33333333333333333330|2026-01-01 11:02:26.000|Заметка номер 2338 测试 é|#
2339|GROUP-1|779.66666666666666666660|2026-01-01 11:02:43.000|Заметка номер 2339 测试 é|#
2340|GROUP-2|780.00000000000000000000|2026-01-01 11:03:00.000|Заметка номер 2340 测试 é|#
2341|GROUP-3|780.33333333333333333330|2026-01-01 11:03:17.000|Заметка номер 2341 测试 é|#
2342|GROUP-4|780.66666666666666666660|2026-01-01 11:03:34.000|Заметка номер 2342 测试 é|#
2343|GROUP-5|781.00000000000000000000|2026-01-01 11:03:51.000|Заметка номер 2343 测试 é|#
2344|GROUP-6|781.33333333333333333330|2026-01-01 11:04:08.000|Заметка номер 2344 测试 é|#
2345|GROUP-0|781.66666666666666666660|2026-01-01 11:04:25.000|Заметка номер 2345 测试 é|#
2346|GROUP-1|782.00000000000000000000|2026-01-01 11:04:42.000|Заметка номер 2346 测试 é|#
2347|GROUP-2|782.33333333333333333330|2026-01-01 11:04:59.000|Заметка номер 2347 测试 é|#
2348|GROUP-3|782.66666666666666666660|2026-01-01 11:05:16.000|Заметка номер 2348 测试 é|#
2349|GROUP-4|783.00000000000000000000|2026-01-01 11:05:33.000|Заметка номер 2349 测试 é|#
2350|GROUP-5|783.33333333333333333330|2026-01-01 11:05:50.000|Заметка номер 2350 测试 é|#
2351|GROUP-6|783.66666666666666666660|2026-01-01 11:06:07.000|Заметка номер 2351 测试 é|#
2352|GROUP-0|784.00000000000000000000|2026-01-01 11:06:24.000|Заметка номер 2352 测试 é|#
2353|GROUP-1|784.33333333333333333330|2026-01-01 11:06:41.000|Заметка номер 2353 测试 é|#
2354|GROUP-2|784.66666666666666666660|2026-01-01 11:06:58.000|Заметка номер 2354 测试 é|#
2355|GROUP-3|785.00000000000000000000|2026-01-01 11:07:15.000|Заметка номер 2355 测试 é|#
2356|GROUP-4|785.33333333333333333330|2026-01-01 11:07:32.000|Заметка номер 2356 测试 é|#
2357|GROUP-5|785.66666666666666666660|2026-01-01 11:07:49.000|Заметка номер 2357 测试 é|#
2358|GROUP-6|786.00000000000000000000|2026-01-01 11:08:06.000|Заметка номер 2358 测试 é|#
2359|GROUP-0|786.33333333333333333330|2026-01-01 11:08:23.000|Заметка номер 2359 测试 é|#
2360|GROUP-1|786.66666666666666666660|2026-01-01 11:08:40.000|Заметка номер 2360 测试 é|#
2361|GROUP-2|787.00000000000000000000|2026-01-01 11:08:57.000|Заметка номер 2361 测试 é|#
2362|GROUP-3|787.33333333333333333330|2026-01-01 11:09:14.000|Заметка номер 2362 测试 é|#
2363|GROUP-4|787.66666666666666666660|2026-01-01 11:09:31.000|Заметка номер 2363 测试 é|#
2364|GROUP-5|788.00000000000000000000|2026-01-01 11:09:48.000|Заметка номер 2364 测试 é|#
2365|GROUP-6|788.33333333333333333330|2026-01-01 11:10:05.000|Заметка номер 2365 测试 é|#
2366|GROUP-0|788.66666666666666666660|2026-01-01 11:10:22.000|Заметка номер 2366 测试 é|#
2367|GROUP-1|789.00000000000000000000|2026-01-01 11:10:39.000|Заметка номер 2367 测试 é|#
2368|GROUP-2|789.33333333333333333330|2026-01-01 11:10:56.000|Заметка номер 2368 测试 é|#
2369|GROUP-3|789.66666666666666666660|2026-01-01 11:11:13.000|Заметка номер 2369 测试 é|#
2370|GROUP-4|790.00000000000000000000|2026-01-01 11:11:30.000|Заметка номер 2370 测试 é|#
2371|GROUP-5|790.33333333333333333330|2026-01-01 11:11:47.000|Заметка номер 2371 测试 é|#
2372|GROUP-6|790.66666666666666666660|2026-01-01 11:12:04.000|Заметка номер 2372 测试 é|#
2373|GROUP-0|791.00000000000000000000|2026-01-01 11:12:21.000|Заметка номер 2373 测试 é|#
2374|GROUP-1|791.33333333333333333330|2026-01-01 11:12:38.000|Заметка номер 2374 测试 é|#
2375|GROUP-2|791.66666666666666666660|2026-01-01 11:12:55.000|Заметка номер 2375 测试 é|#
2376|GROUP-3|792.00000000000000000000|2026-01-01 11:13:12.000|Заметка номер 2376 测试 é|#
2377|GROUP-4|792.33333333333333333330|2026-01-01 11:13:29.000|Заметка номер 2377 测试 é|#
2378|GROUP-5|792.66666666666666666660|2026-01-01 11:13:46.000|Заметка номер 2378 测试 é|#
2379|GROUP-6|793.00000000000000000000|2026-01-01 11:14:03.000|Заметка номер 2379 测试 é|#
2380|GROUP-0|793.33333333333333333330|2026-01-01 11:14:20.000|Заметка номер 2380 测试 é|#
2381|GROUP-1|793.66666666666666666660|2026-01-01 11:14:37.000|Заметка номер 2381 测试 é|#
2382|GROUP-2|794.00000000000000000000|2026-01-01 11:14:54.000|Заметка номер 2382 测试 é|#
2383|GROUP-3|794.33333333333333333330|2026-01-01 11:15:11.000|Заметка номер 2383 测试 é|#
2384|GROUP-4|794.66666666666666666660|2026-01-01 11:15:28.000|Заметка номер 2384 测试 é|#
2385|GROUP-5|795.00000000000000000000|2026-01-01 11:15:45.000|Заметка номер 2385 测试 é|#
2386|GROUP-6|795.33333333333333333330|2026-01-01 11:16:02.000|Заметка номер 2386 测试 é|#
2387|GROUP-0|795.66666666666666666660|2026-01-01 11:16:19.000|Заметка номер 2387 测试 é|#
2388|GROUP-1|796.00000000000000000000|2026-01-01 11:16:36.000|Заметка номер 2388 测试 é|#
2389|GROUP-2|796.33333333333333333330|2026-01-01 11:16:53.000|Заметка номер 2389 测试 é|#
2390|GROUP-3|796.66666666666666666660|2026-01-01 11:17:10.000|Заметка номер 2390 测试 é|#
2391|GROUP-4|797.00000000000000000000|2026-01-01 11:17:27.000|Заметка номер 2391 测试 é|#
2392|GROUP-5|797.33333333333333333330|2026-01-01 11:17:44.000|Заметка номер 2392 测试 é|#
2393|GROUP-6|797.66666666666666666660|2026-01-01 11:18:01.000|Заметка номер 2393 测试 é|#
2394|GROUP-0|798.00000000000000000000|2026-01-01 11:18:18.000|Заметка номер 2394 测试 é|#
2395|GROUP-1|798.33333333333333333330|2026-01-01 11:18:35.000|Заметка номер 2395 测试 é|#
2396|GROUP-2|798.66666666666666666660|2026-01-01 11:18:52.000|Заметка номер 2396 测试 é|#
2397|GROUP-3|799.00000000000000000000|2026-01-01 11:19:09.000|Заметка номер 2397 测试 é|#
2398|GROUP-4|799.33333333333333333330|2026-01-01 11:19:26.000|Заметка номер 2398 测试 é|#
2399|GROUP-5|799.66666666666666666660|2026-01-01 11:19:43.000|Заметка номер 2399 测试 é|#
2400|GROUP-6|800.00000000000000000000|2026-01-01 11:20:00.000|Заметка номер 2400 测试 é|#
2401|GROUP-0|800.33333333333333333330|2026-01-01 11:20:17.000|Заметка номер 2401 测试 é|#
2402|GROUP-1|800.66666666666666666660|2026-01-01 11:20:34.000|Заметка номер 2402 测试 é|#
2403|GROUP-2|801.00000000000000000000|2026-01-01 11:20:51.000|Заметка номер 2403 测试 é|#
2404|GROUP-3|801.33333333333333333330|2026-01-01 11:21:08.000|Заметка номер 2404 测试 é|#
2405|GROUP-4|801.66666666666666666660|2026-01-01 11:21:25.000|Заметка номер 2405 测试 é|#
2406|GROUP-5|802.00000000000000000000|2026-01-01 11:21:42.000|Заметка номер 2406 测试 é|#
2407|GROUP-6|802.33333333333333333330|2026-01-01 11:21:59.000|Заметка номер 2407 测试 é|#
2408|GROUP-0|802.66666666666666666660|2026-01-01 11:22:16.000|Заметка номер 2408 测试 é|#
2409|GROUP-1|803.00000000000000000000|2026-01-01 11:22:33.000|Заметка номер 2409 测试 é|#
2410|GROUP-2|803.33333333333333333330|2026-01-01 11:22:50.000|Заметка номер 2410 测试 é|#
2411|GROUP-3|803.66666666666666666660|2026-01-01 11:23:07.000|Заметка номер 2411 测试 é|#
2412|GROUP-4|804.00000000000000000000|2026-01-01 11:23:24.000|Заметка номер 2412 测试 é|#
2413|GROUP-5|804.33333333333333333330|2026-01-01 11:23:41.000|Заметка номер 2413 测试 é|#
2414|GROUP-6|804.66666666666666666660|2026-01-01 11:23:58.000|Заметка номер 2414 测试 é|#
2415|GROUP-0|805.00000000000000000000|2026-01-01 11:24:15.000|Заметка номер 2415 测试 é|#
2416|GROUP-1|805.33333333333333333330|2026-01-01 11:24:32.000|Заметка номер 2416 测试 é|#
2417|GROUP-2|805.66666666666666666660|2026-01-01 11:24:49.000|Заметка номер 2417 测试 é|#
2418|GROUP-3|806.00000000000000000000|2026-01-01 11:25:06.000|Заметка номер 2418 测试 é|#
2419|GROUP-4|806.33333333333333333330|2026-01-01 11:25:23.000|Заметка номер 2419 测试 é|#
2420|GROUP-5|806.66666666666666666660|2026-01-01 11:25:40.000|Заметка номер 2420 测试 é|#
2421|GROUP-6|807.00000000000000000000|2026-01-01 11:25:57.000|Заметка номер 2421 测试 é|#
2422|GROUP-0|807.33333333333333333330|2026-01-01 11:26:14.000|Заметка номер 2422 测试 é|#
2423|GROUP-1|807.66666666666666666660|2026-01-01 11:26:31.000|Заметка номер 2423 测试 é|#
2424|GROUP-2|808.00000000000000000000|2026-01-01 11:26:48.000|Заметка номер 2424 测试 é|#
2425|GROUP-3|808.33333333333333333330|2026-01-01 11:27:05.000|Заметка номер 2425 测试 é|#
2426|GROUP-4|808.66666666666666666660|2026-01-01 11:27:22.000|Заметка номер 2426 测试 é|#
2427|GROUP-5|809.00000000000000000000|2026-01-01 11:27:39.000|Заметка номер 2427 测试 é|#
2428|GROUP-6|809.33333333333333333330|2026-01-01 11:27:56.000|Заметка номер 2428 测试 é|#
2429|GROUP-0|809.66666666666666666660|2026-01-01 11:28:13.000|Заметка номер 2429 测试 é|#
2430|GROUP-1|810.00000000000000000000|2026-01-01 11:28:30.000|Заметка номер 2430 测试 é|#
2431|GROUP-2|810.33333333333333333330|2026-01-01 11:28:47.000|Заметка номер 2431 测试 é|#
2432|GROUP-3|810.66666666666666666660|2026-01-01 11:29:04.000|Заметка номер 2432 测试 é|#
2433|GROUP-4|811.00000000000000000000|2026-01-01 11:29:21.000|Заметка номер 2433 测试 é|#
2434|GROUP-5|811.33333333333333333330|2026-01-01 11:29:38.000|Заметка номер 2434 测试 é|#
2435|GROUP-6|811.66666666666666666660|2026-01-01 11:29:55.000|Заметка номер 2435 测试 é|#
2436|GROUP-0|812.00000000000000000000|2026-01-01 11:30:12.000|Заметка номер 2436 测试 é|#
2437|GROUP-1|812.33333333333333333330|2026-01-01 11:30:29.000|Заметка номер 2437 测试 é|#
2438|GROUP-2|812.66666666666666666660|2026-01-01 11:30:46.000|Заметка номер 2438 测试 é|#
2439|GROUP-3|813.00000000000000000000|2026-01-01 11:31:03.000|Заметка номер 2439 测试 é|#
2440|GROUP-4|813.33333333333333333330|2026-01-01 11:31:20.000|Заметка номер 2440 测试 é|#
2441|GROUP-5|813.66666666666666666660|2026-01-01 11:31:37.000|Заметка номер 2441 测试 é|#
2442|GROUP-6|814.00000000000000000000|2026-01-01 11:31:54.000|Заметка номер 2442 测试 é|#
2443|GROUP-0|814.33333333333333333330|2026-01-01 11:32:11.000|Заметка номер 2443 测试 é|#
2444|GROUP-1|814.66666666666666666660|2026-01-01 11:32:28.000|Заметка номер 2444 测试 é|#
2445|GROUP-2|815.00000000000000000000|2026-01-01 11:32:45.000|Заметка номер 2445 测试 é|#
2446|GROUP-3|815.33333333333333333330|2026-01-01 11:33:02.000|Заметка номер 2446 测试 é|#
2447|GROUP-4|815.66666666666666666660|2026-01-01 11:33:19.000|Заметка номер 2447 测试 é|#
2448|GROUP-5|816.00000000000000000000|2026-01-01 11:33:36.000|Заметка номер 2448 测试 é|#
2449|GROUP-6|816.33333333333333333330|2026-01-01 11:33:53.000|Заметка номер 2449 测试 é|#
2450|GROUP-0|816.66666666666666666660|2026-01-01 11:34:10.000|Заметка номер 2450 测试 é|#
2451|GROUP-1|817.00000000000000000000|2026-01-01 11:34:27.000|Заметка номер 2451 测试 é|#
2452|GROUP-2|817.33333333333333333330|2026-01-01 11:34:44.000|Заметка номер 2452 测试 é|#
2453|GROUP-3|817.66666666666666666660|2026-01-01 11:35:01.000|Заметка номер 2453 测试 é|#
2454|GROUP-4|818.00000000000000000000|2026-01-01 11:35:18.000|Заметка номер 2454 测试 é|#
2455|GROUP-5|818.33333333333333333330|2026-01-01 11:35:35.000|Заметка номер 2455 测试 é|#
2456|GROUP-6|818.66666666666666666660|2026-01-01 11:35:52.000|Заметка номер 2456 测试 é|#
2457|GROUP-0|819.00000000000000000000|2026-01-01 11:36:09.000|Заметка номер 2457 测试 é|#
2458|GROUP-1|819.33333333333333333330|2026-01-01 11:36:26.000|Заметка номер 2458 测试 é|#
2459|GROUP-2|819.66666666666666666660|2026-01-01 11:36:43.000|Заметка номер 2459 测试 é|#
2460|GROUP-3|820.00000000000000000000|2026-01-01 11:37:00.000|Заметка номер 2460 测试 é|#
2461|GROUP-4|820.33333333333333333330|2026-01-01 11:37:17.000|Заметка номер 2461 测试 é|#
2462|GROUP-5|820.66666666666666666660|2026-01-01 11:37:34.000|Заметка номер 2462 测试 é|#
2463|GROUP-6|821.00000000000000000000|2026-01-01 11:37:51.000|Заметка номер 2463 测试 é|#
2464|GROUP-0|821.33333333333333333330|2026-01-01 11:38:08.000|Заметка номер 2464 测试 é|#
2465|GROUP-1|821.66666666666666666660|2026-01-01 11:38:25.000|Заметка номер 2465 测试 é|#
2466|GROUP-2|822.00000000000000000000|2026-01-01 11:38:42.000|Заметка номер 2466 测试 é|#
2467|GROUP-3|822.33333333333333333330|2026-01-01 11:38:59.000|Заметка номер 2467 测试 é|#
2468|GROUP-4|822.66666666666666666660|2026-01-01 11:39:16.000|Заметка номер 2468 测试 é|#
2469|GROUP-5|823.00000000000000000000|2026-01-01 11:39:33.000|Заметка номер 2469 测试 é|#
2470|GROUP-6|823.33333333333333333330|2026-01-01 11:39:50.000|Заметка номер 2470 测试 é|#
2471|GROUP-0|823.66666666666666666660|2026-01-01 11:40:07.000|Заметка номер 2471 测试 é|#
2472|GROUP-1|824.00000000000000000000|2026-01-01 11:40:24.000|Заметка номер 2472 测试 é|#
2473|GROUP-2|824.33333333333333333330|2026-01-01 11:40:41.000|Заметка номер 2473 测试 é|#
2474|GROUP-3|824.66666666666666666660|2026-01-01 11:40:58.000|Заметка номер 2474 测试 é|#
2475|GROUP-4|825.00000000000000000000|2026-01-01 11:41:15.000|Заметка номер 2475 测试 é|#
2476|GROUP-5|825.33333333333333333330|2026-01-01 11:41:32.000|Заметка номер 2476 测试 é|#
2477|GROUP-6|825.66666666666666666660|2026-01-01 11:41:49.000|Заметка номер 2477 测试 é|#
2478|GROUP-0|826.00000000000000000000|2026-01-01 11:42:06.000|Заметка номер 2478 测试 é|#
2479|GROUP-1|826.33333333333333333330|2026-01-01 11:42:23.000|Заметка номер 2479 测试 é|#
2480|GROUP-2|826.66666666666666666660|2026-01-01 11:42:40.000|Заметка номер 2480 测试 é|#
2481|GROUP-3|827.00000000000000000000|2026-01-01 11:42:57.000|Заметка номер 2481 测试 é|#
2482|GROUP-4|827.33333333333333333330|2026-01-01 11:43:14.000|Заметка номер 2482 测试 é|#
2483|GROUP-5|827.66666666666666666660|2026-01-01 11:43:31.000|Заметка номер 2483 测试 é|#
2484|GROUP-6|828.00000000000000000000|2026-01-01 11:43:48.000|Заметка номер 2484 测试 é|#
2485|GROUP-0|828.33333333333333333330|2026-01-01 11:44:05.000|Заметка номер 2485 测试 é|#
2486|GROUP-1|828.66666666666666666660|2026-01-01 11:44:22.000|Заметка номер 2486 测试 é|#
2487|GROUP-2|829.00000000000000000000|2026-01-01 11:44:39.000|Заметка номер 2487 测试 é|#
2488|GROUP-3|829.33333333333333333330|2026-01-01 11:44:56.000|Заметка номер 2488 测试 é|#
2489|GROUP-4|829.66666666666666666660|2026-01-01 11:45:13.000|Заметка номер 2489 测试 é|#
2490|GROUP-5|830.00000000000000000000|2026-01-01 11:45:30.000|Заметка номер 2490 测试 é|#
2491|GROUP-6|830.33333333333333333330|2026-01-01 11:45:47.000|Заметка номер 2491 测试 é|#
2492|GROUP-0|830.66666666666666666660|2026-01-01 11:46:04.000|Заметка номер 2492 测试 é|#
2493|GROUP-1|831.00000000000000000000|2026-01-01 11:46:21.000|Заметка номер 2493 测试 é|#
2494|GROUP-2|831.33333333333333333330|2026-01-01 11:46:38.000|Заметка номер 2494 测试 é|#
2495|GROUP-3|831.66666666666666666660|2026-01-01 11:46:55.000|Заметка номер 2495 测试 é|#
2496|GROUP-4|832.00000000000000000000|2026-01-01 11:47:12.000|Заметка номер 2496 测试 é|#
2497|GROUP-5|832.33333333333333333330|2026-01-01 11:47:29.000|Заметка номер 2497 测试 é|#
2498|GROUP-6|832.66666666666666666660|2026-01-01 11:47:46.000|Заметка номер 2498 测试 é|#
2499|GROUP-0|833.00000000000000000000|2026-01-01 11:48:03.000|Заметка номер 2499 测试 é|#
2500|GROUP-1|833.33333333333333333330|2026-01-01 11:48:20.000|Заметка номер 2500 测试 é|#
2501|GROUP-2|833.66666666666666666660|2026-01-01 11:48:37.000|Заметка номер 2501 测试 é|#
2502|GROUP-3|834.00000000000000000000|2026-01-01 11:48:54.000|Заметка номер 2502 测试 é|#
2503|GROUP-4|834.33333333333333333330|2026-01-01 11:49:11.000|Заметка номер 2503 测试 é|#
2504|GROUP-5|834.66666666666666666660|2026-01-01 11:49:28.000|Заметка номер 2504 测试 é|#
2505|GROUP-6|835.00000000000000000000|2026-01-01 11:49:45.000|Заметка номер 2505 测试 é|#
2506|GROUP-0|835.33333333333333333330|2026-01-01 11:50:02.000|Заметка номер 2506 测试 é|#
2507|GROUP-1|835.66666666666666666660|2026-01-01 11:50:19.000|Заметка номер 2507 测试 é|#
2508|GROUP-2|836.00000000000000000000|2026-01-01 11:50:36.000|Заметка номер 2508 测试 é|#
2509|GROUP-3|836.33333333333333333330|2026-01-01 11:50:53.000|Заметка номер 2509 测试 é|#
2510|GROUP-4|836.66666666666666666660|2026-01-01 11:51:10.000|Заметка номер 2510 测试 é|#
2511|GROUP-5|837.00000000000000000000|2026-01-01 11:51:27.000|Заметка номер 2511 测试 é|#
2512|GROUP-6|837.33333333333333333330|2026-01-01 11:51:44.000|Заметка номер 2512 测试 é|#
2513|GROUP-0|837.66666666666666666660|2026-01-01 11:52:01.000|Заметка номер 2513 测试 é|#
2514|GROUP-1|838.00000000000000000000|2026-01-01 11:52:18.000|Заметка номер 2514 测试 é|#
2515|GROUP-2|838.33333333333333333330|2026-01-01 11:52:35.000|Заметка номер 2515 测试 é|#
2516|GROUP-3|838.66666666666666666660|2026-01-01 11:52:52.000|Заметка номер 2516 测试 é|#
2517|GROUP-4|839.00000000000000000000|2026-01-01 11:53:09.000|Заметка номер 2517 测试 é|#
2518|GROUP-5|839.33333333333333333330|2026-01-01 11:53:26.000|Заметка номер 2518 测试 é|#
2519|GROUP-6|839.66666666666666666660|2026-01-01 11:53:43.000|Заметка номер 2519 测试 é|#
2520|GROUP-0|840.00000000000000000000|2026-01-01 11:54:00.000|Заметка номер 2520 测试 é|#
2521|GROUP-1|840.33333333333333333330|2026-01-01 11:54:17.000|Заметка номер 2521 测试 é|#
2522|GROUP-2|840.66666666666666666660|2026-01-01 11:54:34.000|Заметка номер 2522 测试 é|#
2523|GROUP-3|841.00000000000000000000|2026-01-01 11:54:51.000|Заметка номер 2523 测试 é|#
2524|GROUP-4|841.33333333333333333330|2026-01-01 11:55:08.000|Заметка номер 2524 测试 é|#
2525|GROUP-5|841.66666666666666666660|2026-01-01 11:55:25.000|Заметка номер 2525 测试 é|#
2526|GROUP-6|842.00000000000000000000|2026-01-01 11:55:42.000|Заметка номер 2526 测试 é|#
2527|GROUP-0|842.33333333333333333330|2026-01-01 11:55:59.000|Заметка номер 2527 测试 é|#
2528|GROUP-1|842.66666666666666666660|2026-01-01 11:56:16.000|Заметка номер 2528 测试 é|#
2529|GROUP-2|843.00000000000000000000|2026-01-01 11:56:33.000|Заметка номер 2529 测试 é|#
2530|GROUP-3|843.33333333333333333330|2026-01-01 11:56:50.000|Заметка номер 2530 测试 é|#
2531|GROUP-4|843.66666666666666666660|2026-01-01 11:57:07.000|Заметка номер 2531 测试 é|#
2532|GROUP-5|844.00000000000000000000|2026-01-01 11:57:24.000|Заметка номер 2532 测试 é|#
2533|GROUP-6|844.33333333333333333330|2026-01-01 11:57:41.000|Заметка номер 2533 测试 é|#
2534|GROUP-0|844.66666666666666666660|2026-01-01 11:57:58.000|Заметка номер 2534 测试 é|#
2535|GROUP-1|845.00000000000000000000|2026-01-01 11:58:15.000|Заметка номер 2535 测试 é|#
2536|GROUP-2|845.33333333333333333330|2026-01-01 11:58:32.000|Заметка номер 2536 测试 é|#
2537|GROUP-3|845.66666666666666666660|2026-01-01 11:58:49.000|Заметка номер 2537 测试 é|#
2538|GROUP-4|846.00000000000000000000|2026-01-01 11:59:06.000|Заметка номер 2538 测试 é|#
2539|GROUP-5|846.33333333333333333330|2026-01-01 11:59:23.000|Заметка номер 2539 测试 é|#
2540|GROUP-6|846.66666666666666666660|2026-01-01 11:59:40.000|Заметка номер 2540 测试 é|#
2541|GROUP-0|847.00000000000000000000|2026-01-01 11:59:57.000|Заметка номер 2541 测试 é|#
2542|GROUP-1|847.33333333333333333330|2026-01-01 12:00:14.000|Заметка номер 2542 测试 é|#
2543|GROUP-2|847.66666666666666666660|2026-01-01 12:00:31.000|Заметка номер 2543 测试 é|#
2544|GROUP-3|848.00000000000000000000|2026-01-01 12:00:48.000|Заметка номер 2544 测试 é|#
2545|GROUP-4|848.33333333333333333330|2026-01-01 12:01:05.000|Заметка номер 2545 测试 é|#
2546|GROUP-5|848.66666666666666666660|2026-01-01 12:01:22.000|Заметка номер 2546 测试 é|#
2547|GROUP-6|849.00000000000000000000|2026-01-01 12:01:39.000|Заметка номер 2547 测试 é|#
2548|GROUP-0|849.33333333333333333330|2026-01-01 12:01:56.000|Заметка номер 2548 测试 é|#
2549|GROUP-1|849.66666666666666666660|2026-01-01 12:02:13.000|Заметка номер 2549 测试 é|#
2550|GROUP-2|850.00000000000000000000|2026-01-01 12:02:30.000|Заметка номер 2550 测试 é|#
2551|GROUP-3|850.33333333333333333330|2026-01-01 12:02:47.000|Заметка номер 2551 测试 é|#
2552|GROUP-4|850.66666666666666666660|2026-01-01 12:03:04.000|Заметка номер 2552 测试 é|#
2553|GROUP-5|851.00000000000000000000|2026-01-01 12:03:21.000|Заметка номер 2553 测试 é|#
2554|GROUP-6|851.33333333333333333330|2026-01-01 12:03:38.000|Заметка номер 2554 测试 é|#
2555|GROUP-0|851.66666666666666666660|2026-01-01 12:03:55.000|Заметка номер 2555 测试 é|#
2556|GROUP-1|852.00000000000000000000|2026-01-01 12:04:12.000|Заметка номер 2556 测试 é|#
2557|GROUP-2|852.33333333333333333330|2026-01-01 12:04:29.000|Заметка номер 2557 测试 é|#
2558|GROUP-3|852.66666666666666666660|2026-01-01 12:04:46.000|Заметка номер 2558 测试 é|#
2559|GROUP-4|853.00000000000000000000|2026-01-01 12:05:03.000|Заметка номер 2559 测试 é|#
2560|GROUP-5|853.33333333333333333330|2026-01-01 12:05:20.000|Заметка номер 2560 测试 é|#
2561|GROUP-6|853.66666666666666666660|2026-01-01 12:05:37.000|Заметка номер 2561 测试 é|#
2562|GROUP-0|854.00000000000000000000|2026-01-01 12:05:54.000|Заметка номер 2562 测试 é|#
2563|GROUP-1|854.33333333333333333330|2026-01-01 12:06:11.000|Заметка номер 2563 测试 é|#
2564|GROUP-2|854.66666666666666666660|2026-01-01 12:06:28.000|Заметка номер 2564 测试 é|#
2565|GROUP-3|855.00000000000000000000|2026-01-01 12:06:45.000|Заметка номер 2565 测试 é|#
2566|GROUP-4|855.33333333333333333330|2026-01-01 12:07:02.000|Заметка номер 2566 测试 é|#
2567|GROUP-5|855.66666666666666666660|2026-01-01 12:07:19.000|Заметка номер 2567 测试 é|#
2568|GROUP-6|856.00000000000000000000|2026-01-01 12:07:36.000|Заметка номер 2568 测试 é|#
2569|GROUP-0|856.33333333333333333330|2026-01-01 12:07:53.000|Заметка номер 2569 测试 é|#
2570|GROUP-1|856.66666666666666666660|2026-01-01 12:08:10.000|Заметка номер 2570 测试 é|#
2571|GROUP-2|857.00000000000000000000|2026-01-01 12:08:27.000|Заметка номер 2571 测试 é|#
2572|GROUP-3|857.33333333333333333330|2026-01-01 12:08:44.000|Заметка номер 2572 测试 é|#
2573|GROUP-4|857.66666666666666666660|2026-01-01 12:09:01.000|Заметка номер 2573 测试 é|#
2574|GROUP-5|858.00000000000000000000|2026-01-01 12:09:18.000|Заметка номер 2574 测试 é|#
2575|GROUP-6|858.33333333333333333330|2026-01-01 12:09:35.000|Заметка номер 2575 测试 é|#
2576|GROUP-0|858.66666666666666666660|2026-01-01 12:09:52.000|Заметка номер 2576 测试 é|#
2577|GROUP-1|859.00000000000000000000|2026-01-01 12:10:09.000|Заметка номер 2577 测试 é|#
2578|GROUP-2|859.33333333333333333330|2026-01-01 12:10:26.000|Заметка номер 2578 测试 é|#
2579|GROUP-3|859.66666666666666666660|2026-01-01 12:10:43.000|Заметка номер 2579 测试 é|#
2580|GROUP-4|860.00000000000000000000|2026-01-01 12:11:00.000|Заметка номер 2580 测试 é|#
2581|GROUP-5|860.33333333333333333330|2026-01-01 12:11:17.000|Заметка номер 2581 测试 é|#
2582|GROUP-6|860.66666666666666666660|2026-01-01 12:11:34.000|Заметка номер 2582 测试 é|#
2583|GROUP-0|861.00000000000000000000|2026-01-01 12:11:51.000|Заметка номер 2583 测试 é|#
2584|GROUP-1|861.33333333333333333330|2026-01-01 12:12:08.000|Заметка номер 2584 测试 é|#
2585|GROUP-2|861.66666666666666666660|2026-01-01 12:12:25.000|Заметка номер 2585 测试 é|#
2586|GROUP-3|862.00000000000000000000|2026-01-01 12:12:42.000|Заметка номер 2586 测试 é|#
2587|GROUP-4|862.33333333333333333330|2026-01-01 12:12:59.000|Заметка номер 2587 测试 é|#
2588|GROUP-5|862.66666666666666666660|2026-01-01 12:13:16.000|Заметка номер 2588 测试 é|#
2589|GROUP-6|863.00000000000000000000|2026-01-01 12:13:33.000|Заметка номер 2589 测试 é|#
2590|GROUP-0|863.33333333333333333330|2026-01-01 12:13:50.000|Заметка номер 2590 测试 é|#
2591|GROUP-1|863.66666666666666666660|2026-01-01 12:14:07.000|Заметка номер 2591 测试 é|#
2592|GROUP-2|864.00000000000000000000|2026-01-01 12:14:24.000|Заметка номер 2592 测试 é|#
2593|GROUP-3|864.33333333333333333330|2026-01-01 12:14:41.000|Заметка номер 2593 测试 é|#
2594|GROUP-4|864.66666666666666666660|2026-01-01 12:14:58.000|Заметка номер 2594 测试 é|#
2595|GROUP-5|865.00000000000000000000|2026-01-01 12:15:15.000|Заметка номер 2595 测试 é|#
2596|GROUP-6|865.33333333333333333330|2026-01-01 12:15:32.000|Заметка номер 2596 测试 é|#
2597|GROUP-0|865.66666666666666666660|2026-01-01 12:15:49.000|Заметка номер 2597 测试 é|#
2598|GROUP-1|866.00000000000000000000|2026-01-01 12:16:06.000|Заметка номер 2598 测试 é|#
2599|GROUP-2|866.33333333333333333330|2026-01-01 12:16:23.000|Заметка номер 2599 测试 é|#
2600|GROUP-3|866.66666666666666666660|2026-01-01 12:16:40.000|Заметка номер 2600 测试 é|#
2601|GROUP-4|867.00000000000000000000|2026-01-01 12:16:57.000|Заметка номер 2601 测试 é|#
2602|GROUP-5|867.33333333333333333330|2026-01-01 12:17:14.000|Заметка номер 2602 测试 é|#
2603|GROUP-6|867.66666666666666666660|2026-01-01 12:17:31.000|Заметка номер 2603 测试 é|#
2604|GROUP-0|868.00000000000000000000|2026-01-01 12:17:48.000|Заметка номер 2604 测试 é|#
2605|GROUP-1|868.33333333333333333330|2026-01-01 12:18:05.000|Заметка номер 2605 测试 é|#
2606|GROUP-2|868.66666666666666666660|2026-01-01 12:18:22.000|Заметка номер 2606 测试 é|#
2607|GROUP-3|869.00000000000000000000|2026-01-01 12:18:39.000|Заметка номер 2607 测试 é|#
2608|GROUP-4|869.33333333333333333330|2026-01-01 12:18:56.000|Заметка номер 2608 测试 é|#
2609|GROUP-5|869.66666666666666666660|2026-01-01 12:19:13.000|Заметка номер 2609 测试 é|#
2610|GROUP-6|870.00000000000000000000|2026-01-01 12:19:30.000|Заметка номер 2610 测试 é|#
2611|GROUP-0|870.33333333333333333330|2026-01-01 12:19:47.000|Заметка номер 2611 测试 é|#
2612|GROUP-1|870.66666666666666666660|2026-01-01 12:20:04.000|Заметка номер 2612 测试 é|#
2613|GROUP-2|871.00000000000000000000|2026-01-01 12:20:21.000|Заметка номер 2613 测试 é|#
2614|GROUP-3|871.33333333333333333330|2026-01-01 12:20:38.000|Заметка номер 2614 测试 é|#
2615|GROUP-4|871.66666666666666666660|2026-01-01 12:20:55.000|Заметка номер 2615 测试 é|#
2616|GROUP-5|872.00000000000000000000|2026-01-01 12:21:12.000|Заметка номер 2616 测试 é|#
2617|GROUP-6|872.33333333333333333330|2026-01-01 12:21:29.000|Заметка номер 2617 测试 é|#
2618|GROUP-0|872.66666666666666666660|2026-01-01 12:21:46.000|Заметка номер 2618 测试 é|#
2619|GROUP-1|873.00000000000000000000|2026-01-01 12:22:03.000|Заметка номер 2619 测试 é|#
2620|GROUP-2|873.33333333333333333330|2026-01-01 12:22:20.000|Заметка номер 2620 测试 é|#
2621|GROUP-3|873.66666666666666666660|2026-01-01 12:22:37.000|Заметка номер 2621 测试 é|#
2622|GROUP-4|874.00000000000000000000|2026-01-01 12:22:54.000|Заметка номер 2622 测试 é|#
2623|GROUP-5|874.33333333333333333330|2026-01-01 12:23:11.000|Заметка номер 2623 测试 é|#
2624|GROUP-6|874.66666666666666666660|2026-01-01 12:23:28.000|Заметка номер 2624 测试 é|#
2625|GROUP-0|875.00000000000000000000|2026-01-01 12:23:45.000|Заметка номер 2625 测试 é|#
2626|GROUP-1|875.33333333333333333330|2026-01-01 12:24:02.000|Заметка номер 2626 测试 é|#
2627|GROUP-2|875.66666666666666666660|2026-01-01 12:24:19.000|Заметка номер 2627 测试 é|#
2628|GROUP-3|876.00000000000000000000|2026-01-01 12:24:36.000|Заметка номер 2628 测试 é|#
2629|GROUP-4|876.33333333333333333330|2026-01-01 12:24:53.000|Заметка номер 2629 测试 é|#
2630|GROUP-5|876.66666666666666666660|2026-01-01 12:25:10.000|Заметка номер 2630 测试 é|#
2631|GROUP-6|877.00000000000000000000|2026-01-01 12:25:27.000|Заметка номер 2631 测试 é|#
2632|GROUP-0|877.33333333333333333330|2026-01-01 12:25:44.000|Заметка номер 2632 测试 é|#
2633|GROUP-1|877.66666666666666666660|2026-01-01 12:26:01.000|Заметка номер 2633 测试 é|#
2634|GROUP-2|878.00000000000000000000|2026-01-01 12:26:18.000|Заметка номер 2634 测试 é|#
2635|GROUP-3|878.33333333333333333330|2026-01-01 12:26:35.000|Заметка номер 2635 测试 é|#
2636|GROUP-4|878.66666666666666666660|2026-01-01 12:26:52.000|Заметка номер 2636 测试 é|#
2637|GROUP-5|879.00000000000000000000|2026-01-01 12:27:09.000|Заметка номер 2637 测试 é|#
2638|GROUP-6|879.33333333333333333330|2026-01-01 12:27:26.000|Заметка номер 2638 测试 é|#
2639|GROUP-0|879.66666666666666666660|2026-01-01 12:27:43.000|Заметка номер 2639 测试 é|#
2640|GROUP-1|880.00000000000000000000|2026-01-01 12:28:00.000|Заметка номер 2640 测试 é|#
2641|GROUP-2|880.33333333333333333330|2026-01-01 12:28:17.000|Заметка номер 2641 测试 é|#
2642|GROUP-3|880.66666666666666666660|2026-01-01 12:28:34.000|Заметка номер 2642 测试 é|#
2643|GROUP-4|881.00000000000000000000|2026-01-01 12:28:51.000|Заметка номер 2643 测试 é|#
2644|GROUP-5|881.33333333333333333330|2026-01-01 12:29:08.000|Заметка номер 2644 测试 é|#
2645|GROUP-6|881.66666666666666666660|2026-01-01 12:29:25.000|Заметка номер 2645 测试 é|#
2646|GROUP-0|882.00000000000000000000|2026-01-01 12:29:42.000|Заметка номер 2646 测试 é|#
2647|GROUP-1|882.33333333333333333330|2026-01-01 12:29:59.000|Заметка номер 2647 测试 é|#
2648|GROUP-2|882.66666666666666666660|2026-01-01 12:30:16.000|Заметка номер 2648 测试 é|#
2649|GROUP-3|883.00000000000000000000|2026-01-01 12:30:33.000|Заметка номер 2649 测试 é|#
2650|GROUP-4|883.33333333333333333330|2026-01-01 12:30:50.000|Заметка номер 2650 测试 é|#
2651|GROUP-5|883.66666666666666666660|2026-01-01 12:31:07.000|Заметка номер 2651 测试 é|#
2652|GROUP-6|884.00000000000000000000|2026-01-01 12:31:24.000|Заметка номер 2652 测试 é|#
2653|GROUP-0|884.33333333333333333330|2026-01-01 12:31:41.000|Заметка номер 2653 测试 é|#
2654|GROUP-1|884.66666666666666666660|2026-01-01 12:31:58.000|Заметка номер 2654 测试 é|#
2655|GROUP-2|885.00000000000000000000|2026-01-01 12:32:15.000|Заметка номер 2655 测试 é|#
2656|GROUP-3|885.33333333333333333330|2026-01-01 12:32:32.000|Заметка номер 2656 测试 é|#
2657|GROUP-4|885.66666666666666666660|2026-01-01 12:32:49.000|Заметка номер 2657 测试 é|#
2658|GROUP-5|886.00000000000000000000|2026-01-01 12:33:06.000|Заметка номер 2658 测试 é|#
2659|GROUP-6|886.33333333333333333330|2026-01-01 12:33:23.000|Заметка номер 2659 测试 é|#
2660|GROUP-0|886.66666666666666666660|2026-01-01 12:33:40.000|Заметка номер 2660 测试 é|#
2661|GROUP-1|887.00000000000000000000|2026-01-01 12:33:57.000|Заметка номер 2661 测试 é|#
2662|GROUP-2|887.33333333333333333330|2026-01-01 12:34:14.000|Заметка номер 2662 测试 é|#
2663|GROUP-3|887.66666666666666666660|2026-01-01 12:34:31.000|Заметка номер 2663 测试 é|#
2664|GROUP-4|888.00000000000000000000|2026-01-01 12:34:48.000|Заметка номер 2664 测试 é|#
2665|GROUP-5|888.33333333333333333330|2026-01-01 12:35:05.000|Заметка номер 2665 测试 é|#
2666|GROUP-6|888.66666666666666666660|2026-01-01 12:35:22.000|Заметка номер 2666 测试 é|#
2667|GROUP-0|889.00000000000000000000|2026-01-01 12:35:39.000|Заметка номер 2667 测试 é|#
2668|GROUP-1|889.33333333333333333330|2026-01-01 12:35:56.000|Заметка номер 2668 测试 é|#
2669|GROUP-2|889.66666666666666666660|2026-01-01 12:36:13.000|Заметка номер 2669 测试 é|#
2670|GROUP-3|890.00000000000000000000|2026-01-01 12:36:30.000|Заметка номер 2670 测试 é|#
2671|GROUP-4|890.33333333333333333330|2026-01-01 12:36:47.000|Заметка номер 2671 测试 é|#
2672|GROUP-5|890.66666666666666666660|2026-01-01 12:37:04.000|Заметка номер 2672 测试 é|#
2673|GROUP-6|891.00000000000000000000|2026-01-01 12:37:21.000|Заметка номер 2673 测试 é|#
2674|GROUP-0|891.33333333333333333330|2026-01-01 12:37:38.000|Заметка номер 2674 测试 é|#
2675|GROUP-1|891.66666666666666666660|2026-01-01 12:37:55.000|Заметка номер 2675 测试 é|#
2676|GROUP-2|892.00000000000000000000|2026-01-01 12:38:12.000|Заметка номер 2676 测试 é|#
2677|GROUP-3|892.33333333333333333330|2026-01-01 12:38:29.000|Заметка номер 2677 测试 é|#
2678|GROUP-4|892.66666666666666666660|2026-01-01 12:38:46.000|Заметка номер 2678 测试 é|#
2679|GROUP-5|893.00000000000000000000|2026-01-01 12:39:03.000|Заметка номер 2679 测试 é|#
2680|GROUP-6|893.33333333333333333330|2026-01-01 12:39:20.000|Заметка номер 2680 测试 é|#
2681|GROUP-0|893.66666666666666666660|2026-01-01 12:39:37.000|Заметка номер 2681 测试 é|#
2682|GROUP-1|894.00000000000000000000|2026-01-01 12:39:54.000|Заметка номер 2682 测试 é|#
2683|GROUP-2|894.33333333333333333330|2026-01-01 12:40:11.000|Заметка номер 2683 测试 é|#
2684|GROUP-3|894.66666666666666666660|2026-01-01 12:40:28.000|Заметка номер 2684 测试 é|#
2685|GROUP-4|895.00000000000000000000|2026-01-01 12:40:45.000|Заметка номер 2685 测试 é|#
2686|GROUP-5|895.33333333333333333330|2026-01-01 12:41:02.000|Заметка номер 2686 测试 é|#
2687|GROUP-6|895.66666666666666666660|2026-01-01 12:41:19.000|Заметка номер 2687 测试 é|#
2688|GROUP-0|896.00000000000000000000|2026-01-01 12:41:36.000|Заметка номер 2688 测试 é|#
2689|GROUP-1|896.33333333333333333330|2026-01-01 12:41:53.000|Заметка номер 2689 测试 é|#
2690|GROUP-2|896.66666666666666666660|2026-01-01 12:42:10.000|Заметка номер 2690 测试 é|#
2691|GROUP-3|897.00000000000000000000|2026-01-01 12:42:27.000|Заметка номер 2691 测试 é|#
2692|GROUP-4|897.33333333333333333330|2026-01-01 12:42:44.000|Заметка номер 2692 测试 é|#
2693|GROUP-5|897.66666666666666666660|2026-01-01 12:43:01.000|Заметка номер 2693 测试 é|#
2694|GROUP-6|898.00000000000000000000|2026-01-01 12:43:18.000|Заметка номер 2694 测试 é|#
2695|GROUP-0|898.33333333333333333330|2026-01-01 12:43:35.000|Заметка номер 2695 测试 é|#
2696|GROUP-1|898.66666666666666666660|2026-01-01 12:43:52.000|Заметка номер 2696 测试 é|#
2697|GROUP-2|899.00000000000000000000|2026-01-01 12:44:09.000|Заметка номер 2697 测试 é|#
2698|GROUP-3|899.33333333333333333330|2026-01-01 12:44:26.000|Заметка номер 2698 测试 é|#
2699|GROUP-4|899.66666666666666666660|2026-01-01 12:44:43.000|Заметка номер 2699 测试 é|#
2700|GROUP-5|900.00000000000000000000|2026-01-01 12:45:00.000|Заметка номер 2700 测试 é|#
2701|GROUP-6|900.33333333333333333330|2026-01-01 12:45:17.000|Заметка номер 2701 测试 é|#
2702|GROUP-0|900.66666666666666666660|2026-01-01 12:45:34.000|Заметка номер 2702 测试 é|#
2703|GROUP-1|901.00000000000000000000|2026-01-01 12:45:51.000|Заметка номер 2703 测试 é|#
2704|GROUP-2|901.33333333333333333330|2026-01-01 12:46:08.000|Заметка номер 2704 测试 é|#
2705|GROUP-3|901.66666666666666666660|2026-01-01 12:46:25.000|Заметка номер 2705 测试 é|#
2706|GROUP-4|902.00000000000000000000|2026-01-01 12:46:42.000|Заметка номер 2706 测试 é|#
2707|GROUP-5|902.33333333333333333330|2026-01-01 12:46:59.000|Заметка номер 2707 测试 é|#
2708|GROUP-6|902.66666666666666666660|2026-01-01 12:47:16.000|Заметка номер 2708 测试 é|#
2709|GROUP-0|903.00000000000000000000|2026-01-01 12:47:33.000|Заметка номер 2709 测试 é|#
2710|GROUP-1|903.33333333333333333330|2026-01-01 12:47:50.000|Заметка номер 2710 测试 é|#
2711|GROUP-2|903.66666666666666666660|2026-01-01 12:48:07.000|Заметка номер 2711 测试 é|#
2712|GROUP-3|904.00000000000000000000|2026-01-01 12:48:24.000|Заметка номер 2712 测试 é|#
2713|GROUP-4|904.33333333333333333330|2026-01-01 12:48:41.000|Заметка номер 2713 测试 é|#
2714|GROUP-5|904.66666666666666666660|2026-01-01 12:48:58.000|Заметка номер 2714 测试 é|#
2715|GROUP-6|905.00000000000000000000|2026-01-01 12:49:15.000|Заметка номер 2715 测试 é|#
2716|GROUP-0|905.33333333333333333330|2026-01-01 12:49:32.000|Заметка номер 2716 测试 é|#
2717|GROUP-1|905.66666666666666666660|2026-01-01 12:49:49.000|Заметка номер 2717 测试 é|#
2718|GROUP-2|906.00000000000000000000|2026-01-01 12:50:06.000|Заметка номер 2718 测试 é|#
2719|GROUP-3|906.33333333333333333330|2026-01-01 12:50:23.000|Заметка номер 2719 测试 é|#
2720|GROUP-4|906.66666666666666666660|2026-01-01 12:50:40.000|Заметка номер 2720 测试 é|#
2721|GROUP-5|907.00000000000000000000|2026-01-01 12:50:57.000|Заметка номер 2721 测试 é|#
2722|GROUP-6|907.33333333333333333330|2026-01-01 12:51:14.000|Заметка номер 2722 测试 é|#
2723|GROUP-0|907.66666666666666666660|2026-01-01 12:51:31.000|Заметка номер 2723 测试 é|#
2724|GROUP-1|908.00000000000000000000|2026-01-01 12:51:48.000|Заметка номер 2724 测试 é|#
2725|GROUP-2|908.33333333333333333330|2026-01-01 12:52:05.000|Заметка номер 2725 测试 é|#
2726|GROUP-3|908.66666666666666666660|2026-01-01 12:52:22.000|Заметка номер 2726 测试 é|#
2727|GROUP-4|909.00000000000000000000|2026-01-01 12:52:39.000|Заметка номер 2727 测试 é|#
2728|GROUP-5|909.33333333333333333330|2026-01-01 12:52:56.000|Заметка номер 2728 测试 é|#
2729|GROUP-6|909.66666666666666666660|2026-01-01 12:53:13.000|Заметка номер 2729 测试 é|#
2730|GROUP-0|910.00000000000000000000|2026-01-01 12:53:30.000|Заметка номер 2730 测试 é|#
2731|GROUP-1|910.33333333333333333330|2026-01-01 12:53:47.000|Заметка номер 2731 测试 é|#
2732|GROUP-2|910.66666666666666666660|2026-01-01 12:54:04.000|Заметка номер 2732 测试 é|#
2733|GROUP-3|911.00000000000000000000|2026-01-01 12:54:21.000|Заметка номер 2733 测试 é|#
2734|GROUP-4|911.33333333333333333330|2026-01-01 12:54:38.000|Заметка номер 2734 测试 é|#
2735|GROUP-5|911.66666666666666666660|2026-01-01 12:54:55.000|Заметка номер 2735 测试 é|#
2736|GROUP-6|912.00000000000000000000|2026-01-01 12:55:12.000|Заметка номер 2736 测试 é|#
2737|GROUP-0|912.33333333333333333330|2026-01-01 12:55:29.000|Заметка номер 2737 测试 é|#
2738|GROUP-1|912.66666666666666666660|2026-01-01 12:55:46.000|Заметка номер 2738 测试 é|#
2739|GROUP-2|913.00000000000000000000|2026-01-01 12:56:03.000|Заметка номер 2739 测试 é|#
2740|GROUP-3|913.33333333333333333330|2026-01-01 12:56:20.000|Заметка номер 2740 测试 é|#
2741|GROUP-4|913.66666666666666666660|2026-01-01 12:56:37.000|Заметка номер 2741 测试 é|#
2742|GROUP-5|914.00000000000000000000|2026-01-01 12:56:54.000|Заметка номер 2742 测试 é|#
2743|GROUP-6|914.33333333333333333330|2026-01-01 12:57:11.000|Заметка номер 2743 测试 é|#
2744|GROUP-0|914.66666666666666666660|2026-01-01 12:57:28.000|Заметка номер 2744 测试 é|#
2745|GROUP-1|915.00000000000000000000|2026-01-01 12:57:45.000|Заметка номер 2745 测试 é|#
2746|GROUP-2|915.33333333333333333330|2026-01-01 12:58:02.000|Заметка номер 2746 测试 é|#
2747|GROUP-3|915.66666666666666666660|2026-01-01 12:58:19.000|Заметка номер 2747 测试 é|#
2748|GROUP-4|916.00000000000000000000|2026-01-01 12:58:36.000|Заметка номер 2748 测试 é|#
2749|GROUP-5|916.33333333333333333330|2026-01-01 12:58:53.000|Заметка номер 2749 测试 é|#
2750|GROUP-6|916.66666666666666666660|2026-01-01 12:59:10.000|Заметка номер 2750 测试 é|#
2751|GROUP-0|917.00000000000000000000|2026-01-01 12:59:27.000|Заметка номер 2751 测试 é|#
2752|GROUP-1|917.33333333333333333330|2026-01-01 12:59:44.000|Заметка номер 2752 测试 é|#
2753|GROUP-2|917.66666666666666666660|2026-01-01 13:00:01.000|Заметка номер 2753 测试 é|#
2754|GROUP-3|918.00000000000000000000|2026-01-01 13:00:18.000|Заметка номер 2754 测试 é|#
2755|GROUP-4|918.33333333333333333330|2026-01-01 13:00:35.000|Заметка номер 2755 测试 é|#
2756|GROUP-5|918.66666666666666666660|2026-01-01 13:00:52.000|Заметка номер 2756 测试 é|#
2757|GROUP-6|919.00000000000000000000|2026-01-01 13:01:09.000|Заметка номер 2757 测试 é|#
2758|GROUP-0|919.33333333333333333330|2026-01-01 13:01:26.000|Заметка номер 2758 测试 é|#
2759|GROUP-1|919.66666666666666666660|2026-01-01 13:01:43.000|Заметка номер 2759 测试 é|#
2760|GROUP-2|920.00000000000000000000|2026-01-01 13:02:00.000|Заметка номер 2760 测试 é|#
2761|GROUP-3|920.33333333333333333330|2026-01-01 13:02:17.000|Заметка номер 2761 测试 é|#
2762|GROUP-4|920.66666666666666666660|2026-01-01 13:02:34.000|Заметка номер 2762 测试 é|#
2763|GROUP-5|921.00000000000000000000|2026-01-01 13:02:51.000|Заметка номер 2763 测试 é|#
2764|GROUP-6|921.33333333333333333330|2026-01-01 13:03:08.000|Заметка номер 2764 测试 é|#
2765|GROUP-0|921.66666666666666666660|2026-01-01 13:03:25.000|Заметка номер 2765 测试 é|#
2766|GROUP-1|922.00000000000000000000|2026-01-01 13:03:42.000|Заметка номер 2766 测试 é|#
2767|GROUP-2|922.33333333333333333330|2026-01-01 13:03:59.000|Заметка номер 2767 测试 é|#
2768|GROUP-3|922.66666666666666666660|2026-01-01 13:04:16.000|Заметка номер 2768 测试 é|#
2769|GROUP-4|923.00000000000000000000|2026-01-01 13:04:33.000|Заметка номер 2769 测试 é|#
2770|GROUP-5|923.33333333333333333330|2026-01-01 13:04:50.000|Заметка номер 2770 测试 é|#
2771|GROUP-6|923.66666666666666666660|2026-01-01 13:05:07.000|Заметка номер 2771 测试 é|#
2772|GROUP-0|924.00000000000000000000|2026-01-01 13:05:24.000|Заметка номер 2772 测试 é|#
2773|GROUP-1|924.33333333333333333330|2026-01-01 13:05:41.000|Заметка номер 2773 测试 é|#
2774|GROUP-2|924.66666666666666666660|2026-01-01 13:05:58.000|Заметка номер 2774 测试 é|#
2775|GROUP-3|925.00000000000000000000|2026-01-01 13:06:15.000|Заметка номер 2775 测试 é|#
2776|GROUP-4|925.33333333333333333330|2026-01-01 13:06:32.000|Заметка номер 2776 测试 é|#
2777|GROUP-5|925.66666666666666666660|2026-01-01 13:06:49.000|Заметка номер 2777 测试 é|#
2778|GROUP-6|926.00000000000000000000|2026-01-01 13:07:06.000|Заметка номер 2778 测试 é|#
2779|GROUP-0|926.33333333333333333330|2026-01-01 13:07:23.000|Заметка номер 2779 测试 é|#
2780|GROUP-1|926.66666666666666666660|2026-01-01 13:07:40.000|Заметка номер 2780 测试 é|#
2781|GROUP-2|927.00000000000000000000|2026-01-01 13:07:57.000|Заметка номер 2781 测试 é|#
2782|GROUP-3|927.33333333333333333330|2026-01-01 13:08:14.000|Заметка номер 2782 测试 é|#
2783|GROUP-4|927.66666666666666666660|2026-01-01 13:08:31.000|Заметка номер 2783 测试 é|#
2784|GROUP-5|928.00000000000000000000|2026-01-01 13:08:48.000|Заметка номер 2784 测试 é|#
2785|GROUP-6|928.33333333333333333330|2026-01-01 13:09:05.000|Заметка номер 2785 测试 é|#
2786|GROUP-0|928.66666666666666666660|2026-01-01 13:09:22.000|Заметка номер 2786 测试 é|#
2787|GROUP-1|929.00000000000000000000|2026-01-01 13:09:39.000|Заметка номер 2787 测试 é|#
2788|GROUP-2|929.33333333333333333330|2026-01-01 13:09:56.000|Заметка номер 2788 测试 é|#
2789|GROUP-3|929.66666666666666666660|2026-01-01 13:10:13.000|Заметка номер 2789 测试 é|#
2790|GROUP-4|930.00000000000000000000|2026-01-01 13:10:30.000|Заметка номер 2790 测试 é|#
2791|GROUP-5|930.33333333333333333330|2026-01-01 13:10:47.000|Заметка номер 2791 测试 é|#
2792|GROUP-6|930.66666666666666666660|2026-01-01 13:11:04.000|Заметка номер 2792 测试 é|#
2793|GROUP-0|931.00000000000000000000|2026-01-01 13:11:21.000|Заметка номер 2793 测试 é|#
2794|GROUP-1|931.33333333333333333330|2026-01-01 13:11:38.000|Заметка номер 2794 测试 é|#
2795|GROUP-2|931.66666666666666666660|2026-01-01 13:11:55.000|Заметка номер 2795 测试 é|#
2796|GROUP-3|932.00000000000000000000|2026-01-01 13:12:12.000|Заметка номер 2796 测试 é|#
2797|GROUP-4|932.33333333333333333330|2026-01-01 13:12:29.000|Заметка номер 2797 测试 é|#
2798|GROUP-5|932.66666666666666666660|2026-01-01 13:12:46.000|Заметка номер 2798 测试 é|#
2799|GROUP-6|933.00000000000000000000|2026-01-01 13:13:03.000|Заметка номер 2799 测试 é|#
2800|GROUP-0|933.33333333333333333330|2026-01-01 13:13:20.000|Заметка номер 2800 测试 é|#
2801|GROUP-1|933.66666666666666666660|2026-01-01 13:13:37.000|Заметка номер 2801 测试 é|#
2802|GROUP-2|934.00000000000000000000|2026-01-01 13:13:54.000|Заметка номер 2802 测试 é|#
2803|GROUP-3|934.33333333333333333330|2026-01-01 13:14:11.000|Заметка номер 2803 测试 é|#
2804|GROUP-4|934.66666666666666666660|2026-01-01 13:14:28.000|Заметка номер 2804 测试 é|#
2805|GROUP-5|935.00000000000000000000|2026-01-01 13:14:45.000|Заметка номер 2805 测试 é|#
2806|GROUP-6|935.33333333333333333330|2026-01-01 13:15:02.000|Заметка номер 2806 测试 é|#
2807|GROUP-0|935.66666666666666666660|2026-01-01 13:15:19.000|Заметка номер 2807 测试 é|#
2808|GROUP-1|936.00000000000000000000|2026-01-01 13:15:36.000|Заметка номер 2808 测试 é|#
2809|GROUP-2|936.33333333333333333330|2026-01-01 13:15:53.000|Заметка номер 2809 测试 é|#
2810|GROUP-3|936.66666666666666666660|2026-01-01 13:16:10.000|Заметка номер 2810 测试 é|#
2811|GROUP-4|937.00000000000000000000|2026-01-01 13:16:27.000|Заметка номер 2811 测试 é|#
2812|GROUP-5|937.33333333333333333330|2026-01-01 13:16:44.000|Заметка номер 2812 测试 é|#
2813|GROUP-6|937.66666666666666666660|2026-01-01 13:17:01.000|Заметка номер 2813 测试 é|#
2814|GROUP-0|938.00000000000000000000|2026-01-01 13:17:18.000|Заметка номер 2814 测试 é|#
2815|GROUP-1|938.33333333333333333330|2026-01-01 13:17:35.000|Заметка номер 2815 测试 é|#
2816|GROUP-2|938.66666666666666666660|2026-01-01 13:17:52.000|Заметка номер 2816 测试 é|#
2817|GROUP-3|939.00000000000000000000|2026-01-01 13:18:09.000|Заметка номер 2817 测试 é|#
2818|GROUP-4|939.33333333333333333330|2026-01-01 13:18:26.000|Заметка номер 2818 测试 é|#
2819|GROUP-5|939.66666666666666666660|2026-01-01 13:18:43.000|Заметка номер 2819 测试 é|#
2820|GROUP-6|940.00000000000000000000|2026-01-01 13:19:00.000|Заметка номер 2820 测试 é|#
2821|GROUP-0|940.33333333333333333330|2026-01-01 13:19:17.000|Заметка номер 2821 测试 é|#
2822|GROUP-1|940.66666666666666666660|2026-01-01 13:19:34.000|Заметка номер 2822 测试 é|#
2823|GROUP-2|941.00000000000000000000|2026-01-01 13:19:51.000|Заметка номер 2823 测试 é|#
2824|GROUP-3|941.33333333333333333330|2026-01-01 13:20:08.000|Заметка номер 2824 测试 é|#
2825|GROUP-4|941.66666666666666666660|2026-01-01 13:20:25.000|Заметка номер 2825 测试 é|#
2826|GROUP-5|942.00000000000000000000|2026-01-01 13:20:42.000|Заметка номер 2826 测试 é|#
2827|GROUP-6|942.33333333333333333330|2026-01-01 13:20:59.000|Заметка номер 2827 测试 é|#
2828|GROUP-0|942.66666666666666666660|2026-01-01 13:21:16.000|Заметка номер 2828 测试 é|#
2829|GROUP-1|943.00000000000000000000|2026-01-01 13:21:33.000|Заметка номер 2829 测试 é|#
2830|GROUP-2|943.33333333333333333330|2026-01-01 13:21:50.000|Заметка номер 2830 测试 é|#
2831|GROUP-3|943.66666666666666666660|2026-01-01 13:22:07.000|Заметка номер 2831 测试 é|#
2832|GROUP-4|944.00000000000000000000|2026-01-01 13:22:24.000|Заметка номер 2832 测试 é|#
2833|GROUP-5|944.33333333333333333330|2026-01-01 13:22:41.000|Заметка номер 2833 测试 é|#
2834|GROUP-6|944.66666666666666666660|2026-01-01 13:22:58.000|Заметка номер 2834 测试 é|#
2835|GROUP-0|945.00000000000000000000|2026-01-01 13:23:15.000|Заметка номер 2835 测试 é|#
2836|GROUP-1|945.33333333333333333330|2026-01-01 13:23:32.000|Заметка номер 2836 测试 é|#
2837|GROUP-2|945.66666666666666666660|2026-01-01 13:23:49.000|Заметка номер 2837 测试 é|#
2838|GROUP-3|946.00000000000000000000|2026-01-01 13:24:06.000|Заметка номер 2838 测试 é|#
2839|GROUP-4|946.33333333333333333330|2026-01-01 13:24:23.000|Заметка номер 2839 测试 é|#
2840|GROUP-5|946.66666666666666666660|2026-01-01 13:24:40.000|Заметка номер 2840 测试 é|#
2841|GROUP-6|947.00000000000000000000|2026-01-01 13:24:57.000|Заметка номер 2841 测试 é|#
2842|GROUP-0|947.33333333333333333330|2026-01-01 13:25:14.000|Заметка номер 2842 测试 é|#
2843|GROUP-1|947.66666666666666666660|2026-01-01 13:25:31.000|Заметка номер 2843 测试 é|#
2844|GROUP-2|948.00000000000000000000|2026-01-01 13:25:48.000|Заметка номер 2844 测试 é|#
2845|GROUP-3|948.33333333333333333330|2026-01-01 13:26:05.000|Заметка номер 2845 测试 é|#
2846|GROUP-4|948.66666666666666666660|2026-01-01 13:26:22.000|Заметка номер 2846 测试 é|#
2847|GROUP-5|949.00000000000000000000|2026-01-01 13:26:39.000|Заметка номер 2847 测试 é|#
2848|GROUP-6|949.33333333333333333330|2026-01-01 13:26:56.000|Заметка номер 2848 测试 é|#
2849|GROUP-0|949.66666666666666666660|2026-01-01 13:27:13.000|Заметка номер 2849 测试 é|#
2850|GROUP-1|950.00000000000000000000|2026-01-01 13:27:30.000|Заметка номер 2850 测试 é|#
2851|GROUP-2|950.33333333333333333330|2026-01-01 13:27:47.000|Заметка номер 2851 测试 é|#
2852|GROUP-3|950.66666666666666666660|2026-01-01 13:28:04.000|Заметка номер 2852 测试 é|#
2853|GROUP-4|951.00000000000000000000|2026-01-01 13:28:21.000|Заметка номер 2853 测试 é|#
2854|GROUP-5|951.33333333333333333330|2026-01-01 13:28:38.000|Заметка номер 2854 测试 é|#
2855|GROUP-6|951.66666666666666666660|2026-01-01 13:28:55.000|Заметка номер 2855 测试 é|#
2856|GROUP-0|952.00000000000000000000|2026-01-01 13:29:12.000|Заметка номер 2856 测试 é|#
2857|GROUP-1|952.33333333333333333330|2026-01-01 13:29:29.000|Заметка номер 2857 测试 é|#
2858|GROUP-2|952.66666666666666666660|2026-01-01 13:29:46.000|Заметка номер 2858 测试 é|#
2859|GROUP-3|953.00000000000000000000|2026-01-01 13:30:03.000|Заметка номер 2859 测试 é|#
2860|GROUP-4|953.33333333333333333330|2026-01-01 13:30:20.000|Заметка номер 2860 测试 é|#
2861|GROUP-5|953.66666666666666666660|2026-01-01 13:30:37.000|Заметка номер 2861 测试 é|#
2862|GROUP-6|954.00000000000000000000|2026-01-01 13:30:54.000|Заметка номер 2862 测试 é|#
2863|GROUP-0|954.33333333333333333330|2026-01-01 13:31:11.000|Заметка номер 2863 测试 é|#
2864|GROUP-1|954.66666666666666666660|2026-01-01 13:31:28.000|Заметка номер 2864 测试 é|#
2865|GROUP-2|955.00000000000000000000|2026-01-01 13:31:45.000|Заметка номер 2865 测试 é|#
2866|GROUP-3|955.33333333333333333330|2026-01-01 13:32:02.000|Заметка номер 2866 测试 é|#
2867|GROUP-4|955.66666666666666666660|2026-01-01 13:32:19.000|Заметка номер 2867 测试 é|#
2868|GROUP-5|956.00000000000000000000|2026-01-01 13:32:36.000|Заметка номер 2868 测试 é|#
2869|GROUP-6|956.33333333333333333330|2026-01-01 13:32:53.000|Заметка номер 2869 测试 é|#
2870|GROUP-0|956.66666666666666666660|2026-01-01 13:33:10.000|Заметка номер 2870 测试 é|#
2871|GROUP-1|957.00000000000000000000|2026-01-01 13:33:27.000|Заметка номер 2871 测试 é|#
2872|GROUP-2|957.33333333333333333330|2026-01-01 13:33:44.000|Заметка номер 2872 测试 é|#
2873|GROUP-3|957.66666666666666666660|2026-01-01 13:34:01.000|Заметка номер 2873 测试 é|#
2874|GROUP-4|958.00000000000000000000|2026-01-01 13:34:18.000|Заметка номер 2874 测试 é|#
2875|GROUP-5|958.33333333333333333330|2026-01-01 13:34:35.000|Заметка номер 2875 测试 é|#
2876|GROUP-6|958.66666666666666666660|2026-01-01 13:34:52.000|Заметка номер 2876 测试 é|#
2877|GROUP-0|959.00000000000000000000|2026-01-01 13:35:09.000|Заметка номер 2877 测试 é|#
2878|GROUP-1|959.33333333333333333330|2026-01-01 13:35:26.000|Заметка номер 2878 测试 é|#
2879|GROUP-2|959.66666666666666666660|2026-01-01 13:35:43.000|Заметка номер 2879 测试 é|#
2880|GROUP-3|960.00000000000000000000|2026-01-01 13:36:00.000|Заметка номер 2880 测试 é|#
2881|GROUP-4|960.33333333333333333330|2026-01-01 13:36:17.000|Заметка номер 2881 测试 é|#
2882|GROUP-5|960.66666666666666666660|2026-01-01 13:36:34.000|Заметка номер 2882 测试 é|#
2883|GROUP-6|961.00000000000000000000|2026-01-01 13:36:51.000|Заметка номер 2883 测试 é|#
2884|GROUP-0|961.33333333333333333330|2026-01-01 13:37:08.000|Заметка номер 2884 测试 é|#
2885|GROUP-1|961.66666666666666666660|2026-01-01 13:37:25.000|Заметка номер 2885 测试 é|#
2886|GROUP-2|962.00000000000000000000|2026-01-01 13:37:42.000|Заметка номер 2886 测试 é|#
2887|GROUP-3|962.33333333333333333330|2026-01-01 13:37:59.000|Заметка номер 2887 测试 é|#
2888|GROUP-4|962.66666666666666666660|2026-01-01 13:38:16.000|Заметка номер 2888 测试 é|#
2889|GROUP-5|963.00000000000000000000|2026-01-01 13:38:33.000|Заметка номер 2889 测试 é|#
2890|GROUP-6|963.33333333333333333330|2026-01-01 13:38:50.000|Заметка номер 2890 测试 é|#
2891|GROUP-0|963.66666666666666666660|2026-01-01 13:39:07.000|Заметка номер 2891 测试 é|#
2892|GROUP-1|964.00000000000000000000|2026-01-01 13:39:24.000|Заметка номер 2892 测试 é|#
2893|GROUP-2|964.33333333333333333330|2026-01-01 13:39:41.000|Заметка номер 2893 测试 é|#
2894|GROUP-3|964.66666666666666666660|2026-01-01 13:39:58.000|Заметка номер 2894 测试 é|#
2895|GROUP-4|965.00000000000000000000|2026-01-01 13:40:15.000|Заметка номер 2895 测试 é|#
2896|GROUP-5|965.33333333333333333330|2026-01-01 13:40:32.000|Заметка номер 2896 测试 é|#
2897|GROUP-6|965.66666666666666666660|2026-01-01 13:40:49.000|Заметка номер 2897 测试 é|#
2898|GROUP-0|966.00000000000000000000|2026-01-01 13:41:06.000|Заметка номер 2898 测试 é|#
2899|GROUP-1|966.33333333333333333330|2026-01-01 13:41:23.000|Заметка номер 2899 测试 é|#
2900|GROUP-2|966.66666666666666666660|2026-01-01 13:41:40.000|Заметка номер 2900 测试 é|#
2901|GROUP-3|967.00000000000000000000|2026-01-01 13:41:57.000|Заметка номер 2901 测试 é|#
2902|GROUP-4|967.33333333333333333330|2026-01-01 13:42:14.000|Заметка номер 2902 测试 é|#
2903|GROUP-5|967.66666666666666666660|2026-01-01 13:42:31.000|Заметка номер 2903 测试 é|#
2904|GROUP-6|968.00000000000000000000|2026-01-01 13:42:48.000|Заметка номер 2904 测试 é|#
2905|GROUP-0|968.33333333333333333330|2026-01-01 13:43:05.000|Заметка номер 2905 测试 é|#
2906|GROUP-1|968.66666666666666666660|2026-01-01 13:43:22.000|Заметка номер 2906 测试 é|#
2907|GROUP-2|969.00000000000000000000|2026-01-01 13:43:39.000|Заметка номер 2907 测试 é|#
2908|GROUP-3|969.33333333333333333330|2026-01-01 13:43:56.000|Заметка номер 2908 测试 é|#
2909|GROUP-4|969.66666666666666666660|2026-01-01 13:44:13.000|Заметка номер 2909 测试 é|#
2910|GROUP-5|970.00000000000000000000|2026-01-01 13:44:30.000|Заметка номер 2910 测试 é|#
2911|GROUP-6|970.33333333333333333330|2026-01-01 13:44:47.000|Заметка номер 2911 测试 é|#
2912|GROUP-0|970.66666666666666666660|2026-01-01 13:45:04.000|Заметка номер 2912 测试 é|#
2913|GROUP-1|971.00000000000000000000|2026-01-01 13:45:21.000|Заметка номер 2913 测试 é|#
2914|GROUP-2|971.33333333333333333330|2026-01-01 13:45:38.000|Заметка номер 2914 测试 é|#
2915|GROUP-3|971.66666666666666666660|2026-01-01 13:45:55.000|Заметка номер 2915 测试 é|#
2916|GROUP-4|972.00000000000000000000|2026-01-01 13:46:12.000|Заметка номер 2916 测试 é|#
2917|GROUP-5|972.33333333333333333330|2026-01-01 13:46:29.000|Заметка номер 2917 测试 é|#
2918|GROUP-6|972.66666666666666666660|2026-01-01 13:46:46.000|Заметка номер 2918 测试 é|#
2919|GROUP-0|973.00000000000000000000|2026-01-01 13:47:03.000|Заметка номер 2919 测试 é|#
2920|GROUP-1|973.33333333333333333330|2026-01-01 13:47:20.000|Заметка номер 2920 测试 é|#
2921|GROUP-2|973.66666666666666666660|2026-01-01 13:47:37.000|Заметка номер 2921 测试 é|#
2922|GROUP-3|974.00000000000000000000|2026-01-01 13:47:54.000|Заметка номер 2922 测试 é|#
2923|GROUP-4|974.33333333333333333330|2026-01-01 13:48:11.000|Заметка номер 2923 测试 é|#
2924|GROUP-5|974.66666666666666666660|2026-01-01 13:48:28.000|Заметка номер 2924 测试 é|#
2925|GROUP-6|975.00000000000000000000|2026-01-01 13:48:45.000|Заметка номер 2925 测试 é|#
2926|GROUP-0|975.33333333333333333330|2026-01-01 13:49:02.000|Заметка номер 2926 测试 é|#
2927|GROUP-1|975.66666666666666666660|2026-01-01 13:49:19.000|Заметка номер 2927 测试 é|#
2928|GROUP-2|976.00000000000000000000|2026-01-01 13:49:36.000|Заметка номер 2928 测试 é|#
2929|GROUP-3|976.33333333333333333330|2026-01-01 13:49:53.000|Заметка номер 2929 测试 é|#
2930|GROUP-4|976.66666666666666666660|2026-01-01 13:50:10.000|Заметка номер 2930 测试 é|#
2931|GROUP-5|977.00000000000000000000|2026-01-01 13:50:27.000|Заметка номер 2931 测试 é|#
2932|GROUP-6|977.33333333333333333330|2026-01-01 13:50:44.000|Заметка номер 2932 测试 é|#
2933|GROUP-0|977.66666666666666666660|2026-01-01 13:51:01.000|Заметка номер 2933 测试 é|#
2934|GROUP-1|978.00000000000000000000|2026-01-01 13:51:18.000|Заметка номер 2934 测试 é|#
2935|GROUP-2|978.33333333333333333330|2026-01-01 13:51:35.000|Заметка номер 2935 测试 é|#
2936|GROUP-3|978.66666666666666666660|2026-01-01 13:51:52.000|Заметка номер 2936 测试 é|#
2937|GROUP-4|979.00000000000000000000|2026-01-01 13:52:09.000|Заметка номер 2937 测试 é|#
2938|GROUP-5|979.33333333333333333330|2026-01-01 13:52:26.000|Заметка номер 2938 测试 é|#
2939|GROUP-6|979.66666666666666666660|2026-01-01 13:52:43.000|Заметка номер 2939 测试 é|#
2940|GROUP-0|980.00000000000000000000|2026-01-01 13:53:00.000|Заметка номер 2940 测试 é|#
2941|GROUP-1|980.33333333333333333330|2026-01-01 13:53:17.000|Заметка номер 2941 测试 é|#
2942|GROUP-2|980.66666666666666666660|2026-01-01 13:53:34.000|Заметка номер 2942 测试 é|#
2943|GROUP-3|981.00000000000000000000|2026-01-01 13:53:51.000|Заметка номер 2943 测试 é|#
2944|GROUP-4|981.33333333333333333330|2026-01-01 13:54:08.000|Заметка номер 2944 测试 é|#
2945|GROUP-5|981.66666666666666666660|2026-01-01 13:54:25.000|Заметка номер 2945 测试 é|#
2946|GROUP-6|982.00000000000000000000|2026-01-01 13:54:42.000|Заметка номер 2946 测试 é|#
2947|GROUP-0|982.33333333333333333330|2026-01-01 13:54:59.000|Заметка номер 2947 测试 é|#
2948|GROUP-1|982.66666666666666666660|2026-01-01 13:55:16.000|Заметка номер 2948 测试 é|#
2949|GROUP-2|983.00000000000000000000|2026-01-01 13:55:33.000|Заметка номер 2949 测试 é|#
2950|GROUP-3|983.33333333333333333330|2026-01-01 13:55:50.000|Заметка номер 2950 测试 é|#
2951|GROUP-4|983.66666666666666666660|2026-01-01 13:56:07.000|Заметка номер 2951 测试 é|#
2952|GROUP-5|984.00000000000000000000|2026-01-01 13:56:24.000|Заметка номер 2952 测试 é|#
2953|GROUP-6|984.33333333333333333330|2026-01-01 13:56:41.000|Заметка номер 2953 测试 é|#
2954|GROUP-0|984.66666666666666666660|2026-01-01 13:56:58.000|Заметка номер 2954 测试 é|#
2955|GROUP-1|985.00000000000000000000|2026-01-01 13:57:15.000|Заметка номер 2955 测试 é|#
2956|GROUP-2|985.33333333333333333330|2026-01-01 13:57:32.000|Заметка номер 2956 测试 é|#
2957|GROUP-3|985.66666666666666666660|2026-01-01 13:57:49.000|Заметка номер 2957 测试 é|#
2958|GROUP-4|986.00000000000000000000|2026-01-01 13:58:06.000|Заметка номер 2958 测试 é|#
2959|GROUP-5|986.33333333333333333330|2026-01-01 13:58:23.000|Заметка номер 2959 测试 é|#
2960|GROUP-6|986.66666666666666666660|2026-01-01 13:58:40.000|Заметка номер 2960 测试 é|#
2961|GROUP-0|987.00000000000000000000|2026-01-01 13:58:57.000|Заметка номер 2961 测试 é|#
2962|GROUP-1|987.33333333333333333330|2026-01-01 13:59:14.000|Заметка номер 2962 测试 é|#
2963|GROUP-2|987.66666666666666666660|2026-01-01 13:59:31.000|Заметка номер 2963 测试 é|#
2964|GROUP-3|988.00000000000000000000|2026-01-01 13:59:48.000|Заметка номер 2964 测试 é|#
2965|GROUP-4|988.33333333333333333330|2026-01-01 14:00:05.000|Заметка номер 2965 测试 é|#
2966|GROUP-5|988.66666666666666666660|2026-01-01 14:00:22.000|Заметка номер 2966 测试 é|#
2967|GROUP-6|989.00000000000000000000|2026-01-01 14:00:39.000|Заметка номер 2967 测试 é|#
2968|GROUP-0|989.33333333333333333330|2026-01-01 14:00:56.000|Заметка номер 2968 测试 é|#
2969|GROUP-1|989.66666666666666666660|2026-01-01 14:01:13.000|Заметка номер 2969 测试 é|#
2970|GROUP-2|990.00000000000000000000|2026-01-01 14:01:30.000|Заметка номер 2970 测试 é|#
2971|GROUP-3|990.33333333333333333330|2026-01-01 14:01:47.000|Заметка номер 2971 测试 é|#
2972|GROUP-4|990.66666666666666666660|2026-01-01 14:02:04.000|Заметка номер 2972 测试 é|#
2973|GROUP-5|991.00000000000000000000|2026-01-01 14:02:21.000|Заметка номер 2973 测试 é|#
2974|GROUP-6|991.33333333333333333330|2026-01-01 14:02:38.000|Заметка номер 2974 测试 é|#
2975|GROUP-0|991.66666666666666666660|2026-01-01 14:02:55.000|Заметка номер 2975 测试 é|#
2976|GROUP-1|992.00000000000000000000|2026-01-01 14:03:12.000|Заметка номер 2976 测试 é|#
2977|GROUP-2|992.33333333333333333330|2026-01-01 14:03:29.000|Заметка номер 2977 测试 é|#
2978|GROUP-3|992.66666666666666666660|2026-01-01 14:03:46.000|Заметка номер 2978 测试 é|#
2979|GROUP-4|993.00000000000000000000|2026-01-01 14:04:03.000|Заметка номер 2979 测试 é|#
2980|GROUP-5|993.33333333333333333330|2026-01-01 14:04:20.000|Заметка номер 2980 测试 é|#
2981|GROUP-6|993.66666666666666666660|2026-01-01 14:04:37.000|Заметка номер 2981 测试 é|#
2982|GROUP-0|994.00000000000000000000|2026-01-01 14:04:54.000|Заметка номер 2982 测试 é|#
2983|GROUP-1|994.33333333333333333330|2026-01-01 14:05:11.000|Заметка номер 2983 测试 é|#
2984|GROUP-2|994.66666666666666666660|2026-01-01 14:05:28.000|Заметка номер 2984 测试 é|#
2985|GROUP-3|995.00000000000000000000|2026-01-01 14:05:45.000|Заметка номер 2985 测试 é|#
2986|GROUP-4|995.33333333333333333330|2026-01-01 14:06:02.000|Заметка номер 2986 测试 é|#
2987|GROUP-5|995.66666666666666666660|2026-01-01 14:06:19.000|Заметка номер 2987 测试 é|#
2988|GROUP-6|996.00000000000000000000|2026-01-01 14:06:36.000|Заметка номер 2988 测试 é|#
2989|GROUP-0|996.33333333333333333330|2026-01-01 14:06:53.000|Заметка номер 2989 测试 é|#
2990|GROUP-1|996.66666666666666666660|2026-01-01 14:07:10.000|Заметка номер 2990 测试 é|#
2991|GROUP-2|997.00000000000000000000|2026-01-01 14:07:27.000|Заметка номер 2991 测试 é|#
2992|GROUP-3|997.33333333333333333330|2026-01-01 14:07:44.000|Заметка номер 2992 测试 é|#
2993|GROUP-4|997.66666666666666666660|2026-01-01 14:08:01.000|Заметка номер 2993 测试 é|#
2994|GROUP-5|998.00000000000000000000|2026-01-01 14:08:18.000|Заметка номер 2994 测试 é|#
2995|GROUP-6|998.33333333333333333330|2026-01-01 14:08:35.000|Заметка номер 2995 测试 é|#
2996|GROUP-0|998.66666666666666666660|2026-01-01 14:08:52.000|Заметка номер 2996 测试 é|#
2997|GROUP-1|999.00000000000000000000|2026-01-01 14:09:09.000|Заметка номер 2997 测试 é|#
2998|GROUP-2|999.33333333333333333330|2026-01-01 14:09:26.000|Заметка номер 2998 测试 é|#
2999|GROUP-3|999.66666666666666666660|2026-01-01 14:09:43.000|Заметка номер 2999 测试 é|#
3000|GROUP-4|1000.00000000000000000000|2026-01-01 14:10:00.000|Заметка номер 3000 测试 é|#
3001|GROUP-5|1000.33333333333333333330|2026-01-01 14:10:17.000|Заметка номер 3001 测试 é|#
3002|GROUP-6|1000.66666666666666666660|2026-01-01 14:10:34.000|Заметка номер 3002 测试 é|#
3003|GROUP-0|1001.00000000000000000000|2026-01-01 14:10:51.000|Заметка номер 3003 测试 é|#
3004|GROUP-1|1001.33333333333333333330|2026-01-01 14:11:08.000|Заметка номер 3004 测试 é|#
3005|GROUP-2|1001.66666666666666666660|2026-01-01 14:11:25.000|Заметка номер 3005 测试 é|#
3006|GROUP-3|1002.00000000000000000000|2026-01-01 14:11:42.000|Заметка номер 3006 测试 é|#
3007|GROUP-4|1002.33333333333333333330|2026-01-01 14:11:59.000|Заметка номер 3007 测试 é|#
3008|GROUP-5|1002.66666666666666666660|2026-01-01 14:12:16.000|Заметка номер 3008 测试 é|#
3009|GROUP-6|1003.00000000000000000000|2026-01-01 14:12:33.000|Заметка номер 3009 测试 é|#
3010|GROUP-0|1003.33333333333333333330|2026-01-01 14:12:50.000|Заметка номер 3010 测试 é|#
3011|GROUP-1|1003.66666666666666666660|2026-01-01 14:13:07.000|Заметка номер 3011 测试 é|#
3012|GROUP-2|1004.00000000000000000000|2026-01-01 14:13:24.000|Заметка номер 3012 测试 é|#
3013|GROUP-3|1004.33333333333333333330|2026-01-01 14:13:41.000|Заметка номер 3013 测试 é|#
3014|GROUP-4|1004.66666666666666666660|2026-01-01 14:13:58.000|Заметка номер 3014 测试 é|#
3015|GROUP-5|1005.00000000000000000000|2026-01-01 14:14:15.000|Заметка номер 3015 测试 é|#
3016|GROUP-6|1005.33333333333333333330|2026-01-01 14:14:32.000|Заметка номер 3016 测试 é|#
3017|GROUP-0|1005.66666666666666666660|2026-01-01 14:14:49.000|Заметка номер 3017 测试 é|#
3018|GROUP-1|1006.00000000000000000000|2026-01-01 14:15:06.000|Заметка номер 3018 测试 é|#
3019|GROUP-2|1006.33333333333333333330|2026-01-01 14:15:23.000|Заметка номер 3019 测试 é|#
3020|GROUP-3|1006.66666666666666666660|2026-01-01 14:15:40.000|Заметка номер 3020 测试 é|#
3021|GROUP-4|1007.00000000000000000000|2026-01-01 14:15:57.000|Заметка номер 3021 测试 é|#
3022|GROUP-5|1007.33333333333333333330|2026-01-01 14:16:14.000|Заметка номер 3022 测试 é|#
3023|GROUP-6|1007.66666666666666666660|2026-01-01 14:16:31.000|Заметка номер 3023 测试 é|#
3024|GROUP-0|1008.00000000000000000000|2026-01-01 14:16:48.000|Заметка номер 3024 测试 é|#
3025|GROUP-1|1008.33333333333333333330|2026-01-01 14:17:05.000|Заметка номер 3025 测试 é|#
3026|GROUP-2|1008.66666666666666666660|2026-01-01 14:17:22.000|Заметка номер 3026 测试 é|#
3027|GROUP-3|1009.00000000000000000000|2026-01-01 14:17:39.000|Заметка номер 3027 测试 é|#
3028|GROUP-4|1009.33333333333333333330|2026-01-01 14:17:56.000|Заметка номер 3028 测试 é|#
3029|GROUP-5|1009.66666666666666666660|2026-01-01 14:18:13.000|Заметка номер 3029 测试 é|#
3030|GROUP-6|1010.00000000000000000000|2026-01-01 14:18:30.000|Заметка номер 3030 测试 é|#
3031|GROUP-0|1010.33333333333333333330|2026-01-01 14:18:47.000|Заметка номер 3031 测试 é|#
3032|GROUP-1|1010.66666666666666666660|2026-01-01 14:19:04.000|Заметка номер 3032 测试 é|#
3033|GROUP-2|1011.00000000000000000000|2026-01-01 14:19:21.000|Заметка номер 3033 测试 é|#
3034|GROUP-3|1011.33333333333333333330|2026-01-01 14:19:38.000|Заметка номер 3034 测试 é|#
3035|GROUP-4|1011.66666666666666666660|2026-01-01 14:19:55.000|Заметка номер 3035 测试 é|#
3036|GROUP-5|1012.00000000000000000000|2026-01-01 14:20:12.000|Заметка номер 3036 测试 é|#
3037|GROUP-6|1012.33333333333333333330|2026-01-01 14:20:29.000|Заметка номер 3037 测试 é|#
3038|GROUP-0|1012.66666666666666666660|2026-01-01 14:20:46.000|Заметка номер 3038 测试 é|#
3039|GROUP-1|1013.00000000000000000000|2026-01-01 14:21:03.000|Заметка номер 3039 测试 é|#
3040|GROUP-2|1013.33333333333333333330|2026-01-01 14:21:20.000|Заметка номер 3040 测试 é|#
3041|GROUP-3|1013.66666666666666666660|2026-01-01 14:21:37.000|Заметка номер 3041 测试 é|#
3042|GROUP-4|1014.00000000000000000000|2026-01-01 14:21:54.000|Заметка номер 3042 测试 é|#
3043|GROUP-5|1014.33333333333333333330|2026-01-01 14:22:11.000|Заметка номер 3043 测试 é|#
3044|GROUP-6|1014.66666666666666666660|2026-01-01 14:22:28.000|Заметка номер 3044 测试 é|#
3045|GROUP-0|1015.00000000000000000000|2026-01-01 14:22:45.000|Заметка номер 3045 测试 é|#
3046|GROUP-1|1015.33333333333333333330|2026-01-01 14:23:02.000|Заметка номер 3046 测试 é|#
3047|GROUP-2|1015.66666666666666666660|2026-01-01 14:23:19.000|Заметка номер 3047 测试 é|#
3048|GROUP-3|1016.00000000000000000000|2026-01-01 14:23:36.000|Заметка номер 3048 测试 é|#
3049|GROUP-4|1016.33333333333333333330|2026-01-01 14:23:53.000|Заметка номер 3049 测试 é|#
3050|GROUP-5|1016.66666666666666666660|2026-01-01 14:24:10.000|Заметка номер 3050 测试 é|#
3051|GROUP-6|1017.00000000000000000000|2026-01-01 14:24:27.000|Заметка номер 3051 测试 é|#
3052|GROUP-0|1017.33333333333333333330|2026-01-01 14:24:44.000|Заметка номер 3052 测试 é|#
3053|GROUP-1|1017.66666666666666666660|2026-01-01 14:25:01.000|Заметка номер 3053 测试 é|#
3054|GROUP-2|1018.00000000000000000000|2026-01-01 14:25:18.000|Заметка номер 3054 测试 é|#
3055|GROUP-3|1018.33333333333333333330|2026-01-01 14:25:35.000|Заметка номер 3055 测试 é|#
3056|GROUP-4|1018.66666666666666666660|2026-01-01 14:25:52.000|Заметка номер 3056 测试 é|#
3057|GROUP-5|1019.00000000000000000000|2026-01-01 14:26:09.000|Заметка номер 3057 测试 é|#
3058|GROUP-6|1019.33333333333333333330|2026-01-01 14:26:26.000|Заметка номер 3058 测试 é|#
3059|GROUP-0|1019.66666666666666666660|2026-01-01 14:26:43.000|Заметка номер 3059 测试 é|#
3060|GROUP-1|1020.00000000000000000000|2026-01-01 14:27:00.000|Заметка номер 3060 测试 é|#
3061|GROUP-2|1020.33333333333333333330|2026-01-01 14:27:17.000|Заметка номер 3061 测试 é|#
3062|GROUP-3|1020.66666666666666666660|2026-01-01 14:27:34.000|Заметка номер 3062 测试 é|#
3063|GROUP-4|1021.00000000000000000000|2026-01-01 14:27:51.000|Заметка номер 3063 测试 é|#
3064|GROUP-5|1021.33333333333333333330|2026-01-01 14:28:08.000|Заметка номер 3064 测试 é|#
3065|GROUP-6|1021.66666666666666666660|2026-01-01 14:28:25.000|Заметка номер 3065 测试 é|#
3066|GROUP-0|1022.00000000000000000000|2026-01-01 14:28:42.000|Заметка номер 3066 测试 é|#
3067|GROUP-1|1022.33333333333333333330|2026-01-01 14:28:59.000|Заметка номер 3067 测试 é|#
3068|GROUP-2|1022.66666666666666666660|2026-01-01 14:29:16.000|Заметка номер 3068 测试 é|#
3069|GROUP-3|1023.00000000000000000000|2026-01-01 14:29:33.000|Заметка номер 3069 测试 é|#
3070|GROUP-4|1023.33333333333333333330|2026-01-01 14:29:50.000|Заметка номер 3070 测试 é|#
3071|GROUP-5|1023.66666666666666666660|2026-01-01 14:30:07.000|Заметка номер 3071 测试 é|#
3072|GROUP-6|1024.00000000000000000000|2026-01-01 14:30:24.000|Заметка номер 3072 测试 é|#
3073|GROUP-0|1024.33333333333333333330|2026-01-01 14:30:41.000|Заметка номер 3073 测试 é|#
3074|GROUP-1|1024.66666666666666666660|2026-01-01 14:30:58.000|Заметка номер 3074 测试 é|#
3075|GROUP-2|1025.00000000000000000000|2026-01-01 14:31:15.000|Заметка номер 3075 测试 é|#
3076|GROUP-3|1025.33333333333333333330|2026-01-01 14:31:32.000|Заметка номер 3076 测试 é|#
3077|GROUP-4|1025.66666666666666666660|2026-01-01 14:31:49.000|Заметка номер 3077 测试 é|#
3078|GROUP-5|1026.00000000000000000000|2026-01-01 14:32:06.000|Заметка номер 3078 测试 é|#
3079|GROUP-6|1026.33333333333333333330|2026-01-01 14:32:23.000|Заметка номер 3079 测试 é|#
3080|GROUP-0|1026.66666666666666666660|2026-01-01 14:32:40.000|Заметка номер 3080 测试 é|#
3081|GROUP-1|1027.00000000000000000000|2026-01-01 14:32:57.000|Заметка номер 3081 测试 é|#
3082|GROUP-2|1027.33333333333333333330|2026-01-01 14:33:14.000|Заметка номер 3082 测试 é|#
3083|GROUP-3|1027.66666666666666666660|2026-01-01 14:33:31.000|Заметка номер 3083 测试 é|#
3084|GROUP-4|1028.00000000000000000000|2026-01-01 14:33:48.000|Заметка номер 3084 测试 é|#
3085|GROUP-5|1028.33333333333333333330|2026-01-01 14:34:05.000|Заметка номер 3085 测试 é|#
3086|GROUP-6|1028.66666666666666666660|2026-01-01 14:34:22.000|Заметка номер 3086 测试 é|#
3087|GROUP-0|1029.00000000000000000000|2026-01-01 14:34:39.000|Заметка номер 3087 测试 é|#
3088|GROUP-1|1029.33333333333333333330|2026-01-01 14:34:56.000|Заметка номер 3088 测试 é|#
3089|GROUP-2|1029.66666666666666666660|2026-01-01 14:35:13.000|Заметка номер 3089 测试 é|#
3090|GROUP-3|1030.00000000000000000000|2026-01-01 14:35:30.000|Заметка номер 3090 测试 é|#
3091|GROUP-4|1030.33333333333333333330|2026-01-01 14:35:47.000|Заметка номер 3091 测试 é|#
3092|GROUP-5|1030.66666666666666666660|2026-01-01 14:36:04.000|Заметка номер 3092 测试 é|#
3093|GROUP-6|1031.00000000000000000000|2026-01-01 14:36:21.000|Заметка номер 3093 测试 é|#
3094|GROUP-0|1031.33333333333333333330|2026-01-01 14:36:38.000|Заметка номер 3094 测试 é|#
3095|GROUP-1|1031.66666666666666666660|2026-01-01 14:36:55.000|Заметка номер 3095 测试 é|#
3096|GROUP-2|1032.00000000000000000000|2026-01-01 14:37:12.000|Заметка номер 3096 测试 é|#
3097|GROUP-3|1032.33333333333333333330|2026-01-01 14:37:29.000|Заметка номер 3097 测试 é|#
3098|GROUP-4|1032.66666666666666666660|2026-01-01 14:37:46.000|Заметка номер 3098 测试 é|#
3099|GROUP-5|1033.00000000000000000000|2026-01-01 14:38:03.000|Заметка номер 3099 测试 é|#
3100|GROUP-6|1033.33333333333333333330|2026-01-01 14:38:20.000|Заметка номер 3100 测试 é|#
3101|GROUP-0|1033.66666666666666666660|2026-01-01 14:38:37.000|Заметка номер 3101 测试 é|#
3102|GROUP-1|1034.00000000000000000000|2026-01-01 14:38:54.000|Заметка номер 3102 测试 é|#
3103|GROUP-2|1034.33333333333333333330|2026-01-01 14:39:11.000|Заметка номер 3103 测试 é|#
3104|GROUP-3|1034.66666666666666666660|2026-01-01 14:39:28.000|Заметка номер 3104 测试 é|#
3105|GROUP-4|1035.00000000000000000000|2026-01-01 14:39:45.000|Заметка номер 3105 测试 é|#
3106|GROUP-5|1035.33333333333333333330|2026-01-01 14:40:02.000|Заметка номер 3106 测试 é|#
3107|GROUP-6|1035.66666666666666666660|2026-01-01 14:40:19.000|Заметка номер 3107 测试 é|#
3108|GROUP-0|1036.00000000000000000000|2026-01-01 14:40:36.000|Заметка номер 3108 测试 é|#
3109|GROUP-1|1036.33333333333333333330|2026-01-01 14:40:53.000|Заметка номер 3109 测试 é|#
3110|GROUP-2|1036.66666666666666666660|2026-01-01 14:41:10.000|Заметка номер 3110 测试 é|#
3111|GROUP-3|1037.00000000000000000000|2026-01-01 14:41:27.000|Заметка номер 3111 测试 é|#
3112|GROUP-4|1037.33333333333333333330|2026-01-01 14:41:44.000|Заметка номер 3112 测试 é|#
3113|GROUP-5|1037.66666666666666666660|2026-01-01 14:42:01.000|Заметка номер 3113 测试 é|#
3114|GROUP-6|1038.00000000000000000000|2026-01-01 14:42:18.000|Заметка номер 3114 测试 é|#
3115|GROUP-0|1038.33333333333333333330|2026-01-01 14:42:35.000|Заметка номер 3115 测试 é|#
3116|GROUP-1|1038.66666666666666666660|2026-01-01 14:42:52.000|Заметка номер 3116 测试 é|#
3117|GROUP-2|1039.00000000000000000000|2026-01-01 14:43:09.000|Заметка номер 3117 测试 é|#
3118|GROUP-3|1039.33333333333333333330|2026-01-01 14:43:26.000|Заметка номер 3118 测试 é|#
3119|GROUP-4|1039.66666666666666666660|2026-01-01 14:43:43.000|Заметка номер 3119 测试 é|#
3120|GROUP-5|1040.00000000000000000000|2026-01-01 14:44:00.000|Заметка номер 3120 测试 é|#
3121|GROUP-6|1040.33333333333333333330|2026-01-01 14:44:17.000|Заметка номер 3121 测试 é|#
3122|GROUP-0|1040.66666666666666666660|2026-01-01 14:44:34.000|Заметка номер 3122 测试 é|#
3123|GROUP-1|1041.00000000000000000000|2026-01-01 14:44:51.000|Заметка номер 3123 测试 é|#
3124|GROUP-2|1041.33333333333333333330|2026-01-01 14:45:08.000|Заметка номер 3124 测试 é|#
3125|GROUP-3|1041.66666666666666666660|2026-01-01 14:45:25.000|Заметка номер 3125 测试 é|#
3126|GROUP-4|1042.00000000000000000000|2026-01-01 14:45:42.000|Заметка номер 3126 测试 é|#
3127|GROUP-5|1042.33333333333333333330|2026-01-01 14:45:59.000|Заметка номер 3127 测试 é|#
3128|GROUP-6|1042.66666666666666666660|2026-01-01 14:46:16.000|Заметка номер 3128 测试 é|#
3129|GROUP-0|1043.00000000000000000000|2026-01-01 14:46:33.000|Заметка номер 3129 测试 é|#
3130|GROUP-1|1043.33333333333333333330|2026-01-01 14:46:50.000|Заметка номер 3130 测试 é|#
3131|GROUP-2|1043.66666666666666666660|2026-01-01 14:47:07.000|Заметка номер 3131 测试 é|#
3132|GROUP-3|1044.00000000000000000000|2026-01-01 14:47:24.000|Заметка номер 3132 测试 é|#
3133|GROUP-4|1044.33333333333333333330|2026-01-01 14:47:41.000|Заметка номер 3133 测试 é|#
3134|GROUP-5|1044.66666666666666666660|2026-01-01 14:47:58.000|Заметка номер 3134 测试 é|#
3135|GROUP-6|1045.00000000000000000000|2026-01-01 14:48:15.000|Заметка номер 3135 测试 é|#
3136|GROUP-0|1045.33333333333333333330|2026-01-01 14:48:32.000|Заметка номер 3136 测试 é|#
3137|GROUP-1|1045.66666666666666666660|2026-01-01 14:48:49.000|Заметка номер 3137 测试 é|#
3138|GROUP-2|1046.00000000000000000000|2026-01-01 14:49:06.000|Заметка номер 3138 测试 é|#
3139|GROUP-3|1046.33333333333333333330|2026-01-01 14:49:23.000|Заметка номер 3139 测试 é|#
3140|GROUP-4|1046.66666666666666666660|2026-01-01 14:49:40.000|Заметка номер 3140 测试 é|#
3141|GROUP-5|1047.00000000000000000000|2026-01-01 14:49:57.000|Заметка номер 3141 测试 é|#
3142|GROUP-6|1047.33333333333333333330|2026-01-01 14:50:14.000|Заметка номер 3142 测试 é|#
3143|GROUP-0|1047.66666666666666666660|2026-01-01 14:50:31.000|Заметка номер 3143 测试 é|#
3144|GROUP-1|1048.00000000000000000000|2026-01-01 14:50:48.000|Заметка номер 3144 测试 é|#
3145|GROUP-2|1048.33333333333333333330|2026-01-01 14:51:05.000|Заметка номер 3145 测试 é|#
3146|GROUP-3|1048.66666666666666666660|2026-01-01 14:51:22.000|Заметка номер 3146 测试 é|#
3147|GROUP-4|1049.00000000000000000000|2026-01-01 14:51:39.000|Заметка номер 3147 测试 é|#
3148|GROUP-5|1049.33333333333333333330|2026-01-01 14:51:56.000|Заметка номер 3148 测试 é|#
3149|GROUP-6|1049.66666666666666666660|2026-01-01 14:52:13.000|Заметка номер 3149 测试 é|#
3150|GROUP-0|1050.00000000000000000000|2026-01-01 14:52:30.000|Заметка номер 3150 测试 é|#
3151|GROUP-1|1050.33333333333333333330|2026-01-01 14:52:47.000|Заметка номер 3151 测试 é|#
3152|GROUP-2|1050.66666666666666666660|2026-01-01 14:53:04.000|Заметка номер 3152 测试 é|#
3153|GROUP-3|1051.00000000000000000000|2026-01-01 14:53:21.000|Заметка номер 3153 测试 é|#
3154|GROUP-4|1051.33333333333333333330|2026-01-01 14:53:38.000|Заметка номер 3154 测试 é|#
3155|GROUP-5|1051.66666666666666666660|2026-01-01 14:53:55.000|Заметка номер 3155 测试 é|#
3156|GROUP-6|1052.00000000000000000000|2026-01-01 14:54:12.000|Заметка номер 3156 测试 é|#
3157|GROUP-0|1052.33333333333333333330|2026-01-01 14:54:29.000|Заметка номер 3157 测试 é|#
3158|GROUP-1|1052.66666666666666666660|2026-01-01 14:54:46.000|Заметка номер 3158 测试 é|#
3159|GROUP-2|1053.00000000000000000000|2026-01-01 14:55:03.000|Заметка номер 3159 测试 é|#
3160|GROUP-3|1053.33333333333333333330|2026-01-01 14:55:20.000|Заметка номер 3160 测试 é|#
3161|GROUP-4|1053.66666666666666666660|2026-01-01 14:55:37.000|Заметка номер 3161 测试 é|#
3162|GROUP-5|1054.00000000000000000000|2026-01-01 14:55:54.000|Заметка номер 3162 测试 é|#
3163|GROUP-6|1054.33333333333333333330|2026-01-01 14:56:11.000|Заметка номер 3163 测试 é|#
3164|GROUP-0|1054.66666666666666666660|2026-01-01 14:56:28.000|Заметка номер 3164 测试 é|#
3165|GROUP-1|1055.00000000000000000000|2026-01-01 14:56:45.000|Заметка номер 3165 测试 é|#
3166|GROUP-2|1055.33333333333333333330|2026-01-01 14:57:02.000|Заметка номер 3166 测试 é|#
3167|GROUP-3|1055.66666666666666666660|2026-01-01 14:57:19.000|Заметка номер 3167 测试 é|#
3168|GROUP-4|1056.00000000000000000000|2026-01-01 14:57:36.000|Заметка номер 3168 测试 é|#
3169|GROUP-5|1056.33333333333333333330|2026-01-01 14:57:53.000|Заметка номер 3169 测试 é|#
3170|GROUP-6|1056.66666666666666666660|2026-01-01 14:58:10.000|Заметка номер 3170 测试 é|#
3171|GROUP-0|1057.00000000000000000000|2026-01-01 14:58:27.000|Заметка номер 3171 测试 é|#
3172|GROUP-1|1057.33333333333333333330|2026-01-01 14:58:44.000|Заметка номер 3172 测试 é|#
3173|GROUP-2|1057.66666666666666666660|2026-01-01 14:59:01.000|Заметка номер 3173 测试 é|#
3174|GROUP-3|1058.00000000000000000000|2026-01-01 14:59:18.000|Заметка номер 3174 测试 é|#
3175|GROUP-4|1058.33333333333333333330|2026-01-01 14:59:35.000|Заметка номер 3175 测试 é|#
3176|GROUP-5|1058.66666666666666666660|2026-01-01 14:59:52.000|Заметка номер 3176 测试 é|#
3177|GROUP-6|1059.00000000000000000000|2026-01-01 15:00:09.000|Заметка номер 3177 测试 é|#
3178|GROUP-0|1059.33333333333333333330|2026-01-01 15:00:26.000|Заметка номер 3178 测试 é|#
3179|GROUP-1|1059.66666666666666666660|2026-01-01 15:00:43.000|Заметка номер 3179 测试 é|#
3180|GROUP-2|1060.00000000000000000000|2026-01-01 15:01:00.000|Заметка номер 3180 测试 é|#
3181|GROUP-3|1060.33333333333333333330|2026-01-01 15:01:17.000|Заметка номер 3181 测试 é|#
3182|GROUP-4|1060.66666666666666666660|2026-01-01 15:01:34.000|Заметка номер 3182 测试 é|#
3183|GROUP-5|1061.00000000000000000000|2026-01-01 15:01:51.000|Заметка номер 3183 测试 é|#
3184|GROUP-6|1061.33333333333333333330|2026-01-01 15:02:08.000|Заметка номер 3184 测试 é|#
3185|GROUP-0|1061.66666666666666666660|2026-01-01 15:02:25.000|Заметка номер 3185 测试 é|#
3186|GROUP-1|1062.00000000000000000000|2026-01-01 15:02:42.000|Заметка номер 3186 测试 é|#
3187|GROUP-2|1062.33333333333333333330|2026-01-01 15:02:59.000|Заметка номер 3187 测试 é|#
3188|GROUP-3|1062.66666666666666666660|2026-01-01 15:03:16.000|Заметка номер 3188 测试 é|#
3189|GROUP-4|1063.00000000000000000000|2026-01-01 15:03:33.000|Заметка номер 3189 测试 é|#
3190|GROUP-5|1063.33333333333333333330|2026-01-01 15:03:50.000|Заметка номер 3190 测试 é|#
3191|GROUP-6|1063.66666666666666666660|2026-01-01 15:04:07.000|Заметка номер 3191 测试 é|#
3192|GROUP-0|1064.00000000000000000000|2026-01-01 15:04:24.000|Заметка номер 3192 测试 é|#
3193|GROUP-1|1064.33333333333333333330|2026-01-01 15:04:41.000|Заметка номер 3193 测试 é|#
3194|GROUP-2|1064.66666666666666666660|2026-01-01 15:04:58.000|Заметка номер 3194 测试 é|#
3195|GROUP-3|1065.00000000000000000000|2026-01-01 15:05:15.000|Заметка номер 3195 测试 é|#
3196|GROUP-4|1065.33333333333333333330|2026-01-01 15:05:32.000|Заметка номер 3196 测试 é|#
3197|GROUP-5|1065.66666666666666666660|2026-01-01 15:05:49.000|Заметка номер 3197 测试 é|#
3198|GROUP-6|1066.00000000000000000000|2026-01-01 15:06:06.000|Заметка номер 3198 测试 é|#
3199|GROUP-0|1066.33333333333333333330|2026-01-01 15:06:23.000|Заметка номер 3199 测试 é|#
3200|GROUP-1|1066.66666666666666666660|2026-01-01 15:06:40.000|Заметка номер 3200 测试 é|#
3201|GROUP-2|1067.00000000000000000000|2026-01-01 15:06:57.000|Заметка номер 3201 测试 é|#
3202|GROUP-3|1067.33333333333333333330|2026-01-01 15:07:14.000|Заметка номер 3202 测试 é|#
3203|GROUP-4|1067.66666666666666666660|2026-01-01 15:07:31.000|Заметка номер 3203 测试 é|#
3204|GROUP-5|1068.00000000000000000000|2026-01-01 15:07:48.000|Заметка номер 3204 测试 é|#
3205|GROUP-6|1068.33333333333333333330|2026-01-01 15:08:05.000|Заметка номер 3205 测试 é|#
3206|GROUP-0|1068.66666666666666666660|2026-01-01 15:08:22.000|Заметка номер 3206 测试 é|#
3207|GROUP-1|1069.00000000000000000000|2026-01-01 15:08:39.000|Заметка номер 3207 测试 é|#
3208|GROUP-2|1069.33333333333333333330|2026-01-01 15:08:56.000|Заметка номер 3208 测试 é|#
3209|GROUP-3|1069.66666666666666666660|2026-01-01 15:09:13.000|Заметка номер 3209 测试 é|#
3210|GROUP-4|1070.00000000000000000000|2026-01-01 15:09:30.000|Заметка номер 3210 测试 é|#
3211|GROUP-5|1070.33333333333333333330|2026-01-01 15:09:47.000|Заметка номер 3211 测试 é|#
3212|GROUP-6|1070.66666666666666666660|2026-01-01 15:10:04.000|Заметка номер 3212 测试 é|#
3213|GROUP-0|1071.00000000000000000000|2026-01-01 15:10:21.000|Заметка номер 3213 测试 é|#
3214|GROUP-1|1071.33333333333333333330|2026-01-01 15:10:38.000|Заметка номер 3214 测试 é|#
3215|GROUP-2|1071.66666666666666666660|2026-01-01 15:10:55.000|Заметка номер 3215 测试 é|#
3216|GROUP-3|1072.00000000000000000000|2026-01-01 15:11:12.000|Заметка номер 3216 测试 é|#
3217|GROUP-4|1072.33333333333333333330|2026-01-01 15:11:29.000|Заметка номер 3217 测试 é|#
3218|GROUP-5|1072.66666666666666666660|2026-01-01 15:11:46.000|Заметка номер 3218 测试 é|#
3219|GROUP-6|1073.00000000000000000000|2026-01-01 15:12:03.000|Заметка номер 3219 测试 é|#
3220|GROUP-0|1073.33333333333333333330|2026-01-01 15:12:20.000|Заметка номер 3220 测试 é|#
3221|GROUP-1|1073.66666666666666666660|2026-01-01 15:12:37.000|Заметка номер 3221 测试 é|#
3222|GROUP-2|1074.00000000000000000000|2026-01-01 15:12:54.000|Заметка номер 3222 测试 é|#
3223|GROUP-3|1074.33333333333333333330|2026-01-01 15:13:11.000|Заметка номер 3223 测试 é|#
3224|GROUP-4|1074.66666666666666666660|2026-01-01 15:13:28.000|Заметка номер 3224 测试 é|#
3225|GROUP-5|1075.00000000000000000000|2026-01-01 15:13:45.000|Заметка номер 3225 测试 é|#
3226|GROUP-6|1075.33333333333333333330|2026-01-01 15:14:02.000|Заметка номер 3226 测试 é|#
3227|GROUP-0|1075.66666666666666666660|2026-01-01 15:14:19.000|Заметка номер 3227 测试 é|#
3228|GROUP-1|1076.00000000000000000000|2026-01-01 15:14:36.000|Заметка номер 3228 测试 é|#
3229|GROUP-2|1076.33333333333333333330|2026-01-01 15:14:53.000|Заметка номер 3229 测试 é|#
3230|GROUP-3|1076.66666666666666666660|2026-01-01 15:15:10.000|Заметка номер 3230 测试 é|#
3231|GROUP-4|1077.00000000000000000000|2026-01-01 15:15:27.000|Заметка номер 3231 测试 é|#
3232|GROUP-5|1077.33333333333333333330|2026-01-01 15:15:44.000|Заметка номер 3232 测试 é|#
3233|GROUP-6|1077.66666666666666666660|2026-01-01 15:16:01.000|Заметка номер 3233 测试 é|#
3234|GROUP-0|1078.00000000000000000000|2026-01-01 15:16:18.000|Заметка номер 3234 测试 é|#
3235|GROUP-1|1078.33333333333333333330|2026-01-01 15:16:35.000|Заметка номер 3235 测试 é|#
3236|GROUP-2|1078.66666666666666666660|2026-01-01 15:16:52.000|Заметка номер 3236 测试 é|#
3237|GROUP-3|1079.00000000000000000000|2026-01-01 15:17:09.000|Заметка номер 3237 测试 é|#
3238|GROUP-4|1079.33333333333333333330|2026-01-01 15:17:26.000|Заметка номер 3238 测试 é|#
3239|GROUP-5|1079.66666666666666666660|2026-01-01 15:17:43.000|Заметка номер 3239 测试 é|#
3240|GROUP-6|1080.00000000000000000000|2026-01-01 15:18:00.000|Заметка номер 3240 测试 é|#
3241|GROUP-0|1080.33333333333333333330|2026-01-01 15:18:17.000|Заметка номер 3241 测试 é|#
3242|GROUP-1|1080.66666666666666666660|2026-01-01 15:18:34.000|Заметка номер 3242 测试 é|#
3243|GROUP-2|1081.00000000000000000000|2026-01-01 15:18:51.000|Заметка номер 3243 测试 é|#
3244|GROUP-3|1081.33333333333333333330|2026-01-01 15:19:08.000|Заметка номер 3244 测试 é|#
3245|GROUP-4|1081.66666666666666666660|2026-01-01 15:19:25.000|Заметка номер 3245 测试 é|#
3246|GROUP-5|1082.00000000000000000000|2026-01-01 15:19:42.000|Заметка номер 3246 测试 é|#
3247|GROUP-6|1082.33333333333333333330|2026-01-01 15:19:59.000|Заметка номер 3247 测试 é|#
3248|GROUP-0|1082.66666666666666666660|2026-01-01 15:20:16.000|Заметка номер 3248 测试 é|#
3249|GROUP-1|1083.00000000000000000000|2026-01-01 15:20:33.000|Заметка номер 3249 测试 é|#
3250|GROUP-2|1083.33333333333333333330|2026-01-01 15:20:50.000|Заметка номер 3250 测试 é|#
3251|GROUP-3|1083.66666666666666666660|2026-01-01 15:21:07.000|Заметка номер 3251 测试 é|#
3252|GROUP-4|1084.00000000000000000000|2026-01-01 15:21:24.000|Заметка номер 3252 测试 é|#
3253|GROUP-5|1084.33333333333333333330|2026-01-01 15:21:41.000|Заметка номер 3253 测试 é|#
3254|GROUP-6|1084.66666666666666666660|2026-01-01 15:21:58.000|Заметка номер 3254 测试 é|#
3255|GROUP-0|1085.00000000000000000000|2026-01-01 15:22:15.000|Заметка номер 3255 测试 é|#
3256|GROUP-1|1085.33333333333333333330|2026-01-01 15:22:32.000|Заметка номер 3256 测试 é|#
3257|GROUP-2|1085.66666666666666666660|2026-01-01 15:22:49.000|Заметка номер 3257 测试 é|#
3258|GROUP-3|1086.00000000000000000000|2026-01-01 15:23:06.000|Заметка номер 3258 测试 é|#
3259|GROUP-4|1086.33333333333333333330|2026-01-01 15:23:23.000|Заметка номер 3259 测试 é|#
3260|GROUP-5|1086.66666666666666666660|2026-01-01 15:23:40.000|Заметка номер 3260 测试 é|#
3261|GROUP-6|1087.00000000000000000000|2026-01-01 15:23:57.000|Заметка номер 3261 测试 é|#
3262|GROUP-0|1087.33333333333333333330|2026-01-01 15:24:14.000|Заметка номер 3262 测试 é|#
3263|GROUP-1|1087.66666666666666666660|2026-01-01 15:24:31.000|Заметка номер 3263 测试 é|#
3264|GROUP-2|1088.00000000000000000000|2026-01-01 15:24:48.000|Заметка номер 3264 测试 é|#
3265|GROUP-3|1088.33333333333333333330|2026-01-01 15:25:05.000|Заметка номер 3265 测试 é|#
3266|GROUP-4|1088.66666666666666666660|2026-01-01 15:25:22.000|Заметка номер 3266 测试 é|#
3267|GROUP-5|1089.00000000000000000000|2026-01-01 15:25:39.000|Заметка номер 3267 测试 é|#
3268|GROUP-6|1089.33333333333333333330|2026-01-01 15:25:56.000|Заметка номер 3268 测试 é|#
3269|GROUP-0|1089.66666666666666666660|2026-01-01 15:26:13.000|Заметка номер 3269 测试 é|#
3270|GROUP-1|1090.00000000000000000000|2026-01-01 15:26:30.000|Заметка номер 3270 测试 é|#
3271|GROUP-2|1090.33333333333333333330|2026-01-01 15:26:47.000|Заметка номер 3271 测试 é|#
3272|GROUP-3|1090.66666666666666666660|2026-01-01 15:27:04.000|Заметка номер 3272 测试 é|#
3273|GROUP-4|1091.00000000000000000000|2026-01-01 15:27:21.000|Заметка номер 3273 测试 é|#
3274|GROUP-5|1091.33333333333333333330|2026-01-01 15:27:38.000|Заметка номер 3274 测试 é|#
3275|GROUP-6|1091.66666666666666666660|2026-01-01 15:27:55.000|Заметка номер 3275 测试 é|#
3276|GROUP-0|1092.00000000000000000000|2026-01-01 15:28:12.000|Заметка номер 3276 测试 é|#
3277|GROUP-1|1092.33333333333333333330|2026-01-01 15:28:29.000|Заметка номер 3277 测试 é|#
3278|GROUP-2|1092.66666666666666666660|2026-01-01 15:28:46.000|Заметка номер 3278 测试 é|#
3279|GROUP-3|1093.00000000000000000000|2026-01-01 15:29:03.000|Заметка номер 3279 测试 é|#
3280|GROUP-4|1093.33333333333333333330|2026-01-01 15:29:20.000|Заметка номер 3280 测试 é|#
3281|GROUP-5|1093.66666666666666666660|2026-01-01 15:29:37.000|Заметка номер 3281 测试 é|#
3282|GROUP-6|1094.00000000000000000000|2026-01-01 15:29:54.000|Заметка номер 3282 测试 é|#
3283|GROUP-0|1094.33333333333333333330|2026-01-01 15:30:11.000|Заметка номер 3283 测试 é|#
3284|GROUP-1|1094.66666666666666666660|2026-01-01 15:30:28.000|Заметка номер 3284 测试 é|#
3285|GROUP-2|1095.00000000000000000000|2026-01-01 15:30:45.000|Заметка номер 3285 测试 é|#
3286|GROUP-3|1095.33333333333333333330|2026-01-01 15:31:02.000|Заметка номер 3286 测试 é|#
3287|GROUP-4|1095.66666666666666666660|2026-01-01 15:31:19.000|Заметка номер 3287 测试 é|#
3288|GROUP-5|1096.00000000000000000000|2026-01-01 15:31:36.000|Заметка номер 3288 测试 é|#
3289|GROUP-6|1096.33333333333333333330|2026-01-01 15:31:53.000|Заметка номер 3289 测试 é|#
3290|GROUP-0|1096.66666666666666666660|2026-01-01 15:32:10.000|Заметка номер 3290 测试 é|#
3291|GROUP-1|1097.00000000000000000000|2026-01-01 15:32:27.000|Заметка номер 3291 测试 é|#
3292|GROUP-2|1097.33333333333333333330|2026-01-01 15:32:44.000|Заметка номер 3292 测试 é|#
3293|GROUP-3|1097.66666666666666666660|2026-01-01 15:33:01.000|Заметка номер 3293 测试 é|#
3294|GROUP-4|1098.00000000000000000000|2026-01-01 15:33:18.000|Заметка номер 3294 测试 é|#
3295|GROUP-5|1098.33333333333333333330|2026-01-01 15:33:35.000|Заметка номер 3295 测试 é|#
3296|GROUP-6|1098.66666666666666666660|2026-01-01 15:33:52.000|Заметка номер 3296 测试 é|#
3297|GROUP-0|1099.00000000000000000000|2026-01-01 15:34:09.000|Заметка номер 3297 测试 é|#
3298|GROUP-1|1099.33333333333333333330|2026-01-01 15:34:26.000|Заметка номер 3298 测试 é|#
3299|GROUP-2|1099.66666666666666666660|2026-01-01 15:34:43.000|Заметка номер 3299 测试 é|#
3300|GROUP-3|1100.00000000000000000000|2026-01-01 15:35:00.000|Заметка номер 3300 测试 é|#
3301|GROUP-4|1100.33333333333333333330|2026-01-01 15:35:17.000|Заметка номер 3301 测试 é|#
3302|GROUP-5|1100.66666666666666666660|2026-01-01 15:35:34.000|Заметка номер 3302 测试 é|#
3303|GROUP-6|1101.00000000000000000000|2026-01-01 15:35:51.000|Заметка номер 3303 测试 é|#
3304|GROUP-0|1101.33333333333333333330|2026-01-01 15:36:08.000|Заметка номер 3304 测试 é|#
3305|GROUP-1|1101.66666666666666666660|2026-01-01 15:36:25.000|Заметка номер 3305 测试 é|#
3306|GROUP-2|1102.00000000000000000000|2026-01-01 15:36:42.000|Заметка номер 3306 测试 é|#
3307|GROUP-3|1102.33333333333333333330|2026-01-01 15:36:59.000|Заметка номер 3307 测试 é|#
3308|GROUP-4|1102.66666666666666666660|2026-01-01 15:37:16.000|Заметка номер 3308 测试 é|#
3309|GROUP-5|1103.00000000000000000000|2026-01-01 15:37:33.000|Заметка номер 3309 测试 é|#
3310|GROUP-6|1103.33333333333333333330|2026-01-01 15:37:50.000|Заметка номер 3310 测试 é|#
3311|GROUP-0|1103.66666666666666666660|2026-01-01 15:38:07.000|Заметка номер 3311 测试 é|#
3312|GROUP-1|1104.00000000000000000000|2026-01-01 15:38:24.000|Заметка номер 3312 测试 é|#
3313|GROUP-2|1104.33333333333333333330|2026-01-01 15:38:41.000|Заметка номер 3313 测试 é|#
3314|GROUP-3|1104.66666666666666666660|2026-01-01 15:38:58.000|Заметка номер 3314 测试 é|#
3315|GROUP-4|1105.00000000000000000000|2026-01-01 15:39:15.000|Заметка номер 3315 测试 é|#
3316|GROUP-5|1105.33333333333333333330|2026-01-01 15:39:32.000|Заметка номер 3316 测试 é|#
3317|GROUP-6|1105.66666666666666666660|2026-01-01 15:39:49.000|Заметка номер 3317 测试 é|#
3318|GROUP-0|1106.00000000000000000000|2026-01-01 15:40:06.000|Заметка номер 3318 测试 é|#
3319|GROUP-1|1106.33333333333333333330|2026-01-01 15:40:23.000|Заметка номер 3319 测试 é|#
3320|GROUP-2|1106.66666666666666666660|2026-01-01 15:40:40.000|Заметка номер 3320 测试 é|#
3321|GROUP-3|1107.00000000000000000000|2026-01-01 15:40:57.000|Заметка номер 3321 测试 é|#
3322|GROUP-4|1107.33333333333333333330|2026-01-01 15:41:14.000|Заметка номер 3322 测试 é|#
3323|GROUP-5|1107.66666666666666666660|2026-01-01 15:41:31.000|Заметка номер 3323 测试 é|#
3324|GROUP-6|1108.00000000000000000000|2026-01-01 15:41:48.000|Заметка номер 3324 测试 é|#
3325|GROUP-0|1108.33333333333333333330|2026-01-01 15:42:05.000|Заметка номер 3325 测试 é|#
3326|GROUP-1|1108.66666666666666666660|2026-01-01 15:42:22.000|Заметка номер 3326 测试 é|#
3327|GROUP-2|1109.00000000000000000000|2026-01-01 15:42:39.000|Заметка номер 3327 测试 é|#
3328|GROUP-3|1109.33333333333333333330|2026-01-01 15:42:56.000|Заметка номер 3328 测试 é|#
3329|GROUP-4|1109.66666666666666666660|2026-01-01 15:43:13.000|Заметка номер 3329 测试 é|#
3330|GROUP-5|1110.00000000000000000000|2026-01-01 15:43:30.000|Заметка номер 3330 测试 é|#
3331|GROUP-6|1110.33333333333333333330|2026-01-01 15:43:47.000|Заметка номер 3331 测试 é|#
3332|GROUP-0|1110.66666666666666666660|2026-01-01 15:44:04.000|Заметка номер 3332 测试 é|#
3333|GROUP-1|1111.00000000000000000000|2026-01-01 15:44:21.000|Заметка номер 3333 测试 é|#
3334|GROUP-2|1111.33333333333333333330|2026-01-01 15:44:38.000|Заметка номер 3334 测试 é|#
3335|GROUP-3|1111.66666666666666666660|2026-01-01 15:44:55.000|Заметка номер 3335 测试 é|#
3336|GROUP-4|1112.00000000000000000000|2026-01-01 15:45:12.000|Заметка номер 3336 测试 é|#
3337|GROUP-5|1112.33333333333333333330|2026-01-01 15:45:29.000|Заметка номер 3337 测试 é|#
3338|GROUP-6|1112.66666666666666666660|2026-01-01 15:45:46.000|Заметка номер 3338 测试 é|#
3339|GROUP-0|1113.00000000000000000000|2026-01-01 15:46:03.000|Заметка номер 3339 测试 é|#
3340|GROUP-1|1113.33333333333333333330|2026-01-01 15:46:20.000|Заметка номер 3340 测试 é|#
3341|GROUP-2|1113.66666666666666666660|2026-01-01 15:46:37.000|Заметка номер 3341 测试 é|#
3342|GROUP-3|1114.00000000000000000000|2026-01-01 15:46:54.000|Заметка номер 3342 测试 é|#
3343|GROUP-4|1114.33333333333333333330|2026-01-01 15:47:11.000|Заметка номер 3343 测试 é|#
3344|GROUP-5|1114.66666666666666666660|2026-01-01 15:47:28.000|Заметка номер 3344 测试 é|#
3345|GROUP-6|1115.00000000000000000000|2026-01-01 15:47:45.000|Заметка номер 3345 测试 é|#
3346|GROUP-0|1115.33333333333333333330|2026-01-01 15:48:02.000|Заметка номер 3346 测试 é|#
3347|GROUP-1|1115.66666666666666666660|2026-01-01 15:48:19.000|Заметка номер 3347 测试 é|#
3348|GROUP-2|1116.00000000000000000000|2026-01-01 15:48:36.000|Заметка номер 3348 测试 é|#
3349|GROUP-3|1116.33333333333333333330|2026-01-01 15:48:53.000|Заметка номер 3349 测试 é|#
3350|GROUP-4|1116.66666666666666666660|2026-01-01 15:49:10.000|Заметка номер 3350 测试 é|#
3351|GROUP-5|1117.00000000000000000000|2026-01-01 15:49:27.000|Заметка номер 3351 测试 é|#
3352|GROUP-6|1117.33333333333333333330|2026-01-01 15:49:44.000|Заметка номер 3352 测试 é|#
3353|GROUP-0|1117.66666666666666666660|2026-01-01 15:50:01.000|Заметка номер 3353 测试 é|#
3354|GROUP-1|1118.00000000000000000000|2026-01-01 15:50:18.000|Заметка номер 3354 测试 é|#
3355|GROUP-2|1118.33333333333333333330|2026-01-01 15:50:35.000|Заметка номер 3355 测试 é|#
3356|GROUP-3|1118.66666666666666666660|2026-01-01 15:50:52.000|Заметка номер 3356 测试 é|#
3357|GROUP-4|1119.00000000000000000000|2026-01-01 15:51:09.000|Заметка номер 3357 测试 é|#
3358|GROUP-5|1119.33333333333333333330|2026-01-01 15:51:26.000|Заметка номер 3358 测试 é|#
3359|GROUP-6|1119.66666666666666666660|2026-01-01 15:51:43.000|Заметка номер 3359 测试 é|#
3360|GROUP-0|1120.00000000000000000000|2026-01-01 15:52:00.000|Заметка номер 3360 测试 é|#
3361|GROUP-1|1120.33333333333333333330|2026-01-01 15:52:17.000|Заметка номер 3361 测试 é|#
3362|GROUP-2|1120.66666666666666666660|2026-01-01 15:52:34.000|Заметка номер 3362 测试 é|#
3363|GROUP-3|1121.00000000000000000000|2026-01-01 15:52:51.000|Заметка номер 3363 测试 é|#
3364|GROUP-4|1121.33333333333333333330|2026-01-01 15:53:08.000|Заметка номер 3364 测试 é|#
3365|GROUP-5|1121.66666666666666666660|2026-01-01 15:53:25.000|Заметка номер 3365 测试 é|#
3366|GROUP-6|1122.00000000000000000000|2026-01-01 15:53:42.000|Заметка номер 3366 测试 é|#
3367|GROUP-0|1122.33333333333333333330|2026-01-01 15:53:59.000|Заметка номер 3367 测试 é|#
3368|GROUP-1|1122.66666666666666666660|2026-01-01 15:54:16.000|Заметка номер 3368 测试 é|#
3369|GROUP-2|1123.00000000000000000000|2026-01-01 15:54:33.000|Заметка номер 3369 测试 é|#
3370|GROUP-3|1123.33333333333333333330|2026-01-01 15:54:50.000|Заметка номер 3370 测试 é|#
3371|GROUP-4|1123.66666666666666666660|2026-01-01 15:55:07.000|Заметка номер 3371 测试 é|#
3372|GROUP-5|1124.00000000000000000000|2026-01-01 15:55:24.000|Заметка номер 3372 测试 é|#
3373|GROUP-6|1124.33333333333333333330|2026-01-01 15:55:41.000|Заметка номер 3373 测试 é|#
3374|GROUP-0|1124.66666666666666666660|2026-01-01 15:55:58.000|Заметка номер 3374 测试 é|#
3375|GROUP-1|1125.00000000000000000000|2026-01-01 15:56:15.000|Заметка номер 3375 测试 é|#
3376|GROUP-2|1125.33333333333333333330|2026-01-01 15:56:32.000|Заметка номер 3376 测试 é|#
3377|GROUP-3|1125.66666666666666666660|2026-01-01 15:56:49.000|Заметка номер 3377 测试 é|#
3378|GROUP-4|1126.00000000000000000000|2026-01-01 15:57:06.000|Заметка номер 3378 测试 é|#
3379|GROUP-5|1126.33333333333333333330|2026-01-01 15:57:23.000|Заметка номер 3379 测试 é|#
3380|GROUP-6|1126.66666666666666666660|2026-01-01 15:57:40.000|Заметка номер 3380 测试 é|#
3381|GROUP-0|1127.00000000000000000000|2026-01-01 15:57:57.000|Заметка номер 3381 测试 é|#
3382|GROUP-1|1127.33333333333333333330|2026-01-01 15:58:14.000|Заметка номер 3382 测试 é|#
3383|GROUP-2|1127.66666666666666666660|2026-01-01 15:58:31.000|Заметка номер 3383 测试 é|#
3384|GROUP-3|1128.00000000000000000000|2026-01-01 15:58:48.000|Заметка номер 3384 测试 é|#
3385|GROUP-4|1128.33333333333333333330|2026-01-01 15:59:05.000|Заметка номер 3385 测试 é|#
3386|GROUP-5|1128.66666666666666666660|2026-01-01 15:59:22.000|Заметка номер 3386 测试 é|#
3387|GROUP-6|1129.00000000000000000000|2026-01-01 15:59:39.000|Заметка номер 3387 测试 é|#
3388|GROUP-0|1129.33333333333333333330|2026-01-01 15:59:56.000|Заметка номер 3388 测试 é|#
3389|GROUP-1|1129.66666666666666666660|2026-01-01 16:00:13.000|Заметка номер 3389 测试 é|#
3390|GROUP-2|1130.00000000000000000000|2026-01-01 16:00:30.000|Заметка номер 3390 测试 é|#
3391|GROUP-3|1130.33333333333333333330|2026-01-01 16:00:47.000|Заметка номер 3391 测试 é|#
3392|GROUP-4|1130.66666666666666666660|2026-01-01 16:01:04.000|Заметка номер 3392 测试 é|#
3393|GROUP-5|1131.00000000000000000000|2026-01-01 16:01:21.000|Заметка номер 3393 测试 é|#
3394|GROUP-6|1131.33333333333333333330|2026-01-01 16:01:38.000|Заметка номер 3394 测试 é|#
3395|GROUP-0|1131.66666666666666666660|2026-01-01 16:01:55.000|Заметка номер 3395 测试 é|#
3396|GROUP-1|1132.00000000000000000000|2026-01-01 16:02:12.000|Заметка номер 3396 测试 é|#
3397|GROUP-2|1132.33333333333333333330|2026-01-01 16:02:29.000|Заметка номер 3397 测试 é|#
3398|GROUP-3|1132.66666666666666666660|2026-01-01 16:02:46.000|Заметка номер 3398 测试 é|#
3399|GROUP-4|1133.00000000000000000000|2026-01-01 16:03:03.000|Заметка номер 3399 测试 é|#
3400|GROUP-5|1133.33333333333333333330|2026-01-01 16:03:20.000|Заметка номер 3400 测试 é|#
3401|GROUP-6|1133.66666666666666666660|2026-01-01 16:03:37.000|Заметка номер 3401 测试 é|#
3402|GROUP-0|1134.00000000000000000000|2026-01-01 16:03:54.000|Заметка номер 3402 测试 é|#
3403|GROUP-1|1134.33333333333333333330|2026-01-01 16:04:11.000|Заметка номер 3403 测试 é|#
3404|GROUP-2|1134.66666666666666666660|2026-01-01 16:04:28.000|Заметка номер 3404 测试 é|#
3405|GROUP-3|1135.00000000000000000000|2026-01-01 16:04:45.000|Заметка номер 3405 测试 é|#
3406|GROUP-4|1135.33333333333333333330|2026-01-01 16:05:02.000|Заметка номер 3406 测试 é|#
3407|GROUP-5|1135.66666666666666666660|2026-01-01 16:05:19.000|Заметка номер 3407 测试 é|#
3408|GROUP-6|1136.00000000000000000000|2026-01-01 16:05:36.000|Заметка номер 3408 测试 é|#
3409|GROUP-0|1136.33333333333333333330|2026-01-01 16:05:53.000|Заметка номер 3409 测试 é|#
3410|GROUP-1|1136.66666666666666666660|2026-01-01 16:06:10.000|Заметка номер 3410 测试 é|#
3411|GROUP-2|1137.00000000000000000000|2026-01-01 16:06:27.000|Заметка номер 3411 测试 é|#
3412|GROUP-3|1137.33333333333333333330|2026-01-01 16:06:44.000|Заметка номер 3412 测试 é|#
3413|GROUP-4|1137.66666666666666666660|2026-01-01 16:07:01.000|Заметка номер 3413 测试 é|#
3414|GROUP-5|1138.00000000000000000000|2026-01-01 16:07:18.000|Заметка номер 3414 测试 é|#
3415|GROUP-6|1138.33333333333333333330|2026-01-01 16:07:35.000|Заметка номер 3415 测试 é|#
3416|GROUP-0|1138.66666666666666666660|2026-01-01 16:07:52.000|Заметка номер 3416 测试 é|#
3417|GROUP-1|1139.00000000000000000000|2026-01-01 16:08:09.000|Заметка номер 3417 测试 é|#
3418|GROUP-2|1139.33333333333333333330|2026-01-01 16:08:26.000|Заметка номер 3418 测试 é|#
3419|GROUP-3|1139.66666666666666666660|2026-01-01 16:08:43.000|Заметка номер 3419 测试 é|#
3420|GROUP-4|1140.00000000000000000000|2026-01-01 16:09:00.000|Заметка номер 3420 测试 é|#
3421|GROUP-5|1140.33333333333333333330|2026-01-01 16:09:17.000|Заметка номер 3421 测试 é|#
3422|GROUP-6|1140.66666666666666666660|2026-01-01 16:09:34.000|Заметка номер 3422 测试 é|#
3423|GROUP-0|1141.00000000000000000000|2026-01-01 16:09:51.000|Заметка номер 3423 测试 é|#
3424|GROUP-1|1141.33333333333333333330|2026-01-01 16:10:08.000|Заметка номер 3424 测试 é|#
3425|GROUP-2|1141.66666666666666666660|2026-01-01 16:10:25.000|Заметка номер 3425 测试 é|#
3426|GROUP-3|1142.00000000000000000000|2026-01-01 16:10:42.000|Заметка номер 3426 测试 é|#
3427|GROUP-4|1142.33333333333333333330|2026-01-01 16:10:59.000|Заметка номер 3427 测试 é|#
3428|GROUP-5|1142.66666666666666666660|2026-01-01 16:11:16.000|Заметка номер 3428 测试 é|#
3429|GROUP-6|1143.00000000000000000000|2026-01-01 16:11:33.000|Заметка номер 3429 测试 é|#
3430|GROUP-0|1143.33333333333333333330|2026-01-01 16:11:50.000|Заметка номер 3430 测试 é|#
3431|GROUP-1|1143.66666666666666666660|2026-01-01 16:12:07.000|Заметка номер 3431 测试 é|#
3432|GROUP-2|1144.00000000000000000000|2026-01-01 16:12:24.000|Заметка номер 3432 测试 é|#
3433|GROUP-3|1144.33333333333333333330|2026-01-01 16:12:41.000|Заметка номер 3433 测试 é|#
3434|GROUP-4|1144.66666666666666666660|2026-01-01 16:12:58.000|Заметка номер 3434 测试 é|#
3435|GROUP-5|1145.00000000000000000000|2026-01-01 16:13:15.000|Заметка номер 3435 测试 é|#
3436|GROUP-6|1145.33333333333333333330|2026-01-01 16:13:32.000|Заметка номер 3436 测试 é|#
3437|GROUP-0|1145.66666666666666666660|2026-01-01 16:13:49.000|Заметка номер 3437 测试 é|#
3438|GROUP-1|1146.00000000000000000000|2026-01-01 16:14:06.000|Заметка номер 3438 测试 é|#
3439|GROUP-2|1146.33333333333333333330|2026-01-01 16:14:23.000|Заметка номер 3439 测试 é|#
3440|GROUP-3|1146.66666666666666666660|2026-01-01 16:14:40.000|Заметка номер 3440 测试 é|#
3441|GROUP-4|1147.00000000000000000000|2026-01-01 16:14:57.000|Заметка номер 3441 测试 é|#
3442|GROUP-5|1147.33333333333333333330|2026-01-01 16:15:14.000|Заметка номер 3442 测试 é|#
3443|GROUP-6|1147.66666666666666666660|2026-01-01 16:15:31.000|Заметка номер 3443 测试 é|#
3444|GROUP-0|1148.00000000000000000000|2026-01-01 16:15:48.000|Заметка номер 3444 测试 é|#
3445|GROUP-1|1148.33333333333333333330|2026-01-01 16:16:05.000|Заметка номер 3445 测试 é|#
3446|GROUP-2|1148.66666666666666666660|2026-01-01 16:16:22.000|Заметка номер 3446 测试 é|#
3447|GROUP-3|1149.00000000000000000000|2026-01-01 16:16:39.000|Заметка номер 3447 测试 é|#
3448|GROUP-4|1149.33333333333333333330|2026-01-01 16:16:56.000|Заметка номер 3448 测试 é|#
3449|GROUP-5|1149.66666666666666666660|2026-01-01 16:17:13.000|Заметка номер 3449 测试 é|#
3450|GROUP-6|1150.00000000000000000000|2026-01-01 16:17:30.000|Заметка номер 3450 测试 é|#
3451|GROUP-0|1150.33333333333333333330|2026-01-01 16:17:47.000|Заметка номер 3451 测试 é|#
3452|GROUP-1|1150.66666666666666666660|2026-01-01 16:18:04.000|Заметка номер 3452 测试 é|#
3453|GROUP-2|1151.00000000000000000000|2026-01-01 16:18:21.000|Заметка номер 3453 测试 é|#
3454|GROUP-3|1151.33333333333333333330|2026-01-01 16:18:38.000|Заметка номер 3454 测试 é|#
3455|GROUP-4|1151.66666666666666666660|2026-01-01 16:18:55.000|Заметка номер 3455 测试 é|#
3456|GROUP-5|1152.00000000000000000000|2026-01-01 16:19:12.000|Заметка номер 3456 测试 é|#
3457|GROUP-6|1152.33333333333333333330|2026-01-01 16:19:29.000|Заметка номер 3457 测试 é|#
3458|GROUP-0|1152.66666666666666666660|2026-01-01 16:19:46.000|Заметка номер 3458 测试 é|#
3459|GROUP-1|1153.00000000000000000000|2026-01-01 16:20:03.000|Заметка номер 3459 测试 é|#
3460|GROUP-2|1153.33333333333333333330|2026-01-01 16:20:20.000|Заметка номер 3460 测试 é|#
3461|GROUP-3|1153.66666666666666666660|2026-01-01 16:20:37.000|Заметка номер 3461 测试 é|#
3462|GROUP-4|1154.00000000000000000000|2026-01-01 16:20:54.000|Заметка номер 3462 测试 é|#
3463|GROUP-5|1154.33333333333333333330|2026-01-01 16:21:11.000|Заметка номер 3463 测试 é|#
3464|GROUP-6|1154.66666666666666666660|2026-01-01 16:21:28.000|Заметка номер 3464 测试 é|#
3465|GROUP-0|1155.00000000000000000000|2026-01-01 16:21:45.000|Заметка номер 3465 测试 é|#
3466|GROUP-1|1155.33333333333333333330|2026-01-01 16:22:02.000|Заметка номер 3466 测试 é|#
3467|GROUP-2|1155.66666666666666666660|2026-01-01 16:22:19.000|Заметка номер 3467 测试 é|#
3468|GROUP-3|1156.00000000000000000000|2026-01-01 16:22:36.000|Заметка номер 3468 测试 é|#
3469|GROUP-4|1156.33333333333333333330|2026-01-01 16:22:53.000|Заметка номер 3469 测试 é|#
3470|GROUP-5|1156.66666666666666666660|2026-01-01 16:23:10.000|Заметка номер 3470 测试 é|#
3471|GROUP-6|1157.00000000000000000000|2026-01-01 16:23:27.000|Заметка номер 3471 测试 é|#
3472|GROUP-0|1157.33333333333333333330|2026-01-01 16:23:44.000|Заметка номер 3472 测试 é|#
3473|GROUP-1|1157.66666666666666666660|2026-01-01 16:24:01.000|Заметка номер 3473 测试 é|#
3474|GROUP-2|1158.00000000000000000000|2026-01-01 16:24:18.000|Заметка номер 3474 测试 é|#
3475|GROUP-3|1158.33333333333333333330|2026-01-01 16:24:35.000|Заметка номер 3475 测试 é|#
3476|GROUP-4|1158.66666666666666666660|2026-01-01 16:24:52.000|Заметка номер 3476 测试 é|#
3477|GROUP-5|1159.00000000000000000000|2026-01-01 16:25:09.000|Заметка номер 3477 测试 é|#
3478|GROUP-6|1159.33333333333333333330|2026-01-01 16:25:26.000|Заметка номер 3478 测试 é|#
3479|GROUP-0|1159.66666666666666666660|2026-01-01 16:25:43.000|Заметка номер 3479 测试 é|#
3480|GROUP-1|1160.00000000000000000000|2026-01-01 16:26:00.000|Заметка номер 3480 测试 é|#
3481|GROUP-2|1160.33333333333333333330|2026-01-01 16:26:17.000|Заметка номер 3481 测试 é|#
3482|GROUP-3|1160.66666666666666666660|2026-01-01 16:26:34.000|Заметка номер 3482 测试 é|#
3483|GROUP-4|1161.00000000000000000000|2026-01-01 16:26:51.000|Заметка номер 3483 测试 é|#
3484|GROUP-5|1161.33333333333333333330|2026-01-01 16:27:08.000|Заметка номер 3484 测试 é|#
3485|GROUP-6|1161.66666666666666666660|2026-01-01 16:27:25.000|Заметка номер 3485 测试 é|#
3486|GROUP-0|1162.00000000000000000000|2026-01-01 16:27:42.000|Заметка номер 3486 测试 é|#
3487|GROUP-1|1162.33333333333333333330|2026-01-01 16:27:59.000|Заметка номер 3487 测试 é|#
3488|GROUP-2|1162.66666666666666666660|2026-01-01 16:28:16.000|Заметка номер 3488 测试 é|#
3489|GROUP-3|1163.00000000000000000000|2026-01-01 16:28:33.000|Заметка номер 3489 测试 é|#
3490|GROUP-4|1163.33333333333333333330|2026-01-01 16:28:50.000|Заметка номер 3490 测试 é|#
3491|GROUP-5|1163.66666666666666666660|2026-01-01 16:29:07.000|Заметка номер 3491 测试 é|#
3492|GROUP-6|1164.00000000000000000000|2026-01-01 16:29:24.000|Заметка номер 3492 测试 é|#
3493|GROUP-0|1164.33333333333333333330|2026-01-01 16:29:41.000|Заметка номер 3493 测试 é|#
3494|GROUP-1|1164.66666666666666666660|2026-01-01 16:29:58.000|Заметка номер 3494 测试 é|#
3495|GROUP-2|1165.00000000000000000000|2026-01-01 16:30:15.000|Заметка номер 3495 测试 é|#
3496|GROUP-3|1165.33333333333333333330|2026-01-01 16:30:32.000|Заметка номер 3496 测试 é|#
3497|GROUP-4|1165.66666666666666666660|2026-01-01 16:30:49.000|Заметка номер 3497 测试 é|#
3498|GROUP-5|1166.00000000000000000000|2026-01-01 16:31:06.000|Заметка номер 3498 测试 é|#
3499|GROUP-6|1166.33333333333333333330|2026-01-01 16:31:23.000|Заметка номер 3499 测试 é|#
3500|GROUP-0|1166.66666666666666666660|2026-01-01 16:31:40.000|Заметка номер 3500 测试 é|#
3501|GROUP-1|1167.00000000000000000000|2026-01-01 16:31:57.000|Заметка номер 3501 测试 é|#
3502|GROUP-2|1167.33333333333333333330|2026-01-01 16:32:14.000|Заметка номер 3502 测试 é|#
3503|GROUP-3|1167.66666666666666666660|2026-01-01 16:32:31.000|Заметка номер 3503 测试 é|#
3504|GROUP-4|1168.00000000000000000000|2026-01-01 16:32:48.000|Заметка номер 3504 测试 é|#
3505|GROUP-5|1168.33333333333333333330|2026-01-01 16:33:05.000|Заметка номер 3505 测试 é|#
3506|GROUP-6|1168.66666666666666666660|2026-01-01 16:33:22.000|Заметка номер 3506 测试 é|#
3507|GROUP-0|1169.00000000000000000000|2026-01-01 16:33:39.000|Заметка номер 3507 测试 é|#
3508|GROUP-1|1169.33333333333333333330|2026-01-01 16:33:56.000|Заметка номер 3508 测试 é|#
3509|GROUP-2|1169.66666666666666666660|2026-01-01 16:34:13.000|Заметка номер 3509 测试 é|#
3510|GROUP-3|1170.00000000000000000000|2026-01-01 16:34:30.000|Заметка номер 3510 测试 é|#
3511|GROUP-4|1170.33333333333333333330|2026-01-01 16:34:47.000|Заметка номер 3511 测试 é|#
3512|GROUP-5|1170.66666666666666666660|2026-01-01 16:35:04.000|Заметка номер 3512 测试 é|#
3513|GROUP-6|1171.00000000000000000000|2026-01-01 16:35:21.000|Заметка номер 3513 测试 é|#
3514|GROUP-0|1171.33333333333333333330|2026-01-01 16:35:38.000|Заметка номер 3514 测试 é|#
3515|GROUP-1|1171.66666666666666666660|2026-01-01 16:35:55.000|Заметка номер 3515 测试 é|#
3516|GROUP-2|1172.00000000000000000000|2026-01-01 16:36:12.000|Заметка номер 3516 测试 é|#
3517|GROUP-3|1172.33333333333333333330|2026-01-01 16:36:29.000|Заметка номер 3517 测试 é|#
3518|GROUP-4|1172.66666666666666666660|2026-01-01 16:36:46.000|Заметка номер 3518 测试 é|#
3519|GROUP-5|1173.00000000000000000000|2026-01-01 16:37:03.000|Заметка номер 3519 测试 é|#
3520|GROUP-6|1173.33333333333333333330|2026-01-01 16:37:20.000|Заметка номер 3520 测试 é|#
3521|GROUP-0|1173.66666666666666666660|2026-01-01 16:37:37.000|Заметка номер 3521 测试 é|#
3522|GROUP-1|1174.00000000000000000000|2026-01-01 16:37:54.000|Заметка номер 3522 测试 é|#
3523|GROUP-2|1174.33333333333333333330|2026-01-01 16:38:11.000|Заметка номер 3523 测试 é|#
3524|GROUP-3|1174.66666666666666666660|2026-01-01 16:38:28.000|Заметка номер 3524 测试 é|#
3525|GROUP-4|1175.00000000000000000000|2026-01-01 16:38:45.000|Заметка номер 3525 测试 é|#
3526|GROUP-5|1175.33333333333333333330|2026-01-01 16:39:02.000|Заметка номер 3526 测试 é|#
3527|GROUP-6|1175.66666666666666666660|2026-01-01 16:39:19.000|Заметка номер 3527 测试 é|#
3528|GROUP-0|1176.00000000000000000000|2026-01-01 16:39:36.000|Заметка номер 3528 测试 é|#
3529|GROUP-1|1176.33333333333333333330|2026-01-01 16:39:53.000|Заметка номер 3529 测试 é|#
3530|GROUP-2|1176.66666666666666666660|2026-01-01 16:40:10.000|Заметка номер 3530 测试 é|#
3531|GROUP-3|1177.00000000000000000000|2026-01-01 16:40:27.000|Заметка номер 3531 测试 é|#
3532|GROUP-4|1177.33333333333333333330|2026-01-01 16:40:44.000|Заметка номер 3532 测试 é|#
3533|GROUP-5|1177.66666666666666666660|2026-01-01 16:41:01.000|Заметка номер 3533 测试 é|#
3534|GROUP-6|1178.00000000000000000000|2026-01-01 16:41:18.000|Заметка номер 3534 测试 é|#
3535|GROUP-0|1178.33333333333333333330|2026-01-01 16:41:35.000|Заметка номер 3535 测试 é|#
3536|GROUP-1|1178.66666666666666666660|2026-01-01 16:41:52.000|Заметка номер 3536 测试 é|#
3537|GROUP-2|1179.00000000000000000000|2026-01-01 16:42:09.000|Заметка номер 3537 测试 é|#
3538|GROUP-3|1179.33333333333333333330|2026-01-01 16:42:26.000|Заметка номер 3538 测试 é|#
3539|GROUP-4|1179.66666666666666666660|2026-01-01 16:42:43.000|Заметка номер 3539 测试 é|#
3540|GROUP-5|1180.00000000000000000000|2026-01-01 16:43:00.000|Заметка номер 3540 测试 é|#
3541|GROUP-6|1180.33333333333333333330|2026-01-01 16:43:17.000|Заметка номер 3541 测试 é|#
3542|GROUP-0|1180.66666666666666666660|2026-01-01 16:43:34.000|Заметка номер 3542 测试 é|#
3543|GROUP-1|1181.00000000000000000000|2026-01-01 16:43:51.000|Заметка номер 3543 测试 é|#
3544|GROUP-2|1181.33333333333333333330|2026-01-01 16:44:08.000|Заметка номер 3544 测试 é|#
3545|GROUP-3|1181.66666666666666666660|2026-01-01 16:44:25.000|Заметка номер 3545 测试 é|#
3546|GROUP-4|1182.00000000000000000000|2026-01-01 16:44:42.000|Заметка номер 3546 测试 é|#
3547|GROUP-5|1182.33333333333333333330|2026-01-01 16:44:59.000|Заметка номер 3547 测试 é|#
3548|GROUP-6|1182.66666666666666666660|2026-01-01 16:45:16.000|Заметка номер 3548 测试 é|#
3549|GROUP-0|1183.00000000000000000000|2026-01-01 16:45:33.000|Заметка номер 3549 测试 é|#
3550|GROUP-1|1183.33333333333333333330|2026-01-01 16:45:50.000|Заметка номер 3550 测试 é|#
3551|GROUP-2|1183.66666666666666666660|2026-01-01 16:46:07.000|Заметка номер 3551 测试 é|#
3552|GROUP-3|1184.00000000000000000000|2026-01-01 16:46:24.000|Заметка номер 3552 测试 é|#
3553|GROUP-4|1184.33333333333333333330|2026-01-01 16:46:41.000|Заметка номер 3553 测试 é|#
3554|GROUP-5|1184.66666666666666666660|2026-01-01 16:46:58.000|Заметка номер 3554 测试 é|#
3555|GROUP-6|1185.00000000000000000000|2026-01-01 16:47:15.000|Заметка номер 3555 测试 é|#
3556|GROUP-0|1185.33333333333333333330|2026-01-01 16:47:32.000|Заметка номер 3556 测试 é|#
3557|GROUP-1|1185.66666666666666666660|2026-01-01 16:47:49.000|Заметка номер 3557 测试 é|#
3558|GROUP-2|1186.00000000000000000000|2026-01-01 16:48:06.000|Заметка номер 3558 测试 é|#
3559|GROUP-3|1186.33333333333333333330|2026-01-01 16:48:23.000|Заметка номер 3559 测试 é|#
3560|GROUP-4|1186.66666666666666666660|2026-01-01 16:48:40.000|Заметка номер 3560 测试 é|#
3561|GROUP-5|1187.00000000000000000000|2026-01-01 16:48:57.000|Заметка номер 3561 测试 é|#
3562|GROUP-6|1187.33333333333333333330|2026-01-01 16:49:14.000|Заметка номер 3562 测试 é|#
3563|GROUP-0|1187.66666666666666666660|2026-01-01 16:49:31.000|Заметка номер 3563 测试 é|#
3564|GROUP-1|1188.00000000000000000000|2026-01-01 16:49:48.000|Заметка номер 3564 测试 é|#
3565|GROUP-2|1188.33333333333333333330|2026-01-01 16:50:05.000|Заметка номер 3565 测试 é|#
3566|GROUP-3|1188.66666666666666666660|2026-01-01 16:50:22.000|Заметка номер 3566 测试 é|#
3567|GROUP-4|1189.00000000000000000000|2026-01-01 16:50:39.000|Заметка номер 3567 测试 é|#
3568|GROUP-5|1189.33333333333333333330|2026-01-01 16:50:56.000|Заметка номер 3568 测试 é|#
3569|GROUP-6|1189.66666666666666666660|2026-01-01 16:51:13.000|Заметка номер 3569 测试 é|#
3570|GROUP-0|1190.00000000000000000000|2026-01-01 16:51:30.000|Заметка номер 3570 测试 é|#
3571|GROUP-1|1190.33333333333333333330|2026-01-01 16:51:47.000|Заметка номер 3571 测试 é|#
3572|GROUP-2|1190.66666666666666666660|2026-01-01 16:52:04.000|Заметка номер 3572 测试 é|#
3573|GROUP-3|1191.00000000000000000000|2026-01-01 16:52:21.000|Заметка номер 3573 测试 é|#
3574|GROUP-4|1191.33333333333333333330|2026-01-01 16:52:38.000|Заметка номер 3574 测试 é|#
3575|GROUP-5|1191.66666666666666666660|2026-01-01 16:52:55.000|Заметка номер 3575 测试 é|#
3576|GROUP-6|1192.00000000000000000000|2026-01-01 16:53:12.000|Заметка номер 3576 测试 é|#
3577|GROUP-0|1192.33333333333333333330|2026-01-01 16:53:29.000|Заметка номер 3577 测试 é|#
3578|GROUP-1|1192.66666666666666666660|2026-01-01 16:53:46.000|Заметка номер 3578 测试 é|#
3579|GROUP-2|1193.00000000000000000000|2026-01-01 16:54:03.000|Заметка номер 3579 测试 é|#
3580|GROUP-3|1193.33333333333333333330|2026-01-01 16:54:20.000|Заметка номер 3580 测试 é|#
3581|GROUP-4|1193.66666666666666666660|2026-01-01 16:54:37.000|Заметка номер 3581 测试 é|#
3582|GROUP-5|1194.00000000000000000000|2026-01-01 16:54:54.000|Заметка номер 3582 测试 é|#
3583|GROUP-6|1194.33333333333333333330|2026-01-01 16:55:11.000|Заметка номер 3583 测试 é|#
3584|GROUP-0|1194.66666666666666666660|2026-01-01 16:55:28.000|Заметка номер 3584 测试 é|#
3585|GROUP-1|1195.00000000000000000000|2026-01-01 16:55:45.000|Заметка номер 3585 测试 é|#
3586|GROUP-2|1195.33333333333333333330|2026-01-01 16:56:02.000|Заметка номер 3586 测试 é|#
3587|GROUP-3|1195.66666666666666666660|2026-01-01 16:56:19.000|Заметка номер 3587 测试 é|#
3588|GROUP-4|1196.00000000000000000000|2026-01-01 16:56:36.000|Заметка номер 3588 测试 é|#
3589|GROUP-5|1196.33333333333333333330|2026-01-01 16:56:53.000|Заметка номер 3589 测试 é|#
3590|GROUP-6|1196.66666666666666666660|2026-01-01 16:57:10.000|Заметка номер 3590 测试 é|#
3591|GROUP-0|1197.00000000000000000000|2026-01-01 16:57:27.000|Заметка номер 3591 测试 é|#
3592|GROUP-1|1197.33333333333333333330|2026-01-01 16:57:44.000|Заметка номер 3592 测试 é|#
3593|GROUP-2|1197.66666666666666666660|2026-01-01 16:58:01.000|Заметка номер 3593 测试 é|#
3594|GROUP-3|1198.00000000000000000000|2026-01-01 16:58:18.000|Заметка номер 3594 测试 é|#
3595|GROUP-4|1198.33333333333333333330|2026-01-01 16:58:35.000|Заметка номер 3595 测试 é|#
3596|GROUP-5|1198.66666666666666666660|2026-01-01 16:58:52.000|Заметка номер 3596 测试 é|#
3597|GROUP-6|1199.00000000000000000000|2026-01-01 16:59:09.000|Заметка номер 3597 测试 é|#
3598|GROUP-0|1199.33333333333333333330|2026-01-01 16:59:26.000|Заметка номер 3598 测试 é|#
3599|GROUP-1|1199.66666666666666666660|2026-01-01 16:59:43.000|Заметка номер 3599 测试 é|#
3600|GROUP-2|1200.00000000000000000000|2026-01-01 17:00:00.000|Заметка номер 3600 测试 é|#
3601|GROUP-3|1200.33333333333333333330|2026-01-01 17:00:17.000|Заметка номер 3601 测试 é|#
3602|GROUP-4|1200.66666666666666666660|2026-01-01 17:00:34.000|Заметка номер 3602 测试 é|#
3603|GROUP-5|1201.00000000000000000000|2026-01-01 17:00:51.000|Заметка номер 3603 测试 é|#
3604|GROUP-6|1201.33333333333333333330|2026-01-01 17:01:08.000|Заметка номер 3604 测试 é|#
3605|GROUP-0|1201.66666666666666666660|2026-01-01 17:01:25.000|Заметка номер 3605 测试 é|#
3606|GROUP-1|1202.00000000000000000000|2026-01-01 17:01:42.000|Заметка номер 3606 测试 é|#
3607|GROUP-2|1202.33333333333333333330|2026-01-01 17:01:59.000|Заметка номер 3607 测试 é|#
3608|GROUP-3|1202.66666666666666666660|2026-01-01 17:02:16.000|Заметка номер 3608 测试 é|#
3609|GROUP-4|1203.00000000000000000000|2026-01-01 17:02:33.000|Заметка номер 3609 测试 é|#
3610|GROUP-5|1203.33333333333333333330|2026-01-01 17:02:50.000|Заметка номер 3610 测试 é|#
3611|GROUP-6|1203.66666666666666666660|2026-01-01 17:03:07.000|Заметка номер 3611 测试 é|#
3612|GROUP-0|1204.00000000000000000000|2026-01-01 17:03:24.000|Заметка номер 3612 测试 é|#
3613|GROUP-1|1204.33333333333333333330|2026-01-01 17:03:41.000|Заметка номер 3613 测试 é|#
3614|GROUP-2|1204.66666666666666666660|2026-01-01 17:03:58.000|Заметка номер 3614 测试 é|#
3615|GROUP-3|1205.00000000000000000000|2026-01-01 17:04:15.000|Заметка номер 3615 测试 é|#
3616|GROUP-4|1205.33333333333333333330|2026-01-01 17:04:32.000|Заметка номер 3616 测试 é|#
3617|GROUP-5|1205.66666666666666666660|2026-01-01 17:04:49.000|Заметка номер 3617 测试 é|#
3618|GROUP-6|1206.00000000000000000000|2026-01-01 17:05:06.000|Заметка номер 3618 测试 é|#
3619|GROUP-0|1206.33333333333333333330|2026-01-01 17:05:23.000|Заметка номер 3619 测试 é|#
3620|GROUP-1|1206.66666666666666666660|2026-01-01 17:05:40.000|Заметка номер 3620 测试 é|#
3621|GROUP-2|1207.00000000000000000000|2026-01-01 17:05:57.000|Заметка номер 3621 测试 é|#
3622|GROUP-3|1207.33333333333333333330|2026-01-01 17:06:14.000|Заметка номер 3622 测试 é|#
3623|GROUP-4|1207.66666666666666666660|2026-01-01 17:06:31.000|Заметка номер 3623 测试 é|#
3624|GROUP-5|1208.00000000000000000000|2026-01-01 17:06:48.000|Заметка номер 3624 测试 é|#
3625|GROUP-6|1208.33333333333333333330|2026-01-01 17:07:05.000|Заметка номер 3625 测试 é|#
3626|GROUP-0|1208.66666666666666666660|2026-01-01 17:07:22.000|Заметка номер 3626 测试 é|#
3627|GROUP-1|1209.00000000000000000000|2026-01-01 17:07:39.000|Заметка номер 3627 测试 é|#
3628|GROUP-2|1209.33333333333333333330|2026-01-01 17:07:56.000|Заметка номер 3628 测试 é|#
3629|GROUP-3|1209.66666666666666666660|2026-01-01 17:08:13.000|Заметка номер 3629 测试 é|#
3630|GROUP-4|1210.00000000000000000000|2026-01-01 17:08:30.000|Заметка номер 3630 测试 é|#
3631|GROUP-5|1210.33333333333333333330|2026-01-01 17:08:47.000|Заметка номер 3631 测试 é|#
3632|GROUP-6|1210.66666666666666666660|2026-01-01 17:09:04.000|Заметка номер 3632 测试 é|#
3633|GROUP-0|1211.00000000000000000000|2026-01-01 17:09:21.000|Заметка номер 3633 测试 é|#
3634|GROUP-1|1211.33333333333333333330|2026-01-01 17:09:38.000|Заметка номер 3634 测试 é|#
3635|GROUP-2|1211.66666666666666666660|2026-01-01 17:09:55.000|Заметка номер 3635 测试 é|#
3636|GROUP-3|1212.00000000000000000000|2026-01-01 17:10:12.000|Заметка номер 3636 测试 é|#
3637|GROUP-4|1212.33333333333333333330|2026-01-01 17:10:29.000|Заметка номер 3637 测试 é|#
3638|GROUP-5|1212.66666666666666666660|2026-01-01 17:10:46.000|Заметка номер 3638 测试 é|#
3639|GROUP-6|1213.00000000000000000000|2026-01-01 17:11:03.000|Заметка номер 3639 测试 é|#
3640|GROUP-0|1213.33333333333333333330|2026-01-01 17:11:20.000|Заметка номер 3640 测试 é|#
3641|GROUP-1|1213.66666666666666666660|2026-01-01 17:11:37.000|Заметка номер 3641 测试 é|#
3642|GROUP-2|1214.00000000000000000000|2026-01-01 17:11:54.000|Заметка номер 3642 测试 é|#
3643|GROUP-3|1214.33333333333333333330|2026-01-01 17:12:11.000|Заметка номер 3643 测试 é|#
3644|GROUP-4|1214.66666666666666666660|2026-01-01 17:12:28.000|Заметка номер 3644 测试 é|#
3645|GROUP-5|1215.00000000000000000000|2026-01-01 17:12:45.000|Заметка номер 3645 测试 é|#
3646|GROUP-6|1215.33333333333333333330|2026-01-01 17:13:02.000|Заметка номер 3646 测试 é|#
3647|GROUP-0|1215.66666666666666666660|2026-01-01 17:13:19.000|Заметка номер 3647 测试 é|#
3648|GROUP-1|1216.00000000000000000000|2026-01-01 17:13:36.000|Заметка номер 3648 测试 é|#
3649|GROUP-2|1216.33333333333333333330|2026-01-01 17:13:53.000|Заметка номер 3649 测试 é|#
3650|GROUP-3|1216.66666666666666666660|2026-01-01 17:14:10.000|Заметка номер 3650 测试 é|#
3651|GROUP-4|1217.00000000000000000000|2026-01-01 17:14:27.000|Заметка номер 3651 测试 é|#
3652|GROUP-5|1217.33333333333333333330|2026-01-01 17:14:44.000|Заметка номер 3652 测试 é|#
3653|GROUP-6|1217.66666666666666666660|2026-01-01 17:15:01.000|Заметка номер 3653 测试 é|#
3654|GROUP-0|1218.00000000000000000000|2026-01-01 17:15:18.000|Заметка номер 3654 测试 é|#
3655|GROUP-1|1218.33333333333333333330|2026-01-01 17:15:35.000|Заметка номер 3655 测试 é|#
3656|GROUP-2|1218.66666666666666666660|2026-01-01 17:15:52.000|Заметка номер 3656 测试 é|#
3657|GROUP-3|1219.00000000000000000000|2026-01-01 17:16:09.000|Заметка номер 3657 测试 é|#
3658|GROUP-4|1219.33333333333333333330|2026-01-01 17:16:26.000|Заметка номер 3658 测试 é|#
3659|GROUP-5|1219.66666666666666666660|2026-01-01 17:16:43.000|Заметка номер 3659 测试 é|#
3660|GROUP-6|1220.00000000000000000000|2026-01-01 17:17:00.000|Заметка номер 3660 测试 é|#
3661|GROUP-0|1220.33333333333333333330|2026-01-01 17:17:17.000|Заметка номер 3661 测试 é|#
3662|GROUP-1|1220.66666666666666666660|2026-01-01 17:17:34.000|Заметка номер 3662 测试 é|#
3663|GROUP-2|1221.00000000000000000000|2026-01-01 17:17:51.000|Заметка номер 3663 测试 é|#
3664|GROUP-3|1221.33333333333333333330|2026-01-01 17:18:08.000|Заметка номер 3664 测试 é|#
3665|GROUP-4|1221.66666666666666666660|2026-01-01 17:18:25.000|Заметка номер 3665 测试 é|#
3666|GROUP-5|1222.00000000000000000000|2026-01-01 17:18:42.000|Заметка номер 3666 测试 é|#
3667|GROUP-6|1222.33333333333333333330|2026-01-01 17:18:59.000|Заметка номер 3667 测试 é|#
3668|GROUP-0|1222.66666666666666666660|2026-01-01 17:19:16.000|Заметка номер 3668 测试 é|#
3669|GROUP-1|1223.00000000000000000000|2026-01-01 17:19:33.000|Заметка номер 3669 测试 é|#
3670|GROUP-2|1223.33333333333333333330|2026-01-01 17:19:50.000|Заметка номер 3670 测试 é|#
3671|GROUP-3|1223.66666666666666666660|2026-01-01 17:20:07.000|Заметка номер 3671 测试 é|#
3672|GROUP-4|1224.00000000000000000000|2026-01-01 17:20:24.000|Заметка номер 3672 测试 é|#
3673|GROUP-5|1224.33333333333333333330|2026-01-01 17:20:41.000|Заметка номер 3673 测试 é|#
3674|GROUP-6|1224.66666666666666666660|2026-01-01 17:20:58.000|Заметка номер 3674 测试 é|#
3675|GROUP-0|1225.00000000000000000000|2026-01-01 17:21:15.000|Заметка номер 3675 测试 é|#
3676|GROUP-1|1225.33333333333333333330|2026-01-01 17:21:32.000|Заметка номер 3676 测试 é|#
3677|GROUP-2|1225.66666666666666666660|2026-01-01 17:21:49.000|Заметка номер 3677 测试 é|#
3678|GROUP-3|1226.00000000000000000000|2026-01-01 17:22:06.000|Заметка номер 3678 测试 é|#
3679|GROUP-4|1226.33333333333333333330|2026-01-01 17:22:23.000|Заметка номер 3679 测试 é|#
3680|GROUP-5|1226.66666666666666666660|2026-01-01 17:22:40.000|Заметка номер 3680 测试 é|#
3681|GROUP-6|1227.00000000000000000000|2026-01-01 17:22:57.000|Заметка номер 3681 测试 é|#
3682|GROUP-0|1227.33333333333333333330|2026-01-01 17:23:14.000|Заметка номер 3682 测试 é|#
3683|GROUP-1|1227.66666666666666666660|2026-01-01 17:23:31.000|Заметка номер 3683 测试 é|#
3684|GROUP-2|1228.00000000000000000000|2026-01-01 17:23:48.000|Заметка номер 3684 测试 é|#
3685|GROUP-3|1228.33333333333333333330|2026-01-01 17:24:05.000|Заметка номер 3685 测试 é|#
3686|GROUP-4|1228.66666666666666666660|2026-01-01 17:24:22.000|Заметка номер 3686 测试 é|#
3687|GROUP-5|1229.00000000000000000000|2026-01-01 17:24:39.000|Заметка номер 3687 测试 é|#
3688|GROUP-6|1229.33333333333333333330|2026-01-01 17:24:56.000|Заметка номер 3688 测试 é|#
3689|GROUP-0|1229.66666666666666666660|2026-01-01 17:25:13.000|Заметка номер 3689 测试 é|#
3690|GROUP-1|1230.00000000000000000000|2026-01-01 17:25:30.000|Заметка номер 3690 测试 é|#
3691|GROUP-2|1230.33333333333333333330|2026-01-01 17:25:47.000|Заметка номер 3691 测试 é|#
3692|GROUP-3|1230.66666666666666666660|2026-01-01 17:26:04.000|Заметка номер 3692 测试 é|#
3693|GROUP-4|1231.00000000000000000000|2026-01-01 17:26:21.000|Заметка номер 3693 测试 é|#
3694|GROUP-5|1231.33333333333333333330|2026-01-01 17:26:38.000|Заметка номер 3694 测试 é|#
3695|GROUP-6|1231.66666666666666666660|2026-01-01 17:26:55.000|Заметка номер 3695 测试 é|#
3696|GROUP-0|1232.00000000000000000000|2026-01-01 17:27:12.000|Заметка номер 3696 测试 é|#
3697|GROUP-1|1232.33333333333333333330|2026-01-01 17:27:29.000|Заметка номер 3697 测试 é|#
3698|GROUP-2|1232.66666666666666666660|2026-01-01 17:27:46.000|Заметка номер 3698 测试 é|#
3699|GROUP-3|1233.00000000000000000000|2026-01-01 17:28:03.000|Заметка номер 3699 测试 é|#
3700|GROUP-4|1233.33333333333333333330|2026-01-01 17:28:20.000|Заметка номер 3700 测试 é|#
3701|GROUP-5|1233.66666666666666666660|2026-01-01 17:28:37.000|Заметка номер 3701 测试 é|#
3702|GROUP-6|1234.00000000000000000000|2026-01-01 17:28:54.000|Заметка номер 3702 测试 é|#
3703|GROUP-0|1234.33333333333333333330|2026-01-01 17:29:11.000|Заметка номер 3703 测试 é|#
3704|GROUP-1|1234.66666666666666666660|2026-01-01 17:29:28.000|Заметка номер 3704 测试 é|#
3705|GROUP-2|1235.00000000000000000000|2026-01-01 17:29:45.000|Заметка номер 3705 测试 é|#
3706|GROUP-3|1235.33333333333333333330|2026-01-01 17:30:02.000|Заметка номер 3706 测试 é|#
3707|GROUP-4|1235.66666666666666666660|2026-01-01 17:30:19.000|Заметка номер 3707 测试 é|#
3708|GROUP-5|1236.00000000000000000000|2026-01-01 17:30:36.000|Заметка номер 3708 测试 é|#
3709|GROUP-6|1236.33333333333333333330|2026-01-01 17:30:53.000|Заметка номер 3709 测试 é|#
3710|GROUP-0|1236.66666666666666666660|2026-01-01 17:31:10.000|Заметка номер 3710 测试 é|#
3711|GROUP-1|1237.00000000000000000000|2026-01-01 17:31:27.000|Заметка номер 3711 测试 é|#
3712|GROUP-2|1237.33333333333333333330|2026-01-01 17:31:44.000|Заметка номер 3712 测试 é|#
3713|GROUP-3|1237.66666666666666666660|2026-01-01 17:32:01.000|Заметка номер 3713 测试 é|#
3714|GROUP-4|1238.00000000000000000000|2026-01-01 17:32:18.000|Заметка номер 3714 测试 é|#
3715|GROUP-5|1238.33333333333333333330|2026-01-01 17:32:35.000|Заметка номер 3715 测试 é|#
3716|GROUP-6|1238.66666666666666666660|2026-01-01 17:32:52.000|Заметка номер 3716 测试 é|#
3717|GROUP-0|1239.00000000000000000000|2026-01-01 17:33:09.000|Заметка номер 3717 测试 é|#
3718|GROUP-1|1239.33333333333333333330|2026-01-01 17:33:26.000|Заметка номер 3718 测试 é|#
3719|GROUP-2|1239.66666666666666666660|2026-01-01 17:33:43.000|Заметка номер 3719 测试 é|#
3720|GROUP-3|1240.00000000000000000000|2026-01-01 17:34:00.000|Заметка номер 3720 测试 é|#
3721|GROUP-4|1240.33333333333333333330|2026-01-01 17:34:17.000|Заметка номер 3721 测试 é|#
3722|GROUP-5|1240.66666666666666666660|2026-01-01 17:34:34.000|Заметка номер 3722 测试 é|#
3723|GROUP-6|1241.00000000000000000000|2026-01-01 17:34:51.000|Заметка номер 3723 测试 é|#
3724|GROUP-0|1241.33333333333333333330|2026-01-01 17:35:08.000|Заметка номер 3724 测试 é|#
3725|GROUP-1|1241.66666666666666666660|2026-01-01 17:35:25.000|Заметка номер 3725 测试 é|#
3726|GROUP-2|1242.00000000000000000000|2026-01-01 17:35:42.000|Заметка номер 3726 测试 é|#
3727|GROUP-3|1242.33333333333333333330|2026-01-01 17:35:59.000|Заметка номер 3727 测试 é|#
3728|GROUP-4|1242.66666666666666666660|2026-01-01 17:36:16.000|Заметка номер 3728 测试 é|#
3729|GROUP-5|1243.00000000000000000000|2026-01-01 17:36:33.000|Заметка номер 3729 测试 é|#
3730|GROUP-6|1243.33333333333333333330|2026-01-01 17:36:50.000|Заметка номер 3730 测试 é|#
3731|GROUP-0|1243.66666666666666666660|2026-01-01 17:37:07.000|Заметка номер 3731 测试 é|#
3732|GROUP-1|1244.00000000000000000000|2026-01-01 17:37:24.000|Заметка номер 3732 测试 é|#
3733|GROUP-2|1244.33333333333333333330|2026-01-01 17:37:41.000|Заметка номер 3733 测试 é|#
3734|GROUP-3|1244.66666666666666666660|2026-01-01 17:37:58.000|Заметка номер 3734 测试 é|#
3735|GROUP-4|1245.00000000000000000000|2026-01-01 17:38:15.000|Заметка номер 3735 测试 é|#
3736|GROUP-5|1245.33333333333333333330|2026-01-01 17:38:32.000|Заметка номер 3736 测试 é|#
3737|GROUP-6|1245.66666666666666666660|2026-01-01 17:38:49.000|Заметка номер 3737 测试 é|#
3738|GROUP-0|1246.00000000000000000000|2026-01-01 17:39:06.000|Заметка номер 3738 测试 é|#
3739|GROUP-1|1246.33333333333333333330|2026-01-01 17:39:23.000|Заметка номер 3739 测试 é|#
3740|GROUP-2|1246.66666666666666666660|2026-01-01 17:39:40.000|Заметка номер 3740 测试 é|#
3741|GROUP-3|1247.00000000000000000000|2026-01-01 17:39:57.000|Заметка номер 3741 测试 é|#
3742|GROUP-4|1247.33333333333333333330|2026-01-01 17:40:14.000|Заметка номер 3742 测试 é|#
3743|GROUP-5|1247.66666666666666666660|2026-01-01 17:40:31.000|Заметка номер 3743 测试 é|#
3744|GROUP-6|1248.00000000000000000000|2026-01-01 17:40:48.000|Заметка номер 3744 测试 é|#
3745|GROUP-0|1248.33333333333333333330|2026-01-01 17:41:05.000|Заметка номер 3745 测试 é|#
3746|GROUP-1|1248.66666666666666666660|2026-01-01 17:41:22.000|Заметка номер 3746 测试 é|#
3747|GROUP-2|1249.00000000000000000000|2026-01-01 17:41:39.000|Заметка номер 3747 测试 é|#
3748|GROUP-3|1249.33333333333333333330|2026-01-01 17:41:56.000|Заметка номер 3748 测试 é|#
3749|GROUP-4|1249.66666666666666666660|2026-01-01 17:42:13.000|Заметка номер 3749 测试 é|#
3750|GROUP-5|1250.00000000000000000000|2026-01-01 17:42:30.000|Заметка номер 3750 测试 é|#
3751|GROUP-6|1250.33333333333333333330|2026-01-01 17:42:47.000|Заметка номер 3751 测试 é|#
3752|GROUP-0|1250.66666666666666666660|2026-01-01 17:43:04.000|Заметка номер 3752 测试 é|#
3753|GROUP-1|1251.00000000000000000000|2026-01-01 17:43:21.000|Заметка номер 3753 测试 é|#
3754|GROUP-2|1251.33333333333333333330|2026-01-01 17:43:38.000|Заметка номер 3754 测试 é|#
3755|GROUP-3|1251.66666666666666666660|2026-01-01 17:43:55.000|Заметка номер 3755 测试 é|#
3756|GROUP-4|1252.00000000000000000000|2026-01-01 17:44:12.000|Заметка номер 3756 测试 é|#
3757|GROUP-5|1252.33333333333333333330|2026-01-01 17:44:29.000|Заметка номер 3757 测试 é|#
3758|GROUP-6|1252.66666666666666666660|2026-01-01 17:44:46.000|Заметка номер 3758 测试 é|#
3759|GROUP-0|1253.00000000000000000000|2026-01-01 17:45:03.000|Заметка номер 3759 测试 é|#
3760|GROUP-1|1253.33333333333333333330|2026-01-01 17:45:20.000|Заметка номер 3760 测试 é|#
3761|GROUP-2|1253.66666666666666666660|2026-01-01 17:45:37.000|Заметка номер 3761 测试 é|#
3762|GROUP-3|1254.00000000000000000000|2026-01-01 17:45:54.000|Заметка номер 3762 测试 é|#
3763|GROUP-4|1254.33333333333333333330|2026-01-01 17:46:11.000|Заметка номер 3763 测试 é|#
3764|GROUP-5|1254.66666666666666666660|2026-01-01 17:46:28.000|Заметка номер 3764 测试 é|#
3765|GROUP-6|1255.00000000000000000000|2026-01-01 17:46:45.000|Заметка номер 3765 测试 é|#
3766|GROUP-0|1255.33333333333333333330|2026-01-01 17:47:02.000|Заметка номер 3766 测试 é|#
3767|GROUP-1|1255.66666666666666666660|2026-01-01 17:47:19.000|Заметка номер 3767 测试 é|#
3768|GROUP-2|1256.00000000000000000000|2026-01-01 17:47:36.000|Заметка номер 3768 测试 é|#
3769|GROUP-3|1256.33333333333333333330|2026-01-01 17:47:53.000|Заметка номер 3769 测试 é|#
3770|GROUP-4|1256.66666666666666666660|2026-01-01 17:48:10.000|Заметка номер 3770 测试 é|#
3771|GROUP-5|1257.00000000000000000000|2026-01-01 17:48:27.000|Заметка номер 3771 测试 é|#
3772|GROUP-6|1257.33333333333333333330|2026-01-01 17:48:44.000|Заметка номер 3772 测试 é|#
3773|GROUP-0|1257.66666666666666666660|2026-01-01 17:49:01.000|Заметка номер 3773 测试 é|#
3774|GROUP-1|1258.00000000000000000000|2026-01-01 17:49:18.000|Заметка номер 3774 测试 é|#
3775|GROUP-2|1258.33333333333333333330|2026-01-01 17:49:35.000|Заметка номер 3775 测试 é|#
3776|GROUP-3|1258.66666666666666666660|2026-01-01 17:49:52.000|Заметка номер 3776 测试 é|#
3777|GROUP-4|1259.00000000000000000000|2026-01-01 17:50:09.000|Заметка номер 3777 测试 é|#
3778|GROUP-5|1259.33333333333333333330|2026-01-01 17:50:26.000|Заметка номер 3778 测试 é|#
3779|GROUP-6|1259.66666666666666666660|2026-01-01 17:50:43.000|Заметка номер 3779 测试 é|#
3780|GROUP-0|1260.00000000000000000000|2026-01-01 17:51:00.000|Заметка номер 3780 测试 é|#
3781|GROUP-1|1260.33333333333333333330|2026-01-01 17:51:17.000|Заметка номер 3781 测试 é|#
3782|GROUP-2|1260.66666666666666666660|2026-01-01 17:51:34.000|Заметка номер 3782 测试 é|#
3783|GROUP-3|1261.00000000000000000000|2026-01-01 17:51:51.000|Заметка номер 3783 测试 é|#
3784|GROUP-4|1261.33333333333333333330|2026-01-01 17:52:08.000|Заметка номер 3784 测试 é|#
3785|GROUP-5|1261.66666666666666666660|2026-01-01 17:52:25.000|Заметка номер 3785 测试 é|#
3786|GROUP-6|1262.00000000000000000000|2026-01-01 17:52:42.000|Заметка номер 3786 测试 é|#
3787|GROUP-0|1262.33333333333333333330|2026-01-01 17:52:59.000|Заметка номер 3787 测试 é|#
3788|GROUP-1|1262.66666666666666666660|2026-01-01 17:53:16.000|Заметка номер 3788 测试 é|#
3789|GROUP-2|1263.00000000000000000000|2026-01-01 17:53:33.000|Заметка номер 3789 测试 é|#
3790|GROUP-3|1263.33333333333333333330|2026-01-01 17:53:50.000|Заметка номер 3790 测试 é|#
3791|GROUP-4|1263.66666666666666666660|2026-01-01 17:54:07.000|Заметка номер 3791 测试 é|#
3792|GROUP-5|1264.00000000000000000000|2026-01-01 17:54:24.000|Заметка номер 3792 测试 é|#
3793|GROUP-6|1264.33333333333333333330|2026-01-01 17:54:41.000|Заметка номер 3793 测试 é|#
3794|GROUP-0|1264.66666666666666666660|2026-01-01 17:54:58.000|Заметка номер 3794 测试 é|#
3795|GROUP-1|1265.00000000000000000000|2026-01-01 17:55:15.000|Заметка номер 3795 测试 é|#
3796|GROUP-2|1265.33333333333333333330|2026-01-01 17:55:32.000|Заметка номер 3796 测试 é|#
3797|GROUP-3|1265.66666666666666666660|2026-01-01 17:55:49.000|Заметка номер 3797 测试 é|#
3798|GROUP-4|1266.00000000000000000000|2026-01-01 17:56:06.000|Заметка номер 3798 测试 é|#
3799|GROUP-5|1266.33333333333333333330|2026-01-01 17:56:23.000|Заметка номер 3799 测试 é|#
3800|GROUP-6|1266.66666666666666666660|2026-01-01 17:56:40.000|Заметка номер 3800 测试 é|#
3801|GROUP-0|1267.00000000000000000000|2026-01-01 17:56:57.000|Заметка номер 3801 测试 é|#
3802|GROUP-1|1267.33333333333333333330|2026-01-01 17:57:14.000|Заметка номер 3802 测试 é|#
3803|GROUP-2|1267.66666666666666666660|2026-01-01 17:57:31.000|Заметка номер 3803 测试 é|#
3804|GROUP-3|1268.00000000000000000000|2026-01-01 17:57:48.000|Заметка номер 3804 测试 é|#
3805|GROUP-4|1268.33333333333333333330|2026-01-01 17:58:05.000|Заметка номер 3805 测试 é|#
3806|GROUP-5|1268.66666666666666666660|2026-01-01 17:58:22.000|Заметка номер 3806 测试 é|#
3807|GROUP-6|1269.00000000000000000000|2026-01-01 17:58:39.000|Заметка номер 3807 测试 é|#
3808|GROUP-0|1269.33333333333333333330|2026-01-01 17:58:56.000|Заметка номер 3808 测试 é|#
3809|GROUP-1|1269.66666666666666666660|2026-01-01 17:59:13.000|Заметка номер 3809 测试 é|#
3810|GROUP-2|1270.00000000000000000000|2026-01-01 17:59:30.000|Заметка номер 3810 测试 é|#
3811|GROUP-3|1270.33333333333333333330|2026-01-01 17:59:47.000|Заметка номер 3811 测试 é|#
3812|GROUP-4|1270.66666666666666666660|2026-01-01 18:00:04.000|Заметка номер 3812 测试 é|#
3813|GROUP-5|1271.00000000000000000000|2026-01-01 18:00:21.000|Заметка номер 3813 测试 é|#
3814|GROUP-6|1271.33333333333333333330|2026-01-01 18:00:38.000|Заметка номер 3814 测试 é|#
3815|GROUP-0|1271.66666666666666666660|2026-01-01 18:00:55.000|Заметка номер 3815 测试 é|#
3816|GROUP-1|1272.00000000000000000000|2026-01-01 18:01:12.000|Заметка номер 3816 测试 é|#
3817|GROUP-2|1272.33333333333333333330|2026-01-01 18:01:29.000|Заметка номер 3817 测试 é|#
3818|GROUP-3|1272.66666666666666666660|2026-01-01 18:01:46.000|Заметка номер 3818 测试 é|#
3819|GROUP-4|1273.00000000000000000000|2026-01-01 18:02:03.000|Заметка номер 3819 测试 é|#
3820|GROUP-5|1273.33333333333333333330|2026-01-01 18:02:20.000|Заметка номер 3820 测试 é|#
3821|GROUP-6|1273.66666666666666666660|2026-01-01 18:02:37.000|Заметка номер 3821 测试 é|#
3822|GROUP-0|1274.00000000000000000000|2026-01-01 18:02:54.000|Заметка номер 3822 测试 é|#
3823|GROUP-1|1274.33333333333333333330|2026-01-01 18:03:11.000|Заметка номер 3823 测试 é|#
3824|GROUP-2|1274.66666666666666666660|2026-01-01 18:03:28.000|Заметка номер 3824 测试 é|#
3825|GROUP-3|1275.00000000000000000000|2026-01-01 18:03:45.000|Заметка номер 3825 测试 é|#
3826|GROUP-4|1275.33333333333333333330|2026-01-01 18:04:02.000|Заметка номер 3826 测试 é|#
3827|GROUP-5|1275.66666666666666666660|2026-01-01 18:04:19.000|Заметка номер 3827 测试 é|#
3828|GROUP-6|1276.00000000000000000000|2026-01-01 18:04:36.000|Заметка номер 3828 测试 é|#
3829|GROUP-0|1276.33333333333333333330|2026-01-01 18:04:53.000|Заметка номер 3829 测试 é|#
3830|GROUP-1|1276.66666666666666666660|2026-01-01 18:05:10.000|Заметка номер 3830 测试 é|#
3831|GROUP-2|1277.00000000000000000000|2026-01-01 18:05:27.000|Заметка номер 3831 测试 é|#
3832|GROUP-3|1277.33333333333333333330|2026-01-01 18:05:44.000|Заметка номер 3832 测试 é|#
3833|GROUP-4|1277.66666666666666666660|2026-01-01 18:06:01.000|Заметка номер 3833 测试 é|#
3834|GROUP-5|1278.00000000000000000000|2026-01-01 18:06:18.000|Заметка номер 3834 测试 é|#
3835|GROUP-6|1278.33333333333333333330|2026-01-01 18:06:35.000|Заметка номер 3835 测试 é|#
3836|GROUP-0|1278.66666666666666666660|2026-01-01 18:06:52.000|Заметка номер 3836 测试 é|#
3837|GROUP-1|1279.00000000000000000000|2026-01-01 18:07:09.000|Заметка номер 3837 测试 é|#
3838|GROUP-2|1279.33333333333333333330|2026-01-01 18:07:26.000|Заметка номер 3838 测试 é|#
3839|GROUP-3|1279.66666666666666666660|2026-01-01 18:07:43.000|Заметка номер 3839 测试 é|#
3840|GROUP-4|1280.00000000000000000000|2026-01-01 18:08:00.000|Заметка номер 3840 测试 é|#
3841|GROUP-5|1280.33333333333333333330|2026-01-01 18:08:17.000|Заметка номер 3841 测试 é|#
3842|GROUP-6|1280.66666666666666666660|2026-01-01 18:08:34.000|Заметка номер 3842 测试 é|#
3843|GROUP-0|1281.00000000000000000000|2026-01-01 18:08:51.000|Заметка номер 3843 测试 é|#
3844|GROUP-1|1281.33333333333333333330|2026-01-01 18:09:08.000|Заметка номер 3844 测试 é|#
3845|GROUP-2|1281.66666666666666666660|2026-01-01 18:09:25.000|Заметка номер 3845 测试 é|#
3846|GROUP-3|1282.00000000000000000000|2026-01-01 18:09:42.000|Заметка номер 3846 测试 é|#
3847|GROUP-4|1282.33333333333333333330|2026-01-01 18:09:59.000|Заметка номер 3847 测试 é|#
3848|GROUP-5|1282.66666666666666666660|2026-01-01 18:10:16.000|Заметка номер 3848 测试 é|#
3849|GROUP-6|1283.00000000000000000000|2026-01-01 18:10:33.000|Заметка номер 3849 测试 é|#
3850|GROUP-0|1283.33333333333333333330|2026-01-01 18:10:50.000|Заметка номер 3850 测试 é|#
3851|GROUP-1|1283.66666666666666666660|2026-01-01 18:11:07.000|Заметка номер 3851 测试 é|#
3852|GROUP-2|1284.00000000000000000000|2026-01-01 18:11:24.000|Заметка номер 3852 测试 é|#
3853|GROUP-3|1284.33333333333333333330|2026-01-01 18:11:41.000|Заметка номер 3853 测试 é|#
3854|GROUP-4|1284.66666666666666666660|2026-01-01 18:11:58.000|Заметка номер 3854 测试 é|#
3855|GROUP-5|1285.00000000000000000000|2026-01-01 18:12:15.000|Заметка номер 3855 测试 é|#
3856|GROUP-6|1285.33333333333333333330|2026-01-01 18:12:32.000|Заметка номер 3856 测试 é|#
3857|GROUP-0|1285.66666666666666666660|2026-01-01 18:12:49.000|Заметка номер 3857 测试 é|#
3858|GROUP-1|1286.00000000000000000000|2026-01-01 18:13:06.000|Заметка номер 3858 测试 é|#
3859|GROUP-2|1286.33333333333333333330|2026-01-01 18:13:23.000|Заметка номер 3859 测试 é|#
3860|GROUP-3|1286.66666666666666666660|2026-01-01 18:13:40.000|Заметка номер 3860 测试 é|#
3861|GROUP-4|1287.00000000000000000000|2026-01-01 18:13:57.000|Заметка номер 3861 测试 é|#
3862|GROUP-5|1287.33333333333333333330|2026-01-01 18:14:14.000|Заметка номер 3862 测试 é|#
3863|GROUP-6|1287.66666666666666666660|2026-01-01 18:14:31.000|Заметка номер 3863 测试 é|#
3864|GROUP-0|1288.00000000000000000000|2026-01-01 18:14:48.000|Заметка номер 3864 测试 é|#
3865|GROUP-1|1288.33333333333333333330|2026-01-01 18:15:05.000|Заметка номер 3865 测试 é|#
3866|GROUP-2|1288.66666666666666666660|2026-01-01 18:15:22.000|Заметка номер 3866 测试 é|#
3867|GROUP-3|1289.00000000000000000000|2026-01-01 18:15:39.000|Заметка номер 3867 测试 é|#
3868|GROUP-4|1289.33333333333333333330|2026-01-01 18:15:56.000|Заметка номер 3868 测试 é|#
3869|GROUP-5|1289.66666666666666666660|2026-01-01 18:16:13.000|Заметка номер 3869 测试 é|#
3870|GROUP-6|1290.00000000000000000000|2026-01-01 18:16:30.000|Заметка номер 3870 测试 é|#
3871|GROUP-0|1290.33333333333333333330|2026-01-01 18:16:47.000|Заметка номер 3871 测试 é|#
3872|GROUP-1|1290.66666666666666666660|2026-01-01 18:17:04.000|Заметка номер 3872 测试 é|#
3873|GROUP-2|1291.00000000000000000000|2026-01-01 18:17:21.000|Заметка номер 3873 测试 é|#
3874|GROUP-3|1291.33333333333333333330|2026-01-01 18:17:38.000|Заметка номер 3874 测试 é|#
3875|GROUP-4|1291.66666666666666666660|2026-01-01 18:17:55.000|Заметка номер 3875 测试 é|#
3876|GROUP-5|1292.00000000000000000000|2026-01-01 18:18:12.000|Заметка номер 3876 测试 é|#
3877|GROUP-6|1292.33333333333333333330|2026-01-01 18:18:29.000|Заметка номер 3877 测试 é|#
3878|GROUP-0|1292.66666666666666666660|2026-01-01 18:18:46.000|Заметка номер 3878 测试 é|#
3879|GROUP-1|1293.00000000000000000000|2026-01-01 18:19:03.000|Заметка номер 3879 测试 é|#
3880|GROUP-2|1293.33333333333333333330|2026-01-01 18:19:20.000|Заметка номер 3880 测试 é|#
3881|GROUP-3|1293.66666666666666666660|2026-01-01 18:19:37.000|Заметка номер 3881 测试 é|#
3882|GROUP-4|1294.00000000000000000000|2026-01-01 18:19:54.000|Заметка номер 3882 测试 é|#
3883|GROUP-5|1294.33333333333333333330|2026-01-01 18:20:11.000|Заметка номер 3883 测试 é|#
3884|GROUP-6|1294.66666666666666666660|2026-01-01 18:20:28.000|Заметка номер 3884 测试 é|#
3885|GROUP-0|1295.00000000000000000000|2026-01-01 18:20:45.000|Заметка номер 3885 测试 é|#
3886|GROUP-1|1295.33333333333333333330|2026-01-01 18:21:02.000|Заметка номер 3886 测试 é|#
3887|GROUP-2|1295.66666666666666666660|2026-01-01 18:21:19.000|Заметка номер 3887 测试 é|#
3888|GROUP-3|1296.00000000000000000000|2026-01-01 18:21:36.000|Заметка номер 3888 测试 é|#
3889|GROUP-4|1296.33333333333333333330|2026-01-01 18:21:53.000|Заметка номер 3889 测试 é|#
3890|GROUP-5|1296.66666666666666666660|2026-01-01 18:22:10.000|Заметка номер 3890 测试 é|#
3891|GROUP-6|1297.00000000000000000000|2026-01-01 18:22:27.000|Заметка номер 3891 测试 é|#
3892|GROUP-0|1297.33333333333333333330|2026-01-01 18:22:44.000|Заметка номер 3892 测试 é|#
3893|GROUP-1|1297.66666666666666666660|2026-01-01 18:23:01.000|Заметка номер 3893 测试 é|#
3894|GROUP-2|1298.00000000000000000000|2026-01-01 18:23:18.000|Заметка номер 3894 测试 é|#
3895|GROUP-3|1298.33333333333333333330|2026-01-01 18:23:35.000|Заметка номер 3895 测试 é|#
3896|GROUP-4|1298.66666666666666666660|2026-01-01 18:23:52.000|Заметка номер 3896 测试 é|#
3897|GROUP-5|1299.00000000000000000000|2026-01-01 18:24:09.000|Заметка номер 3897 测试 é|#
3898|GROUP-6|1299.33333333333333333330|2026-01-01 18:24:26.000|Заметка номер 3898 测试 é|#
3899|GROUP-0|1299.66666666666666666660|2026-01-01 18:24:43.000|Заметка номер 3899 测试 é|#
3900|GROUP-1|1300.00000000000000000000|2026-01-01 18:25:00.000|Заметка номер 3900 测试 é|#
3901|GROUP-2|1300.33333333333333333330|2026-01-01 18:25:17.000|Заметка номер 3901 测试 é|#
3902|GROUP-3|1300.66666666666666666660|2026-01-01 18:25:34.000|Заметка номер 3902 测试 é|#
3903|GROUP-4|1301.00000000000000000000|2026-01-01 18:25:51.000|Заметка номер 3903 测试 é|#
3904|GROUP-5|1301.33333333333333333330|2026-01-01 18:26:08.000|Заметка номер 3904 测试 é|#
3905|GROUP-6|1301.66666666666666666660|2026-01-01 18:26:25.000|Заметка номер 3905 测试 é|#
3906|GROUP-0|1302.00000000000000000000|2026-01-01 18:26:42.000|Заметка номер 3906 测试 é|#
3907|GROUP-1|1302.33333333333333333330|2026-01-01 18:26:59.000|Заметка номер 3907 测试 é|#
3908|GROUP-2|1302.66666666666666666660|2026-01-01 18:27:16.000|Заметка номер 3908 测试 é|#
3909|GROUP-3|1303.00000000000000000000|2026-01-01 18:27:33.000|Заметка номер 3909 测试 é|#
3910|GROUP-4|1303.33333333333333333330|2026-01-01 18:27:50.000|Заметка номер 3910 测试 é|#
3911|GROUP-5|1303.66666666666666666660|2026-01-01 18:28:07.000|Заметка номер 3911 测试 é|#
3912|GROUP-6|1304.00000000000000000000|2026-01-01 18:28:24.000|Заметка номер 3912 测试 é|#
3913|GROUP-0|1304.33333333333333333330|2026-01-01 18:28:41.000|Заметка номер 3913 测试 é|#
3914|GROUP-1|1304.66666666666666666660|2026-01-01 18:28:58.000|Заметка номер 3914 测试 é|#
3915|GROUP-2|1305.00000000000000000000|2026-01-01 18:29:15.000|Заметка номер 3915 测试 é|#
3916|GROUP-3|1305.33333333333333333330|2026-01-01 18:29:32.000|Заметка номер 3916 测试 é|#
3917|GROUP-4|1305.66666666666666666660|2026-01-01 18:29:49.000|Заметка номер 3917 测试 é|#
3918|GROUP-5|1306.00000000000000000000|2026-01-01 18:30:06.000|Заметка номер 3918 测试 é|#
3919|GROUP-6|1306.33333333333333333330|2026-01-01 18:30:23.000|Заметка номер 3919 测试 é|#
3920|GROUP-0|1306.66666666666666666660|2026-01-01 18:30:40.000|Заметка номер 3920 测试 é|#
3921|GROUP-1|1307.00000000000000000000|2026-01-01 18:30:57.000|Заметка номер 3921 测试 é|#
3922|GROUP-2|1307.33333333333333333330|2026-01-01 18:31:14.000|Заметка номер 3922 测试 é|#
3923|GROUP-3|1307.66666666666666666660|2026-01-01 18:31:31.000|Заметка номер 3923 测试 é|#
3924|GROUP-4|1308.00000000000000000000|2026-01-01 18:31:48.000|Заметка номер 3924 测试 é|#
3925|GROUP-5|1308.33333333333333333330|2026-01-01 18:32:05.000|Заметка номер 3925 测试 é|#
3926|GROUP-6|1308.66666666666666666660|2026-01-01 18:32:22.000|Заметка номер 3926 测试 é|#
3927|GROUP-0|1309.00000000000000000000|2026-01-01 18:32:39.000|Заметка номер 3927 测试 é|#
3928|GROUP-1|1309.33333333333333333330|2026-01-01 18:32:56.000|Заметка номер 3928 测试 é|#
3929|GROUP-2|1309.66666666666666666660|2026-01-01 18:33:13.000|Заметка номер 3929 测试 é|#
3930|GROUP-3|1310.00000000000000000000|2026-01-01 18:33:30.000|Заметка номер 3930 测试 é|#
3931|GROUP-4|1310.33333333333333333330|2026-01-01 18:33:47.000|Заметка номер 3931 测试 é|#
3932|GROUP-5|1310.66666666666666666660|2026-01-01 18:34:04.000|Заметка номер 3932 测试 é|#
3933|GROUP-6|1311.00000000000000000000|2026-01-01 18:34:21.000|Заметка номер 3933 测试 é|#
3934|GROUP-0|1311.33333333333333333330|2026-01-01 18:34:38.000|Заметка номер 3934 测试 é|#
3935|GROUP-1|1311.66666666666666666660|2026-01-01 18:34:55.000|Заметка номер 3935 测试 é|#
3936|GROUP-2|1312.00000000000000000000|2026-01-01 18:35:12.000|Заметка номер 3936 测试 é|#
3937|GROUP-3|1312.33333333333333333330|2026-01-01 18:35:29.000|Заметка номер 3937 测试 é|#
3938|GROUP-4|1312.66666666666666666660|2026-01-01 18:35:46.000|Заметка номер 3938 测试 é|#
3939|GROUP-5|1313.00000000000000000000|2026-01-01 18:36:03.000|Заметка номер 3939 测试 é|#
3940|GROUP-6|1313.33333333333333333330|2026-01-01 18:36:20.000|Заметка номер 3940 测试 é|#
3941|GROUP-0|1313.66666666666666666660|2026-01-01 18:36:37.000|Заметка номер 3941 测试 é|#
3942|GROUP-1|1314.00000000000000000000|2026-01-01 18:36:54.000|Заметка номер 3942 测试 é|#
3943|GROUP-2|1314.33333333333333333330|2026-01-01 18:37:11.000|Заметка номер 3943 测试 é|#
3944|GROUP-3|1314.66666666666666666660|2026-01-01 18:37:28.000|Заметка номер 3944 测试 é|#
3945|GROUP-4|1315.00000000000000000000|2026-01-01 18:37:45.000|Заметка номер 3945 测试 é|#
3946|GROUP-5|1315.33333333333333333330|2026-01-01 18:38:02.000|Заметка номер 3946 测试 é|#
3947|GROUP-6|1315.66666666666666666660|2026-01-01 18:38:19.000|Заметка номер 3947 测试 é|#
3948|GROUP-0|1316.00000000000000000000|2026-01-01 18:38:36.000|Заметка номер 3948 测试 é|#
3949|GROUP-1|1316.33333333333333333330|2026-01-01 18:38:53.000|Заметка номер 3949 测试 é|#
3950|GROUP-2|1316.66666666666666666660|2026-01-01 18:39:10.000|Заметка номер 3950 测试 é|#
3951|GROUP-3|1317.00000000000000000000|2026-01-01 18:39:27.000|Заметка номер 3951 测试 é|#
3952|GROUP-4|1317.33333333333333333330|2026-01-01 18:39:44.000|Заметка номер 3952 测试 é|#
3953|GROUP-5|1317.66666666666666666660|2026-01-01 18:40:01.000|Заметка номер 3953 测试 é|#
3954|GROUP-6|1318.00000000000000000000|2026-01-01 18:40:18.000|Заметка номер 3954 测试 é|#
3955|GROUP-0|1318.33333333333333333330|2026-01-01 18:40:35.000|Заметка номер 3955 测试 é|#
3956|GROUP-1|1318.66666666666666666660|2026-01-01 18:40:52.000|Заметка номер 3956 测试 é|#
3957|GROUP-2|1319.00000000000000000000|2026-01-01 18:41:09.000|Заметка номер 3957 测试 é|#
3958|GROUP-3|1319.33333333333333333330|2026-01-01 18:41:26.000|Заметка номер 3958 测试 é|#
3959|GROUP-4|1319.66666666666666666660|2026-01-01 18:41:43.000|Заметка номер 3959 测试 é|#
3960|GROUP-5|1320.00000000000000000000|2026-01-01 18:42:00.000|Заметка номер 3960 测试 é|#
3961|GROUP-6|1320.33333333333333333330|2026-01-01 18:42:17.000|Заметка номер 3961 测试 é|#
3962|GROUP-0|1320.66666666666666666660|2026-01-01 18:42:34.000|Заметка номер 3962 测试 é|#
3963|GROUP-1|1321.00000000000000000000|2026-01-01 18:42:51.000|Заметка номер 3963 测试 é|#
3964|GROUP-2|1321.33333333333333333330|2026-01-01 18:43:08.000|Заметка номер 3964 测试 é|#
3965|GROUP-3|1321.66666666666666666660|2026-01-01 18:43:25.000|Заметка номер 3965 测试 é|#
3966|GROUP-4|1322.00000000000000000000|2026-01-01 18:43:42.000|Заметка номер 3966 测试 é|#
3967|GROUP-5|1322.33333333333333333330|2026-01-01 18:43:59.000|Заметка номер 3967 测试 é|#
3968|GROUP-6|1322.66666666666666666660|2026-01-01 18:44:16.000|Заметка номер 3968 测试 é|#
3969|GROUP-0|1323.00000000000000000000|2026-01-01 18:44:33.000|Заметка номер 3969 测试 é|#
3970|GROUP-1|1323.33333333333333333330|2026-01-01 18:44:50.000|Заметка номер 3970 测试 é|#
3971|GROUP-2|1323.66666666666666666660|2026-01-01 18:45:07.000|Заметка номер 3971 测试 é|#
3972|GROUP-3|1324.00000000000000000000|2026-01-01 18:45:24.000|Заметка номер 3972 测试 é|#
3973|GROUP-4|1324.33333333333333333330|2026-01-01 18:45:41.000|Заметка номер 3973 测试 é|#
3974|GROUP-5|1324.66666666666666666660|2026-01-01 18:45:58.000|Заметка номер 3974 测试 é|#
3975|GROUP-6|1325.00000000000000000000|2026-01-01 18:46:15.000|Заметка номер 3975 测试 é|#
3976|GROUP-0|1325.33333333333333333330|2026-01-01 18:46:32.000|Заметка номер 3976 测试 é|#
3977|GROUP-1|1325.66666666666666666660|2026-01-01 18:46:49.000|Заметка номер 3977 测试 é|#
3978|GROUP-2|1326.00000000000000000000|2026-01-01 18:47:06.000|Заметка номер 3978 测试 é|#
3979|GROUP-3|1326.33333333333333333330|2026-01-01 18:47:23.000|Заметка номер 3979 测试 é|#
3980|GROUP-4|1326.66666666666666666660|2026-01-01 18:47:40.000|Заметка номер 3980 测试 é|#
3981|GROUP-5|1327.00000000000000000000|2026-01-01 18:47:57.000|Заметка номер 3981 测试 é|#
3982|GROUP-6|1327.33333333333333333330|2026-01-01 18:48:14.000|Заметка номер 3982 测试 é|#
3983|GROUP-0|1327.66666666666666666660|2026-01-01 18:48:31.000|Заметка номер 3983 测试 é|#
3984|GROUP-1|1328.00000000000000000000|2026-01-01 18:48:48.000|Заметка номер 3984 测试 é|#
3985|GROUP-2|1328.33333333333333333330|2026-01-01 18:49:05.000|Заметка номер 3985 测试 é|#
3986|GROUP-3|1328.66666666666666666660|2026-01-01 18:49:22.000|Заметка номер 3986 测试 é|#
3987|GROUP-4|1329.00000000000000000000|2026-01-01 18:49:39.000|Заметка номер 3987 测试 é|#
3988|GROUP-5|1329.33333333333333333330|2026-01-01 18:49:56.000|Заметка номер 3988 测试 é|#
3989|GROUP-6|1329.66666666666666666660|2026-01-01 18:50:13.000|Заметка номер 3989 测试 é|#
3990|GROUP-0|1330.00000000000000000000|2026-01-01 18:50:30.000|Заметка номер 3990 测试 é|#
3991|GROUP-1|1330.33333333333333333330|2026-01-01 18:50:47.000|Заметка номер 3991 测试 é|#
3992|GROUP-2|1330.66666666666666666660|2026-01-01 18:51:04.000|Заметка номер 3992 测试 é|#
3993|GROUP-3|1331.00000000000000000000|2026-01-01 18:51:21.000|Заметка номер 3993 测试 é|#
3994|GROUP-4|1331.33333333333333333330|2026-01-01 18:51:38.000|Заметка номер 3994 测试 é|#
3995|GROUP-5|1331.66666666666666666660|2026-01-01 18:51:55.000|Заметка номер 3995 测试 é|#
3996|GROUP-6|1332.00000000000000000000|2026-01-01 18:52:12.000|Заметка номер 3996 测试 é|#
3997|GROUP-0|1332.33333333333333333330|2026-01-01 18:52:29.000|Заметка номер 3997 测试 é|#
3998|GROUP-1|1332.66666666666666666660|2026-01-01 18:52:46.000|Заметка номер 3998 测试 é|#
3999|GROUP-2|1333.00000000000000000000|2026-01-01 18:53:03.000|Заметка номер 3999 测试 é|#
4000|GROUP-3|1333.33333333333333333330|2026-01-01 18:53:20.000|Заметка номер 4000 测试 é|#
